DBRep_DrawableShape

CASCADE Topology V3, (c) Open Cascade
Locations 2
1
              1              -0               0              -0 
              0               1               0               0 
             -0               0               1              -0 
2  1 -1 0
Curve2ds 186
1 16 0 0 -1 
1 0 0 0 1 
1 0 0 0 1 
1 0 -2 1 0 
1 0 0 0 1 
1 0 -28 1 0 
1 0 0 0 -1 
1 0 0 0 1 
1 -4.7123889803846897 0 1 0 
2 2 2 0 -1 1 0 2
1 -1.5707963267948966 0 1 0 
2 2 28 0 -1 -1 -0 2
1 0 0 0 1 
1 0 0 1 0 
1 0 0 0 1 
1 0 30 1 0 
1 -4.7123889803846897 0 1 0 
2 80 2 0 -1 -1 -0 2
1 -1.5707963267948966 0 1 0 
2 80 28 0 -1 1 0 2
1 0 0 0 -1 
1 82 0 0 1 
2 16 11 1 0 -0 1 2.5249999999999999
1 0 1 1 0 
8 -5.0124611797498115 -0.98753882025019024
1 13 12.525 -1 1.1102230246251565e-16 
8 -5.0124611797498115 -0.98753882025019024
1 2 -13 0 -1 
2 16 11 1 0 -0 1 2.5249999999999999
1 0 1 1 0 
1 0 1 1 0 
2 41 11 1 0 -0 1 2.5499999999999998
1 0 1 1 0 
8 -17.524845673131658 -13.475154326868342
1 25.5 12.550000000000001 -1 1.1102230246251565e-16 
8 -17.524845673131658 -13.475154326868342
1 2 -25.5 0 -1 
2 41 11 1 0 -0 1 2.5499999999999998
1 0 1 1 0 
1 0 1 1 0 
2 66 11 1 0 -0 1 2.6000000000000001
1 0 1 1 0 
8 -30.049390153191922 -25.950609846808078
1 38 12.600000000000003 -1 1.1102230246251565e-16 
8 -30.049390153191922 -25.950609846808078
1 2 -38 0 -1 
2 66 11 1 0 -0 1 2.6000000000000001
1 0 1 1 0 
1 0 1 1 0 
2 16 23 1 0 -0 1 1.6000000000000001
1 0 1 1 0 
2 41 23 1 0 -0 1 1.6499999999999999
1 0 1 1 0 
2 66 23 1 0 -0 1 1.7
1 0 1 1 0 
1 0 14 1 0 
2 0 0 1 0 -0 1 1.7
1 6.2831853071795862 -0 0 1 
1 0 -0 0 1 
1 0 0 1 0 
2 0 0 1 0 -0 1 3.1000000000000014
2 66 23 1 0 -0 1 3.1000000000000001
1 0 3 1 0 
1 6.2831853071795862 -0 0 1 
1 0 -0 0 1 
1 0 14 1 0 
2 0 0 1 0 -0 1 1.6499999999999999
1 6.2831853071795862 -0 0 1 
1 0 -0 0 1 
1 0 0 1 0 
2 0 0 1 0 -0 1 3.1000000000000001
2 41 23 1 0 -0 1 3.1000000000000001
1 0 3 1 0 
1 6.2831853071795862 -0 0 1 
1 0 -0 0 1 
1 0 14 1 0 
2 0 0 1 0 -0 1 1.6000000000000001
1 6.2831853071795862 -0 0 1 
1 0 -0 0 1 
1 0 0 1 0 
2 0 0 1 0 -0 1 3.1000000000000014
2 16 23 1 0 -0 1 3.1000000000000001
1 0 3 1 0 
1 6.2831853071795862 -0 0 1 
1 0 -0 0 1 
1 0.6628738236501357 0 0 1 
1 1 -7.9506098468080815 1 0 
1 0.6628738236501357 0 0 1 
1 5.4900000000000002 -5 0 -1 
1 2.4787188299396576 0 0 1 
1 1 -12.049390153191919 1 0 
1 0 0 1 0 
1 0 4.4900000000000002 1 0 
1 0 10.699999999999999 -0 -1 
1 6.2831853071795862 10.699999999999999 -0 -1 
1 0 6.2099999999999991 1 0 
1 0 10.699999999999999 1 0 
1 0 0 1 0 
2 66 11 1 0 -0 1 5.6500000000000004
1 0 6.3000000000000007 1 0 
1 6.2831853071795862 -0 0 1 
1 0 -0 0 1 
1 0.65334150137844949 0 0 1 
1 1 -7.975154326868342 1 0 
1 0.65334150137844949 0 0 1 
1 5.4900000000000002 -5 0 -1 
1 2.4882511522113435 0 0 1 
1 1 -12.024845673131658 1 0 
1 0 0 1 0 
1 0 4.4900000000000002 1 0 
1 0 10.699999999999999 -0 -1 
1 6.2831853071795862 10.699999999999999 -0 -1 
1 0 6.2099999999999991 1 0 
1 0 10.699999999999999 1 0 
1 0 0 1 0 
2 41 11 1 0 -0 1 5.5999999999999996
1 0 6.3000000000000007 1 0 
1 6.2831853071795862 -0 0 1 
1 0 -0 0 1 
1 0.64846084879079524 0 0 1 
1 1 -7.9875388202501902 1 0 
1 0.64846084879079524 0 0 1 
1 5.4900000000000002 -5 0 -1 
1 2.4931318047989981 0 0 1 
1 1 -12.01246117974981 1 0 
1 0 0 1 0 
1 0 4.4900000000000002 1 0 
1 0 10.699999999999999 -0 -1 
1 6.2831853071795862 10.699999999999999 -0 -1 
1 0 6.2099999999999991 1 0 
1 0 10.699999999999999 1 0 
1 0 0 1 0 
2 16 11 1 0 -0 1 5.5499999999999998
1 0 6.3000000000000007 1 0 
1 6.2831853071795862 -0 0 1 
1 0 -0 0 1 
1 16 0 0 -1 
1 82 0 0 1 
1 0 0 0 1 
1 0 -2 1 0 
1 0 0 0 1 
1 0 -28 1 0 
1 1.5707963267948966 0 0 1 
1 0 80 1 0 
1 -1.5707963267948966 16 1 0 
2 80 28 0 -1 1 0 2
1 1.5707963267948966 0 0 1 
1 0 80 1 0 
1 -4.7123889803846897 16 1 0 
2 80 2 0 -1 -1 -0 2
1 1.5707963267948966 0 0 1 
1 0 2 1 0 
1 16 0 0 1 
1 0 30 1 0 
1 1.5707963267948966 0 0 1 
1 0 2 1 0 
1 16 0 0 1 
1 0 0 1 0 
1 -1.5707963267948966 16 1 0 
2 2 28 0 -1 -1 -0 2
1 -4.7123889803846897 16 1 0 
2 2 2 0 -1 1 0 2
2 16 2.5 1 0 -0 1 0.65000000000000002
1 0 0.80000000000000071 1 0 
2 39.75 2.5 1 0 -0 1 0.65000000000000002
1 0 0.80000000000000071 1 0 
2 42.25 2.5 1 0 -0 1 0.65000000000000002
1 0 0.80000000000000071 1 0 
2 63.5 2.5 1 0 -0 1 0.65000000000000002
1 0 0.80000000000000071 1 0 
2 66 2.5 1 0 -0 1 0.65000000000000002
1 0 0.80000000000000071 1 0 
2 68.5 2.5 1 0 -0 1 0.65000000000000002
1 0 0.80000000000000071 1 0 
1 6.2831853071795862 -0 0 1 
1 0 -0 0 1 
1 0 0 1 0 
1 6.2831853071795862 -0 0 1 
1 0 -0 0 1 
1 0 0 1 0 
1 6.2831853071795862 -0 0 1 
1 0 -0 0 1 
1 0 0 1 0 
1 6.2831853071795862 -0 0 1 
1 0 -0 0 1 
1 0 0 1 0 
1 6.2831853071795862 -0 0 1 
1 0 -0 0 1 
1 0 0 1 0 
1 6.2831853071795862 -0 0 1 
1 0 -0 0 1 
1 0 0 1 0 
Curves 96
1 -41 -15 16 -0 1 0 
1 -41 -13 0 0 0 1 
1 -41 13 0 0 0 1 
1 -41 -15 0 -0 1 0 
8 4.7123889803846897 6.2831853071795862
2 -39 -13 0 0 0 1 0 -1 0 1 0 -0 2
8 1.5707963267948966 3.1415926535897931
2 -39 13 0 -0 -0 -1 0 -1 0 -1 0 0 2
1 -41 -15 0 1 0 -0 
1 -41 15 0 1 0 -0 
8 4.7123889803846897 6.2831853071795862
2 39 -13 0 -0 -0 -1 0 -1 0 -1 0 0 2
8 1.5707963267948966 3.1415926535897931
2 39 13 0 0 0 1 0 -1 0 1 0 -0 2
1 41 -15 0 -0 1 0 
2 -25 -4 0 0 0 1 1 0 -0 -0 1 0 2.5249999999999999
1 -28 -2.4749999999999996 0 -1 1.1102230246251565e-16 0 
2 -25 -4 0 0 0 1 1 0 -0 -0 1 0 2.5249999999999999
2 0 -4 0 0 0 1 1 0 -0 -0 1 0 2.5499999999999998
1 -15.5 -2.4499999999999984 0 -1 1.1102230246251565e-16 0 
2 0 -4 0 0 0 1 1 0 -0 -0 1 0 2.5499999999999998
2 25 -4 0 0 0 1 1 0 -0 -0 1 0 2.6000000000000001
1 -3 -2.3999999999999964 0 -1 1.1102230246251565e-16 0 
2 25 -4 0 0 0 1 1 0 -0 -0 1 0 2.6000000000000001
2 -25 8 0 0 0 1 1 0 -0 -0 1 0 1.6000000000000001
2 0 8 0 0 0 1 1 0 -0 -0 1 0 1.6499999999999999
2 25 8 0 0 0 1 1 0 -0 -0 1 0 1.7
2 25 8 13 0 0 1 1 0 -0 -0 1 0 1.7
1 26.699999999999999 8 -1 0 0 1 
2 25 8 13 0 0 1 1 0 -0 -0 1 0 3.1000000000000001
2 25 8 16 0 0 1 1 0 -0 -0 1 0 3.1000000000000001
1 28.100000000000001 7.9999999999999991 13 0 0 1 
2 0 8 13 0 0 1 1 0 -0 -0 1 0 1.6499999999999999
1 1.6499999999999999 8 -1 0 0 1 
2 0 8 13 0 0 1 1 0 -0 -0 1 0 3.1000000000000001
2 0 8 16 0 0 1 1 0 -0 -0 1 0 3.1000000000000001
1 3.1000000000000001 7.9999999999999991 13 0 0 1 
2 -25 8 13 0 0 1 1 0 -0 -0 1 0 1.6000000000000001
1 -23.399999999999999 8 -1 0 0 1 
2 -25 8 13 0 0 1 1 0 -0 -0 1 0 3.1000000000000001
2 -25 8 16 0 0 1 1 0 -0 -0 1 0 3.1000000000000001
1 -21.899999999999999 7.9999999999999991 13 0 0 1 
1 27.049390153191919 -2.4000000000000004 -1 0 0 1 
1 30 -2.4000000000000004 3.4900000000000002 -1 1.1102230246251565e-16 0 
1 22.950609846808081 -2.3999999999999995 -1 0 0 1 
2 25 -4 3.4900000000000002 0 0 1 1 0 -0 -0 1 0 2.6000000000000001
8 0 9.6999999999999993
1 27.600000000000001 -4.0000000000000009 9.6999999999999993 0 0 -1 
2 25 -4 9.6999999999999993 0 0 1 1 0 -0 -0 1 0 2.6000000000000001
2 25 -4 9.6999999999999993 0 0 1 1 0 -0 -0 1 0 5.6500000000000004
2 25 -4 16 0 0 1 1 0 -0 -0 1 0 5.6500000000000004
1 30.649999999999999 -4.0000000000000018 9.6999999999999993 0 0 1 
1 2.0248456731316584 -2.4500000000000002 -1 0 0 1 
1 5 -2.4500000000000006 3.4900000000000002 -1 1.1102230246251565e-16 0 
1 -2.0248456731316584 -2.4499999999999997 -1 0 0 1 
2 0 -4 3.4900000000000002 0 0 1 1 0 -0 -0 1 0 2.5499999999999998
8 0 9.6999999999999993
1 2.5499999999999998 -4.0000000000000009 9.6999999999999993 0 0 -1 
2 0 -4 9.6999999999999993 0 0 1 1 0 -0 -0 1 0 2.5499999999999998
2 0 -4 9.6999999999999993 0 0 1 1 0 -0 -0 1 0 5.5999999999999996
2 0 -4 16 0 0 1 1 0 -0 -0 1 0 5.5999999999999996
1 5.5999999999999996 -4.0000000000000018 9.6999999999999993 0 0 1 
1 -22.98753882025019 -2.4750000000000005 -1 0 0 1 
1 -20 -2.4750000000000005 3.4900000000000002 -1 1.1102230246251565e-16 0 
1 -27.01246117974981 -2.4749999999999996 -1 0 0 1 
2 -25 -4 3.4900000000000002 0 0 1 1 0 -0 -0 1 0 2.5249999999999999
8 0 9.6999999999999993
1 -22.475000000000001 -4.0000000000000009 9.6999999999999993 0 0 -1 
2 -25 -4 9.6999999999999993 0 0 1 1 0 -0 -0 1 0 2.5249999999999999
2 -25 -4 9.6999999999999993 0 0 1 1 0 -0 -0 1 0 5.5499999999999998
2 -25 -4 16 0 0 1 1 0 -0 -0 1 0 5.5499999999999998
1 -19.449999999999999 -4.0000000000000018 9.6999999999999993 0 0 1 
1 41 -15 16 -0 1 0 
1 41 -13 0 0 0 1 
1 41 13 0 0 0 1 
1 39 15 0 0 0 1 
8 1.5707963267948966 3.1415926535897931
2 39 13 16 0 0 1 0 -1 0 1 0 -0 2
1 39 -15 0 0 0 1 
8 4.7123889803846897 6.2831853071795862
2 39 -13 16 -0 -0 -1 0 -1 0 -1 0 0 2
1 -39 15 0 0 0 1 
1 -41 15 16 1 0 -0 
1 -39 -15 0 0 0 1 
1 -41 -15 16 1 0 -0 
8 1.5707963267948966 3.1415926535897931
2 -39 13 16 -0 -0 -1 0 -1 0 -1 0 0 2
8 4.7123889803846897 6.2831853071795862
2 -39 -13 16 0 0 1 0 -1 0 1 0 -0 2
2 -25 -12.5 16 0 0 1 1 0 -0 -0 1 0 0.65000000000000002
2 -1.25 -12.5 16 0 0 1 1 0 -0 -0 1 0 0.65000000000000002
2 1.25 -12.5 16 0 0 1 1 0 -0 -0 1 0 0.65000000000000002
2 22.5 -12.5 16 0 0 1 1 0 -0 -0 1 0 0.65000000000000002
2 25 -12.5 16 0 0 1 1 0 -0 -0 1 0 0.65000000000000002
2 27.5 -12.5 16 0 0 1 1 0 -0 -0 1 0 0.65000000000000002
1 28.149999999999999 -12.5 15.199999999999999 0 0 1 
2 27.5 -12.5 15.199999999999999 0 0 1 1 0 -0 -0 1 0 0.65000000000000002
1 25.649999999999999 -12.5 15.199999999999999 0 0 1 
2 25 -12.5 15.199999999999999 0 0 1 1 0 -0 -0 1 0 0.65000000000000002
1 23.149999999999999 -12.5 15.199999999999999 0 0 1 
2 22.5 -12.5 15.199999999999999 0 0 1 1 0 -0 -0 1 0 0.65000000000000002
1 1.8999999999999999 -12.5 15.199999999999999 0 0 1 
2 1.25 -12.5 15.199999999999999 0 0 1 1 0 -0 -0 1 0 0.65000000000000002
1 -0.59999999999999998 -12.5 15.199999999999999 0 0 1 
2 -1.25 -12.5 15.199999999999999 0 0 1 1 0 -0 -0 1 0 0.65000000000000002
1 -24.350000000000001 -12.5 15.199999999999999 0 0 1 
2 -25 -12.5 15.199999999999999 0 0 1 1 0 -0 -0 1 0 0.65000000000000002
Polygon3D 0
PolygonOnTriangulations 192
2 1 2 
p 0.820000003 1 2 28 
2 1 2 
p 0.820000003 1 2 28 
2 1 35 
p 0.640000008 1 0 16 
2 3 1 
p 0.640000008 1 0 16 
2 1 35 
p 0.640000008 1 0 16 
2 4 2 
p 0.640000008 1 0 16 
2 3 4 
p 0.820000003 1 2 28 
2 1 2 
p 0.820000003 1 2 28 
33 1 2 3 4 5 6 7 8 9 10 11 12 13 14 15 16 17 18 19 20 21 22 23 24 25 26 27 28 29 30 31 32 33 
p 0.0800000080000001 1 4.71238898038469 4.76147636559703 4.81056375080937 4.85965113602171 4.90873852123405 4.95782590644639 5.00691329165873 5.05600067687107 5.10508806208341 5.15417544729575 5.20326283250809 5.25235021772043 5.30143760293277 5.35052498814511 5.39961237335745 5.44869975856979 5.49778714378214 5.54687452899448 5.59596191420682 5.64504929941916 5.6941366846315 5.74322406984384 5.79231145505618 5.84139884026852 5.89048622548086 5.9395736106932 5.98866099590554 6.03774838111788 6.08683576633022 6.13592315154256 6.1850105367549 6.23409792196724 6.28318530717959 
33 1 3 4 5 6 7 8 9 10 11 12 13 14 15 16 17 18 19 20 21 22 23 24 25 26 27 28 29 30 31 32 33 34 
p 0.0800000080000001 1 4.71238898038469 4.76147636559703 4.81056375080937 4.85965113602171 4.90873852123405 4.95782590644639 5.00691329165873 5.05600067687107 5.10508806208341 5.15417544729575 5.20326283250809 5.25235021772043 5.30143760293277 5.35052498814511 5.39961237335745 5.44869975856979 5.49778714378214 5.54687452899448 5.59596191420682 5.64504929941916 5.6941366846315 5.74322406984384 5.79231145505618 5.84139884026852 5.89048622548086 5.9395736106932 5.98866099590554 6.03774838111788 6.08683576633022 6.13592315154256 6.1850105367549 6.23409792196724 6.28318530717959 
33 1 2 3 4 5 6 7 8 9 10 11 12 13 14 15 16 17 18 19 20 21 22 23 24 25 26 27 28 29 30 31 32 33 
p 0.0800000080000001 1 1.5707963267949 1.61988371200724 1.66897109721958 1.71805848243192 1.76714586764426 1.8162332528566 1.86532063806894 1.91440802328128 1.96349540849362 2.01258279370596 2.0616701789183 2.11075756413064 2.15984494934298 2.20893233455532 2.25801971976766 2.30710710498 2.35619449019234 2.40528187540468 2.45436926061702 2.50345664582937 2.55254403104171 2.60163141625405 2.65071880146639 2.69980618667873 2.74889357189107 2.79798095710341 2.84706834231575 2.89615572752809 2.94524311274043 2.99433049795277 3.04341788316511 3.09250526837745 3.14159265358979 
33 2 102 103 104 105 106 107 108 109 110 111 112 113 114 115 116 117 118 119 120 121 122 123 124 125 126 127 128 129 130 131 132 101 
p 0.0800000080000001 1 1.5707963267949 1.61988371200724 1.66897109721958 1.71805848243192 1.76714586764426 1.8162332528566 1.86532063806894 1.91440802328128 1.96349540849362 2.01258279370596 2.0616701789183 2.11075756413064 2.15984494934298 2.20893233455532 2.25801971976766 2.30710710498 2.35619449019234 2.40528187540468 2.45436926061702 2.50345664582937 2.55254403104171 2.60163141625405 2.65071880146639 2.69980618667873 2.74889357189107 2.79798095710341 2.84706834231575 2.89615572752809 2.94524311274043 2.99433049795277 3.04341788316511 3.09250526837745 3.14159265358979 
2 34 35 
p 0.820000003 1 2 80 
2 1 2 
p 0.820000003 1 2 80 
2 101 100 
p 0.820000003 1 2 80 
2 1 2 
p 0.820000003 1 2 80 
33 1 2 3 4 5 6 7 8 9 10 11 12 13 14 15 16 17 18 19 20 21 22 23 24 25 26 27 28 29 30 31 32 33 
p 0.0800000080000001 1 4.71238898038469 4.76147636559703 4.81056375080937 4.85965113602171 4.90873852123405 4.95782590644639 5.00691329165873 5.05600067687107 5.10508806208341 5.15417544729575 5.20326283250809 5.25235021772043 5.30143760293277 5.35052498814511 5.39961237335745 5.44869975856979 5.49778714378214 5.54687452899448 5.59596191420682 5.64504929941916 5.6941366846315 5.74322406984384 5.79231145505618 5.84139884026852 5.89048622548086 5.9395736106932 5.98866099590554 6.03774838111788 6.08683576633022 6.13592315154256 6.1850105367549 6.23409792196724 6.28318530717959 
33 36 37 38 39 40 41 42 43 44 45 46 47 48 49 50 51 52 53 54 55 56 57 58 59 60 61 62 63 64 65 66 67 35 
p 0.0800000080000001 1 4.71238898038469 4.76147636559703 4.81056375080937 4.85965113602171 4.90873852123405 4.95782590644639 5.00691329165873 5.05600067687107 5.10508806208341 5.15417544729575 5.20326283250809 5.25235021772043 5.30143760293277 5.35052498814511 5.39961237335745 5.44869975856979 5.49778714378214 5.54687452899448 5.59596191420682 5.64504929941916 5.6941366846315 5.74322406984384 5.79231145505618 5.84139884026852 5.89048622548086 5.9395736106932 5.98866099590554 6.03774838111788 6.08683576633022 6.13592315154256 6.1850105367549 6.23409792196724 6.28318530717959 
33 1 2 3 4 5 6 7 8 9 10 11 12 13 14 15 16 17 18 19 20 21 22 23 24 25 26 27 28 29 30 31 32 33 
p 0.0800000080000001 1 1.5707963267949 1.61988371200724 1.66897109721958 1.71805848243192 1.76714586764426 1.8162332528566 1.86532063806894 1.91440802328128 1.96349540849362 2.01258279370596 2.0616701789183 2.11075756413064 2.15984494934298 2.20893233455532 2.25801971976766 2.30710710498 2.35619449019234 2.40528187540468 2.45436926061702 2.50345664582937 2.55254403104171 2.60163141625405 2.65071880146639 2.69980618667873 2.74889357189107 2.79798095710341 2.84706834231575 2.89615572752809 2.94524311274043 2.99433049795277 3.04341788316511 3.09250526837745 3.14159265358979 
33 68 69 70 71 72 73 74 75 76 77 78 79 80 81 82 83 84 85 86 87 88 89 90 91 92 93 94 95 96 97 98 99 100 
p 0.0800000080000001 1 1.5707963267949 1.61988371200724 1.66897109721958 1.71805848243192 1.76714586764426 1.8162332528566 1.86532063806894 1.91440802328128 1.96349540849362 2.01258279370596 2.0616701789183 2.11075756413064 2.15984494934298 2.20893233455532 2.25801971976766 2.30710710498 2.35619449019234 2.40528187540468 2.45436926061702 2.50345664582937 2.55254403104171 2.60163141625405 2.65071880146639 2.69980618667873 2.74889357189107 2.79798095710341 2.84706834231575 2.89615572752809 2.94524311274043 2.99433049795277 3.04341788316511 3.09250526837745 3.14159265358979 
2 36 68 
p 0.820000003 1 2 28 
2 3 4 
p 0.820000003 1 2 28 
77 1 3 4 5 6 7 8 9 10 11 12 13 14 15 16 17 18 19 20 21 22 23 24 25 26 27 28 29 30 31 32 33 34 35 36 37 38 39 40 41 42 43 44 45 46 47 48 49 50 51 52 53 54 55 56 57 58 59 60 61 62 63 64 65 66 67 68 69 70 71 72 73 74 75 76 77 78 
p 0.202000008 1 2.493131804799 2.54300092983032 2.59287005486164 2.64273917989297 2.69260830492429 2.74247742995562 2.79234655498694 2.84221568001826 2.89208480504959 2.94195393008091 2.99182305511223 3.04169218014356 3.09156130517488 3.14143043020621 3.19129955523753 3.24116868026885 3.29103780530018 3.3409069303315 3.39077605536282 3.44064518039415 3.49051430542547 3.54038343045679 3.59025255548812 3.64012168051944 3.68999080555077 3.73985993058209 3.78972905561341 3.83959818064474 3.88946730567606 3.93933643070738 3.98920555573871 4.03907468077003 4.08894380580135 4.13881293083268 4.188682055864 4.23855118089532 4.28842030592665 4.33828943095797 4.38815855598929 4.43802768102062 4.48789680605194 4.53776593108326 4.58763505611459 4.63750418114591 4.68737330617723 4.73724243120856 4.78711155623988 4.8369806812712 4.88684980630253 4.93671893133385 4.98658805636517 5.0364571813965 5.08632630642782 5.13619543145914 5.18606455649047 5.23593368152179 5.28580280655311 5.33567193158443 5.38554105661576 5.43541018164708 5.4852793066784 5.53514843170973 5.58501755674105 5.63488668177237 5.6847558068037 5.73462493183502 5.78449405686634 5.83436318189767 5.88423230692899 5.93410143196031 5.98397055699164 6.03383968202296 6.08370880705428 6.13357793208561 6.18344705711693 6.23331618214825 6.28318530717959 
77 133 134 135 136 137 138 139 140 141 142 143 144 145 146 147 148 149 150 151 152 153 154 155 156 157 158 159 160 161 162 163 164 165 166 167 168 169 170 171 172 173 174 175 176 177 178 179 180 181 182 183 184 185 186 187 188 189 190 191 192 193 194 195 196 197 198 199 200 201 202 203 204 205 206 207 208 209 
p 0.202000008 1 2.493131804799 2.54300092983032 2.59287005486164 2.64273917989297 2.69260830492429 2.74247742995562 2.79234655498694 2.84221568001826 2.89208480504959 2.94195393008091 2.99182305511223 3.04169218014356 3.09156130517488 3.14143043020621 3.19129955523753 3.24116868026885 3.29103780530018 3.3409069303315 3.39077605536282 3.44064518039415 3.49051430542547 3.54038343045679 3.59025255548812 3.64012168051944 3.68999080555077 3.73985993058209 3.78972905561341 3.83959818064474 3.88946730567606 3.93933643070738 3.98920555573871 4.03907468077003 4.08894380580135 4.13881293083268 4.188682055864 4.23855118089532 4.28842030592665 4.33828943095797 4.38815855598929 4.43802768102062 4.48789680605194 4.53776593108326 4.58763505611459 4.63750418114591 4.68737330617723 4.73724243120856 4.78711155623988 4.8369806812712 4.88684980630253 4.93671893133385 4.98658805636517 5.0364571813965 5.08632630642782 5.13619543145914 5.18606455649047 5.23593368152179 5.28580280655311 5.33567193158443 5.38554105661576 5.43541018164708 5.4852793066784 5.53514843170973 5.58501755674105 5.63488668177237 5.6847558068037 5.73462493183502 5.78449405686634 5.83436318189767 5.88423230692899 5.93410143196031 5.98397055699164 6.03383968202296 6.08370880705428 6.13357793208561 6.18344705711693 6.23331618214825 6.28318530717959 
2 210 133 
p 0.160996906379985 1 -5.01246117974981 -0.98753882025019 
2 1 3 
p 0.160996906379985 1 -5.01246117974981 -0.98753882025019 
14 206 207 208 209 210 211 212 213 214 215 216 217 218 219 
p 0.0610000080000013 1 0 0.0498816037531394 0.0997632075062788 0.149644811259418 0.199526415012558 0.249408018765697 0.299289622518836 0.349171226271976 0.399052830025115 0.448934433778254 0.498816037531394 0.548697641284533 0.598579245037673 0.648460848790812 
14 209 211 212 213 214 215 216 217 218 219 220 221 222 210 
p 0.0610000080000013 1 0 0.0498816037531394 0.0997632075062788 0.149644811259418 0.199526415012558 0.249408018765697 0.299289622518836 0.349171226271976 0.399052830025115 0.448934433778254 0.498816037531394 0.548697641284533 0.598579245037673 0.648460848790812 
77 1 3 4 5 6 7 8 9 10 11 12 13 14 15 16 17 18 19 20 21 22 23 24 25 26 27 28 29 30 31 32 33 34 35 36 37 38 39 40 41 42 43 44 45 46 47 48 49 50 51 52 53 54 55 56 57 58 59 60 61 62 63 64 65 66 67 68 69 70 71 72 73 74 75 76 77 78 
p 0.204000008 1 2.48825115221134 2.53818449635566 2.58811784049998 2.6380511846443 2.68798452878862 2.73791787293294 2.78785121707726 2.83778456122158 2.8877179053659 2.93765124951021 2.98758459365453 3.03751793779885 3.08745128194317 3.13738462608749 3.18731797023181 3.23725131437613 3.28718465852045 3.33711800266477 3.38705134680909 3.4369846909534 3.48691803509772 3.53685137924204 3.58678472338636 3.63671806753068 3.686651411675 3.73658475581932 3.78651809996364 3.83645144410796 3.88638478825228 3.9363181323966 3.98625147654091 4.03618482068523 4.08611816482955 4.13605150897387 4.18598485311819 4.23591819726251 4.28585154140683 4.33578488555114 4.38571822969546 4.43565157383978 4.4855849179841 4.53551826212842 4.58545160627274 4.63538495041706 4.68531829456137 4.73525163870569 4.78518498285001 4.83511832699433 4.88505167113865 4.93498501528297 4.98491835942729 5.03485170357161 5.08478504771592 5.13471839186024 5.18465173600456 5.23458508014888 5.2845184242932 5.33445176843752 5.38438511258184 5.43431845672615 5.48425180087047 5.53418514501479 5.58411848915911 5.63405183330343 5.68398517744775 5.73391852159207 5.78385186573638 5.8337852098807 5.88371855402502 5.93365189816934 5.98358524231366 6.03351858645798 6.0834519306023 6.13338527474661 6.18331861889093 6.23325196303525 6.28318530717959 
77 223 224 225 226 227 228 229 230 231 232 233 234 235 236 237 238 239 240 241 242 243 244 245 246 247 248 249 250 251 252 253 254 255 256 257 258 259 260 261 262 263 264 265 266 267 268 269 270 271 272 273 274 275 276 277 278 279 280 281 282 283 284 285 286 287 288 289 290 291 292 293 294 295 296 297 298 299 
p 0.204000008 1 2.48825115221134 2.53818449635566 2.58811784049998 2.6380511846443 2.68798452878862 2.73791787293294 2.78785121707726 2.83778456122158 2.8877179053659 2.93765124951021 2.98758459365453 3.03751793779885 3.08745128194317 3.13738462608749 3.18731797023181 3.23725131437613 3.28718465852045 3.33711800266477 3.38705134680909 3.4369846909534 3.48691803509772 3.53685137924204 3.58678472338636 3.63671806753068 3.686651411675 3.73658475581932 3.78651809996364 3.83645144410796 3.88638478825228 3.9363181323966 3.98625147654091 4.03618482068523 4.08611816482955 4.13605150897387 4.18598485311819 4.23591819726251 4.28585154140683 4.33578488555114 4.38571822969546 4.43565157383978 4.4855849179841 4.53551826212842 4.58545160627274 4.63538495041706 4.68531829456137 4.73525163870569 4.78518498285001 4.83511832699433 4.88505167113865 4.93498501528297 4.98491835942729 5.03485170357161 5.08478504771592 5.13471839186024 5.18465173600456 5.23458508014888 5.2845184242932 5.33445176843752 5.38438511258184 5.43431845672615 5.48425180087047 5.53418514501479 5.58411848915911 5.63405183330343 5.68398517744775 5.73391852159207 5.78385186573638 5.8337852098807 5.88371855402502 5.93365189816934 5.98358524231366 6.03351858645798 6.0834519306023 6.13338527474661 6.18331861889093 6.23325196303525 6.28318530717959 
2 300 223 
p 0.161987665850533 1 -17.5248456731317 -13.4751543268683 
2 1 3 
p 0.161987665850533 1 -17.5248456731317 -13.4751543268683 
15 206 207 208 209 210 211 212 213 214 215 216 217 218 219 220 
p 0.062000008 1 0 0.0466672500984607 0.0933345001969214 0.140001750295382 0.186669000393843 0.233336250492303 0.280003500590764 0.326670750689225 0.373338000787685 0.420005250886146 0.466672500984607 0.513339751083068 0.560007001181528 0.606674251279989 0.653341501378449 
15 299 301 302 303 304 305 306 307 308 309 310 311 312 313 300 
p 0.062000008 1 0 0.0466672500984607 0.0933345001969214 0.140001750295382 0.186669000393843 0.233336250492303 0.280003500590764 0.326670750689225 0.373338000787685 0.420005250886146 0.466672500984607 0.513339751083068 0.560007001181528 0.606674251279989 0.653341501378449 
78 1 3 4 5 6 7 8 9 10 11 12 13 14 15 16 17 18 19 20 21 22 23 24 25 26 27 28 29 30 31 32 33 34 35 36 37 38 39 40 41 42 43 44 45 46 47 48 49 50 51 52 53 54 55 56 57 58 59 60 61 62 63 64 65 66 67 68 69 70 71 72 73 74 75 76 77 78 79 
p 0.208000008 1 2.47871882993965 2.52812748548822 2.57753614103679 2.62694479658536 2.67635345213393 2.72576210768251 2.77517076323108 2.82457941877965 2.87398807432822 2.92339672987679 2.97280538542536 3.02221404097393 3.0716226965225 3.12103135207107 3.17044000761964 3.21984866316821 3.26925731871678 3.31866597426535 3.36807462981392 3.41748328536249 3.46689194091107 3.51630059645964 3.56570925200821 3.61511790755678 3.66452656310535 3.71393521865392 3.76334387420249 3.81275252975106 3.86216118529963 3.9115698408482 3.96097849639677 4.01038715194534 4.05979580749391 4.10920446304248 4.15861311859105 4.20802177413962 4.2574304296882 4.30683908523677 4.35624774078534 4.40565639633391 4.45506505188248 4.50447370743105 4.55388236297962 4.60329101852819 4.65269967407676 4.70210832962533 4.7515169851739 4.80092564072247 4.85033429627104 4.89974295181961 4.94915160736818 4.99856026291676 5.04796891846533 5.0973775740139 5.14678622956247 5.19619488511104 5.24560354065961 5.29501219620818 5.34442085175675 5.39382950730532 5.44323816285389 5.49264681840246 5.54205547395103 5.5914641294996 5.64087278504817 5.69028144059674 5.73969009614532 5.78909875169389 5.83850740724246 5.88791606279103 5.9373247183396 5.98673337388817 6.03614202943674 6.08555068498531 6.13495934053388 6.18436799608245 6.23377665163102 6.28318530717959 
78 314 315 316 317 318 319 320 321 322 323 324 325 326 327 328 329 330 331 332 333 334 335 336 337 338 339 340 341 342 343 344 345 346 347 348 349 350 351 352 353 354 355 356 357 358 359 360 361 362 363 364 365 366 367 368 369 370 371 372 373 374 375 376 377 378 379 380 381 382 383 384 385 386 387 388 389 390 391 
p 0.208000008 1 2.47871882993965 2.52812748548822 2.57753614103679 2.62694479658536 2.67635345213393 2.72576210768251 2.77517076323108 2.82457941877965 2.87398807432822 2.92339672987679 2.97280538542536 3.02221404097393 3.0716226965225 3.12103135207107 3.17044000761964 3.21984866316821 3.26925731871678 3.31866597426535 3.36807462981392 3.41748328536249 3.46689194091107 3.51630059645964 3.56570925200821 3.61511790755678 3.66452656310535 3.71393521865392 3.76334387420249 3.81275252975106 3.86216118529963 3.9115698408482 3.96097849639677 4.01038715194534 4.05979580749391 4.10920446304248 4.15861311859105 4.20802177413962 4.2574304296882 4.30683908523677 4.35624774078534 4.40565639633391 4.45506505188248 4.50447370743105 4.55388236297962 4.60329101852819 4.65269967407676 4.70210832962533 4.7515169851739 4.80092564072247 4.85033429627104 4.89974295181961 4.94915160736818 4.99856026291676 5.04796891846533 5.0973775740139 5.14678622956247 5.19619488511104 5.24560354065961 5.29501219620818 5.34442085175675 5.39382950730532 5.44323816285389 5.49264681840246 5.54205547395103 5.5914641294996 5.64087278504817 5.69028144059674 5.73969009614532 5.78909875169389 5.83850740724246 5.88791606279103 5.9373247183396 5.98673337388817 6.03614202943674 6.08555068498531 6.13495934053388 6.18436799608245 6.23377665163102 6.28318530717959 
2 392 314 
p 0.163951224255354 1 -30.0493901531919 -25.9506098468081 
2 1 3 
p 0.163951224255354 1 -30.0493901531919 -25.9506098468081 
15 207 208 209 210 211 212 213 214 215 216 217 218 219 220 221 
p 0.0640000080000017 1 0 0.0473481302607255 0.0946962605214509 0.142044390782176 0.189392521042902 0.236740651303627 0.284088781564353 0.331436911825078 0.378785042085804 0.426133172346529 0.473481302607254 0.52082943286798 0.568177563128705 0.615525693389431 0.662873823650156 
15 391 393 394 395 396 397 398 399 400 401 402 403 404 405 392 
p 0.0640000080000017 1 0 0.0473481302607255 0.0946962605214509 0.142044390782176 0.189392521042902 0.236740651303627 0.284088781564353 0.331436911825078 0.378785042085804 0.426133172346529 0.473481302607254 0.52082943286798 0.568177563128705 0.615525693389431 0.662873823650156 
127 128 129 130 131 132 133 134 135 136 137 138 139 140 141 142 143 144 145 146 147 148 149 150 151 152 153 154 155 156 157 158 159 160 161 162 163 164 165 166 167 168 169 170 171 172 173 174 175 176 177 178 179 180 181 182 183 184 185 186 187 188 189 190 191 192 193 194 195 196 197 198 199 200 201 202 203 204 205 206 207 208 209 210 211 212 213 214 215 216 217 218 219 220 221 222 223 224 225 226 227 228 229 230 231 232 233 234 235 236 237 238 239 240 241 242 243 244 245 246 247 248 249 250 251 252 253 254 
p 0.128000008 1 0 0.0498665500569808 0.0997331001139617 0.149599650170943 0.199466200227923 0.249332750284904 0.299199300341885 0.349065850398866 0.398932400455847 0.448798950512828 0.498665500569808 0.548532050626789 0.59839860068377 0.648265150740751 0.698131700797732 0.747998250854712 0.797864800911693 0.847731350968674 0.897597901025655 0.947464451082636 0.997331001139617 1.0471975511966 1.09706410125358 1.14693065131056 1.19679720136754 1.24666375142452 1.2965303014815 1.34639685153848 1.39626340159546 1.44612995165244 1.49599650170942 1.54586305176641 1.59572960182339 1.64559615188037 1.69546270193735 1.74532925199433 1.79519580205131 1.84506235210829 1.89492890216527 1.94479545222225 1.99466200227923 2.04452855233621 2.09439510239319 2.14426165245018 2.19412820250716 2.24399475256414 2.29386130262112 2.3437278526781 2.39359440273508 2.44346095279206 2.49332750284904 2.54319405290602 2.59306060296301 2.64292715301999 2.69279370307697 2.74266025313395 2.79252680319093 2.84239335324791 2.89225990330489 2.94212645336187 2.99199300341885 3.04185955347583 3.09172610353282 3.1415926535898 3.19145920364678 3.24132575370376 3.29119230376074 3.34105885381772 3.3909254038747 3.44079195393168 3.49065850398866 3.54052505404564 3.59039160410263 3.64025815415961 3.69012470421659 3.73999125427357 3.78985780433055 3.83972435438753 3.88959090444451 3.93945745450149 3.98932400455847 4.03919055461546 4.08905710467244 4.13892365472942 4.1887902047864 4.23865675484338 4.28852330490036 4.33838985495734 4.38825640501432 4.4381229550713 4.48798950512828 4.53785605518527 4.58772260524225 4.63758915529923 4.68745570535621 4.73732225541319 4.78718880547017 4.83705535552715 4.88692190558413 4.93678845564111 4.9866550056981 5.03652155575508 5.08638810581206 5.13625465586904 5.18612120592602 5.235987755983 5.28585430603998 5.33572085609696 5.38558740615394 5.43545395621092 5.48532050626791 5.53518705632489 5.58505360638187 5.63492015643885 5.68478670649583 5.73465325655281 5.78451980660979 5.83438635666677 5.88425290672375 5.93411945678073 5.98398600683772 6.0338525568947 6.08371910695168 6.13358565700866 6.18345220706564 6.23331875712262 6.28318530717959 
127 406 407 408 409 410 411 412 413 414 415 416 417 418 419 420 421 422 423 424 425 426 427 428 429 430 431 432 433 434 435 436 437 438 439 440 441 442 443 444 445 446 447 448 449 450 451 452 453 454 455 456 457 458 459 460 461 462 463 464 465 466 467 468 469 470 471 472 473 474 475 476 477 478 479 480 481 482 483 484 485 486 487 488 489 490 491 492 493 494 495 496 497 498 499 500 501 502 503 504 505 506 507 508 509 510 511 512 513 514 515 516 517 518 519 520 521 522 523 524 525 526 527 528 529 530 531 406 
p 0.128000008 1 0 0.0498665500569808 0.0997331001139617 0.149599650170943 0.199466200227923 0.249332750284904 0.299199300341885 0.349065850398866 0.398932400455847 0.448798950512828 0.498665500569808 0.548532050626789 0.59839860068377 0.648265150740751 0.698131700797732 0.747998250854712 0.797864800911693 0.847731350968674 0.897597901025655 0.947464451082636 0.997331001139617 1.0471975511966 1.09706410125358 1.14693065131056 1.19679720136754 1.24666375142452 1.2965303014815 1.34639685153848 1.39626340159546 1.44612995165244 1.49599650170942 1.54586305176641 1.59572960182339 1.64559615188037 1.69546270193735 1.74532925199433 1.79519580205131 1.84506235210829 1.89492890216527 1.94479545222225 1.99466200227923 2.04452855233621 2.09439510239319 2.14426165245018 2.19412820250716 2.24399475256414 2.29386130262112 2.3437278526781 2.39359440273508 2.44346095279206 2.49332750284904 2.54319405290602 2.59306060296301 2.64292715301999 2.69279370307697 2.74266025313395 2.79252680319093 2.84239335324791 2.89225990330489 2.94212645336187 2.99199300341885 3.04185955347583 3.09172610353282 3.1415926535898 3.19145920364678 3.24132575370376 3.29119230376074 3.34105885381772 3.3909254038747 3.44079195393168 3.49065850398866 3.54052505404564 3.59039160410263 3.64025815415961 3.69012470421659 3.73999125427357 3.78985780433055 3.83972435438753 3.88959090444451 3.93945745450149 3.98932400455847 4.03919055461546 4.08905710467244 4.13892365472942 4.1887902047864 4.23865675484338 4.28852330490036 4.33838985495734 4.38825640501432 4.4381229550713 4.48798950512828 4.53785605518527 4.58772260524225 4.63758915529923 4.68745570535621 4.73732225541319 4.78718880547017 4.83705535552715 4.88692190558413 4.93678845564111 4.9866550056981 5.03652155575508 5.08638810581206 5.13625465586904 5.18612120592602 5.235987755983 5.28585430603998 5.33572085609696 5.38558740615394 5.43545395621092 5.48532050626791 5.53518705632489 5.58505360638187 5.63492015643885 5.68478670649583 5.73465325655281 5.78451980660979 5.83438635666677 5.88425290672375 5.93411945678073 5.98398600683772 6.0338525568947 6.08371910695168 6.13358565700866 6.18345220706564 6.23331875712262 6.28318530717959 
127 128 129 130 131 132 133 134 135 136 137 138 139 140 141 142 143 144 145 146 147 148 149 150 151 152 153 154 155 156 157 158 159 160 161 162 163 164 165 166 167 168 169 170 171 172 173 174 175 176 177 178 179 180 181 182 183 184 185 186 187 188 189 190 191 192 193 194 195 196 197 198 199 200 201 202 203 204 205 206 207 208 209 210 211 212 213 214 215 216 217 218 219 220 221 222 223 224 225 226 227 228 229 230 231 232 233 234 235 236 237 238 239 240 241 242 243 244 245 246 247 248 249 250 251 252 253 254 
p 0.132000008 1 0 0.0498665500569808 0.0997331001139617 0.149599650170943 0.199466200227923 0.249332750284904 0.299199300341885 0.349065850398866 0.398932400455847 0.448798950512828 0.498665500569808 0.548532050626789 0.59839860068377 0.648265150740751 0.698131700797732 0.747998250854712 0.797864800911693 0.847731350968674 0.897597901025655 0.947464451082636 0.997331001139617 1.0471975511966 1.09706410125358 1.14693065131056 1.19679720136754 1.24666375142452 1.2965303014815 1.34639685153848 1.39626340159546 1.44612995165244 1.49599650170942 1.54586305176641 1.59572960182339 1.64559615188037 1.69546270193735 1.74532925199433 1.79519580205131 1.84506235210829 1.89492890216527 1.94479545222225 1.99466200227923 2.04452855233621 2.09439510239319 2.14426165245018 2.19412820250716 2.24399475256414 2.29386130262112 2.3437278526781 2.39359440273508 2.44346095279206 2.49332750284904 2.54319405290602 2.59306060296301 2.64292715301999 2.69279370307697 2.74266025313395 2.79252680319093 2.84239335324791 2.89225990330489 2.94212645336187 2.99199300341885 3.04185955347583 3.09172610353282 3.1415926535898 3.19145920364678 3.24132575370376 3.29119230376074 3.34105885381772 3.3909254038747 3.44079195393168 3.49065850398866 3.54052505404564 3.59039160410263 3.64025815415961 3.69012470421659 3.73999125427357 3.78985780433055 3.83972435438753 3.88959090444451 3.93945745450149 3.98932400455847 4.03919055461546 4.08905710467244 4.13892365472942 4.1887902047864 4.23865675484338 4.28852330490036 4.33838985495734 4.38825640501432 4.4381229550713 4.48798950512828 4.53785605518527 4.58772260524225 4.63758915529923 4.68745570535621 4.73732225541319 4.78718880547017 4.83705535552715 4.88692190558413 4.93678845564111 4.9866550056981 5.03652155575508 5.08638810581206 5.13625465586904 5.18612120592602 5.235987755983 5.28585430603998 5.33572085609696 5.38558740615394 5.43545395621092 5.48532050626791 5.53518705632489 5.58505360638187 5.63492015643885 5.68478670649583 5.73465325655281 5.78451980660979 5.83438635666677 5.88425290672375 5.93411945678073 5.98398600683772 6.0338525568947 6.08371910695168 6.13358565700866 6.18345220706564 6.23331875712262 6.28318530717959 
127 532 533 534 535 536 537 538 539 540 541 542 543 544 545 546 547 548 549 550 551 552 553 554 555 556 557 558 559 560 561 562 563 564 565 566 567 568 569 570 571 572 573 574 575 576 577 578 579 580 581 582 583 584 585 586 587 588 589 590 591 592 593 594 595 596 597 598 599 600 601 602 603 604 605 606 607 608 609 610 611 612 613 614 615 616 617 618 619 620 621 622 623 624 625 626 627 628 629 630 631 632 633 634 635 636 637 638 639 640 641 642 643 644 645 646 647 648 649 650 651 652 653 654 655 656 657 532 
p 0.132000008 1 0 0.0498665500569808 0.0997331001139617 0.149599650170943 0.199466200227923 0.249332750284904 0.299199300341885 0.349065850398866 0.398932400455847 0.448798950512828 0.498665500569808 0.548532050626789 0.59839860068377 0.648265150740751 0.698131700797732 0.747998250854712 0.797864800911693 0.847731350968674 0.897597901025655 0.947464451082636 0.997331001139617 1.0471975511966 1.09706410125358 1.14693065131056 1.19679720136754 1.24666375142452 1.2965303014815 1.34639685153848 1.39626340159546 1.44612995165244 1.49599650170942 1.54586305176641 1.59572960182339 1.64559615188037 1.69546270193735 1.74532925199433 1.79519580205131 1.84506235210829 1.89492890216527 1.94479545222225 1.99466200227923 2.04452855233621 2.09439510239319 2.14426165245018 2.19412820250716 2.24399475256414 2.29386130262112 2.3437278526781 2.39359440273508 2.44346095279206 2.49332750284904 2.54319405290602 2.59306060296301 2.64292715301999 2.69279370307697 2.74266025313395 2.79252680319093 2.84239335324791 2.89225990330489 2.94212645336187 2.99199300341885 3.04185955347583 3.09172610353282 3.1415926535898 3.19145920364678 3.24132575370376 3.29119230376074 3.34105885381772 3.3909254038747 3.44079195393168 3.49065850398866 3.54052505404564 3.59039160410263 3.64025815415961 3.69012470421659 3.73999125427357 3.78985780433055 3.83972435438753 3.88959090444451 3.93945745450149 3.98932400455847 4.03919055461546 4.08905710467244 4.13892365472942 4.1887902047864 4.23865675484338 4.28852330490036 4.33838985495734 4.38825640501432 4.4381229550713 4.48798950512828 4.53785605518527 4.58772260524225 4.63758915529923 4.68745570535621 4.73732225541319 4.78718880547017 4.83705535552715 4.88692190558413 4.93678845564111 4.9866550056981 5.03652155575508 5.08638810581206 5.13625465586904 5.18612120592602 5.235987755983 5.28585430603998 5.33572085609696 5.38558740615394 5.43545395621092 5.48532050626791 5.53518705632489 5.58505360638187 5.63492015643885 5.68478670649583 5.73465325655281 5.78451980660979 5.83438635666677 5.88425290672375 5.93411945678073 5.98398600683772 6.0338525568947 6.08371910695168 6.13358565700866 6.18345220706564 6.23331875712262 6.28318530717959 
127 128 129 130 131 132 133 134 135 136 137 138 139 140 141 142 143 144 145 146 147 148 149 150 151 152 153 154 155 156 157 158 159 160 161 162 163 164 165 166 167 168 169 170 171 172 173 174 175 176 177 178 179 180 181 182 183 184 185 186 187 188 189 190 191 192 193 194 195 196 197 198 199 200 201 202 203 204 205 206 207 208 209 210 211 212 213 214 215 216 217 218 219 220 221 222 223 224 225 226 227 228 229 230 231 232 233 234 235 236 237 238 239 240 241 242 243 244 245 246 247 248 249 250 251 252 253 254 
p 0.136000008 1 0 0.0498665500569808 0.0997331001139617 0.149599650170943 0.199466200227923 0.249332750284904 0.299199300341885 0.349065850398866 0.398932400455847 0.448798950512828 0.498665500569808 0.548532050626789 0.59839860068377 0.648265150740751 0.698131700797732 0.747998250854712 0.797864800911693 0.847731350968674 0.897597901025655 0.947464451082636 0.997331001139617 1.0471975511966 1.09706410125358 1.14693065131056 1.19679720136754 1.24666375142452 1.2965303014815 1.34639685153848 1.39626340159546 1.44612995165244 1.49599650170942 1.54586305176641 1.59572960182339 1.64559615188037 1.69546270193735 1.74532925199433 1.79519580205131 1.84506235210829 1.89492890216527 1.94479545222225 1.99466200227923 2.04452855233621 2.09439510239319 2.14426165245018 2.19412820250716 2.24399475256414 2.29386130262112 2.3437278526781 2.39359440273508 2.44346095279206 2.49332750284904 2.54319405290602 2.59306060296301 2.64292715301999 2.69279370307697 2.74266025313395 2.79252680319093 2.84239335324791 2.89225990330489 2.94212645336187 2.99199300341885 3.04185955347583 3.09172610353282 3.1415926535898 3.19145920364678 3.24132575370376 3.29119230376074 3.34105885381772 3.3909254038747 3.44079195393168 3.49065850398866 3.54052505404564 3.59039160410263 3.64025815415961 3.69012470421659 3.73999125427357 3.78985780433055 3.83972435438753 3.88959090444451 3.93945745450149 3.98932400455847 4.03919055461546 4.08905710467244 4.13892365472942 4.1887902047864 4.23865675484338 4.28852330490036 4.33838985495734 4.38825640501432 4.4381229550713 4.48798950512828 4.53785605518527 4.58772260524225 4.63758915529923 4.68745570535621 4.73732225541319 4.78718880547017 4.83705535552715 4.88692190558413 4.93678845564111 4.9866550056981 5.03652155575508 5.08638810581206 5.13625465586904 5.18612120592602 5.235987755983 5.28585430603998 5.33572085609696 5.38558740615394 5.43545395621092 5.48532050626791 5.53518705632489 5.58505360638187 5.63492015643885 5.68478670649583 5.73465325655281 5.78451980660979 5.83438635666677 5.88425290672375 5.93411945678073 5.98398600683772 6.0338525568947 6.08371910695168 6.13358565700866 6.18345220706564 6.23331875712262 6.28318530717959 
127 658 659 660 661 662 663 664 665 666 667 668 669 670 671 672 673 674 675 676 677 678 679 680 681 682 683 684 685 686 687 688 689 690 691 692 693 694 695 696 697 698 699 700 701 702 703 704 705 706 707 708 709 710 711 712 713 714 715 716 717 718 719 720 721 722 723 724 725 726 727 728 729 730 731 732 733 734 735 736 737 738 739 740 741 742 743 744 745 746 747 748 749 750 751 752 753 754 755 756 757 758 759 760 761 762 763 764 765 766 767 768 769 770 771 772 773 774 775 776 777 778 779 780 781 782 783 658 
p 0.136000008 1 0 0.0498665500569808 0.0997331001139617 0.149599650170943 0.199466200227923 0.249332750284904 0.299199300341885 0.349065850398866 0.398932400455847 0.448798950512828 0.498665500569808 0.548532050626789 0.59839860068377 0.648265150740751 0.698131700797732 0.747998250854712 0.797864800911693 0.847731350968674 0.897597901025655 0.947464451082636 0.997331001139617 1.0471975511966 1.09706410125358 1.14693065131056 1.19679720136754 1.24666375142452 1.2965303014815 1.34639685153848 1.39626340159546 1.44612995165244 1.49599650170942 1.54586305176641 1.59572960182339 1.64559615188037 1.69546270193735 1.74532925199433 1.79519580205131 1.84506235210829 1.89492890216527 1.94479545222225 1.99466200227923 2.04452855233621 2.09439510239319 2.14426165245018 2.19412820250716 2.24399475256414 2.29386130262112 2.3437278526781 2.39359440273508 2.44346095279206 2.49332750284904 2.54319405290602 2.59306060296301 2.64292715301999 2.69279370307697 2.74266025313395 2.79252680319093 2.84239335324791 2.89225990330489 2.94212645336187 2.99199300341885 3.04185955347583 3.09172610353282 3.1415926535898 3.19145920364678 3.24132575370376 3.29119230376074 3.34105885381772 3.3909254038747 3.44079195393168 3.49065850398866 3.54052505404564 3.59039160410263 3.64025815415961 3.69012470421659 3.73999125427357 3.78985780433055 3.83972435438753 3.88959090444451 3.93945745450149 3.98932400455847 4.03919055461546 4.08905710467244 4.13892365472942 4.1887902047864 4.23865675484338 4.28852330490036 4.33838985495734 4.38825640501432 4.4381229550713 4.48798950512828 4.53785605518527 4.58772260524225 4.63758915529923 4.68745570535621 4.73732225541319 4.78718880547017 4.83705535552715 4.88692190558413 4.93678845564111 4.9866550056981 5.03652155575508 5.08638810581206 5.13625465586904 5.18612120592602 5.235987755983 5.28585430603998 5.33572085609696 5.38558740615394 5.43545395621092 5.48532050626791 5.53518705632489 5.58505360638187 5.63492015643885 5.68478670649583 5.73465325655281 5.78451980660979 5.83438635666677 5.88425290672375 5.93411945678073 5.98398600683772 6.0338525568947 6.08371910695168 6.13358565700866 6.18345220706564 6.23331875712262 6.28318530717959 
127 1 2 3 4 5 6 7 8 9 10 11 12 13 14 15 16 17 18 19 20 21 22 23 24 25 26 27 28 29 30 31 32 33 34 35 36 37 38 39 40 41 42 43 44 45 46 47 48 49 50 51 52 53 54 55 56 57 58 59 60 61 62 63 64 65 66 67 68 69 70 71 72 73 74 75 76 77 78 79 80 81 82 83 84 85 86 87 88 89 90 91 92 93 94 95 96 97 98 99 100 101 102 103 104 105 106 107 108 109 110 111 112 113 114 115 116 117 118 119 120 121 122 123 124 125 126 127 
p 0.136000008 1 0 0.0498665500569808 0.0997331001139617 0.149599650170943 0.199466200227923 0.249332750284904 0.299199300341885 0.349065850398866 0.398932400455847 0.448798950512828 0.498665500569808 0.548532050626789 0.59839860068377 0.648265150740751 0.698131700797732 0.747998250854712 0.797864800911693 0.847731350968674 0.897597901025655 0.947464451082636 0.997331001139617 1.0471975511966 1.09706410125358 1.14693065131056 1.19679720136754 1.24666375142452 1.2965303014815 1.34639685153848 1.39626340159546 1.44612995165244 1.49599650170942 1.54586305176641 1.59572960182339 1.64559615188037 1.69546270193735 1.74532925199433 1.79519580205131 1.84506235210829 1.89492890216527 1.94479545222225 1.99466200227923 2.04452855233621 2.09439510239319 2.14426165245018 2.19412820250716 2.24399475256414 2.29386130262112 2.3437278526781 2.39359440273508 2.44346095279206 2.49332750284904 2.54319405290602 2.59306060296301 2.64292715301999 2.69279370307697 2.74266025313395 2.79252680319093 2.84239335324791 2.89225990330489 2.94212645336187 2.99199300341885 3.04185955347583 3.09172610353282 3.1415926535898 3.19145920364678 3.24132575370376 3.29119230376074 3.34105885381772 3.3909254038747 3.44079195393168 3.49065850398866 3.54052505404564 3.59039160410263 3.64025815415961 3.69012470421659 3.73999125427357 3.78985780433055 3.83972435438753 3.88959090444451 3.93945745450149 3.98932400455847 4.03919055461546 4.08905710467244 4.13892365472942 4.1887902047864 4.23865675484338 4.28852330490036 4.33838985495734 4.38825640501432 4.4381229550713 4.48798950512828 4.53785605518527 4.58772260524225 4.63758915529923 4.68745570535621 4.73732225541319 4.78718880547017 4.83705535552715 4.88692190558413 4.93678845564111 4.9866550056981 5.03652155575508 5.08638810581206 5.13625465586904 5.18612120592602 5.235987755983 5.28585430603998 5.33572085609696 5.38558740615394 5.43545395621092 5.48532050626791 5.53518705632489 5.58505360638187 5.63492015643885 5.68478670649583 5.73465325655281 5.78451980660979 5.83438635666677 5.88425290672375 5.93411945678073 5.98398600683772 6.0338525568947 6.08371910695168 6.13358565700866 6.18345220706564 6.23331875712262 6.28318530717959 
127 127 128 129 130 131 132 133 134 135 136 137 138 139 140 141 142 143 144 145 146 147 148 149 150 151 152 153 154 155 156 157 158 159 160 161 162 163 164 165 166 167 168 169 170 171 172 173 174 175 176 177 178 179 180 181 182 183 184 185 186 187 188 189 190 191 192 193 194 195 196 197 198 199 200 201 202 203 204 205 206 207 208 209 210 211 212 213 214 215 216 217 218 219 220 221 222 223 224 225 226 227 228 229 230 231 232 233 234 235 236 237 238 239 240 241 242 243 244 245 246 247 248 249 250 251 252 127 
p 0.136000008 1 0 0.0498665500569808 0.0997331001139617 0.149599650170943 0.199466200227923 0.249332750284904 0.299199300341885 0.349065850398866 0.398932400455847 0.448798950512828 0.498665500569808 0.548532050626789 0.59839860068377 0.648265150740751 0.698131700797732 0.747998250854712 0.797864800911693 0.847731350968674 0.897597901025655 0.947464451082636 0.997331001139617 1.0471975511966 1.09706410125358 1.14693065131056 1.19679720136754 1.24666375142452 1.2965303014815 1.34639685153848 1.39626340159546 1.44612995165244 1.49599650170942 1.54586305176641 1.59572960182339 1.64559615188037 1.69546270193735 1.74532925199433 1.79519580205131 1.84506235210829 1.89492890216527 1.94479545222225 1.99466200227923 2.04452855233621 2.09439510239319 2.14426165245018 2.19412820250716 2.24399475256414 2.29386130262112 2.3437278526781 2.39359440273508 2.44346095279206 2.49332750284904 2.54319405290602 2.59306060296301 2.64292715301999 2.69279370307697 2.74266025313395 2.79252680319093 2.84239335324791 2.89225990330489 2.94212645336187 2.99199300341885 3.04185955347583 3.09172610353282 3.1415926535898 3.19145920364678 3.24132575370376 3.29119230376074 3.34105885381772 3.3909254038747 3.44079195393168 3.49065850398866 3.54052505404564 3.59039160410263 3.64025815415961 3.69012470421659 3.73999125427357 3.78985780433055 3.83972435438753 3.88959090444451 3.93945745450149 3.98932400455847 4.03919055461546 4.08905710467244 4.13892365472942 4.1887902047864 4.23865675484338 4.28852330490036 4.33838985495734 4.38825640501432 4.4381229550713 4.48798950512828 4.53785605518527 4.58772260524225 4.63758915529923 4.68745570535621 4.73732225541319 4.78718880547017 4.83705535552715 4.88692190558413 4.93678845564111 4.9866550056981 5.03652155575508 5.08638810581206 5.13625465586904 5.18612120592602 5.235987755983 5.28585430603998 5.33572085609696 5.38558740615394 5.43545395621092 5.48532050626791 5.53518705632489 5.58505360638187 5.63492015643885 5.68478670649583 5.73465325655281 5.78451980660979 5.83438635666677 5.88425290672375 5.93411945678073 5.98398600683772 6.0338525568947 6.08371910695168 6.13358565700866 6.18345220706564 6.23331875712262 6.28318530717959 
2 128 1 
p 0.520000008 1 1 14 
2 254 127 
p 0.520000008 1 1 14 
127 128 129 130 131 132 133 134 135 136 137 138 139 140 141 142 143 144 145 146 147 148 149 150 151 152 153 154 155 156 157 158 159 160 161 162 163 164 165 166 167 168 169 170 171 172 173 174 175 176 177 178 179 180 181 182 183 184 185 186 187 188 189 190 191 192 193 194 195 196 197 198 199 200 201 202 203 204 205 206 207 208 209 210 211 212 213 214 215 216 217 218 219 220 221 222 223 224 225 226 227 228 229 230 231 232 233 234 235 236 237 238 239 240 241 242 243 244 245 246 247 248 249 250 251 252 253 254 
p 0.248000008 1 0 0.0498665500569808 0.0997331001139617 0.149599650170943 0.199466200227923 0.249332750284904 0.299199300341885 0.349065850398866 0.398932400455847 0.448798950512828 0.498665500569808 0.548532050626789 0.59839860068377 0.648265150740751 0.698131700797732 0.747998250854712 0.797864800911693 0.847731350968674 0.897597901025655 0.947464451082636 0.997331001139617 1.0471975511966 1.09706410125358 1.14693065131056 1.19679720136754 1.24666375142452 1.2965303014815 1.34639685153848 1.39626340159546 1.44612995165244 1.49599650170942 1.54586305176641 1.59572960182339 1.64559615188037 1.69546270193735 1.74532925199433 1.79519580205131 1.84506235210829 1.89492890216527 1.94479545222225 1.99466200227923 2.04452855233621 2.09439510239319 2.14426165245018 2.19412820250716 2.24399475256414 2.29386130262112 2.3437278526781 2.39359440273508 2.44346095279206 2.49332750284904 2.54319405290602 2.59306060296301 2.64292715301999 2.69279370307697 2.74266025313395 2.79252680319093 2.84239335324791 2.89225990330489 2.94212645336187 2.99199300341885 3.04185955347583 3.09172610353282 3.1415926535898 3.19145920364678 3.24132575370376 3.29119230376074 3.34105885381772 3.3909254038747 3.44079195393168 3.49065850398866 3.54052505404564 3.59039160410263 3.64025815415961 3.69012470421659 3.73999125427357 3.78985780433055 3.83972435438753 3.88959090444451 3.93945745450149 3.98932400455847 4.03919055461546 4.08905710467244 4.13892365472942 4.1887902047864 4.23865675484338 4.28852330490036 4.33838985495734 4.38825640501432 4.4381229550713 4.48798950512828 4.53785605518527 4.58772260524225 4.63758915529923 4.68745570535621 4.73732225541319 4.78718880547017 4.83705535552715 4.88692190558413 4.93678845564111 4.9866550056981 5.03652155575508 5.08638810581206 5.13625465586904 5.18612120592602 5.235987755983 5.28585430603998 5.33572085609696 5.38558740615394 5.43545395621092 5.48532050626791 5.53518705632489 5.58505360638187 5.63492015643885 5.68478670649583 5.73465325655281 5.78451980660979 5.83438635666677 5.88425290672375 5.93411945678073 5.98398600683772 6.0338525568947 6.08371910695168 6.13358565700866 6.18345220706564 6.23331875712262 6.28318530717959 
127 1 2 3 4 5 6 7 8 9 10 11 12 13 14 15 16 17 18 19 20 21 22 23 24 25 26 27 28 29 30 31 32 33 34 35 36 37 38 39 40 41 42 43 44 45 46 47 48 49 50 51 52 53 54 55 56 57 58 59 60 61 62 63 64 65 66 67 68 69 70 71 72 73 74 75 76 77 78 79 80 81 82 83 84 85 86 87 88 89 90 91 92 93 94 95 96 97 98 99 100 101 102 103 104 105 106 107 108 109 110 111 112 113 114 115 116 117 118 119 120 121 122 123 124 125 126 1 
p 0.248000008 1 0 0.0498665500569808 0.0997331001139617 0.149599650170943 0.199466200227923 0.249332750284904 0.299199300341885 0.349065850398866 0.398932400455847 0.448798950512828 0.498665500569808 0.548532050626789 0.59839860068377 0.648265150740751 0.698131700797732 0.747998250854712 0.797864800911693 0.847731350968674 0.897597901025655 0.947464451082636 0.997331001139617 1.0471975511966 1.09706410125358 1.14693065131056 1.19679720136754 1.24666375142452 1.2965303014815 1.34639685153848 1.39626340159546 1.44612995165244 1.49599650170942 1.54586305176641 1.59572960182339 1.64559615188037 1.69546270193735 1.74532925199433 1.79519580205131 1.84506235210829 1.89492890216527 1.94479545222225 1.99466200227923 2.04452855233621 2.09439510239319 2.14426165245018 2.19412820250716 2.24399475256414 2.29386130262112 2.3437278526781 2.39359440273508 2.44346095279206 2.49332750284904 2.54319405290602 2.59306060296301 2.64292715301999 2.69279370307697 2.74266025313395 2.79252680319093 2.84239335324791 2.89225990330489 2.94212645336187 2.99199300341885 3.04185955347583 3.09172610353282 3.1415926535898 3.19145920364678 3.24132575370376 3.29119230376074 3.34105885381772 3.3909254038747 3.44079195393168 3.49065850398866 3.54052505404564 3.59039160410263 3.64025815415961 3.69012470421659 3.73999125427357 3.78985780433055 3.83972435438753 3.88959090444451 3.93945745450149 3.98932400455847 4.03919055461546 4.08905710467244 4.13892365472942 4.1887902047864 4.23865675484338 4.28852330490036 4.33838985495734 4.38825640501432 4.4381229550713 4.48798950512828 4.53785605518527 4.58772260524225 4.63758915529923 4.68745570535621 4.73732225541319 4.78718880547017 4.83705535552715 4.88692190558413 4.93678845564111 4.9866550056981 5.03652155575508 5.08638810581206 5.13625465586904 5.18612120592602 5.235987755983 5.28585430603998 5.33572085609696 5.38558740615394 5.43545395621092 5.48532050626791 5.53518705632489 5.58505360638187 5.63492015643885 5.68478670649583 5.73465325655281 5.78451980660979 5.83438635666677 5.88425290672375 5.93411945678073 5.98398600683772 6.0338525568947 6.08371910695168 6.13358565700866 6.18345220706564 6.23331875712262 6.28318530717959 
127 1 2 3 4 5 6 7 8 9 10 11 12 13 14 15 16 17 18 19 20 21 22 23 24 25 26 27 28 29 30 31 32 33 34 35 36 37 38 39 40 41 42 43 44 45 46 47 48 49 50 51 52 53 54 55 56 57 58 59 60 61 62 63 64 65 66 67 68 69 70 71 72 73 74 75 76 77 78 79 80 81 82 83 84 85 86 87 88 89 90 91 92 93 94 95 96 97 98 99 100 101 102 103 104 105 106 107 108 109 110 111 112 113 114 115 116 117 118 119 120 121 122 123 124 125 126 127 
p 0.248000008 1 0 0.0498665500569808 0.0997331001139617 0.149599650170943 0.199466200227923 0.249332750284904 0.299199300341885 0.349065850398866 0.398932400455847 0.448798950512828 0.498665500569808 0.548532050626789 0.59839860068377 0.648265150740751 0.698131700797732 0.747998250854712 0.797864800911693 0.847731350968674 0.897597901025655 0.947464451082636 0.997331001139617 1.0471975511966 1.09706410125358 1.14693065131056 1.19679720136754 1.24666375142452 1.2965303014815 1.34639685153848 1.39626340159546 1.44612995165244 1.49599650170942 1.54586305176641 1.59572960182339 1.64559615188037 1.69546270193735 1.74532925199433 1.79519580205131 1.84506235210829 1.89492890216527 1.94479545222225 1.99466200227923 2.04452855233621 2.09439510239319 2.14426165245018 2.19412820250716 2.24399475256414 2.29386130262112 2.3437278526781 2.39359440273508 2.44346095279206 2.49332750284904 2.54319405290602 2.59306060296301 2.64292715301999 2.69279370307697 2.74266025313395 2.79252680319093 2.84239335324791 2.89225990330489 2.94212645336187 2.99199300341885 3.04185955347583 3.09172610353282 3.1415926535898 3.19145920364678 3.24132575370376 3.29119230376074 3.34105885381772 3.3909254038747 3.44079195393168 3.49065850398866 3.54052505404564 3.59039160410263 3.64025815415961 3.69012470421659 3.73999125427357 3.78985780433055 3.83972435438753 3.88959090444451 3.93945745450149 3.98932400455847 4.03919055461546 4.08905710467244 4.13892365472942 4.1887902047864 4.23865675484338 4.28852330490036 4.33838985495734 4.38825640501432 4.4381229550713 4.48798950512828 4.53785605518527 4.58772260524225 4.63758915529923 4.68745570535621 4.73732225541319 4.78718880547017 4.83705535552715 4.88692190558413 4.93678845564111 4.9866550056981 5.03652155575508 5.08638810581206 5.13625465586904 5.18612120592602 5.235987755983 5.28585430603998 5.33572085609696 5.38558740615394 5.43545395621092 5.48532050626791 5.53518705632489 5.58505360638187 5.63492015643885 5.68478670649583 5.73465325655281 5.78451980660979 5.83438635666677 5.88425290672375 5.93411945678073 5.98398600683772 6.0338525568947 6.08371910695168 6.13358565700866 6.18345220706564 6.23331875712262 6.28318530717959 
127 1519 1520 1521 1522 1523 1524 1525 1526 1527 1528 1529 1530 1531 1532 1533 1534 1535 1536 1537 1538 1539 1540 1541 1542 1543 1544 1545 1546 1547 1548 1549 1550 1551 1552 1553 1554 1555 1556 1557 1558 1559 1560 1561 1562 1563 1564 1565 1566 1567 1568 1569 1570 1571 1572 1573 1574 1575 1576 1577 1578 1579 1580 1581 1582 1583 1584 1585 1586 1587 1588 1589 1590 1591 1592 1593 1594 1595 1596 1597 1598 1599 1600 1601 1602 1603 1604 1605 1606 1607 1608 1609 1610 1611 1612 1613 1614 1615 1616 1617 1618 1619 1620 1621 1622 1623 1624 1625 1626 1627 1628 1629 1630 1631 1632 1633 1634 1635 1636 1637 1638 1639 1640 1641 1642 1643 1644 1519 
p 0.248000008 1 0 0.0498665500569808 0.0997331001139617 0.149599650170943 0.199466200227923 0.249332750284904 0.299199300341885 0.349065850398866 0.398932400455847 0.448798950512828 0.498665500569808 0.548532050626789 0.59839860068377 0.648265150740751 0.698131700797732 0.747998250854712 0.797864800911693 0.847731350968674 0.897597901025655 0.947464451082636 0.997331001139617 1.0471975511966 1.09706410125358 1.14693065131056 1.19679720136754 1.24666375142452 1.2965303014815 1.34639685153848 1.39626340159546 1.44612995165244 1.49599650170942 1.54586305176641 1.59572960182339 1.64559615188037 1.69546270193735 1.74532925199433 1.79519580205131 1.84506235210829 1.89492890216527 1.94479545222225 1.99466200227923 2.04452855233621 2.09439510239319 2.14426165245018 2.19412820250716 2.24399475256414 2.29386130262112 2.3437278526781 2.39359440273508 2.44346095279206 2.49332750284904 2.54319405290602 2.59306060296301 2.64292715301999 2.69279370307697 2.74266025313395 2.79252680319093 2.84239335324791 2.89225990330489 2.94212645336187 2.99199300341885 3.04185955347583 3.09172610353282 3.1415926535898 3.19145920364678 3.24132575370376 3.29119230376074 3.34105885381772 3.3909254038747 3.44079195393168 3.49065850398866 3.54052505404564 3.59039160410263 3.64025815415961 3.69012470421659 3.73999125427357 3.78985780433055 3.83972435438753 3.88959090444451 3.93945745450149 3.98932400455847 4.03919055461546 4.08905710467244 4.13892365472942 4.1887902047864 4.23865675484338 4.28852330490036 4.33838985495734 4.38825640501432 4.4381229550713 4.48798950512828 4.53785605518527 4.58772260524225 4.63758915529923 4.68745570535621 4.73732225541319 4.78718880547017 4.83705535552715 4.88692190558413 4.93678845564111 4.9866550056981 5.03652155575508 5.08638810581206 5.13625465586904 5.18612120592602 5.235987755983 5.28585430603998 5.33572085609696 5.38558740615394 5.43545395621092 5.48532050626791 5.53518705632489 5.58505360638187 5.63492015643885 5.68478670649583 5.73465325655281 5.78451980660979 5.83438635666677 5.88425290672375 5.93411945678073 5.98398600683772 6.0338525568947 6.08371910695168 6.13358565700866 6.18345220706564 6.23331875712262 6.28318530717959 
2 128 1 
p 0.120000008 1 0 3 
2 254 127 
p 0.120000008 1 0 3 
127 1 2 3 4 5 6 7 8 9 10 11 12 13 14 15 16 17 18 19 20 21 22 23 24 25 26 27 28 29 30 31 32 33 34 35 36 37 38 39 40 41 42 43 44 45 46 47 48 49 50 51 52 53 54 55 56 57 58 59 60 61 62 63 64 65 66 67 68 69 70 71 72 73 74 75 76 77 78 79 80 81 82 83 84 85 86 87 88 89 90 91 92 93 94 95 96 97 98 99 100 101 102 103 104 105 106 107 108 109 110 111 112 113 114 115 116 117 118 119 120 121 122 123 124 125 126 127 
p 0.132000008 1 0 0.0498665500569808 0.0997331001139617 0.149599650170943 0.199466200227923 0.249332750284904 0.299199300341885 0.349065850398866 0.398932400455847 0.448798950512828 0.498665500569808 0.548532050626789 0.59839860068377 0.648265150740751 0.698131700797732 0.747998250854712 0.797864800911693 0.847731350968674 0.897597901025655 0.947464451082636 0.997331001139617 1.0471975511966 1.09706410125358 1.14693065131056 1.19679720136754 1.24666375142452 1.2965303014815 1.34639685153848 1.39626340159546 1.44612995165244 1.49599650170942 1.54586305176641 1.59572960182339 1.64559615188037 1.69546270193735 1.74532925199433 1.79519580205131 1.84506235210829 1.89492890216527 1.94479545222225 1.99466200227923 2.04452855233621 2.09439510239319 2.14426165245018 2.19412820250716 2.24399475256414 2.29386130262112 2.3437278526781 2.39359440273508 2.44346095279206 2.49332750284904 2.54319405290602 2.59306060296301 2.64292715301999 2.69279370307697 2.74266025313395 2.79252680319093 2.84239335324791 2.89225990330489 2.94212645336187 2.99199300341885 3.04185955347583 3.09172610353282 3.1415926535898 3.19145920364678 3.24132575370376 3.29119230376074 3.34105885381772 3.3909254038747 3.44079195393168 3.49065850398866 3.54052505404564 3.59039160410263 3.64025815415961 3.69012470421659 3.73999125427357 3.78985780433055 3.83972435438753 3.88959090444451 3.93945745450149 3.98932400455847 4.03919055461546 4.08905710467244 4.13892365472942 4.1887902047864 4.23865675484338 4.28852330490036 4.33838985495734 4.38825640501432 4.4381229550713 4.48798950512828 4.53785605518527 4.58772260524225 4.63758915529923 4.68745570535621 4.73732225541319 4.78718880547017 4.83705535552715 4.88692190558413 4.93678845564111 4.9866550056981 5.03652155575508 5.08638810581206 5.13625465586904 5.18612120592602 5.235987755983 5.28585430603998 5.33572085609696 5.38558740615394 5.43545395621092 5.48532050626791 5.53518705632489 5.58505360638187 5.63492015643885 5.68478670649583 5.73465325655281 5.78451980660979 5.83438635666677 5.88425290672375 5.93411945678073 5.98398600683772 6.0338525568947 6.08371910695168 6.13358565700866 6.18345220706564 6.23331875712262 6.28318530717959 
127 127 128 129 130 131 132 133 134 135 136 137 138 139 140 141 142 143 144 145 146 147 148 149 150 151 152 153 154 155 156 157 158 159 160 161 162 163 164 165 166 167 168 169 170 171 172 173 174 175 176 177 178 179 180 181 182 183 184 185 186 187 188 189 190 191 192 193 194 195 196 197 198 199 200 201 202 203 204 205 206 207 208 209 210 211 212 213 214 215 216 217 218 219 220 221 222 223 224 225 226 227 228 229 230 231 232 233 234 235 236 237 238 239 240 241 242 243 244 245 246 247 248 249 250 251 252 127 
p 0.132000008 1 0 0.0498665500569808 0.0997331001139617 0.149599650170943 0.199466200227923 0.249332750284904 0.299199300341885 0.349065850398866 0.398932400455847 0.448798950512828 0.498665500569808 0.548532050626789 0.59839860068377 0.648265150740751 0.698131700797732 0.747998250854712 0.797864800911693 0.847731350968674 0.897597901025655 0.947464451082636 0.997331001139617 1.0471975511966 1.09706410125358 1.14693065131056 1.19679720136754 1.24666375142452 1.2965303014815 1.34639685153848 1.39626340159546 1.44612995165244 1.49599650170942 1.54586305176641 1.59572960182339 1.64559615188037 1.69546270193735 1.74532925199433 1.79519580205131 1.84506235210829 1.89492890216527 1.94479545222225 1.99466200227923 2.04452855233621 2.09439510239319 2.14426165245018 2.19412820250716 2.24399475256414 2.29386130262112 2.3437278526781 2.39359440273508 2.44346095279206 2.49332750284904 2.54319405290602 2.59306060296301 2.64292715301999 2.69279370307697 2.74266025313395 2.79252680319093 2.84239335324791 2.89225990330489 2.94212645336187 2.99199300341885 3.04185955347583 3.09172610353282 3.1415926535898 3.19145920364678 3.24132575370376 3.29119230376074 3.34105885381772 3.3909254038747 3.44079195393168 3.49065850398866 3.54052505404564 3.59039160410263 3.64025815415961 3.69012470421659 3.73999125427357 3.78985780433055 3.83972435438753 3.88959090444451 3.93945745450149 3.98932400455847 4.03919055461546 4.08905710467244 4.13892365472942 4.1887902047864 4.23865675484338 4.28852330490036 4.33838985495734 4.38825640501432 4.4381229550713 4.48798950512828 4.53785605518527 4.58772260524225 4.63758915529923 4.68745570535621 4.73732225541319 4.78718880547017 4.83705535552715 4.88692190558413 4.93678845564111 4.9866550056981 5.03652155575508 5.08638810581206 5.13625465586904 5.18612120592602 5.235987755983 5.28585430603998 5.33572085609696 5.38558740615394 5.43545395621092 5.48532050626791 5.53518705632489 5.58505360638187 5.63492015643885 5.68478670649583 5.73465325655281 5.78451980660979 5.83438635666677 5.88425290672375 5.93411945678073 5.98398600683772 6.0338525568947 6.08371910695168 6.13358565700866 6.18345220706564 6.23331875712262 6.28318530717959 
2 128 1 
p 0.520000008 1 1 14 
2 254 127 
p 0.520000008 1 1 14 
127 128 129 130 131 132 133 134 135 136 137 138 139 140 141 142 143 144 145 146 147 148 149 150 151 152 153 154 155 156 157 158 159 160 161 162 163 164 165 166 167 168 169 170 171 172 173 174 175 176 177 178 179 180 181 182 183 184 185 186 187 188 189 190 191 192 193 194 195 196 197 198 199 200 201 202 203 204 205 206 207 208 209 210 211 212 213 214 215 216 217 218 219 220 221 222 223 224 225 226 227 228 229 230 231 232 233 234 235 236 237 238 239 240 241 242 243 244 245 246 247 248 249 250 251 252 253 254 
p 0.248000008 1 0 0.0498665500569808 0.0997331001139617 0.149599650170943 0.199466200227923 0.249332750284904 0.299199300341885 0.349065850398866 0.398932400455847 0.448798950512828 0.498665500569808 0.548532050626789 0.59839860068377 0.648265150740751 0.698131700797732 0.747998250854712 0.797864800911693 0.847731350968674 0.897597901025655 0.947464451082636 0.997331001139617 1.0471975511966 1.09706410125358 1.14693065131056 1.19679720136754 1.24666375142452 1.2965303014815 1.34639685153848 1.39626340159546 1.44612995165244 1.49599650170942 1.54586305176641 1.59572960182339 1.64559615188037 1.69546270193735 1.74532925199433 1.79519580205131 1.84506235210829 1.89492890216527 1.94479545222225 1.99466200227923 2.04452855233621 2.09439510239319 2.14426165245018 2.19412820250716 2.24399475256414 2.29386130262112 2.3437278526781 2.39359440273508 2.44346095279206 2.49332750284904 2.54319405290602 2.59306060296301 2.64292715301999 2.69279370307697 2.74266025313395 2.79252680319093 2.84239335324791 2.89225990330489 2.94212645336187 2.99199300341885 3.04185955347583 3.09172610353282 3.1415926535898 3.19145920364678 3.24132575370376 3.29119230376074 3.34105885381772 3.3909254038747 3.44079195393168 3.49065850398866 3.54052505404564 3.59039160410263 3.64025815415961 3.69012470421659 3.73999125427357 3.78985780433055 3.83972435438753 3.88959090444451 3.93945745450149 3.98932400455847 4.03919055461546 4.08905710467244 4.13892365472942 4.1887902047864 4.23865675484338 4.28852330490036 4.33838985495734 4.38825640501432 4.4381229550713 4.48798950512828 4.53785605518527 4.58772260524225 4.63758915529923 4.68745570535621 4.73732225541319 4.78718880547017 4.83705535552715 4.88692190558413 4.93678845564111 4.9866550056981 5.03652155575508 5.08638810581206 5.13625465586904 5.18612120592602 5.235987755983 5.28585430603998 5.33572085609696 5.38558740615394 5.43545395621092 5.48532050626791 5.53518705632489 5.58505360638187 5.63492015643885 5.68478670649583 5.73465325655281 5.78451980660979 5.83438635666677 5.88425290672375 5.93411945678073 5.98398600683772 6.0338525568947 6.08371910695168 6.13358565700866 6.18345220706564 6.23331875712262 6.28318530717959 
127 1 2 3 4 5 6 7 8 9 10 11 12 13 14 15 16 17 18 19 20 21 22 23 24 25 26 27 28 29 30 31 32 33 34 35 36 37 38 39 40 41 42 43 44 45 46 47 48 49 50 51 52 53 54 55 56 57 58 59 60 61 62 63 64 65 66 67 68 69 70 71 72 73 74 75 76 77 78 79 80 81 82 83 84 85 86 87 88 89 90 91 92 93 94 95 96 97 98 99 100 101 102 103 104 105 106 107 108 109 110 111 112 113 114 115 116 117 118 119 120 121 122 123 124 125 126 1 
p 0.248000008 1 0 0.0498665500569808 0.0997331001139617 0.149599650170943 0.199466200227923 0.249332750284904 0.299199300341885 0.349065850398866 0.398932400455847 0.448798950512828 0.498665500569808 0.548532050626789 0.59839860068377 0.648265150740751 0.698131700797732 0.747998250854712 0.797864800911693 0.847731350968674 0.897597901025655 0.947464451082636 0.997331001139617 1.0471975511966 1.09706410125358 1.14693065131056 1.19679720136754 1.24666375142452 1.2965303014815 1.34639685153848 1.39626340159546 1.44612995165244 1.49599650170942 1.54586305176641 1.59572960182339 1.64559615188037 1.69546270193735 1.74532925199433 1.79519580205131 1.84506235210829 1.89492890216527 1.94479545222225 1.99466200227923 2.04452855233621 2.09439510239319 2.14426165245018 2.19412820250716 2.24399475256414 2.29386130262112 2.3437278526781 2.39359440273508 2.44346095279206 2.49332750284904 2.54319405290602 2.59306060296301 2.64292715301999 2.69279370307697 2.74266025313395 2.79252680319093 2.84239335324791 2.89225990330489 2.94212645336187 2.99199300341885 3.04185955347583 3.09172610353282 3.1415926535898 3.19145920364678 3.24132575370376 3.29119230376074 3.34105885381772 3.3909254038747 3.44079195393168 3.49065850398866 3.54052505404564 3.59039160410263 3.64025815415961 3.69012470421659 3.73999125427357 3.78985780433055 3.83972435438753 3.88959090444451 3.93945745450149 3.98932400455847 4.03919055461546 4.08905710467244 4.13892365472942 4.1887902047864 4.23865675484338 4.28852330490036 4.33838985495734 4.38825640501432 4.4381229550713 4.48798950512828 4.53785605518527 4.58772260524225 4.63758915529923 4.68745570535621 4.73732225541319 4.78718880547017 4.83705535552715 4.88692190558413 4.93678845564111 4.9866550056981 5.03652155575508 5.08638810581206 5.13625465586904 5.18612120592602 5.235987755983 5.28585430603998 5.33572085609696 5.38558740615394 5.43545395621092 5.48532050626791 5.53518705632489 5.58505360638187 5.63492015643885 5.68478670649583 5.73465325655281 5.78451980660979 5.83438635666677 5.88425290672375 5.93411945678073 5.98398600683772 6.0338525568947 6.08371910695168 6.13358565700866 6.18345220706564 6.23331875712262 6.28318530717959 
127 1 2 3 4 5 6 7 8 9 10 11 12 13 14 15 16 17 18 19 20 21 22 23 24 25 26 27 28 29 30 31 32 33 34 35 36 37 38 39 40 41 42 43 44 45 46 47 48 49 50 51 52 53 54 55 56 57 58 59 60 61 62 63 64 65 66 67 68 69 70 71 72 73 74 75 76 77 78 79 80 81 82 83 84 85 86 87 88 89 90 91 92 93 94 95 96 97 98 99 100 101 102 103 104 105 106 107 108 109 110 111 112 113 114 115 116 117 118 119 120 121 122 123 124 125 126 127 
p 0.248000008 1 0 0.0498665500569808 0.0997331001139617 0.149599650170943 0.199466200227923 0.249332750284904 0.299199300341885 0.349065850398866 0.398932400455847 0.448798950512828 0.498665500569808 0.548532050626789 0.59839860068377 0.648265150740751 0.698131700797732 0.747998250854712 0.797864800911693 0.847731350968674 0.897597901025655 0.947464451082636 0.997331001139617 1.0471975511966 1.09706410125358 1.14693065131056 1.19679720136754 1.24666375142452 1.2965303014815 1.34639685153848 1.39626340159546 1.44612995165244 1.49599650170942 1.54586305176641 1.59572960182339 1.64559615188037 1.69546270193735 1.74532925199433 1.79519580205131 1.84506235210829 1.89492890216527 1.94479545222225 1.99466200227923 2.04452855233621 2.09439510239319 2.14426165245018 2.19412820250716 2.24399475256414 2.29386130262112 2.3437278526781 2.39359440273508 2.44346095279206 2.49332750284904 2.54319405290602 2.59306060296301 2.64292715301999 2.69279370307697 2.74266025313395 2.79252680319093 2.84239335324791 2.89225990330489 2.94212645336187 2.99199300341885 3.04185955347583 3.09172610353282 3.1415926535898 3.19145920364678 3.24132575370376 3.29119230376074 3.34105885381772 3.3909254038747 3.44079195393168 3.49065850398866 3.54052505404564 3.59039160410263 3.64025815415961 3.69012470421659 3.73999125427357 3.78985780433055 3.83972435438753 3.88959090444451 3.93945745450149 3.98932400455847 4.03919055461546 4.08905710467244 4.13892365472942 4.1887902047864 4.23865675484338 4.28852330490036 4.33838985495734 4.38825640501432 4.4381229550713 4.48798950512828 4.53785605518527 4.58772260524225 4.63758915529923 4.68745570535621 4.73732225541319 4.78718880547017 4.83705535552715 4.88692190558413 4.93678845564111 4.9866550056981 5.03652155575508 5.08638810581206 5.13625465586904 5.18612120592602 5.235987755983 5.28585430603998 5.33572085609696 5.38558740615394 5.43545395621092 5.48532050626791 5.53518705632489 5.58505360638187 5.63492015643885 5.68478670649583 5.73465325655281 5.78451980660979 5.83438635666677 5.88425290672375 5.93411945678073 5.98398600683772 6.0338525568947 6.08371910695168 6.13358565700866 6.18345220706564 6.23331875712262 6.28318530717959 
127 1393 1394 1395 1396 1397 1398 1399 1400 1401 1402 1403 1404 1405 1406 1407 1408 1409 1410 1411 1412 1413 1414 1415 1416 1417 1418 1419 1420 1421 1422 1423 1424 1425 1426 1427 1428 1429 1430 1431 1432 1433 1434 1435 1436 1437 1438 1439 1440 1441 1442 1443 1444 1445 1446 1447 1448 1449 1450 1451 1452 1453 1454 1455 1456 1457 1458 1459 1460 1461 1462 1463 1464 1465 1466 1467 1468 1469 1470 1471 1472 1473 1474 1475 1476 1477 1478 1479 1480 1481 1482 1483 1484 1485 1486 1487 1488 1489 1490 1491 1492 1493 1494 1495 1496 1497 1498 1499 1500 1501 1502 1503 1504 1505 1506 1507 1508 1509 1510 1511 1512 1513 1514 1515 1516 1517 1518 1393 
p 0.248000008 1 0 0.0498665500569808 0.0997331001139617 0.149599650170943 0.199466200227923 0.249332750284904 0.299199300341885 0.349065850398866 0.398932400455847 0.448798950512828 0.498665500569808 0.548532050626789 0.59839860068377 0.648265150740751 0.698131700797732 0.747998250854712 0.797864800911693 0.847731350968674 0.897597901025655 0.947464451082636 0.997331001139617 1.0471975511966 1.09706410125358 1.14693065131056 1.19679720136754 1.24666375142452 1.2965303014815 1.34639685153848 1.39626340159546 1.44612995165244 1.49599650170942 1.54586305176641 1.59572960182339 1.64559615188037 1.69546270193735 1.74532925199433 1.79519580205131 1.84506235210829 1.89492890216527 1.94479545222225 1.99466200227923 2.04452855233621 2.09439510239319 2.14426165245018 2.19412820250716 2.24399475256414 2.29386130262112 2.3437278526781 2.39359440273508 2.44346095279206 2.49332750284904 2.54319405290602 2.59306060296301 2.64292715301999 2.69279370307697 2.74266025313395 2.79252680319093 2.84239335324791 2.89225990330489 2.94212645336187 2.99199300341885 3.04185955347583 3.09172610353282 3.1415926535898 3.19145920364678 3.24132575370376 3.29119230376074 3.34105885381772 3.3909254038747 3.44079195393168 3.49065850398866 3.54052505404564 3.59039160410263 3.64025815415961 3.69012470421659 3.73999125427357 3.78985780433055 3.83972435438753 3.88959090444451 3.93945745450149 3.98932400455847 4.03919055461546 4.08905710467244 4.13892365472942 4.1887902047864 4.23865675484338 4.28852330490036 4.33838985495734 4.38825640501432 4.4381229550713 4.48798950512828 4.53785605518527 4.58772260524225 4.63758915529923 4.68745570535621 4.73732225541319 4.78718880547017 4.83705535552715 4.88692190558413 4.93678845564111 4.9866550056981 5.03652155575508 5.08638810581206 5.13625465586904 5.18612120592602 5.235987755983 5.28585430603998 5.33572085609696 5.38558740615394 5.43545395621092 5.48532050626791 5.53518705632489 5.58505360638187 5.63492015643885 5.68478670649583 5.73465325655281 5.78451980660979 5.83438635666677 5.88425290672375 5.93411945678073 5.98398600683772 6.0338525568947 6.08371910695168 6.13358565700866 6.18345220706564 6.23331875712262 6.28318530717959 
2 128 1 
p 0.120000008 1 0 3 
2 254 127 
p 0.120000008 1 0 3 
127 1 2 3 4 5 6 7 8 9 10 11 12 13 14 15 16 17 18 19 20 21 22 23 24 25 26 27 28 29 30 31 32 33 34 35 36 37 38 39 40 41 42 43 44 45 46 47 48 49 50 51 52 53 54 55 56 57 58 59 60 61 62 63 64 65 66 67 68 69 70 71 72 73 74 75 76 77 78 79 80 81 82 83 84 85 86 87 88 89 90 91 92 93 94 95 96 97 98 99 100 101 102 103 104 105 106 107 108 109 110 111 112 113 114 115 116 117 118 119 120 121 122 123 124 125 126 127 
p 0.128000008 1 0 0.0498665500569808 0.0997331001139617 0.149599650170943 0.199466200227923 0.249332750284904 0.299199300341885 0.349065850398866 0.398932400455847 0.448798950512828 0.498665500569808 0.548532050626789 0.59839860068377 0.648265150740751 0.698131700797732 0.747998250854712 0.797864800911693 0.847731350968674 0.897597901025655 0.947464451082636 0.997331001139617 1.0471975511966 1.09706410125358 1.14693065131056 1.19679720136754 1.24666375142452 1.2965303014815 1.34639685153848 1.39626340159546 1.44612995165244 1.49599650170942 1.54586305176641 1.59572960182339 1.64559615188037 1.69546270193735 1.74532925199433 1.79519580205131 1.84506235210829 1.89492890216527 1.94479545222225 1.99466200227923 2.04452855233621 2.09439510239319 2.14426165245018 2.19412820250716 2.24399475256414 2.29386130262112 2.3437278526781 2.39359440273508 2.44346095279206 2.49332750284904 2.54319405290602 2.59306060296301 2.64292715301999 2.69279370307697 2.74266025313395 2.79252680319093 2.84239335324791 2.89225990330489 2.94212645336187 2.99199300341885 3.04185955347583 3.09172610353282 3.1415926535898 3.19145920364678 3.24132575370376 3.29119230376074 3.34105885381772 3.3909254038747 3.44079195393168 3.49065850398866 3.54052505404564 3.59039160410263 3.64025815415961 3.69012470421659 3.73999125427357 3.78985780433055 3.83972435438753 3.88959090444451 3.93945745450149 3.98932400455847 4.03919055461546 4.08905710467244 4.13892365472942 4.1887902047864 4.23865675484338 4.28852330490036 4.33838985495734 4.38825640501432 4.4381229550713 4.48798950512828 4.53785605518527 4.58772260524225 4.63758915529923 4.68745570535621 4.73732225541319 4.78718880547017 4.83705535552715 4.88692190558413 4.93678845564111 4.9866550056981 5.03652155575508 5.08638810581206 5.13625465586904 5.18612120592602 5.235987755983 5.28585430603998 5.33572085609696 5.38558740615394 5.43545395621092 5.48532050626791 5.53518705632489 5.58505360638187 5.63492015643885 5.68478670649583 5.73465325655281 5.78451980660979 5.83438635666677 5.88425290672375 5.93411945678073 5.98398600683772 6.0338525568947 6.08371910695168 6.13358565700866 6.18345220706564 6.23331875712262 6.28318530717959 
127 127 128 129 130 131 132 133 134 135 136 137 138 139 140 141 142 143 144 145 146 147 148 149 150 151 152 153 154 155 156 157 158 159 160 161 162 163 164 165 166 167 168 169 170 171 172 173 174 175 176 177 178 179 180 181 182 183 184 185 186 187 188 189 190 191 192 193 194 195 196 197 198 199 200 201 202 203 204 205 206 207 208 209 210 211 212 213 214 215 216 217 218 219 220 221 222 223 224 225 226 227 228 229 230 231 232 233 234 235 236 237 238 239 240 241 242 243 244 245 246 247 248 249 250 251 252 127 
p 0.128000008 1 0 0.0498665500569808 0.0997331001139617 0.149599650170943 0.199466200227923 0.249332750284904 0.299199300341885 0.349065850398866 0.398932400455847 0.448798950512828 0.498665500569808 0.548532050626789 0.59839860068377 0.648265150740751 0.698131700797732 0.747998250854712 0.797864800911693 0.847731350968674 0.897597901025655 0.947464451082636 0.997331001139617 1.0471975511966 1.09706410125358 1.14693065131056 1.19679720136754 1.24666375142452 1.2965303014815 1.34639685153848 1.39626340159546 1.44612995165244 1.49599650170942 1.54586305176641 1.59572960182339 1.64559615188037 1.69546270193735 1.74532925199433 1.79519580205131 1.84506235210829 1.89492890216527 1.94479545222225 1.99466200227923 2.04452855233621 2.09439510239319 2.14426165245018 2.19412820250716 2.24399475256414 2.29386130262112 2.3437278526781 2.39359440273508 2.44346095279206 2.49332750284904 2.54319405290602 2.59306060296301 2.64292715301999 2.69279370307697 2.74266025313395 2.79252680319093 2.84239335324791 2.89225990330489 2.94212645336187 2.99199300341885 3.04185955347583 3.09172610353282 3.1415926535898 3.19145920364678 3.24132575370376 3.29119230376074 3.34105885381772 3.3909254038747 3.44079195393168 3.49065850398866 3.54052505404564 3.59039160410263 3.64025815415961 3.69012470421659 3.73999125427357 3.78985780433055 3.83972435438753 3.88959090444451 3.93945745450149 3.98932400455847 4.03919055461546 4.08905710467244 4.13892365472942 4.1887902047864 4.23865675484338 4.28852330490036 4.33838985495734 4.38825640501432 4.4381229550713 4.48798950512828 4.53785605518527 4.58772260524225 4.63758915529923 4.68745570535621 4.73732225541319 4.78718880547017 4.83705535552715 4.88692190558413 4.93678845564111 4.9866550056981 5.03652155575508 5.08638810581206 5.13625465586904 5.18612120592602 5.235987755983 5.28585430603998 5.33572085609696 5.38558740615394 5.43545395621092 5.48532050626791 5.53518705632489 5.58505360638187 5.63492015643885 5.68478670649583 5.73465325655281 5.78451980660979 5.83438635666677 5.88425290672375 5.93411945678073 5.98398600683772 6.0338525568947 6.08371910695168 6.13358565700866 6.18345220706564 6.23331875712262 6.28318530717959 
2 128 1 
p 0.520000008 1 1 14 
2 254 127 
p 0.520000008 1 1 14 
127 128 129 130 131 132 133 134 135 136 137 138 139 140 141 142 143 144 145 146 147 148 149 150 151 152 153 154 155 156 157 158 159 160 161 162 163 164 165 166 167 168 169 170 171 172 173 174 175 176 177 178 179 180 181 182 183 184 185 186 187 188 189 190 191 192 193 194 195 196 197 198 199 200 201 202 203 204 205 206 207 208 209 210 211 212 213 214 215 216 217 218 219 220 221 222 223 224 225 226 227 228 229 230 231 232 233 234 235 236 237 238 239 240 241 242 243 244 245 246 247 248 249 250 251 252 253 254 
p 0.248000008 1 0 0.0498665500569808 0.0997331001139617 0.149599650170943 0.199466200227923 0.249332750284904 0.299199300341885 0.349065850398866 0.398932400455847 0.448798950512828 0.498665500569808 0.548532050626789 0.59839860068377 0.648265150740751 0.698131700797732 0.747998250854712 0.797864800911693 0.847731350968674 0.897597901025655 0.947464451082636 0.997331001139617 1.0471975511966 1.09706410125358 1.14693065131056 1.19679720136754 1.24666375142452 1.2965303014815 1.34639685153848 1.39626340159546 1.44612995165244 1.49599650170942 1.54586305176641 1.59572960182339 1.64559615188037 1.69546270193735 1.74532925199433 1.79519580205131 1.84506235210829 1.89492890216527 1.94479545222225 1.99466200227923 2.04452855233621 2.09439510239319 2.14426165245018 2.19412820250716 2.24399475256414 2.29386130262112 2.3437278526781 2.39359440273508 2.44346095279206 2.49332750284904 2.54319405290602 2.59306060296301 2.64292715301999 2.69279370307697 2.74266025313395 2.79252680319093 2.84239335324791 2.89225990330489 2.94212645336187 2.99199300341885 3.04185955347583 3.09172610353282 3.1415926535898 3.19145920364678 3.24132575370376 3.29119230376074 3.34105885381772 3.3909254038747 3.44079195393168 3.49065850398866 3.54052505404564 3.59039160410263 3.64025815415961 3.69012470421659 3.73999125427357 3.78985780433055 3.83972435438753 3.88959090444451 3.93945745450149 3.98932400455847 4.03919055461546 4.08905710467244 4.13892365472942 4.1887902047864 4.23865675484338 4.28852330490036 4.33838985495734 4.38825640501432 4.4381229550713 4.48798950512828 4.53785605518527 4.58772260524225 4.63758915529923 4.68745570535621 4.73732225541319 4.78718880547017 4.83705535552715 4.88692190558413 4.93678845564111 4.9866550056981 5.03652155575508 5.08638810581206 5.13625465586904 5.18612120592602 5.235987755983 5.28585430603998 5.33572085609696 5.38558740615394 5.43545395621092 5.48532050626791 5.53518705632489 5.58505360638187 5.63492015643885 5.68478670649583 5.73465325655281 5.78451980660979 5.83438635666677 5.88425290672375 5.93411945678073 5.98398600683772 6.0338525568947 6.08371910695168 6.13358565700866 6.18345220706564 6.23331875712262 6.28318530717959 
127 1 2 3 4 5 6 7 8 9 10 11 12 13 14 15 16 17 18 19 20 21 22 23 24 25 26 27 28 29 30 31 32 33 34 35 36 37 38 39 40 41 42 43 44 45 46 47 48 49 50 51 52 53 54 55 56 57 58 59 60 61 62 63 64 65 66 67 68 69 70 71 72 73 74 75 76 77 78 79 80 81 82 83 84 85 86 87 88 89 90 91 92 93 94 95 96 97 98 99 100 101 102 103 104 105 106 107 108 109 110 111 112 113 114 115 116 117 118 119 120 121 122 123 124 125 126 1 
p 0.248000008 1 0 0.0498665500569808 0.0997331001139617 0.149599650170943 0.199466200227923 0.249332750284904 0.299199300341885 0.349065850398866 0.398932400455847 0.448798950512828 0.498665500569808 0.548532050626789 0.59839860068377 0.648265150740751 0.698131700797732 0.747998250854712 0.797864800911693 0.847731350968674 0.897597901025655 0.947464451082636 0.997331001139617 1.0471975511966 1.09706410125358 1.14693065131056 1.19679720136754 1.24666375142452 1.2965303014815 1.34639685153848 1.39626340159546 1.44612995165244 1.49599650170942 1.54586305176641 1.59572960182339 1.64559615188037 1.69546270193735 1.74532925199433 1.79519580205131 1.84506235210829 1.89492890216527 1.94479545222225 1.99466200227923 2.04452855233621 2.09439510239319 2.14426165245018 2.19412820250716 2.24399475256414 2.29386130262112 2.3437278526781 2.39359440273508 2.44346095279206 2.49332750284904 2.54319405290602 2.59306060296301 2.64292715301999 2.69279370307697 2.74266025313395 2.79252680319093 2.84239335324791 2.89225990330489 2.94212645336187 2.99199300341885 3.04185955347583 3.09172610353282 3.1415926535898 3.19145920364678 3.24132575370376 3.29119230376074 3.34105885381772 3.3909254038747 3.44079195393168 3.49065850398866 3.54052505404564 3.59039160410263 3.64025815415961 3.69012470421659 3.73999125427357 3.78985780433055 3.83972435438753 3.88959090444451 3.93945745450149 3.98932400455847 4.03919055461546 4.08905710467244 4.13892365472942 4.1887902047864 4.23865675484338 4.28852330490036 4.33838985495734 4.38825640501432 4.4381229550713 4.48798950512828 4.53785605518527 4.58772260524225 4.63758915529923 4.68745570535621 4.73732225541319 4.78718880547017 4.83705535552715 4.88692190558413 4.93678845564111 4.9866550056981 5.03652155575508 5.08638810581206 5.13625465586904 5.18612120592602 5.235987755983 5.28585430603998 5.33572085609696 5.38558740615394 5.43545395621092 5.48532050626791 5.53518705632489 5.58505360638187 5.63492015643885 5.68478670649583 5.73465325655281 5.78451980660979 5.83438635666677 5.88425290672375 5.93411945678073 5.98398600683772 6.0338525568947 6.08371910695168 6.13358565700866 6.18345220706564 6.23331875712262 6.28318530717959 
127 1 2 3 4 5 6 7 8 9 10 11 12 13 14 15 16 17 18 19 20 21 22 23 24 25 26 27 28 29 30 31 32 33 34 35 36 37 38 39 40 41 42 43 44 45 46 47 48 49 50 51 52 53 54 55 56 57 58 59 60 61 62 63 64 65 66 67 68 69 70 71 72 73 74 75 76 77 78 79 80 81 82 83 84 85 86 87 88 89 90 91 92 93 94 95 96 97 98 99 100 101 102 103 104 105 106 107 108 109 110 111 112 113 114 115 116 117 118 119 120 121 122 123 124 125 126 127 
p 0.248000008 1 0 0.0498665500569808 0.0997331001139617 0.149599650170943 0.199466200227923 0.249332750284904 0.299199300341885 0.349065850398866 0.398932400455847 0.448798950512828 0.498665500569808 0.548532050626789 0.59839860068377 0.648265150740751 0.698131700797732 0.747998250854712 0.797864800911693 0.847731350968674 0.897597901025655 0.947464451082636 0.997331001139617 1.0471975511966 1.09706410125358 1.14693065131056 1.19679720136754 1.24666375142452 1.2965303014815 1.34639685153848 1.39626340159546 1.44612995165244 1.49599650170942 1.54586305176641 1.59572960182339 1.64559615188037 1.69546270193735 1.74532925199433 1.79519580205131 1.84506235210829 1.89492890216527 1.94479545222225 1.99466200227923 2.04452855233621 2.09439510239319 2.14426165245018 2.19412820250716 2.24399475256414 2.29386130262112 2.3437278526781 2.39359440273508 2.44346095279206 2.49332750284904 2.54319405290602 2.59306060296301 2.64292715301999 2.69279370307697 2.74266025313395 2.79252680319093 2.84239335324791 2.89225990330489 2.94212645336187 2.99199300341885 3.04185955347583 3.09172610353282 3.1415926535898 3.19145920364678 3.24132575370376 3.29119230376074 3.34105885381772 3.3909254038747 3.44079195393168 3.49065850398866 3.54052505404564 3.59039160410263 3.64025815415961 3.69012470421659 3.73999125427357 3.78985780433055 3.83972435438753 3.88959090444451 3.93945745450149 3.98932400455847 4.03919055461546 4.08905710467244 4.13892365472942 4.1887902047864 4.23865675484338 4.28852330490036 4.33838985495734 4.38825640501432 4.4381229550713 4.48798950512828 4.53785605518527 4.58772260524225 4.63758915529923 4.68745570535621 4.73732225541319 4.78718880547017 4.83705535552715 4.88692190558413 4.93678845564111 4.9866550056981 5.03652155575508 5.08638810581206 5.13625465586904 5.18612120592602 5.235987755983 5.28585430603998 5.33572085609696 5.38558740615394 5.43545395621092 5.48532050626791 5.53518705632489 5.58505360638187 5.63492015643885 5.68478670649583 5.73465325655281 5.78451980660979 5.83438635666677 5.88425290672375 5.93411945678073 5.98398600683772 6.0338525568947 6.08371910695168 6.13358565700866 6.18345220706564 6.23331875712262 6.28318530717959 
127 1267 1268 1269 1270 1271 1272 1273 1274 1275 1276 1277 1278 1279 1280 1281 1282 1283 1284 1285 1286 1287 1288 1289 1290 1291 1292 1293 1294 1295 1296 1297 1298 1299 1300 1301 1302 1303 1304 1305 1306 1307 1308 1309 1310 1311 1312 1313 1314 1315 1316 1317 1318 1319 1320 1321 1322 1323 1324 1325 1326 1327 1328 1329 1330 1331 1332 1333 1334 1335 1336 1337 1338 1339 1340 1341 1342 1343 1344 1345 1346 1347 1348 1349 1350 1351 1352 1353 1354 1355 1356 1357 1358 1359 1360 1361 1362 1363 1364 1365 1366 1367 1368 1369 1370 1371 1372 1373 1374 1375 1376 1377 1378 1379 1380 1381 1382 1383 1384 1385 1386 1387 1388 1389 1390 1391 1392 1267 
p 0.248000008 1 0 0.0498665500569808 0.0997331001139617 0.149599650170943 0.199466200227923 0.249332750284904 0.299199300341885 0.349065850398866 0.398932400455847 0.448798950512828 0.498665500569808 0.548532050626789 0.59839860068377 0.648265150740751 0.698131700797732 0.747998250854712 0.797864800911693 0.847731350968674 0.897597901025655 0.947464451082636 0.997331001139617 1.0471975511966 1.09706410125358 1.14693065131056 1.19679720136754 1.24666375142452 1.2965303014815 1.34639685153848 1.39626340159546 1.44612995165244 1.49599650170942 1.54586305176641 1.59572960182339 1.64559615188037 1.69546270193735 1.74532925199433 1.79519580205131 1.84506235210829 1.89492890216527 1.94479545222225 1.99466200227923 2.04452855233621 2.09439510239319 2.14426165245018 2.19412820250716 2.24399475256414 2.29386130262112 2.3437278526781 2.39359440273508 2.44346095279206 2.49332750284904 2.54319405290602 2.59306060296301 2.64292715301999 2.69279370307697 2.74266025313395 2.79252680319093 2.84239335324791 2.89225990330489 2.94212645336187 2.99199300341885 3.04185955347583 3.09172610353282 3.1415926535898 3.19145920364678 3.24132575370376 3.29119230376074 3.34105885381772 3.3909254038747 3.44079195393168 3.49065850398866 3.54052505404564 3.59039160410263 3.64025815415961 3.69012470421659 3.73999125427357 3.78985780433055 3.83972435438753 3.88959090444451 3.93945745450149 3.98932400455847 4.03919055461546 4.08905710467244 4.13892365472942 4.1887902047864 4.23865675484338 4.28852330490036 4.33838985495734 4.38825640501432 4.4381229550713 4.48798950512828 4.53785605518527 4.58772260524225 4.63758915529923 4.68745570535621 4.73732225541319 4.78718880547017 4.83705535552715 4.88692190558413 4.93678845564111 4.9866550056981 5.03652155575508 5.08638810581206 5.13625465586904 5.18612120592602 5.235987755983 5.28585430603998 5.33572085609696 5.38558740615394 5.43545395621092 5.48532050626791 5.53518705632489 5.58505360638187 5.63492015643885 5.68478670649583 5.73465325655281 5.78451980660979 5.83438635666677 5.88425290672375 5.93411945678073 5.98398600683772 6.0338525568947 6.08371910695168 6.13358565700866 6.18345220706564 6.23331875712262 6.28318530717959 
2 128 1 
p 0.120000008 1 0 3 
2 254 127 
p 0.120000008 1 0 3 
2 221 222 
p 0.139600008 1 1 4.49 
2 1 2 
p 0.139600008 1 1 4.49 
2 2 4 
p 0.163951224255354 1 2.95060984680808 7.04939015319192 
2 1 2 
p 0.163951224255354 1 2.95060984680808 7.04939015319192 
2 1 2 
p 0.139600008 1 1 4.49 
2 3 4 
p 0.139600008 1 1 4.49 
38 222 223 224 225 226 227 228 229 230 231 232 233 234 235 236 237 238 239 240 241 242 243 244 245 246 247 248 249 250 251 252 253 254 255 256 257 258 2 
p 0.163951220255352 1 0.662873823650156 0.711950715712035 0.761027607773913 0.810104499835791 0.859181391897669 0.908258283959548 0.957335176021426 1.0064120680833 1.05548896014518 1.10456585220706 1.15364274426894 1.20271963633082 1.2517965283927 1.30087342045457 1.34995031251645 1.39902720457833 1.44810409664021 1.49718098870209 1.54625788076397 1.59533477282584 1.64441166488772 1.6934885569496 1.74256544901148 1.79164234107336 1.84071923313523 1.88979612519711 1.93887301725899 1.98794990932087 2.03702680138275 2.08610369344463 2.1351805855065 2.18425747756838 2.23333436963026 2.28241126169214 2.33148815375402 2.38056504581589 2.42964193787777 2.47871882993965 
38 1 3 4 5 6 7 8 9 10 11 12 13 14 15 16 17 18 19 20 21 22 23 24 25 26 27 28 29 30 31 32 33 34 35 36 37 38 2 
p 0.163951220255352 1 0.662873823650156 0.711950715712035 0.761027607773913 0.810104499835791 0.859181391897669 0.908258283959548 0.957335176021426 1.0064120680833 1.05548896014518 1.10456585220706 1.15364274426894 1.20271963633082 1.2517965283927 1.30087342045457 1.34995031251645 1.39902720457833 1.44810409664021 1.49718098870209 1.54625788076397 1.59533477282584 1.64441166488772 1.6934885569496 1.74256544901148 1.79164234107336 1.84071923313523 1.88979612519711 1.93887301725899 1.98794990932087 2.03702680138275 2.08610369344463 2.1351805855065 2.18425747756838 2.23333436963026 2.28241126169214 2.33148815375402 2.38056504581589 2.42964193787777 2.47871882993965 
2 80 79 
p 0.388000008 1 0 9.7 
2 81 207 
p 0.388000008 1 0 9.7 
127 81 82 83 84 85 86 87 88 89 90 91 92 93 94 95 96 97 98 99 100 101 102 103 104 105 106 107 108 109 110 111 112 113 114 115 116 117 118 119 120 121 122 123 124 125 126 127 128 129 130 131 132 133 134 135 136 137 138 139 140 141 142 143 144 145 146 147 148 149 150 151 152 153 154 155 156 157 158 159 160 161 162 163 164 165 166 167 168 169 170 171 172 173 174 175 176 177 178 179 180 181 182 183 184 185 186 187 188 189 190 191 192 193 194 195 196 197 198 199 200 201 202 203 204 205 206 80 
p 0.208000008 1 0 0.0498665500569808 0.0997331001139617 0.149599650170943 0.199466200227923 0.249332750284904 0.299199300341885 0.349065850398866 0.398932400455847 0.448798950512828 0.498665500569808 0.548532050626789 0.59839860068377 0.648265150740751 0.698131700797732 0.747998250854712 0.797864800911693 0.847731350968674 0.897597901025655 0.947464451082636 0.997331001139617 1.0471975511966 1.09706410125358 1.14693065131056 1.19679720136754 1.24666375142452 1.2965303014815 1.34639685153848 1.39626340159546 1.44612995165244 1.49599650170942 1.54586305176641 1.59572960182339 1.64559615188037 1.69546270193735 1.74532925199433 1.79519580205131 1.84506235210829 1.89492890216527 1.94479545222225 1.99466200227923 2.04452855233621 2.09439510239319 2.14426165245018 2.19412820250716 2.24399475256414 2.29386130262112 2.3437278526781 2.39359440273508 2.44346095279206 2.49332750284904 2.54319405290602 2.59306060296301 2.64292715301999 2.69279370307697 2.74266025313395 2.79252680319093 2.84239335324791 2.89225990330489 2.94212645336187 2.99199300341885 3.04185955347583 3.09172610353282 3.1415926535898 3.19145920364678 3.24132575370376 3.29119230376074 3.34105885381772 3.3909254038747 3.44079195393168 3.49065850398866 3.54052505404564 3.59039160410263 3.64025815415961 3.69012470421659 3.73999125427357 3.78985780433055 3.83972435438753 3.88959090444451 3.93945745450149 3.98932400455847 4.03919055461546 4.08905710467244 4.13892365472942 4.1887902047864 4.23865675484338 4.28852330490036 4.33838985495734 4.38825640501432 4.4381229550713 4.48798950512828 4.53785605518527 4.58772260524225 4.63758915529923 4.68745570535621 4.73732225541319 4.78718880547017 4.83705535552715 4.88692190558413 4.93678845564111 4.9866550056981 5.03652155575508 5.08638810581206 5.13625465586904 5.18612120592602 5.235987755983 5.28585430603998 5.33572085609696 5.38558740615394 5.43545395621092 5.48532050626791 5.53518705632489 5.58505360638187 5.63492015643885 5.68478670649583 5.73465325655281 5.78451980660979 5.83438635666677 5.88425290672375 5.93411945678073 5.98398600683772 6.0338525568947 6.08371910695168 6.13358565700866 6.18345220706564 6.23331875712262 6.28318530717959 
127 127 128 129 130 131 132 133 134 135 136 137 138 139 140 141 142 143 144 145 146 147 148 149 150 151 152 153 154 155 156 157 158 159 160 161 162 163 164 165 166 167 168 169 170 171 172 173 174 175 176 177 178 179 180 181 182 183 184 185 186 187 188 189 190 191 192 193 194 195 196 197 198 199 200 201 202 203 204 205 206 207 208 209 210 211 212 213 214 215 216 217 218 219 220 221 222 223 224 225 226 227 228 229 230 231 232 233 234 235 236 237 238 239 240 241 242 243 244 245 246 247 248 249 250 251 252 127 
p 0.208000008 1 0 0.0498665500569808 0.0997331001139617 0.149599650170943 0.199466200227923 0.249332750284904 0.299199300341885 0.349065850398866 0.398932400455847 0.448798950512828 0.498665500569808 0.548532050626789 0.59839860068377 0.648265150740751 0.698131700797732 0.747998250854712 0.797864800911693 0.847731350968674 0.897597901025655 0.947464451082636 0.997331001139617 1.0471975511966 1.09706410125358 1.14693065131056 1.19679720136754 1.24666375142452 1.2965303014815 1.34639685153848 1.39626340159546 1.44612995165244 1.49599650170942 1.54586305176641 1.59572960182339 1.64559615188037 1.69546270193735 1.74532925199433 1.79519580205131 1.84506235210829 1.89492890216527 1.94479545222225 1.99466200227923 2.04452855233621 2.09439510239319 2.14426165245018 2.19412820250716 2.24399475256414 2.29386130262112 2.3437278526781 2.39359440273508 2.44346095279206 2.49332750284904 2.54319405290602 2.59306060296301 2.64292715301999 2.69279370307697 2.74266025313395 2.79252680319093 2.84239335324791 2.89225990330489 2.94212645336187 2.99199300341885 3.04185955347583 3.09172610353282 3.1415926535898 3.19145920364678 3.24132575370376 3.29119230376074 3.34105885381772 3.3909254038747 3.44079195393168 3.49065850398866 3.54052505404564 3.59039160410263 3.64025815415961 3.69012470421659 3.73999125427357 3.78985780433055 3.83972435438753 3.88959090444451 3.93945745450149 3.98932400455847 4.03919055461546 4.08905710467244 4.13892365472942 4.1887902047864 4.23865675484338 4.28852330490036 4.33838985495734 4.38825640501432 4.4381229550713 4.48798950512828 4.53785605518527 4.58772260524225 4.63758915529923 4.68745570535621 4.73732225541319 4.78718880547017 4.83705535552715 4.88692190558413 4.93678845564111 4.9866550056981 5.03652155575508 5.08638810581206 5.13625465586904 5.18612120592602 5.235987755983 5.28585430603998 5.33572085609696 5.38558740615394 5.43545395621092 5.48532050626791 5.53518705632489 5.58505360638187 5.63492015643885 5.68478670649583 5.73465325655281 5.78451980660979 5.83438635666677 5.88425290672375 5.93411945678073 5.98398600683772 6.0338525568947 6.08371910695168 6.13358565700866 6.18345220706564 6.23331875712262 6.28318530717959 
127 128 129 130 131 132 133 134 135 136 137 138 139 140 141 142 143 144 145 146 147 148 149 150 151 152 153 154 155 156 157 158 159 160 161 162 163 164 165 166 167 168 169 170 171 172 173 174 175 176 177 178 179 180 181 182 183 184 185 186 187 188 189 190 191 192 193 194 195 196 197 198 199 200 201 202 203 204 205 206 207 208 209 210 211 212 213 214 215 216 217 218 219 220 221 222 223 224 225 226 227 228 229 230 231 232 233 234 235 236 237 238 239 240 241 242 243 244 245 246 247 248 249 250 251 252 253 254 
p 0.452000008 1 0 0.0498665500569808 0.0997331001139617 0.149599650170943 0.199466200227923 0.249332750284904 0.299199300341885 0.349065850398866 0.398932400455847 0.448798950512828 0.498665500569808 0.548532050626789 0.59839860068377 0.648265150740751 0.698131700797732 0.747998250854712 0.797864800911693 0.847731350968674 0.897597901025655 0.947464451082636 0.997331001139617 1.0471975511966 1.09706410125358 1.14693065131056 1.19679720136754 1.24666375142452 1.2965303014815 1.34639685153848 1.39626340159546 1.44612995165244 1.49599650170942 1.54586305176641 1.59572960182339 1.64559615188037 1.69546270193735 1.74532925199433 1.79519580205131 1.84506235210829 1.89492890216527 1.94479545222225 1.99466200227923 2.04452855233621 2.09439510239319 2.14426165245018 2.19412820250716 2.24399475256414 2.29386130262112 2.3437278526781 2.39359440273508 2.44346095279206 2.49332750284904 2.54319405290602 2.59306060296301 2.64292715301999 2.69279370307697 2.74266025313395 2.79252680319093 2.84239335324791 2.89225990330489 2.94212645336187 2.99199300341885 3.04185955347583 3.09172610353282 3.1415926535898 3.19145920364678 3.24132575370376 3.29119230376074 3.34105885381772 3.3909254038747 3.44079195393168 3.49065850398866 3.54052505404564 3.59039160410263 3.64025815415961 3.69012470421659 3.73999125427357 3.78985780433055 3.83972435438753 3.88959090444451 3.93945745450149 3.98932400455847 4.03919055461546 4.08905710467244 4.13892365472942 4.1887902047864 4.23865675484338 4.28852330490036 4.33838985495734 4.38825640501432 4.4381229550713 4.48798950512828 4.53785605518527 4.58772260524225 4.63758915529923 4.68745570535621 4.73732225541319 4.78718880547017 4.83705535552715 4.88692190558413 4.93678845564111 4.9866550056981 5.03652155575508 5.08638810581206 5.13625465586904 5.18612120592602 5.235987755983 5.28585430603998 5.33572085609696 5.38558740615394 5.43545395621092 5.48532050626791 5.53518705632489 5.58505360638187 5.63492015643885 5.68478670649583 5.73465325655281 5.78451980660979 5.83438635666677 5.88425290672375 5.93411945678073 5.98398600683772 6.0338525568947 6.08371910695168 6.13358565700866 6.18345220706564 6.23331875712262 6.28318530717959 
127 1 2 3 4 5 6 7 8 9 10 11 12 13 14 15 16 17 18 19 20 21 22 23 24 25 26 27 28 29 30 31 32 33 34 35 36 37 38 39 40 41 42 43 44 45 46 47 48 49 50 51 52 53 54 55 56 57 58 59 60 61 62 63 64 65 66 67 68 69 70 71 72 73 74 75 76 77 78 79 80 81 82 83 84 85 86 87 88 89 90 91 92 93 94 95 96 97 98 99 100 101 102 103 104 105 106 107 108 109 110 111 112 113 114 115 116 117 118 119 120 121 122 123 124 125 126 1 
p 0.452000008 1 0 0.0498665500569808 0.0997331001139617 0.149599650170943 0.199466200227923 0.249332750284904 0.299199300341885 0.349065850398866 0.398932400455847 0.448798950512828 0.498665500569808 0.548532050626789 0.59839860068377 0.648265150740751 0.698131700797732 0.747998250854712 0.797864800911693 0.847731350968674 0.897597901025655 0.947464451082636 0.997331001139617 1.0471975511966 1.09706410125358 1.14693065131056 1.19679720136754 1.24666375142452 1.2965303014815 1.34639685153848 1.39626340159546 1.44612995165244 1.49599650170942 1.54586305176641 1.59572960182339 1.64559615188037 1.69546270193735 1.74532925199433 1.79519580205131 1.84506235210829 1.89492890216527 1.94479545222225 1.99466200227923 2.04452855233621 2.09439510239319 2.14426165245018 2.19412820250716 2.24399475256414 2.29386130262112 2.3437278526781 2.39359440273508 2.44346095279206 2.49332750284904 2.54319405290602 2.59306060296301 2.64292715301999 2.69279370307697 2.74266025313395 2.79252680319093 2.84239335324791 2.89225990330489 2.94212645336187 2.99199300341885 3.04185955347583 3.09172610353282 3.1415926535898 3.19145920364678 3.24132575370376 3.29119230376074 3.34105885381772 3.3909254038747 3.44079195393168 3.49065850398866 3.54052505404564 3.59039160410263 3.64025815415961 3.69012470421659 3.73999125427357 3.78985780433055 3.83972435438753 3.88959090444451 3.93945745450149 3.98932400455847 4.03919055461546 4.08905710467244 4.13892365472942 4.1887902047864 4.23865675484338 4.28852330490036 4.33838985495734 4.38825640501432 4.4381229550713 4.48798950512828 4.53785605518527 4.58772260524225 4.63758915529923 4.68745570535621 4.73732225541319 4.78718880547017 4.83705535552715 4.88692190558413 4.93678845564111 4.9866550056981 5.03652155575508 5.08638810581206 5.13625465586904 5.18612120592602 5.235987755983 5.28585430603998 5.33572085609696 5.38558740615394 5.43545395621092 5.48532050626791 5.53518705632489 5.58505360638187 5.63492015643885 5.68478670649583 5.73465325655281 5.78451980660979 5.83438635666677 5.88425290672375 5.93411945678073 5.98398600683772 6.0338525568947 6.08371910695168 6.13358565700866 6.18345220706564 6.23331875712262 6.28318530717959 
127 1 2 3 4 5 6 7 8 9 10 11 12 13 14 15 16 17 18 19 20 21 22 23 24 25 26 27 28 29 30 31 32 33 34 35 36 37 38 39 40 41 42 43 44 45 46 47 48 49 50 51 52 53 54 55 56 57 58 59 60 61 62 63 64 65 66 67 68 69 70 71 72 73 74 75 76 77 78 79 80 81 82 83 84 85 86 87 88 89 90 91 92 93 94 95 96 97 98 99 100 101 102 103 104 105 106 107 108 109 110 111 112 113 114 115 116 117 118 119 120 121 122 123 124 125 126 127 
p 0.452000008 1 0 0.0498665500569808 0.0997331001139617 0.149599650170943 0.199466200227923 0.249332750284904 0.299199300341885 0.349065850398866 0.398932400455847 0.448798950512828 0.498665500569808 0.548532050626789 0.59839860068377 0.648265150740751 0.698131700797732 0.747998250854712 0.797864800911693 0.847731350968674 0.897597901025655 0.947464451082636 0.997331001139617 1.0471975511966 1.09706410125358 1.14693065131056 1.19679720136754 1.24666375142452 1.2965303014815 1.34639685153848 1.39626340159546 1.44612995165244 1.49599650170942 1.54586305176641 1.59572960182339 1.64559615188037 1.69546270193735 1.74532925199433 1.79519580205131 1.84506235210829 1.89492890216527 1.94479545222225 1.99466200227923 2.04452855233621 2.09439510239319 2.14426165245018 2.19412820250716 2.24399475256414 2.29386130262112 2.3437278526781 2.39359440273508 2.44346095279206 2.49332750284904 2.54319405290602 2.59306060296301 2.64292715301999 2.69279370307697 2.74266025313395 2.79252680319093 2.84239335324791 2.89225990330489 2.94212645336187 2.99199300341885 3.04185955347583 3.09172610353282 3.1415926535898 3.19145920364678 3.24132575370376 3.29119230376074 3.34105885381772 3.3909254038747 3.44079195393168 3.49065850398866 3.54052505404564 3.59039160410263 3.64025815415961 3.69012470421659 3.73999125427357 3.78985780433055 3.83972435438753 3.88959090444451 3.93945745450149 3.98932400455847 4.03919055461546 4.08905710467244 4.13892365472942 4.1887902047864 4.23865675484338 4.28852330490036 4.33838985495734 4.38825640501432 4.4381229550713 4.48798950512828 4.53785605518527 4.58772260524225 4.63758915529923 4.68745570535621 4.73732225541319 4.78718880547017 4.83705535552715 4.88692190558413 4.93678845564111 4.9866550056981 5.03652155575508 5.08638810581206 5.13625465586904 5.18612120592602 5.235987755983 5.28585430603998 5.33572085609696 5.38558740615394 5.43545395621092 5.48532050626791 5.53518705632489 5.58505360638187 5.63492015643885 5.68478670649583 5.73465325655281 5.78451980660979 5.83438635666677 5.88425290672375 5.93411945678073 5.98398600683772 6.0338525568947 6.08371910695168 6.13358565700866 6.18345220706564 6.23331875712262 6.28318530717959 
127 1141 1142 1143 1144 1145 1146 1147 1148 1149 1150 1151 1152 1153 1154 1155 1156 1157 1158 1159 1160 1161 1162 1163 1164 1165 1166 1167 1168 1169 1170 1171 1172 1173 1174 1175 1176 1177 1178 1179 1180 1181 1182 1183 1184 1185 1186 1187 1188 1189 1190 1191 1192 1193 1194 1195 1196 1197 1198 1199 1200 1201 1202 1203 1204 1205 1206 1207 1208 1209 1210 1211 1212 1213 1214 1215 1216 1217 1218 1219 1220 1221 1222 1223 1224 1225 1226 1227 1228 1229 1230 1231 1232 1233 1234 1235 1236 1237 1238 1239 1240 1241 1242 1243 1244 1245 1246 1247 1248 1249 1250 1251 1252 1253 1254 1255 1256 1257 1258 1259 1260 1261 1262 1263 1264 1265 1266 1141 
p 0.452000008 1 0 0.0498665500569808 0.0997331001139617 0.149599650170943 0.199466200227923 0.249332750284904 0.299199300341885 0.349065850398866 0.398932400455847 0.448798950512828 0.498665500569808 0.548532050626789 0.59839860068377 0.648265150740751 0.698131700797732 0.747998250854712 0.797864800911693 0.847731350968674 0.897597901025655 0.947464451082636 0.997331001139617 1.0471975511966 1.09706410125358 1.14693065131056 1.19679720136754 1.24666375142452 1.2965303014815 1.34639685153848 1.39626340159546 1.44612995165244 1.49599650170942 1.54586305176641 1.59572960182339 1.64559615188037 1.69546270193735 1.74532925199433 1.79519580205131 1.84506235210829 1.89492890216527 1.94479545222225 1.99466200227923 2.04452855233621 2.09439510239319 2.14426165245018 2.19412820250716 2.24399475256414 2.29386130262112 2.3437278526781 2.39359440273508 2.44346095279206 2.49332750284904 2.54319405290602 2.59306060296301 2.64292715301999 2.69279370307697 2.74266025313395 2.79252680319093 2.84239335324791 2.89225990330489 2.94212645336187 2.99199300341885 3.04185955347583 3.09172610353282 3.1415926535898 3.19145920364678 3.24132575370376 3.29119230376074 3.34105885381772 3.3909254038747 3.44079195393168 3.49065850398866 3.54052505404564 3.59039160410263 3.64025815415961 3.69012470421659 3.73999125427357 3.78985780433055 3.83972435438753 3.88959090444451 3.93945745450149 3.98932400455847 4.03919055461546 4.08905710467244 4.13892365472942 4.1887902047864 4.23865675484338 4.28852330490036 4.33838985495734 4.38825640501432 4.4381229550713 4.48798950512828 4.53785605518527 4.58772260524225 4.63758915529923 4.68745570535621 4.73732225541319 4.78718880547017 4.83705535552715 4.88692190558413 4.93678845564111 4.9866550056981 5.03652155575508 5.08638810581206 5.13625465586904 5.18612120592602 5.235987755983 5.28585430603998 5.33572085609696 5.38558740615394 5.43545395621092 5.48532050626791 5.53518705632489 5.58505360638187 5.63492015643885 5.68478670649583 5.73465325655281 5.78451980660979 5.83438635666677 5.88425290672375 5.93411945678073 5.98398600683772 6.0338525568947 6.08371910695168 6.13358565700866 6.18345220706564 6.23331875712262 6.28318530717959 
2 128 1 
p 0.252000008 1 0 6.3 
2 254 127 
p 0.252000008 1 0 6.3 
2 220 221 
p 0.139600008 1 1 4.49 
2 1 2 
p 0.139600008 1 1 4.49 
2 2 4 
p 0.161987665850533 1 2.97515432686834 7.02484567313166 
2 1 2 
p 0.161987665850533 1 2.97515432686834 7.02484567313166 
2 1 2 
p 0.139600008 1 1 4.49 
2 3 4 
p 0.139600008 1 1 4.49 
38 221 222 223 224 225 226 227 228 229 230 231 232 233 234 235 236 237 238 239 240 241 242 243 244 245 246 247 248 249 250 251 252 253 254 255 256 257 2 
p 0.161987661850534 1 0.653341501378444 0.702933654103658 0.752525806828872 0.802117959554086 0.8517101122793 0.901302265004514 0.950894417729728 1.00048657045494 1.05007872318016 1.09967087590537 1.14926302863058 1.1988551813558 1.24844733408101 1.29803948680623 1.34763163953144 1.39722379225665 1.44681594498187 1.49640809770708 1.5460002504323 1.59559240315751 1.64518455588272 1.69477670860794 1.74436886133315 1.79396101405836 1.84355316678358 1.89314531950879 1.94273747223401 1.99232962495922 2.04192177768443 2.09151393040965 2.14110608313486 2.19069823586008 2.24029038858529 2.2898825413105 2.33947469403572 2.38906684676093 2.43865899948615 2.48825115221136 
38 1 3 4 5 6 7 8 9 10 11 12 13 14 15 16 17 18 19 20 21 22 23 24 25 26 27 28 29 30 31 32 33 34 35 36 37 38 2 
p 0.161987661850534 1 0.653341501378444 0.702933654103658 0.752525806828872 0.802117959554086 0.8517101122793 0.901302265004514 0.950894417729728 1.00048657045494 1.05007872318016 1.09967087590537 1.14926302863058 1.1988551813558 1.24844733408101 1.29803948680623 1.34763163953144 1.39722379225665 1.44681594498187 1.49640809770708 1.5460002504323 1.59559240315751 1.64518455588272 1.69477670860794 1.74436886133315 1.79396101405836 1.84355316678358 1.89314531950879 1.94273747223401 1.99232962495922 2.04192177768443 2.09151393040965 2.14110608313486 2.19069823586008 2.24029038858529 2.2898825413105 2.33947469403572 2.38906684676093 2.43865899948615 2.48825115221136 
2 79 78 
p 0.388000008 1 0 9.7 
2 80 206 
p 0.388000008 1 0 9.7 
127 80 81 82 83 84 85 86 87 88 89 90 91 92 93 94 95 96 97 98 99 100 101 102 103 104 105 106 107 108 109 110 111 112 113 114 115 116 117 118 119 120 121 122 123 124 125 126 127 128 129 130 131 132 133 134 135 136 137 138 139 140 141 142 143 144 145 146 147 148 149 150 151 152 153 154 155 156 157 158 159 160 161 162 163 164 165 166 167 168 169 170 171 172 173 174 175 176 177 178 179 180 181 182 183 184 185 186 187 188 189 190 191 192 193 194 195 196 197 198 199 200 201 202 203 204 205 79 
p 0.204000008 1 0 0.0498665500569808 0.0997331001139617 0.149599650170943 0.199466200227923 0.249332750284904 0.299199300341885 0.349065850398866 0.398932400455847 0.448798950512828 0.498665500569808 0.548532050626789 0.59839860068377 0.648265150740751 0.698131700797732 0.747998250854712 0.797864800911693 0.847731350968674 0.897597901025655 0.947464451082636 0.997331001139617 1.0471975511966 1.09706410125358 1.14693065131056 1.19679720136754 1.24666375142452 1.2965303014815 1.34639685153848 1.39626340159546 1.44612995165244 1.49599650170942 1.54586305176641 1.59572960182339 1.64559615188037 1.69546270193735 1.74532925199433 1.79519580205131 1.84506235210829 1.89492890216527 1.94479545222225 1.99466200227923 2.04452855233621 2.09439510239319 2.14426165245018 2.19412820250716 2.24399475256414 2.29386130262112 2.3437278526781 2.39359440273508 2.44346095279206 2.49332750284904 2.54319405290602 2.59306060296301 2.64292715301999 2.69279370307697 2.74266025313395 2.79252680319093 2.84239335324791 2.89225990330489 2.94212645336187 2.99199300341885 3.04185955347583 3.09172610353282 3.1415926535898 3.19145920364678 3.24132575370376 3.29119230376074 3.34105885381772 3.3909254038747 3.44079195393168 3.49065850398866 3.54052505404564 3.59039160410263 3.64025815415961 3.69012470421659 3.73999125427357 3.78985780433055 3.83972435438753 3.88959090444451 3.93945745450149 3.98932400455847 4.03919055461546 4.08905710467244 4.13892365472942 4.1887902047864 4.23865675484338 4.28852330490036 4.33838985495734 4.38825640501432 4.4381229550713 4.48798950512828 4.53785605518527 4.58772260524225 4.63758915529923 4.68745570535621 4.73732225541319 4.78718880547017 4.83705535552715 4.88692190558413 4.93678845564111 4.9866550056981 5.03652155575508 5.08638810581206 5.13625465586904 5.18612120592602 5.235987755983 5.28585430603998 5.33572085609696 5.38558740615394 5.43545395621092 5.48532050626791 5.53518705632489 5.58505360638187 5.63492015643885 5.68478670649583 5.73465325655281 5.78451980660979 5.83438635666677 5.88425290672375 5.93411945678073 5.98398600683772 6.0338525568947 6.08371910695168 6.13358565700866 6.18345220706564 6.23331875712262 6.28318530717959 
127 127 128 129 130 131 132 133 134 135 136 137 138 139 140 141 142 143 144 145 146 147 148 149 150 151 152 153 154 155 156 157 158 159 160 161 162 163 164 165 166 167 168 169 170 171 172 173 174 175 176 177 178 179 180 181 182 183 184 185 186 187 188 189 190 191 192 193 194 195 196 197 198 199 200 201 202 203 204 205 206 207 208 209 210 211 212 213 214 215 216 217 218 219 220 221 222 223 224 225 226 227 228 229 230 231 232 233 234 235 236 237 238 239 240 241 242 243 244 245 246 247 248 249 250 251 252 127 
p 0.204000008 1 0 0.0498665500569808 0.0997331001139617 0.149599650170943 0.199466200227923 0.249332750284904 0.299199300341885 0.349065850398866 0.398932400455847 0.448798950512828 0.498665500569808 0.548532050626789 0.59839860068377 0.648265150740751 0.698131700797732 0.747998250854712 0.797864800911693 0.847731350968674 0.897597901025655 0.947464451082636 0.997331001139617 1.0471975511966 1.09706410125358 1.14693065131056 1.19679720136754 1.24666375142452 1.2965303014815 1.34639685153848 1.39626340159546 1.44612995165244 1.49599650170942 1.54586305176641 1.59572960182339 1.64559615188037 1.69546270193735 1.74532925199433 1.79519580205131 1.84506235210829 1.89492890216527 1.94479545222225 1.99466200227923 2.04452855233621 2.09439510239319 2.14426165245018 2.19412820250716 2.24399475256414 2.29386130262112 2.3437278526781 2.39359440273508 2.44346095279206 2.49332750284904 2.54319405290602 2.59306060296301 2.64292715301999 2.69279370307697 2.74266025313395 2.79252680319093 2.84239335324791 2.89225990330489 2.94212645336187 2.99199300341885 3.04185955347583 3.09172610353282 3.1415926535898 3.19145920364678 3.24132575370376 3.29119230376074 3.34105885381772 3.3909254038747 3.44079195393168 3.49065850398866 3.54052505404564 3.59039160410263 3.64025815415961 3.69012470421659 3.73999125427357 3.78985780433055 3.83972435438753 3.88959090444451 3.93945745450149 3.98932400455847 4.03919055461546 4.08905710467244 4.13892365472942 4.1887902047864 4.23865675484338 4.28852330490036 4.33838985495734 4.38825640501432 4.4381229550713 4.48798950512828 4.53785605518527 4.58772260524225 4.63758915529923 4.68745570535621 4.73732225541319 4.78718880547017 4.83705535552715 4.88692190558413 4.93678845564111 4.9866550056981 5.03652155575508 5.08638810581206 5.13625465586904 5.18612120592602 5.235987755983 5.28585430603998 5.33572085609696 5.38558740615394 5.43545395621092 5.48532050626791 5.53518705632489 5.58505360638187 5.63492015643885 5.68478670649583 5.73465325655281 5.78451980660979 5.83438635666677 5.88425290672375 5.93411945678073 5.98398600683772 6.0338525568947 6.08371910695168 6.13358565700866 6.18345220706564 6.23331875712262 6.28318530717959 
127 128 129 130 131 132 133 134 135 136 137 138 139 140 141 142 143 144 145 146 147 148 149 150 151 152 153 154 155 156 157 158 159 160 161 162 163 164 165 166 167 168 169 170 171 172 173 174 175 176 177 178 179 180 181 182 183 184 185 186 187 188 189 190 191 192 193 194 195 196 197 198 199 200 201 202 203 204 205 206 207 208 209 210 211 212 213 214 215 216 217 218 219 220 221 222 223 224 225 226 227 228 229 230 231 232 233 234 235 236 237 238 239 240 241 242 243 244 245 246 247 248 249 250 251 252 253 254 
p 0.448000008 1 0 0.0498665500569808 0.0997331001139617 0.149599650170943 0.199466200227923 0.249332750284904 0.299199300341885 0.349065850398866 0.398932400455847 0.448798950512828 0.498665500569808 0.548532050626789 0.59839860068377 0.648265150740751 0.698131700797732 0.747998250854712 0.797864800911693 0.847731350968674 0.897597901025655 0.947464451082636 0.997331001139617 1.0471975511966 1.09706410125358 1.14693065131056 1.19679720136754 1.24666375142452 1.2965303014815 1.34639685153848 1.39626340159546 1.44612995165244 1.49599650170942 1.54586305176641 1.59572960182339 1.64559615188037 1.69546270193735 1.74532925199433 1.79519580205131 1.84506235210829 1.89492890216527 1.94479545222225 1.99466200227923 2.04452855233621 2.09439510239319 2.14426165245018 2.19412820250716 2.24399475256414 2.29386130262112 2.3437278526781 2.39359440273508 2.44346095279206 2.49332750284904 2.54319405290602 2.59306060296301 2.64292715301999 2.69279370307697 2.74266025313395 2.79252680319093 2.84239335324791 2.89225990330489 2.94212645336187 2.99199300341885 3.04185955347583 3.09172610353282 3.1415926535898 3.19145920364678 3.24132575370376 3.29119230376074 3.34105885381772 3.3909254038747 3.44079195393168 3.49065850398866 3.54052505404564 3.59039160410263 3.64025815415961 3.69012470421659 3.73999125427357 3.78985780433055 3.83972435438753 3.88959090444451 3.93945745450149 3.98932400455847 4.03919055461546 4.08905710467244 4.13892365472942 4.1887902047864 4.23865675484338 4.28852330490036 4.33838985495734 4.38825640501432 4.4381229550713 4.48798950512828 4.53785605518527 4.58772260524225 4.63758915529923 4.68745570535621 4.73732225541319 4.78718880547017 4.83705535552715 4.88692190558413 4.93678845564111 4.9866550056981 5.03652155575508 5.08638810581206 5.13625465586904 5.18612120592602 5.235987755983 5.28585430603998 5.33572085609696 5.38558740615394 5.43545395621092 5.48532050626791 5.53518705632489 5.58505360638187 5.63492015643885 5.68478670649583 5.73465325655281 5.78451980660979 5.83438635666677 5.88425290672375 5.93411945678073 5.98398600683772 6.0338525568947 6.08371910695168 6.13358565700866 6.18345220706564 6.23331875712262 6.28318530717959 
127 1 2 3 4 5 6 7 8 9 10 11 12 13 14 15 16 17 18 19 20 21 22 23 24 25 26 27 28 29 30 31 32 33 34 35 36 37 38 39 40 41 42 43 44 45 46 47 48 49 50 51 52 53 54 55 56 57 58 59 60 61 62 63 64 65 66 67 68 69 70 71 72 73 74 75 76 77 78 79 80 81 82 83 84 85 86 87 88 89 90 91 92 93 94 95 96 97 98 99 100 101 102 103 104 105 106 107 108 109 110 111 112 113 114 115 116 117 118 119 120 121 122 123 124 125 126 1 
p 0.448000008 1 0 0.0498665500569808 0.0997331001139617 0.149599650170943 0.199466200227923 0.249332750284904 0.299199300341885 0.349065850398866 0.398932400455847 0.448798950512828 0.498665500569808 0.548532050626789 0.59839860068377 0.648265150740751 0.698131700797732 0.747998250854712 0.797864800911693 0.847731350968674 0.897597901025655 0.947464451082636 0.997331001139617 1.0471975511966 1.09706410125358 1.14693065131056 1.19679720136754 1.24666375142452 1.2965303014815 1.34639685153848 1.39626340159546 1.44612995165244 1.49599650170942 1.54586305176641 1.59572960182339 1.64559615188037 1.69546270193735 1.74532925199433 1.79519580205131 1.84506235210829 1.89492890216527 1.94479545222225 1.99466200227923 2.04452855233621 2.09439510239319 2.14426165245018 2.19412820250716 2.24399475256414 2.29386130262112 2.3437278526781 2.39359440273508 2.44346095279206 2.49332750284904 2.54319405290602 2.59306060296301 2.64292715301999 2.69279370307697 2.74266025313395 2.79252680319093 2.84239335324791 2.89225990330489 2.94212645336187 2.99199300341885 3.04185955347583 3.09172610353282 3.1415926535898 3.19145920364678 3.24132575370376 3.29119230376074 3.34105885381772 3.3909254038747 3.44079195393168 3.49065850398866 3.54052505404564 3.59039160410263 3.64025815415961 3.69012470421659 3.73999125427357 3.78985780433055 3.83972435438753 3.88959090444451 3.93945745450149 3.98932400455847 4.03919055461546 4.08905710467244 4.13892365472942 4.1887902047864 4.23865675484338 4.28852330490036 4.33838985495734 4.38825640501432 4.4381229550713 4.48798950512828 4.53785605518527 4.58772260524225 4.63758915529923 4.68745570535621 4.73732225541319 4.78718880547017 4.83705535552715 4.88692190558413 4.93678845564111 4.9866550056981 5.03652155575508 5.08638810581206 5.13625465586904 5.18612120592602 5.235987755983 5.28585430603998 5.33572085609696 5.38558740615394 5.43545395621092 5.48532050626791 5.53518705632489 5.58505360638187 5.63492015643885 5.68478670649583 5.73465325655281 5.78451980660979 5.83438635666677 5.88425290672375 5.93411945678073 5.98398600683772 6.0338525568947 6.08371910695168 6.13358565700866 6.18345220706564 6.23331875712262 6.28318530717959 
127 1 2 3 4 5 6 7 8 9 10 11 12 13 14 15 16 17 18 19 20 21 22 23 24 25 26 27 28 29 30 31 32 33 34 35 36 37 38 39 40 41 42 43 44 45 46 47 48 49 50 51 52 53 54 55 56 57 58 59 60 61 62 63 64 65 66 67 68 69 70 71 72 73 74 75 76 77 78 79 80 81 82 83 84 85 86 87 88 89 90 91 92 93 94 95 96 97 98 99 100 101 102 103 104 105 106 107 108 109 110 111 112 113 114 115 116 117 118 119 120 121 122 123 124 125 126 127 
p 0.448000008 1 0 0.0498665500569808 0.0997331001139617 0.149599650170943 0.199466200227923 0.249332750284904 0.299199300341885 0.349065850398866 0.398932400455847 0.448798950512828 0.498665500569808 0.548532050626789 0.59839860068377 0.648265150740751 0.698131700797732 0.747998250854712 0.797864800911693 0.847731350968674 0.897597901025655 0.947464451082636 0.997331001139617 1.0471975511966 1.09706410125358 1.14693065131056 1.19679720136754 1.24666375142452 1.2965303014815 1.34639685153848 1.39626340159546 1.44612995165244 1.49599650170942 1.54586305176641 1.59572960182339 1.64559615188037 1.69546270193735 1.74532925199433 1.79519580205131 1.84506235210829 1.89492890216527 1.94479545222225 1.99466200227923 2.04452855233621 2.09439510239319 2.14426165245018 2.19412820250716 2.24399475256414 2.29386130262112 2.3437278526781 2.39359440273508 2.44346095279206 2.49332750284904 2.54319405290602 2.59306060296301 2.64292715301999 2.69279370307697 2.74266025313395 2.79252680319093 2.84239335324791 2.89225990330489 2.94212645336187 2.99199300341885 3.04185955347583 3.09172610353282 3.1415926535898 3.19145920364678 3.24132575370376 3.29119230376074 3.34105885381772 3.3909254038747 3.44079195393168 3.49065850398866 3.54052505404564 3.59039160410263 3.64025815415961 3.69012470421659 3.73999125427357 3.78985780433055 3.83972435438753 3.88959090444451 3.93945745450149 3.98932400455847 4.03919055461546 4.08905710467244 4.13892365472942 4.1887902047864 4.23865675484338 4.28852330490036 4.33838985495734 4.38825640501432 4.4381229550713 4.48798950512828 4.53785605518527 4.58772260524225 4.63758915529923 4.68745570535621 4.73732225541319 4.78718880547017 4.83705535552715 4.88692190558413 4.93678845564111 4.9866550056981 5.03652155575508 5.08638810581206 5.13625465586904 5.18612120592602 5.235987755983 5.28585430603998 5.33572085609696 5.38558740615394 5.43545395621092 5.48532050626791 5.53518705632489 5.58505360638187 5.63492015643885 5.68478670649583 5.73465325655281 5.78451980660979 5.83438635666677 5.88425290672375 5.93411945678073 5.98398600683772 6.0338525568947 6.08371910695168 6.13358565700866 6.18345220706564 6.23331875712262 6.28318530717959 
127 511 512 513 514 515 516 517 518 519 520 521 522 523 524 525 526 527 528 529 530 531 532 533 534 535 536 537 538 539 540 541 542 543 544 545 546 547 548 549 550 551 552 553 554 555 556 557 558 559 560 561 562 563 564 565 566 567 568 569 570 571 572 573 574 575 576 577 578 579 580 581 582 583 584 585 586 587 588 589 590 591 592 593 594 595 596 597 598 599 600 601 602 603 604 605 606 607 608 609 610 611 612 613 614 615 616 617 618 619 620 621 622 623 624 625 626 627 628 629 630 631 632 633 634 635 636 511 
p 0.448000008 1 0 0.0498665500569808 0.0997331001139617 0.149599650170943 0.199466200227923 0.249332750284904 0.299199300341885 0.349065850398866 0.398932400455847 0.448798950512828 0.498665500569808 0.548532050626789 0.59839860068377 0.648265150740751 0.698131700797732 0.747998250854712 0.797864800911693 0.847731350968674 0.897597901025655 0.947464451082636 0.997331001139617 1.0471975511966 1.09706410125358 1.14693065131056 1.19679720136754 1.24666375142452 1.2965303014815 1.34639685153848 1.39626340159546 1.44612995165244 1.49599650170942 1.54586305176641 1.59572960182339 1.64559615188037 1.69546270193735 1.74532925199433 1.79519580205131 1.84506235210829 1.89492890216527 1.94479545222225 1.99466200227923 2.04452855233621 2.09439510239319 2.14426165245018 2.19412820250716 2.24399475256414 2.29386130262112 2.3437278526781 2.39359440273508 2.44346095279206 2.49332750284904 2.54319405290602 2.59306060296301 2.64292715301999 2.69279370307697 2.74266025313395 2.79252680319093 2.84239335324791 2.89225990330489 2.94212645336187 2.99199300341885 3.04185955347583 3.09172610353282 3.1415926535898 3.19145920364678 3.24132575370376 3.29119230376074 3.34105885381772 3.3909254038747 3.44079195393168 3.49065850398866 3.54052505404564 3.59039160410263 3.64025815415961 3.69012470421659 3.73999125427357 3.78985780433055 3.83972435438753 3.88959090444451 3.93945745450149 3.98932400455847 4.03919055461546 4.08905710467244 4.13892365472942 4.1887902047864 4.23865675484338 4.28852330490036 4.33838985495734 4.38825640501432 4.4381229550713 4.48798950512828 4.53785605518527 4.58772260524225 4.63758915529923 4.68745570535621 4.73732225541319 4.78718880547017 4.83705535552715 4.88692190558413 4.93678845564111 4.9866550056981 5.03652155575508 5.08638810581206 5.13625465586904 5.18612120592602 5.235987755983 5.28585430603998 5.33572085609696 5.38558740615394 5.43545395621092 5.48532050626791 5.53518705632489 5.58505360638187 5.63492015643885 5.68478670649583 5.73465325655281 5.78451980660979 5.83438635666677 5.88425290672375 5.93411945678073 5.98398600683772 6.0338525568947 6.08371910695168 6.13358565700866 6.18345220706564 6.23331875712262 6.28318530717959 
2 128 1 
p 0.252000008 1 0 6.3 
2 254 127 
p 0.252000008 1 0 6.3 
2 219 220 
p 0.139600008 1 1 4.49 
2 1 2 
p 0.139600008 1 1 4.49 
2 2 4 
p 0.160996906379985 1 2.98753882025019 7.01246117974981 
2 1 2 
p 0.160996906379985 1 2.98753882025019 7.01246117974981 
2 1 2 
p 0.139600008 1 1 4.49 
2 3 4 
p 0.139600008 1 1 4.49 
38 220 221 222 223 224 225 226 227 228 229 230 231 232 233 234 235 236 237 238 239 240 241 242 243 244 245 246 247 248 249 250 251 252 253 254 255 256 2 
p 0.160996902379985 1 0.648460848790812 0.698316820574817 0.748172792358823 0.798028764142828 0.847884735926833 0.897740707710839 0.947596679494844 0.997452651278849 1.04730862306285 1.09716459484686 1.14702056663087 1.19687653841487 1.24673251019888 1.29658848198288 1.34644445376689 1.39630042555089 1.4461563973349 1.4960123691189 1.54586834090291 1.59572431268691 1.64558028447092 1.69543625625492 1.74529222803893 1.79514819982293 1.84500417160694 1.89486014339094 1.94471611517495 1.99457208695895 2.04442805874296 2.09428403052696 2.14414000231097 2.19399597409498 2.24385194587898 2.29370791766299 2.34356388944699 2.393419861231 2.443275833015 2.49313180479901 
38 1 3 4 5 6 7 8 9 10 11 12 13 14 15 16 17 18 19 20 21 22 23 24 25 26 27 28 29 30 31 32 33 34 35 36 37 38 2 
p 0.160996902379985 1 0.648460848790812 0.698316820574817 0.748172792358823 0.798028764142828 0.847884735926833 0.897740707710839 0.947596679494844 0.997452651278849 1.04730862306285 1.09716459484686 1.14702056663087 1.19687653841487 1.24673251019888 1.29658848198288 1.34644445376689 1.39630042555089 1.4461563973349 1.4960123691189 1.54586834090291 1.59572431268691 1.64558028447092 1.69543625625492 1.74529222803893 1.79514819982293 1.84500417160694 1.89486014339094 1.94471611517495 1.99457208695895 2.04442805874296 2.09428403052696 2.14414000231097 2.19399597409498 2.24385194587898 2.29370791766299 2.34356388944699 2.393419861231 2.443275833015 2.49313180479901 
2 79 78 
p 0.388000008 1 0 9.7 
2 80 206 
p 0.388000008 1 0 9.7 
127 80 81 82 83 84 85 86 87 88 89 90 91 92 93 94 95 96 97 98 99 100 101 102 103 104 105 106 107 108 109 110 111 112 113 114 115 116 117 118 119 120 121 122 123 124 125 126 127 128 129 130 131 132 133 134 135 136 137 138 139 140 141 142 143 144 145 146 147 148 149 150 151 152 153 154 155 156 157 158 159 160 161 162 163 164 165 166 167 168 169 170 171 172 173 174 175 176 177 178 179 180 181 182 183 184 185 186 187 188 189 190 191 192 193 194 195 196 197 198 199 200 201 202 203 204 205 79 
p 0.202000008 1 0 0.0498665500569808 0.0997331001139617 0.149599650170943 0.199466200227923 0.249332750284904 0.299199300341885 0.349065850398866 0.398932400455847 0.448798950512828 0.498665500569808 0.548532050626789 0.59839860068377 0.648265150740751 0.698131700797732 0.747998250854712 0.797864800911693 0.847731350968674 0.897597901025655 0.947464451082636 0.997331001139617 1.0471975511966 1.09706410125358 1.14693065131056 1.19679720136754 1.24666375142452 1.2965303014815 1.34639685153848 1.39626340159546 1.44612995165244 1.49599650170942 1.54586305176641 1.59572960182339 1.64559615188037 1.69546270193735 1.74532925199433 1.79519580205131 1.84506235210829 1.89492890216527 1.94479545222225 1.99466200227923 2.04452855233621 2.09439510239319 2.14426165245018 2.19412820250716 2.24399475256414 2.29386130262112 2.3437278526781 2.39359440273508 2.44346095279206 2.49332750284904 2.54319405290602 2.59306060296301 2.64292715301999 2.69279370307697 2.74266025313395 2.79252680319093 2.84239335324791 2.89225990330489 2.94212645336187 2.99199300341885 3.04185955347583 3.09172610353282 3.1415926535898 3.19145920364678 3.24132575370376 3.29119230376074 3.34105885381772 3.3909254038747 3.44079195393168 3.49065850398866 3.54052505404564 3.59039160410263 3.64025815415961 3.69012470421659 3.73999125427357 3.78985780433055 3.83972435438753 3.88959090444451 3.93945745450149 3.98932400455847 4.03919055461546 4.08905710467244 4.13892365472942 4.1887902047864 4.23865675484338 4.28852330490036 4.33838985495734 4.38825640501432 4.4381229550713 4.48798950512828 4.53785605518527 4.58772260524225 4.63758915529923 4.68745570535621 4.73732225541319 4.78718880547017 4.83705535552715 4.88692190558413 4.93678845564111 4.9866550056981 5.03652155575508 5.08638810581206 5.13625465586904 5.18612120592602 5.235987755983 5.28585430603998 5.33572085609696 5.38558740615394 5.43545395621092 5.48532050626791 5.53518705632489 5.58505360638187 5.63492015643885 5.68478670649583 5.73465325655281 5.78451980660979 5.83438635666677 5.88425290672375 5.93411945678073 5.98398600683772 6.0338525568947 6.08371910695168 6.13358565700866 6.18345220706564 6.23331875712262 6.28318530717959 
127 127 128 129 130 131 132 133 134 135 136 137 138 139 140 141 142 143 144 145 146 147 148 149 150 151 152 153 154 155 156 157 158 159 160 161 162 163 164 165 166 167 168 169 170 171 172 173 174 175 176 177 178 179 180 181 182 183 184 185 186 187 188 189 190 191 192 193 194 195 196 197 198 199 200 201 202 203 204 205 206 207 208 209 210 211 212 213 214 215 216 217 218 219 220 221 222 223 224 225 226 227 228 229 230 231 232 233 234 235 236 237 238 239 240 241 242 243 244 245 246 247 248 249 250 251 252 127 
p 0.202000008 1 0 0.0498665500569808 0.0997331001139617 0.149599650170943 0.199466200227923 0.249332750284904 0.299199300341885 0.349065850398866 0.398932400455847 0.448798950512828 0.498665500569808 0.548532050626789 0.59839860068377 0.648265150740751 0.698131700797732 0.747998250854712 0.797864800911693 0.847731350968674 0.897597901025655 0.947464451082636 0.997331001139617 1.0471975511966 1.09706410125358 1.14693065131056 1.19679720136754 1.24666375142452 1.2965303014815 1.34639685153848 1.39626340159546 1.44612995165244 1.49599650170942 1.54586305176641 1.59572960182339 1.64559615188037 1.69546270193735 1.74532925199433 1.79519580205131 1.84506235210829 1.89492890216527 1.94479545222225 1.99466200227923 2.04452855233621 2.09439510239319 2.14426165245018 2.19412820250716 2.24399475256414 2.29386130262112 2.3437278526781 2.39359440273508 2.44346095279206 2.49332750284904 2.54319405290602 2.59306060296301 2.64292715301999 2.69279370307697 2.74266025313395 2.79252680319093 2.84239335324791 2.89225990330489 2.94212645336187 2.99199300341885 3.04185955347583 3.09172610353282 3.1415926535898 3.19145920364678 3.24132575370376 3.29119230376074 3.34105885381772 3.3909254038747 3.44079195393168 3.49065850398866 3.54052505404564 3.59039160410263 3.64025815415961 3.69012470421659 3.73999125427357 3.78985780433055 3.83972435438753 3.88959090444451 3.93945745450149 3.98932400455847 4.03919055461546 4.08905710467244 4.13892365472942 4.1887902047864 4.23865675484338 4.28852330490036 4.33838985495734 4.38825640501432 4.4381229550713 4.48798950512828 4.53785605518527 4.58772260524225 4.63758915529923 4.68745570535621 4.73732225541319 4.78718880547017 4.83705535552715 4.88692190558413 4.93678845564111 4.9866550056981 5.03652155575508 5.08638810581206 5.13625465586904 5.18612120592602 5.235987755983 5.28585430603998 5.33572085609696 5.38558740615394 5.43545395621092 5.48532050626791 5.53518705632489 5.58505360638187 5.63492015643885 5.68478670649583 5.73465325655281 5.78451980660979 5.83438635666677 5.88425290672375 5.93411945678073 5.98398600683772 6.0338525568947 6.08371910695168 6.13358565700866 6.18345220706564 6.23331875712262 6.28318530717959 
127 128 129 130 131 132 133 134 135 136 137 138 139 140 141 142 143 144 145 146 147 148 149 150 151 152 153 154 155 156 157 158 159 160 161 162 163 164 165 166 167 168 169 170 171 172 173 174 175 176 177 178 179 180 181 182 183 184 185 186 187 188 189 190 191 192 193 194 195 196 197 198 199 200 201 202 203 204 205 206 207 208 209 210 211 212 213 214 215 216 217 218 219 220 221 222 223 224 225 226 227 228 229 230 231 232 233 234 235 236 237 238 239 240 241 242 243 244 245 246 247 248 249 250 251 252 253 254 
p 0.444000008 1 0 0.0498665500569808 0.0997331001139617 0.149599650170943 0.199466200227923 0.249332750284904 0.299199300341885 0.349065850398866 0.398932400455847 0.448798950512828 0.498665500569808 0.548532050626789 0.59839860068377 0.648265150740751 0.698131700797732 0.747998250854712 0.797864800911693 0.847731350968674 0.897597901025655 0.947464451082636 0.997331001139617 1.0471975511966 1.09706410125358 1.14693065131056 1.19679720136754 1.24666375142452 1.2965303014815 1.34639685153848 1.39626340159546 1.44612995165244 1.49599650170942 1.54586305176641 1.59572960182339 1.64559615188037 1.69546270193735 1.74532925199433 1.79519580205131 1.84506235210829 1.89492890216527 1.94479545222225 1.99466200227923 2.04452855233621 2.09439510239319 2.14426165245018 2.19412820250716 2.24399475256414 2.29386130262112 2.3437278526781 2.39359440273508 2.44346095279206 2.49332750284904 2.54319405290602 2.59306060296301 2.64292715301999 2.69279370307697 2.74266025313395 2.79252680319093 2.84239335324791 2.89225990330489 2.94212645336187 2.99199300341885 3.04185955347583 3.09172610353282 3.1415926535898 3.19145920364678 3.24132575370376 3.29119230376074 3.34105885381772 3.3909254038747 3.44079195393168 3.49065850398866 3.54052505404564 3.59039160410263 3.64025815415961 3.69012470421659 3.73999125427357 3.78985780433055 3.83972435438753 3.88959090444451 3.93945745450149 3.98932400455847 4.03919055461546 4.08905710467244 4.13892365472942 4.1887902047864 4.23865675484338 4.28852330490036 4.33838985495734 4.38825640501432 4.4381229550713 4.48798950512828 4.53785605518527 4.58772260524225 4.63758915529923 4.68745570535621 4.73732225541319 4.78718880547017 4.83705535552715 4.88692190558413 4.93678845564111 4.9866550056981 5.03652155575508 5.08638810581206 5.13625465586904 5.18612120592602 5.235987755983 5.28585430603998 5.33572085609696 5.38558740615394 5.43545395621092 5.48532050626791 5.53518705632489 5.58505360638187 5.63492015643885 5.68478670649583 5.73465325655281 5.78451980660979 5.83438635666677 5.88425290672375 5.93411945678073 5.98398600683772 6.0338525568947 6.08371910695168 6.13358565700866 6.18345220706564 6.23331875712262 6.28318530717959 
127 1 2 3 4 5 6 7 8 9 10 11 12 13 14 15 16 17 18 19 20 21 22 23 24 25 26 27 28 29 30 31 32 33 34 35 36 37 38 39 40 41 42 43 44 45 46 47 48 49 50 51 52 53 54 55 56 57 58 59 60 61 62 63 64 65 66 67 68 69 70 71 72 73 74 75 76 77 78 79 80 81 82 83 84 85 86 87 88 89 90 91 92 93 94 95 96 97 98 99 100 101 102 103 104 105 106 107 108 109 110 111 112 113 114 115 116 117 118 119 120 121 122 123 124 125 126 1 
p 0.444000008 1 0 0.0498665500569808 0.0997331001139617 0.149599650170943 0.199466200227923 0.249332750284904 0.299199300341885 0.349065850398866 0.398932400455847 0.448798950512828 0.498665500569808 0.548532050626789 0.59839860068377 0.648265150740751 0.698131700797732 0.747998250854712 0.797864800911693 0.847731350968674 0.897597901025655 0.947464451082636 0.997331001139617 1.0471975511966 1.09706410125358 1.14693065131056 1.19679720136754 1.24666375142452 1.2965303014815 1.34639685153848 1.39626340159546 1.44612995165244 1.49599650170942 1.54586305176641 1.59572960182339 1.64559615188037 1.69546270193735 1.74532925199433 1.79519580205131 1.84506235210829 1.89492890216527 1.94479545222225 1.99466200227923 2.04452855233621 2.09439510239319 2.14426165245018 2.19412820250716 2.24399475256414 2.29386130262112 2.3437278526781 2.39359440273508 2.44346095279206 2.49332750284904 2.54319405290602 2.59306060296301 2.64292715301999 2.69279370307697 2.74266025313395 2.79252680319093 2.84239335324791 2.89225990330489 2.94212645336187 2.99199300341885 3.04185955347583 3.09172610353282 3.1415926535898 3.19145920364678 3.24132575370376 3.29119230376074 3.34105885381772 3.3909254038747 3.44079195393168 3.49065850398866 3.54052505404564 3.59039160410263 3.64025815415961 3.69012470421659 3.73999125427357 3.78985780433055 3.83972435438753 3.88959090444451 3.93945745450149 3.98932400455847 4.03919055461546 4.08905710467244 4.13892365472942 4.1887902047864 4.23865675484338 4.28852330490036 4.33838985495734 4.38825640501432 4.4381229550713 4.48798950512828 4.53785605518527 4.58772260524225 4.63758915529923 4.68745570535621 4.73732225541319 4.78718880547017 4.83705535552715 4.88692190558413 4.93678845564111 4.9866550056981 5.03652155575508 5.08638810581206 5.13625465586904 5.18612120592602 5.235987755983 5.28585430603998 5.33572085609696 5.38558740615394 5.43545395621092 5.48532050626791 5.53518705632489 5.58505360638187 5.63492015643885 5.68478670649583 5.73465325655281 5.78451980660979 5.83438635666677 5.88425290672375 5.93411945678073 5.98398600683772 6.0338525568947 6.08371910695168 6.13358565700866 6.18345220706564 6.23331875712262 6.28318530717959 
127 1 2 3 4 5 6 7 8 9 10 11 12 13 14 15 16 17 18 19 20 21 22 23 24 25 26 27 28 29 30 31 32 33 34 35 36 37 38 39 40 41 42 43 44 45 46 47 48 49 50 51 52 53 54 55 56 57 58 59 60 61 62 63 64 65 66 67 68 69 70 71 72 73 74 75 76 77 78 79 80 81 82 83 84 85 86 87 88 89 90 91 92 93 94 95 96 97 98 99 100 101 102 103 104 105 106 107 108 109 110 111 112 113 114 115 116 117 118 119 120 121 122 123 124 125 126 127 
p 0.444000008 1 0 0.0498665500569808 0.0997331001139617 0.149599650170943 0.199466200227923 0.249332750284904 0.299199300341885 0.349065850398866 0.398932400455847 0.448798950512828 0.498665500569808 0.548532050626789 0.59839860068377 0.648265150740751 0.698131700797732 0.747998250854712 0.797864800911693 0.847731350968674 0.897597901025655 0.947464451082636 0.997331001139617 1.0471975511966 1.09706410125358 1.14693065131056 1.19679720136754 1.24666375142452 1.2965303014815 1.34639685153848 1.39626340159546 1.44612995165244 1.49599650170942 1.54586305176641 1.59572960182339 1.64559615188037 1.69546270193735 1.74532925199433 1.79519580205131 1.84506235210829 1.89492890216527 1.94479545222225 1.99466200227923 2.04452855233621 2.09439510239319 2.14426165245018 2.19412820250716 2.24399475256414 2.29386130262112 2.3437278526781 2.39359440273508 2.44346095279206 2.49332750284904 2.54319405290602 2.59306060296301 2.64292715301999 2.69279370307697 2.74266025313395 2.79252680319093 2.84239335324791 2.89225990330489 2.94212645336187 2.99199300341885 3.04185955347583 3.09172610353282 3.1415926535898 3.19145920364678 3.24132575370376 3.29119230376074 3.34105885381772 3.3909254038747 3.44079195393168 3.49065850398866 3.54052505404564 3.59039160410263 3.64025815415961 3.69012470421659 3.73999125427357 3.78985780433055 3.83972435438753 3.88959090444451 3.93945745450149 3.98932400455847 4.03919055461546 4.08905710467244 4.13892365472942 4.1887902047864 4.23865675484338 4.28852330490036 4.33838985495734 4.38825640501432 4.4381229550713 4.48798950512828 4.53785605518527 4.58772260524225 4.63758915529923 4.68745570535621 4.73732225541319 4.78718880547017 4.83705535552715 4.88692190558413 4.93678845564111 4.9866550056981 5.03652155575508 5.08638810581206 5.13625465586904 5.18612120592602 5.235987755983 5.28585430603998 5.33572085609696 5.38558740615394 5.43545395621092 5.48532050626791 5.53518705632489 5.58505360638187 5.63492015643885 5.68478670649583 5.73465325655281 5.78451980660979 5.83438635666677 5.88425290672375 5.93411945678073 5.98398600683772 6.0338525568947 6.08371910695168 6.13358565700866 6.18345220706564 6.23331875712262 6.28318530717959 
127 385 386 387 388 389 390 391 392 393 394 395 396 397 398 399 400 401 402 403 404 405 406 407 408 409 410 411 412 413 414 415 416 417 418 419 420 421 422 423 424 425 426 427 428 429 430 431 432 433 434 435 436 437 438 439 440 441 442 443 444 445 446 447 448 449 450 451 452 453 454 455 456 457 458 459 460 461 462 463 464 465 466 467 468 469 470 471 472 473 474 475 476 477 478 479 480 481 482 483 484 485 486 487 488 489 490 491 492 493 494 495 496 497 498 499 500 501 502 503 504 505 506 507 508 509 510 385 
p 0.444000008 1 0 0.0498665500569808 0.0997331001139617 0.149599650170943 0.199466200227923 0.249332750284904 0.299199300341885 0.349065850398866 0.398932400455847 0.448798950512828 0.498665500569808 0.548532050626789 0.59839860068377 0.648265150740751 0.698131700797732 0.747998250854712 0.797864800911693 0.847731350968674 0.897597901025655 0.947464451082636 0.997331001139617 1.0471975511966 1.09706410125358 1.14693065131056 1.19679720136754 1.24666375142452 1.2965303014815 1.34639685153848 1.39626340159546 1.44612995165244 1.49599650170942 1.54586305176641 1.59572960182339 1.64559615188037 1.69546270193735 1.74532925199433 1.79519580205131 1.84506235210829 1.89492890216527 1.94479545222225 1.99466200227923 2.04452855233621 2.09439510239319 2.14426165245018 2.19412820250716 2.24399475256414 2.29386130262112 2.3437278526781 2.39359440273508 2.44346095279206 2.49332750284904 2.54319405290602 2.59306060296301 2.64292715301999 2.69279370307697 2.74266025313395 2.79252680319093 2.84239335324791 2.89225990330489 2.94212645336187 2.99199300341885 3.04185955347583 3.09172610353282 3.1415926535898 3.19145920364678 3.24132575370376 3.29119230376074 3.34105885381772 3.3909254038747 3.44079195393168 3.49065850398866 3.54052505404564 3.59039160410263 3.64025815415961 3.69012470421659 3.73999125427357 3.78985780433055 3.83972435438753 3.88959090444451 3.93945745450149 3.98932400455847 4.03919055461546 4.08905710467244 4.13892365472942 4.1887902047864 4.23865675484338 4.28852330490036 4.33838985495734 4.38825640501432 4.4381229550713 4.48798950512828 4.53785605518527 4.58772260524225 4.63758915529923 4.68745570535621 4.73732225541319 4.78718880547017 4.83705535552715 4.88692190558413 4.93678845564111 4.9866550056981 5.03652155575508 5.08638810581206 5.13625465586904 5.18612120592602 5.235987755983 5.28585430603998 5.33572085609696 5.38558740615394 5.43545395621092 5.48532050626791 5.53518705632489 5.58505360638187 5.63492015643885 5.68478670649583 5.73465325655281 5.78451980660979 5.83438635666677 5.88425290672375 5.93411945678073 5.98398600683772 6.0338525568947 6.08371910695168 6.13358565700866 6.18345220706564 6.23331875712262 6.28318530717959 
2 128 1 
p 0.252000008 1 0 6.3 
2 254 127 
p 0.252000008 1 0 6.3 
2 1 2 
p 0.820000003 1 2 28 
2 36 68 
p 0.820000003 1 2 28 
2 1 35 
p 0.640000008 1 0 16 
2 3 1 
p 0.640000008 1 0 16 
2 1 35 
p 0.640000008 1 0 16 
2 4 2 
p 0.640000008 1 0 16 
2 33 34 
p 0.640000008 1 0 16 
2 2 4 
p 0.640000008 1 0 16 
33 35 36 37 38 39 40 41 42 43 44 45 46 47 48 49 50 51 52 53 54 55 56 57 58 59 60 61 62 63 64 65 66 34 
p 0.0800000080000001 1 1.5707963267949 1.61988371200724 1.66897109721958 1.71805848243192 1.76714586764426 1.8162332528566 1.86532063806894 1.91440802328128 1.96349540849362 2.01258279370596 2.0616701789183 2.11075756413064 2.15984494934298 2.20893233455532 2.25801971976766 2.30710710498 2.35619449019234 2.40528187540468 2.45436926061702 2.50345664582937 2.55254403104171 2.60163141625405 2.65071880146639 2.69980618667873 2.74889357189107 2.79798095710341 2.84706834231575 2.89615572752809 2.94524311274043 2.99433049795277 3.04341788316511 3.09250526837745 3.14159265358979 
33 68 69 70 71 72 73 74 75 76 77 78 79 80 81 82 83 84 85 86 87 88 89 90 91 92 93 94 95 96 97 98 99 100 
p 0.0800000080000001 1 1.5707963267949 1.61988371200724 1.66897109721958 1.71805848243192 1.76714586764426 1.8162332528566 1.86532063806894 1.91440802328128 1.96349540849362 2.01258279370596 2.0616701789183 2.11075756413064 2.15984494934298 2.20893233455532 2.25801971976766 2.30710710498 2.35619449019234 2.40528187540468 2.45436926061702 2.50345664582937 2.55254403104171 2.60163141625405 2.65071880146639 2.69980618667873 2.74889357189107 2.79798095710341 2.84706834231575 2.89615572752809 2.94524311274043 2.99433049795277 3.04341788316511 3.09250526837745 3.14159265358979 
2 33 34 
p 0.640000008 1 0 16 
2 2 4 
p 0.640000008 1 0 16 
33 35 36 37 38 39 40 41 42 43 44 45 46 47 48 49 50 51 52 53 54 55 56 57 58 59 60 61 62 63 64 65 66 34 
p 0.0800000080000001 1 4.71238898038469 4.76147636559703 4.81056375080937 4.85965113602171 4.90873852123405 4.95782590644639 5.00691329165873 5.05600067687107 5.10508806208341 5.15417544729575 5.20326283250809 5.25235021772043 5.30143760293277 5.35052498814511 5.39961237335745 5.44869975856979 5.49778714378214 5.54687452899448 5.59596191420682 5.64504929941916 5.6941366846315 5.74322406984384 5.79231145505618 5.84139884026852 5.89048622548086 5.9395736106932 5.98866099590554 6.03774838111788 6.08683576633022 6.13592315154256 6.1850105367549 6.23409792196724 6.28318530717959 
33 36 37 38 39 40 41 42 43 44 45 46 47 48 49 50 51 52 53 54 55 56 57 58 59 60 61 62 63 64 65 66 67 35 
p 0.0800000080000001 1 4.71238898038469 4.76147636559703 4.81056375080937 4.85965113602171 4.90873852123405 4.95782590644639 5.00691329165873 5.05600067687107 5.10508806208341 5.15417544729575 5.20326283250809 5.25235021772043 5.30143760293277 5.35052498814511 5.39961237335745 5.44869975856979 5.49778714378214 5.54687452899448 5.59596191420682 5.64504929941916 5.6941366846315 5.74322406984384 5.79231145505618 5.84139884026852 5.89048622548086 5.9395736106932 5.98866099590554 6.03774838111788 6.08683576633022 6.13592315154256 6.1850105367549 6.23409792196724 6.28318530717959 
2 33 34 
p 0.640000008 1 0 16 
2 1 3 
p 0.640000008 1 0 16 
2 3 4 
p 0.820000003 1 2 80 
2 101 100 
p 0.820000003 1 2 80 
2 33 34 
p 0.640000008 1 0 16 
2 1 3 
p 0.640000008 1 0 16 
2 3 4 
p 0.820000003 1 2 80 
2 34 35 
p 0.820000003 1 2 80 
33 35 36 37 38 39 40 41 42 43 44 45 46 47 48 49 50 51 52 53 54 55 56 57 58 59 60 61 62 63 64 65 66 34 
p 0.0800000080000001 1 1.5707963267949 1.61988371200724 1.66897109721958 1.71805848243192 1.76714586764426 1.8162332528566 1.86532063806894 1.91440802328128 1.96349540849362 2.01258279370596 2.0616701789183 2.11075756413064 2.15984494934298 2.20893233455532 2.25801971976766 2.30710710498 2.35619449019234 2.40528187540468 2.45436926061702 2.50345664582937 2.55254403104171 2.60163141625405 2.65071880146639 2.69980618667873 2.74889357189107 2.79798095710341 2.84706834231575 2.89615572752809 2.94524311274043 2.99433049795277 3.04341788316511 3.09250526837745 3.14159265358979 
33 2 102 103 104 105 106 107 108 109 110 111 112 113 114 115 116 117 118 119 120 121 122 123 124 125 126 127 128 129 130 131 132 101 
p 0.0800000080000001 1 1.5707963267949 1.61988371200724 1.66897109721958 1.71805848243192 1.76714586764426 1.8162332528566 1.86532063806894 1.91440802328128 1.96349540849362 2.01258279370596 2.0616701789183 2.11075756413064 2.15984494934298 2.20893233455532 2.25801971976766 2.30710710498 2.35619449019234 2.40528187540468 2.45436926061702 2.50345664582937 2.55254403104171 2.60163141625405 2.65071880146639 2.69980618667873 2.74889357189107 2.79798095710341 2.84706834231575 2.89615572752809 2.94524311274043 2.99433049795277 3.04341788316511 3.09250526837745 3.14159265358979 
33 35 36 37 38 39 40 41 42 43 44 45 46 47 48 49 50 51 52 53 54 55 56 57 58 59 60 61 62 63 64 65 66 34 
p 0.0800000080000001 1 4.71238898038469 4.76147636559703 4.81056375080937 4.85965113602171 4.90873852123405 4.95782590644639 5.00691329165873 5.05600067687107 5.10508806208341 5.15417544729575 5.20326283250809 5.25235021772043 5.30143760293277 5.35052498814511 5.39961237335745 5.44869975856979 5.49778714378214 5.54687452899448 5.59596191420682 5.64504929941916 5.6941366846315 5.74322406984384 5.79231145505618 5.84139884026852 5.89048622548086 5.9395736106932 5.98866099590554 6.03774838111788 6.08683576633022 6.13592315154256 6.1850105367549 6.23409792196724 6.28318530717959 
33 1 3 4 5 6 7 8 9 10 11 12 13 14 15 16 17 18 19 20 21 22 23 24 25 26 27 28 29 30 31 32 33 34 
p 0.0800000080000001 1 4.71238898038469 4.76147636559703 4.81056375080937 4.85965113602171 4.90873852123405 4.95782590644639 5.00691329165873 5.05600067687107 5.10508806208341 5.15417544729575 5.20326283250809 5.25235021772043 5.30143760293277 5.35052498814511 5.39961237335745 5.44869975856979 5.49778714378214 5.54687452899448 5.59596191420682 5.64504929941916 5.6941366846315 5.74322406984384 5.79231145505618 5.84139884026852 5.89048622548086 5.9395736106932 5.98866099590554 6.03774838111788 6.08683576633022 6.13592315154256 6.1850105367549 6.23409792196724 6.28318530717959 
127 1 2 3 4 5 6 7 8 9 10 11 12 13 14 15 16 17 18 19 20 21 22 23 24 25 26 27 28 29 30 31 32 33 34 35 36 37 38 39 40 41 42 43 44 45 46 47 48 49 50 51 52 53 54 55 56 57 58 59 60 61 62 63 64 65 66 67 68 69 70 71 72 73 74 75 76 77 78 79 80 81 82 83 84 85 86 87 88 89 90 91 92 93 94 95 96 97 98 99 100 101 102 103 104 105 106 107 108 109 110 111 112 113 114 115 116 117 118 119 120 121 122 123 124 125 126 127 
p 0.052000008 1 0 0.0498665500569808 0.0997331001139617 0.149599650170943 0.199466200227923 0.249332750284904 0.299199300341885 0.349065850398866 0.398932400455847 0.448798950512828 0.498665500569808 0.548532050626789 0.59839860068377 0.648265150740751 0.698131700797732 0.747998250854712 0.797864800911693 0.847731350968674 0.897597901025655 0.947464451082636 0.997331001139617 1.0471975511966 1.09706410125358 1.14693065131056 1.19679720136754 1.24666375142452 1.2965303014815 1.34639685153848 1.39626340159546 1.44612995165244 1.49599650170942 1.54586305176641 1.59572960182339 1.64559615188037 1.69546270193735 1.74532925199433 1.79519580205131 1.84506235210829 1.89492890216527 1.94479545222225 1.99466200227923 2.04452855233621 2.09439510239319 2.14426165245018 2.19412820250716 2.24399475256414 2.29386130262112 2.3437278526781 2.39359440273508 2.44346095279206 2.49332750284904 2.54319405290602 2.59306060296301 2.64292715301999 2.69279370307697 2.74266025313395 2.79252680319093 2.84239335324791 2.89225990330489 2.94212645336187 2.99199300341885 3.04185955347583 3.09172610353282 3.1415926535898 3.19145920364678 3.24132575370376 3.29119230376074 3.34105885381772 3.3909254038747 3.44079195393168 3.49065850398866 3.54052505404564 3.59039160410263 3.64025815415961 3.69012470421659 3.73999125427357 3.78985780433055 3.83972435438753 3.88959090444451 3.93945745450149 3.98932400455847 4.03919055461546 4.08905710467244 4.13892365472942 4.1887902047864 4.23865675484338 4.28852330490036 4.33838985495734 4.38825640501432 4.4381229550713 4.48798950512828 4.53785605518527 4.58772260524225 4.63758915529923 4.68745570535621 4.73732225541319 4.78718880547017 4.83705535552715 4.88692190558413 4.93678845564111 4.9866550056981 5.03652155575508 5.08638810581206 5.13625465586904 5.18612120592602 5.235987755983 5.28585430603998 5.33572085609696 5.38558740615394 5.43545395621092 5.48532050626791 5.53518705632489 5.58505360638187 5.63492015643885 5.68478670649583 5.73465325655281 5.78451980660979 5.83438635666677 5.88425290672375 5.93411945678073 5.98398600683772 6.0338525568947 6.08371910695168 6.13358565700866 6.18345220706564 6.23331875712262 6.28318530717959 
127 133 134 135 136 137 138 139 140 141 142 143 144 145 146 147 148 149 150 151 152 153 154 155 156 157 158 159 160 161 162 163 164 165 166 167 168 169 170 171 172 173 174 175 176 177 178 179 180 181 182 183 184 185 186 187 188 189 190 191 192 193 194 195 196 197 198 199 200 201 202 203 204 205 206 207 208 209 210 211 212 213 214 215 216 217 218 219 220 221 222 223 224 225 226 227 228 229 230 231 232 233 234 235 236 237 238 239 240 241 242 243 244 245 246 247 248 249 250 251 252 253 254 255 256 257 258 133 
p 0.052000008 1 0 0.0498665500569808 0.0997331001139617 0.149599650170943 0.199466200227923 0.249332750284904 0.299199300341885 0.349065850398866 0.398932400455847 0.448798950512828 0.498665500569808 0.548532050626789 0.59839860068377 0.648265150740751 0.698131700797732 0.747998250854712 0.797864800911693 0.847731350968674 0.897597901025655 0.947464451082636 0.997331001139617 1.0471975511966 1.09706410125358 1.14693065131056 1.19679720136754 1.24666375142452 1.2965303014815 1.34639685153848 1.39626340159546 1.44612995165244 1.49599650170942 1.54586305176641 1.59572960182339 1.64559615188037 1.69546270193735 1.74532925199433 1.79519580205131 1.84506235210829 1.89492890216527 1.94479545222225 1.99466200227923 2.04452855233621 2.09439510239319 2.14426165245018 2.19412820250716 2.24399475256414 2.29386130262112 2.3437278526781 2.39359440273508 2.44346095279206 2.49332750284904 2.54319405290602 2.59306060296301 2.64292715301999 2.69279370307697 2.74266025313395 2.79252680319093 2.84239335324791 2.89225990330489 2.94212645336187 2.99199300341885 3.04185955347583 3.09172610353282 3.1415926535898 3.19145920364678 3.24132575370376 3.29119230376074 3.34105885381772 3.3909254038747 3.44079195393168 3.49065850398866 3.54052505404564 3.59039160410263 3.64025815415961 3.69012470421659 3.73999125427357 3.78985780433055 3.83972435438753 3.88959090444451 3.93945745450149 3.98932400455847 4.03919055461546 4.08905710467244 4.13892365472942 4.1887902047864 4.23865675484338 4.28852330490036 4.33838985495734 4.38825640501432 4.4381229550713 4.48798950512828 4.53785605518527 4.58772260524225 4.63758915529923 4.68745570535621 4.73732225541319 4.78718880547017 4.83705535552715 4.88692190558413 4.93678845564111 4.9866550056981 5.03652155575508 5.08638810581206 5.13625465586904 5.18612120592602 5.235987755983 5.28585430603998 5.33572085609696 5.38558740615394 5.43545395621092 5.48532050626791 5.53518705632489 5.58505360638187 5.63492015643885 5.68478670649583 5.73465325655281 5.78451980660979 5.83438635666677 5.88425290672375 5.93411945678073 5.98398600683772 6.0338525568947 6.08371910695168 6.13358565700866 6.18345220706564 6.23331875712262 6.28318530717959 
127 1 2 3 4 5 6 7 8 9 10 11 12 13 14 15 16 17 18 19 20 21 22 23 24 25 26 27 28 29 30 31 32 33 34 35 36 37 38 39 40 41 42 43 44 45 46 47 48 49 50 51 52 53 54 55 56 57 58 59 60 61 62 63 64 65 66 67 68 69 70 71 72 73 74 75 76 77 78 79 80 81 82 83 84 85 86 87 88 89 90 91 92 93 94 95 96 97 98 99 100 101 102 103 104 105 106 107 108 109 110 111 112 113 114 115 116 117 118 119 120 121 122 123 124 125 126 127 
p 0.052000008 1 0 0.0498665500569808 0.0997331001139617 0.149599650170943 0.199466200227923 0.249332750284904 0.299199300341885 0.349065850398866 0.398932400455847 0.448798950512828 0.498665500569808 0.548532050626789 0.59839860068377 0.648265150740751 0.698131700797732 0.747998250854712 0.797864800911693 0.847731350968674 0.897597901025655 0.947464451082636 0.997331001139617 1.0471975511966 1.09706410125358 1.14693065131056 1.19679720136754 1.24666375142452 1.2965303014815 1.34639685153848 1.39626340159546 1.44612995165244 1.49599650170942 1.54586305176641 1.59572960182339 1.64559615188037 1.69546270193735 1.74532925199433 1.79519580205131 1.84506235210829 1.89492890216527 1.94479545222225 1.99466200227923 2.04452855233621 2.09439510239319 2.14426165245018 2.19412820250716 2.24399475256414 2.29386130262112 2.3437278526781 2.39359440273508 2.44346095279206 2.49332750284904 2.54319405290602 2.59306060296301 2.64292715301999 2.69279370307697 2.74266025313395 2.79252680319093 2.84239335324791 2.89225990330489 2.94212645336187 2.99199300341885 3.04185955347583 3.09172610353282 3.1415926535898 3.19145920364678 3.24132575370376 3.29119230376074 3.34105885381772 3.3909254038747 3.44079195393168 3.49065850398866 3.54052505404564 3.59039160410263 3.64025815415961 3.69012470421659 3.73999125427357 3.78985780433055 3.83972435438753 3.88959090444451 3.93945745450149 3.98932400455847 4.03919055461546 4.08905710467244 4.13892365472942 4.1887902047864 4.23865675484338 4.28852330490036 4.33838985495734 4.38825640501432 4.4381229550713 4.48798950512828 4.53785605518527 4.58772260524225 4.63758915529923 4.68745570535621 4.73732225541319 4.78718880547017 4.83705535552715 4.88692190558413 4.93678845564111 4.9866550056981 5.03652155575508 5.08638810581206 5.13625465586904 5.18612120592602 5.235987755983 5.28585430603998 5.33572085609696 5.38558740615394 5.43545395621092 5.48532050626791 5.53518705632489 5.58505360638187 5.63492015643885 5.68478670649583 5.73465325655281 5.78451980660979 5.83438635666677 5.88425290672375 5.93411945678073 5.98398600683772 6.0338525568947 6.08371910695168 6.13358565700866 6.18345220706564 6.23331875712262 6.28318530717959 
127 259 260 261 262 263 264 265 266 267 268 269 270 271 272 273 274 275 276 277 278 279 280 281 282 283 284 285 286 287 288 289 290 291 292 293 294 295 296 297 298 299 300 301 302 303 304 305 306 307 308 309 310 311 312 313 314 315 316 317 318 319 320 321 322 323 324 325 326 327 328 329 330 331 332 333 334 335 336 337 338 339 340 341 342 343 344 345 346 347 348 349 350 351 352 353 354 355 356 357 358 359 360 361 362 363 364 365 366 367 368 369 370 371 372 373 374 375 376 377 378 379 380 381 382 383 384 259 
p 0.052000008 1 0 0.0498665500569808 0.0997331001139617 0.149599650170943 0.199466200227923 0.249332750284904 0.299199300341885 0.349065850398866 0.398932400455847 0.448798950512828 0.498665500569808 0.548532050626789 0.59839860068377 0.648265150740751 0.698131700797732 0.747998250854712 0.797864800911693 0.847731350968674 0.897597901025655 0.947464451082636 0.997331001139617 1.0471975511966 1.09706410125358 1.14693065131056 1.19679720136754 1.24666375142452 1.2965303014815 1.34639685153848 1.39626340159546 1.44612995165244 1.49599650170942 1.54586305176641 1.59572960182339 1.64559615188037 1.69546270193735 1.74532925199433 1.79519580205131 1.84506235210829 1.89492890216527 1.94479545222225 1.99466200227923 2.04452855233621 2.09439510239319 2.14426165245018 2.19412820250716 2.24399475256414 2.29386130262112 2.3437278526781 2.39359440273508 2.44346095279206 2.49332750284904 2.54319405290602 2.59306060296301 2.64292715301999 2.69279370307697 2.74266025313395 2.79252680319093 2.84239335324791 2.89225990330489 2.94212645336187 2.99199300341885 3.04185955347583 3.09172610353282 3.1415926535898 3.19145920364678 3.24132575370376 3.29119230376074 3.34105885381772 3.3909254038747 3.44079195393168 3.49065850398866 3.54052505404564 3.59039160410263 3.64025815415961 3.69012470421659 3.73999125427357 3.78985780433055 3.83972435438753 3.88959090444451 3.93945745450149 3.98932400455847 4.03919055461546 4.08905710467244 4.13892365472942 4.1887902047864 4.23865675484338 4.28852330490036 4.33838985495734 4.38825640501432 4.4381229550713 4.48798950512828 4.53785605518527 4.58772260524225 4.63758915529923 4.68745570535621 4.73732225541319 4.78718880547017 4.83705535552715 4.88692190558413 4.93678845564111 4.9866550056981 5.03652155575508 5.08638810581206 5.13625465586904 5.18612120592602 5.235987755983 5.28585430603998 5.33572085609696 5.38558740615394 5.43545395621092 5.48532050626791 5.53518705632489 5.58505360638187 5.63492015643885 5.68478670649583 5.73465325655281 5.78451980660979 5.83438635666677 5.88425290672375 5.93411945678073 5.98398600683772 6.0338525568947 6.08371910695168 6.13358565700866 6.18345220706564 6.23331875712262 6.28318530717959 
127 1 2 3 4 5 6 7 8 9 10 11 12 13 14 15 16 17 18 19 20 21 22 23 24 25 26 27 28 29 30 31 32 33 34 35 36 37 38 39 40 41 42 43 44 45 46 47 48 49 50 51 52 53 54 55 56 57 58 59 60 61 62 63 64 65 66 67 68 69 70 71 72 73 74 75 76 77 78 79 80 81 82 83 84 85 86 87 88 89 90 91 92 93 94 95 96 97 98 99 100 101 102 103 104 105 106 107 108 109 110 111 112 113 114 115 116 117 118 119 120 121 122 123 124 125 126 127 
p 0.052000008 1 0 0.0498665500569808 0.0997331001139617 0.149599650170943 0.199466200227923 0.249332750284904 0.299199300341885 0.349065850398866 0.398932400455847 0.448798950512828 0.498665500569808 0.548532050626789 0.59839860068377 0.648265150740751 0.698131700797732 0.747998250854712 0.797864800911693 0.847731350968674 0.897597901025655 0.947464451082636 0.997331001139617 1.0471975511966 1.09706410125358 1.14693065131056 1.19679720136754 1.24666375142452 1.2965303014815 1.34639685153848 1.39626340159546 1.44612995165244 1.49599650170942 1.54586305176641 1.59572960182339 1.64559615188037 1.69546270193735 1.74532925199433 1.79519580205131 1.84506235210829 1.89492890216527 1.94479545222225 1.99466200227923 2.04452855233621 2.09439510239319 2.14426165245018 2.19412820250716 2.24399475256414 2.29386130262112 2.3437278526781 2.39359440273508 2.44346095279206 2.49332750284904 2.54319405290602 2.59306060296301 2.64292715301999 2.69279370307697 2.74266025313395 2.79252680319093 2.84239335324791 2.89225990330489 2.94212645336187 2.99199300341885 3.04185955347583 3.09172610353282 3.1415926535898 3.19145920364678 3.24132575370376 3.29119230376074 3.34105885381772 3.3909254038747 3.44079195393168 3.49065850398866 3.54052505404564 3.59039160410263 3.64025815415961 3.69012470421659 3.73999125427357 3.78985780433055 3.83972435438753 3.88959090444451 3.93945745450149 3.98932400455847 4.03919055461546 4.08905710467244 4.13892365472942 4.1887902047864 4.23865675484338 4.28852330490036 4.33838985495734 4.38825640501432 4.4381229550713 4.48798950512828 4.53785605518527 4.58772260524225 4.63758915529923 4.68745570535621 4.73732225541319 4.78718880547017 4.83705535552715 4.88692190558413 4.93678845564111 4.9866550056981 5.03652155575508 5.08638810581206 5.13625465586904 5.18612120592602 5.235987755983 5.28585430603998 5.33572085609696 5.38558740615394 5.43545395621092 5.48532050626791 5.53518705632489 5.58505360638187 5.63492015643885 5.68478670649583 5.73465325655281 5.78451980660979 5.83438635666677 5.88425290672375 5.93411945678073 5.98398600683772 6.0338525568947 6.08371910695168 6.13358565700866 6.18345220706564 6.23331875712262 6.28318530717959 
127 637 638 639 640 641 642 643 644 645 646 647 648 649 650 651 652 653 654 655 656 657 658 659 660 661 662 663 664 665 666 667 668 669 670 671 672 673 674 675 676 677 678 679 680 681 682 683 684 685 686 687 688 689 690 691 692 693 694 695 696 697 698 699 700 701 702 703 704 705 706 707 708 709 710 711 712 713 714 715 716 717 718 719 720 721 722 723 724 725 726 727 728 729 730 731 732 733 734 735 736 737 738 739 740 741 742 743 744 745 746 747 748 749 750 751 752 753 754 755 756 757 758 759 760 761 762 637 
p 0.052000008 1 0 0.0498665500569808 0.0997331001139617 0.149599650170943 0.199466200227923 0.249332750284904 0.299199300341885 0.349065850398866 0.398932400455847 0.448798950512828 0.498665500569808 0.548532050626789 0.59839860068377 0.648265150740751 0.698131700797732 0.747998250854712 0.797864800911693 0.847731350968674 0.897597901025655 0.947464451082636 0.997331001139617 1.0471975511966 1.09706410125358 1.14693065131056 1.19679720136754 1.24666375142452 1.2965303014815 1.34639685153848 1.39626340159546 1.44612995165244 1.49599650170942 1.54586305176641 1.59572960182339 1.64559615188037 1.69546270193735 1.74532925199433 1.79519580205131 1.84506235210829 1.89492890216527 1.94479545222225 1.99466200227923 2.04452855233621 2.09439510239319 2.14426165245018 2.19412820250716 2.24399475256414 2.29386130262112 2.3437278526781 2.39359440273508 2.44346095279206 2.49332750284904 2.54319405290602 2.59306060296301 2.64292715301999 2.69279370307697 2.74266025313395 2.79252680319093 2.84239335324791 2.89225990330489 2.94212645336187 2.99199300341885 3.04185955347583 3.09172610353282 3.1415926535898 3.19145920364678 3.24132575370376 3.29119230376074 3.34105885381772 3.3909254038747 3.44079195393168 3.49065850398866 3.54052505404564 3.59039160410263 3.64025815415961 3.69012470421659 3.73999125427357 3.78985780433055 3.83972435438753 3.88959090444451 3.93945745450149 3.98932400455847 4.03919055461546 4.08905710467244 4.13892365472942 4.1887902047864 4.23865675484338 4.28852330490036 4.33838985495734 4.38825640501432 4.4381229550713 4.48798950512828 4.53785605518527 4.58772260524225 4.63758915529923 4.68745570535621 4.73732225541319 4.78718880547017 4.83705535552715 4.88692190558413 4.93678845564111 4.9866550056981 5.03652155575508 5.08638810581206 5.13625465586904 5.18612120592602 5.235987755983 5.28585430603998 5.33572085609696 5.38558740615394 5.43545395621092 5.48532050626791 5.53518705632489 5.58505360638187 5.63492015643885 5.68478670649583 5.73465325655281 5.78451980660979 5.83438635666677 5.88425290672375 5.93411945678073 5.98398600683772 6.0338525568947 6.08371910695168 6.13358565700866 6.18345220706564 6.23331875712262 6.28318530717959 
127 1 2 3 4 5 6 7 8 9 10 11 12 13 14 15 16 17 18 19 20 21 22 23 24 25 26 27 28 29 30 31 32 33 34 35 36 37 38 39 40 41 42 43 44 45 46 47 48 49 50 51 52 53 54 55 56 57 58 59 60 61 62 63 64 65 66 67 68 69 70 71 72 73 74 75 76 77 78 79 80 81 82 83 84 85 86 87 88 89 90 91 92 93 94 95 96 97 98 99 100 101 102 103 104 105 106 107 108 109 110 111 112 113 114 115 116 117 118 119 120 121 122 123 124 125 126 127 
p 0.052000008 1 0 0.0498665500569808 0.0997331001139617 0.149599650170943 0.199466200227923 0.249332750284904 0.299199300341885 0.349065850398866 0.398932400455847 0.448798950512828 0.498665500569808 0.548532050626789 0.59839860068377 0.648265150740751 0.698131700797732 0.747998250854712 0.797864800911693 0.847731350968674 0.897597901025655 0.947464451082636 0.997331001139617 1.0471975511966 1.09706410125358 1.14693065131056 1.19679720136754 1.24666375142452 1.2965303014815 1.34639685153848 1.39626340159546 1.44612995165244 1.49599650170942 1.54586305176641 1.59572960182339 1.64559615188037 1.69546270193735 1.74532925199433 1.79519580205131 1.84506235210829 1.89492890216527 1.94479545222225 1.99466200227923 2.04452855233621 2.09439510239319 2.14426165245018 2.19412820250716 2.24399475256414 2.29386130262112 2.3437278526781 2.39359440273508 2.44346095279206 2.49332750284904 2.54319405290602 2.59306060296301 2.64292715301999 2.69279370307697 2.74266025313395 2.79252680319093 2.84239335324791 2.89225990330489 2.94212645336187 2.99199300341885 3.04185955347583 3.09172610353282 3.1415926535898 3.19145920364678 3.24132575370376 3.29119230376074 3.34105885381772 3.3909254038747 3.44079195393168 3.49065850398866 3.54052505404564 3.59039160410263 3.64025815415961 3.69012470421659 3.73999125427357 3.78985780433055 3.83972435438753 3.88959090444451 3.93945745450149 3.98932400455847 4.03919055461546 4.08905710467244 4.13892365472942 4.1887902047864 4.23865675484338 4.28852330490036 4.33838985495734 4.38825640501432 4.4381229550713 4.48798950512828 4.53785605518527 4.58772260524225 4.63758915529923 4.68745570535621 4.73732225541319 4.78718880547017 4.83705535552715 4.88692190558413 4.93678845564111 4.9866550056981 5.03652155575508 5.08638810581206 5.13625465586904 5.18612120592602 5.235987755983 5.28585430603998 5.33572085609696 5.38558740615394 5.43545395621092 5.48532050626791 5.53518705632489 5.58505360638187 5.63492015643885 5.68478670649583 5.73465325655281 5.78451980660979 5.83438635666677 5.88425290672375 5.93411945678073 5.98398600683772 6.0338525568947 6.08371910695168 6.13358565700866 6.18345220706564 6.23331875712262 6.28318530717959 
127 763 764 765 766 767 768 769 770 771 772 773 774 775 776 777 778 779 780 781 782 783 784 785 786 787 788 789 790 791 792 793 794 795 796 797 798 799 800 801 802 803 804 805 806 807 808 809 810 811 812 813 814 815 816 817 818 819 820 821 822 823 824 825 826 827 828 829 830 831 832 833 834 835 836 837 838 839 840 841 842 843 844 845 846 847 848 849 850 851 852 853 854 855 856 857 858 859 860 861 862 863 864 865 866 867 868 869 870 871 872 873 874 875 876 877 878 879 880 881 882 883 884 885 886 887 888 763 
p 0.052000008 1 0 0.0498665500569808 0.0997331001139617 0.149599650170943 0.199466200227923 0.249332750284904 0.299199300341885 0.349065850398866 0.398932400455847 0.448798950512828 0.498665500569808 0.548532050626789 0.59839860068377 0.648265150740751 0.698131700797732 0.747998250854712 0.797864800911693 0.847731350968674 0.897597901025655 0.947464451082636 0.997331001139617 1.0471975511966 1.09706410125358 1.14693065131056 1.19679720136754 1.24666375142452 1.2965303014815 1.34639685153848 1.39626340159546 1.44612995165244 1.49599650170942 1.54586305176641 1.59572960182339 1.64559615188037 1.69546270193735 1.74532925199433 1.79519580205131 1.84506235210829 1.89492890216527 1.94479545222225 1.99466200227923 2.04452855233621 2.09439510239319 2.14426165245018 2.19412820250716 2.24399475256414 2.29386130262112 2.3437278526781 2.39359440273508 2.44346095279206 2.49332750284904 2.54319405290602 2.59306060296301 2.64292715301999 2.69279370307697 2.74266025313395 2.79252680319093 2.84239335324791 2.89225990330489 2.94212645336187 2.99199300341885 3.04185955347583 3.09172610353282 3.1415926535898 3.19145920364678 3.24132575370376 3.29119230376074 3.34105885381772 3.3909254038747 3.44079195393168 3.49065850398866 3.54052505404564 3.59039160410263 3.64025815415961 3.69012470421659 3.73999125427357 3.78985780433055 3.83972435438753 3.88959090444451 3.93945745450149 3.98932400455847 4.03919055461546 4.08905710467244 4.13892365472942 4.1887902047864 4.23865675484338 4.28852330490036 4.33838985495734 4.38825640501432 4.4381229550713 4.48798950512828 4.53785605518527 4.58772260524225 4.63758915529923 4.68745570535621 4.73732225541319 4.78718880547017 4.83705535552715 4.88692190558413 4.93678845564111 4.9866550056981 5.03652155575508 5.08638810581206 5.13625465586904 5.18612120592602 5.235987755983 5.28585430603998 5.33572085609696 5.38558740615394 5.43545395621092 5.48532050626791 5.53518705632489 5.58505360638187 5.63492015643885 5.68478670649583 5.73465325655281 5.78451980660979 5.83438635666677 5.88425290672375 5.93411945678073 5.98398600683772 6.0338525568947 6.08371910695168 6.13358565700866 6.18345220706564 6.23331875712262 6.28318530717959 
127 1 2 3 4 5 6 7 8 9 10 11 12 13 14 15 16 17 18 19 20 21 22 23 24 25 26 27 28 29 30 31 32 33 34 35 36 37 38 39 40 41 42 43 44 45 46 47 48 49 50 51 52 53 54 55 56 57 58 59 60 61 62 63 64 65 66 67 68 69 70 71 72 73 74 75 76 77 78 79 80 81 82 83 84 85 86 87 88 89 90 91 92 93 94 95 96 97 98 99 100 101 102 103 104 105 106 107 108 109 110 111 112 113 114 115 116 117 118 119 120 121 122 123 124 125 126 127 
p 0.052000008 1 0 0.0498665500569808 0.0997331001139617 0.149599650170943 0.199466200227923 0.249332750284904 0.299199300341885 0.349065850398866 0.398932400455847 0.448798950512828 0.498665500569808 0.548532050626789 0.59839860068377 0.648265150740751 0.698131700797732 0.747998250854712 0.797864800911693 0.847731350968674 0.897597901025655 0.947464451082636 0.997331001139617 1.0471975511966 1.09706410125358 1.14693065131056 1.19679720136754 1.24666375142452 1.2965303014815 1.34639685153848 1.39626340159546 1.44612995165244 1.49599650170942 1.54586305176641 1.59572960182339 1.64559615188037 1.69546270193735 1.74532925199433 1.79519580205131 1.84506235210829 1.89492890216527 1.94479545222225 1.99466200227923 2.04452855233621 2.09439510239319 2.14426165245018 2.19412820250716 2.24399475256414 2.29386130262112 2.3437278526781 2.39359440273508 2.44346095279206 2.49332750284904 2.54319405290602 2.59306060296301 2.64292715301999 2.69279370307697 2.74266025313395 2.79252680319093 2.84239335324791 2.89225990330489 2.94212645336187 2.99199300341885 3.04185955347583 3.09172610353282 3.1415926535898 3.19145920364678 3.24132575370376 3.29119230376074 3.34105885381772 3.3909254038747 3.44079195393168 3.49065850398866 3.54052505404564 3.59039160410263 3.64025815415961 3.69012470421659 3.73999125427357 3.78985780433055 3.83972435438753 3.88959090444451 3.93945745450149 3.98932400455847 4.03919055461546 4.08905710467244 4.13892365472942 4.1887902047864 4.23865675484338 4.28852330490036 4.33838985495734 4.38825640501432 4.4381229550713 4.48798950512828 4.53785605518527 4.58772260524225 4.63758915529923 4.68745570535621 4.73732225541319 4.78718880547017 4.83705535552715 4.88692190558413 4.93678845564111 4.9866550056981 5.03652155575508 5.08638810581206 5.13625465586904 5.18612120592602 5.235987755983 5.28585430603998 5.33572085609696 5.38558740615394 5.43545395621092 5.48532050626791 5.53518705632489 5.58505360638187 5.63492015643885 5.68478670649583 5.73465325655281 5.78451980660979 5.83438635666677 5.88425290672375 5.93411945678073 5.98398600683772 6.0338525568947 6.08371910695168 6.13358565700866 6.18345220706564 6.23331875712262 6.28318530717959 
127 889 890 891 892 893 894 895 896 897 898 899 900 901 902 903 904 905 906 907 908 909 910 911 912 913 914 915 916 917 918 919 920 921 922 923 924 925 926 927 928 929 930 931 932 933 934 935 936 937 938 939 940 941 942 943 944 945 946 947 948 949 950 951 952 953 954 955 956 957 958 959 960 961 962 963 964 965 966 967 968 969 970 971 972 973 974 975 976 977 978 979 980 981 982 983 984 985 986 987 988 989 990 991 992 993 994 995 996 997 998 999 1000 1001 1002 1003 1004 1005 1006 1007 1008 1009 1010 1011 1012 1013 1014 889 
p 0.052000008 1 0 0.0498665500569808 0.0997331001139617 0.149599650170943 0.199466200227923 0.249332750284904 0.299199300341885 0.349065850398866 0.398932400455847 0.448798950512828 0.498665500569808 0.548532050626789 0.59839860068377 0.648265150740751 0.698131700797732 0.747998250854712 0.797864800911693 0.847731350968674 0.897597901025655 0.947464451082636 0.997331001139617 1.0471975511966 1.09706410125358 1.14693065131056 1.19679720136754 1.24666375142452 1.2965303014815 1.34639685153848 1.39626340159546 1.44612995165244 1.49599650170942 1.54586305176641 1.59572960182339 1.64559615188037 1.69546270193735 1.74532925199433 1.79519580205131 1.84506235210829 1.89492890216527 1.94479545222225 1.99466200227923 2.04452855233621 2.09439510239319 2.14426165245018 2.19412820250716 2.24399475256414 2.29386130262112 2.3437278526781 2.39359440273508 2.44346095279206 2.49332750284904 2.54319405290602 2.59306060296301 2.64292715301999 2.69279370307697 2.74266025313395 2.79252680319093 2.84239335324791 2.89225990330489 2.94212645336187 2.99199300341885 3.04185955347583 3.09172610353282 3.1415926535898 3.19145920364678 3.24132575370376 3.29119230376074 3.34105885381772 3.3909254038747 3.44079195393168 3.49065850398866 3.54052505404564 3.59039160410263 3.64025815415961 3.69012470421659 3.73999125427357 3.78985780433055 3.83972435438753 3.88959090444451 3.93945745450149 3.98932400455847 4.03919055461546 4.08905710467244 4.13892365472942 4.1887902047864 4.23865675484338 4.28852330490036 4.33838985495734 4.38825640501432 4.4381229550713 4.48798950512828 4.53785605518527 4.58772260524225 4.63758915529923 4.68745570535621 4.73732225541319 4.78718880547017 4.83705535552715 4.88692190558413 4.93678845564111 4.9866550056981 5.03652155575508 5.08638810581206 5.13625465586904 5.18612120592602 5.235987755983 5.28585430603998 5.33572085609696 5.38558740615394 5.43545395621092 5.48532050626791 5.53518705632489 5.58505360638187 5.63492015643885 5.68478670649583 5.73465325655281 5.78451980660979 5.83438635666677 5.88425290672375 5.93411945678073 5.98398600683772 6.0338525568947 6.08371910695168 6.13358565700866 6.18345220706564 6.23331875712262 6.28318530717959 
127 1 2 3 4 5 6 7 8 9 10 11 12 13 14 15 16 17 18 19 20 21 22 23 24 25 26 27 28 29 30 31 32 33 34 35 36 37 38 39 40 41 42 43 44 45 46 47 48 49 50 51 52 53 54 55 56 57 58 59 60 61 62 63 64 65 66 67 68 69 70 71 72 73 74 75 76 77 78 79 80 81 82 83 84 85 86 87 88 89 90 91 92 93 94 95 96 97 98 99 100 101 102 103 104 105 106 107 108 109 110 111 112 113 114 115 116 117 118 119 120 121 122 123 124 125 126 127 
p 0.052000008 1 0 0.0498665500569808 0.0997331001139617 0.149599650170943 0.199466200227923 0.249332750284904 0.299199300341885 0.349065850398866 0.398932400455847 0.448798950512828 0.498665500569808 0.548532050626789 0.59839860068377 0.648265150740751 0.698131700797732 0.747998250854712 0.797864800911693 0.847731350968674 0.897597901025655 0.947464451082636 0.997331001139617 1.0471975511966 1.09706410125358 1.14693065131056 1.19679720136754 1.24666375142452 1.2965303014815 1.34639685153848 1.39626340159546 1.44612995165244 1.49599650170942 1.54586305176641 1.59572960182339 1.64559615188037 1.69546270193735 1.74532925199433 1.79519580205131 1.84506235210829 1.89492890216527 1.94479545222225 1.99466200227923 2.04452855233621 2.09439510239319 2.14426165245018 2.19412820250716 2.24399475256414 2.29386130262112 2.3437278526781 2.39359440273508 2.44346095279206 2.49332750284904 2.54319405290602 2.59306060296301 2.64292715301999 2.69279370307697 2.74266025313395 2.79252680319093 2.84239335324791 2.89225990330489 2.94212645336187 2.99199300341885 3.04185955347583 3.09172610353282 3.1415926535898 3.19145920364678 3.24132575370376 3.29119230376074 3.34105885381772 3.3909254038747 3.44079195393168 3.49065850398866 3.54052505404564 3.59039160410263 3.64025815415961 3.69012470421659 3.73999125427357 3.78985780433055 3.83972435438753 3.88959090444451 3.93945745450149 3.98932400455847 4.03919055461546 4.08905710467244 4.13892365472942 4.1887902047864 4.23865675484338 4.28852330490036 4.33838985495734 4.38825640501432 4.4381229550713 4.48798950512828 4.53785605518527 4.58772260524225 4.63758915529923 4.68745570535621 4.73732225541319 4.78718880547017 4.83705535552715 4.88692190558413 4.93678845564111 4.9866550056981 5.03652155575508 5.08638810581206 5.13625465586904 5.18612120592602 5.235987755983 5.28585430603998 5.33572085609696 5.38558740615394 5.43545395621092 5.48532050626791 5.53518705632489 5.58505360638187 5.63492015643885 5.68478670649583 5.73465325655281 5.78451980660979 5.83438635666677 5.88425290672375 5.93411945678073 5.98398600683772 6.0338525568947 6.08371910695168 6.13358565700866 6.18345220706564 6.23331875712262 6.28318530717959 
127 1015 1016 1017 1018 1019 1020 1021 1022 1023 1024 1025 1026 1027 1028 1029 1030 1031 1032 1033 1034 1035 1036 1037 1038 1039 1040 1041 1042 1043 1044 1045 1046 1047 1048 1049 1050 1051 1052 1053 1054 1055 1056 1057 1058 1059 1060 1061 1062 1063 1064 1065 1066 1067 1068 1069 1070 1071 1072 1073 1074 1075 1076 1077 1078 1079 1080 1081 1082 1083 1084 1085 1086 1087 1088 1089 1090 1091 1092 1093 1094 1095 1096 1097 1098 1099 1100 1101 1102 1103 1104 1105 1106 1107 1108 1109 1110 1111 1112 1113 1114 1115 1116 1117 1118 1119 1120 1121 1122 1123 1124 1125 1126 1127 1128 1129 1130 1131 1132 1133 1134 1135 1136 1137 1138 1139 1140 1015 
p 0.052000008 1 0 0.0498665500569808 0.0997331001139617 0.149599650170943 0.199466200227923 0.249332750284904 0.299199300341885 0.349065850398866 0.398932400455847 0.448798950512828 0.498665500569808 0.548532050626789 0.59839860068377 0.648265150740751 0.698131700797732 0.747998250854712 0.797864800911693 0.847731350968674 0.897597901025655 0.947464451082636 0.997331001139617 1.0471975511966 1.09706410125358 1.14693065131056 1.19679720136754 1.24666375142452 1.2965303014815 1.34639685153848 1.39626340159546 1.44612995165244 1.49599650170942 1.54586305176641 1.59572960182339 1.64559615188037 1.69546270193735 1.74532925199433 1.79519580205131 1.84506235210829 1.89492890216527 1.94479545222225 1.99466200227923 2.04452855233621 2.09439510239319 2.14426165245018 2.19412820250716 2.24399475256414 2.29386130262112 2.3437278526781 2.39359440273508 2.44346095279206 2.49332750284904 2.54319405290602 2.59306060296301 2.64292715301999 2.69279370307697 2.74266025313395 2.79252680319093 2.84239335324791 2.89225990330489 2.94212645336187 2.99199300341885 3.04185955347583 3.09172610353282 3.1415926535898 3.19145920364678 3.24132575370376 3.29119230376074 3.34105885381772 3.3909254038747 3.44079195393168 3.49065850398866 3.54052505404564 3.59039160410263 3.64025815415961 3.69012470421659 3.73999125427357 3.78985780433055 3.83972435438753 3.88959090444451 3.93945745450149 3.98932400455847 4.03919055461546 4.08905710467244 4.13892365472942 4.1887902047864 4.23865675484338 4.28852330490036 4.33838985495734 4.38825640501432 4.4381229550713 4.48798950512828 4.53785605518527 4.58772260524225 4.63758915529923 4.68745570535621 4.73732225541319 4.78718880547017 4.83705535552715 4.88692190558413 4.93678845564111 4.9866550056981 5.03652155575508 5.08638810581206 5.13625465586904 5.18612120592602 5.235987755983 5.28585430603998 5.33572085609696 5.38558740615394 5.43545395621092 5.48532050626791 5.53518705632489 5.58505360638187 5.63492015643885 5.68478670649583 5.73465325655281 5.78451980660979 5.83438635666677 5.88425290672375 5.93411945678073 5.98398600683772 6.0338525568947 6.08371910695168 6.13358565700866 6.18345220706564 6.23331875712262 6.28318530717959 
2 128 1 
p 0.0320000080000001 1 0 0.800000000000001 
2 254 127 
p 0.0320000080000001 1 0 0.800000000000001 
127 128 129 130 131 132 133 134 135 136 137 138 139 140 141 142 143 144 145 146 147 148 149 150 151 152 153 154 155 156 157 158 159 160 161 162 163 164 165 166 167 168 169 170 171 172 173 174 175 176 177 178 179 180 181 182 183 184 185 186 187 188 189 190 191 192 193 194 195 196 197 198 199 200 201 202 203 204 205 206 207 208 209 210 211 212 213 214 215 216 217 218 219 220 221 222 223 224 225 226 227 228 229 230 231 232 233 234 235 236 237 238 239 240 241 242 243 244 245 246 247 248 249 250 251 252 253 254 
p 0.052000008 1 0 0.0498665500569808 0.0997331001139617 0.149599650170943 0.199466200227923 0.249332750284904 0.299199300341885 0.349065850398866 0.398932400455847 0.448798950512828 0.498665500569808 0.548532050626789 0.59839860068377 0.648265150740751 0.698131700797732 0.747998250854712 0.797864800911693 0.847731350968674 0.897597901025655 0.947464451082636 0.997331001139617 1.0471975511966 1.09706410125358 1.14693065131056 1.19679720136754 1.24666375142452 1.2965303014815 1.34639685153848 1.39626340159546 1.44612995165244 1.49599650170942 1.54586305176641 1.59572960182339 1.64559615188037 1.69546270193735 1.74532925199433 1.79519580205131 1.84506235210829 1.89492890216527 1.94479545222225 1.99466200227923 2.04452855233621 2.09439510239319 2.14426165245018 2.19412820250716 2.24399475256414 2.29386130262112 2.3437278526781 2.39359440273508 2.44346095279206 2.49332750284904 2.54319405290602 2.59306060296301 2.64292715301999 2.69279370307697 2.74266025313395 2.79252680319093 2.84239335324791 2.89225990330489 2.94212645336187 2.99199300341885 3.04185955347583 3.09172610353282 3.1415926535898 3.19145920364678 3.24132575370376 3.29119230376074 3.34105885381772 3.3909254038747 3.44079195393168 3.49065850398866 3.54052505404564 3.59039160410263 3.64025815415961 3.69012470421659 3.73999125427357 3.78985780433055 3.83972435438753 3.88959090444451 3.93945745450149 3.98932400455847 4.03919055461546 4.08905710467244 4.13892365472942 4.1887902047864 4.23865675484338 4.28852330490036 4.33838985495734 4.38825640501432 4.4381229550713 4.48798950512828 4.53785605518527 4.58772260524225 4.63758915529923 4.68745570535621 4.73732225541319 4.78718880547017 4.83705535552715 4.88692190558413 4.93678845564111 4.9866550056981 5.03652155575508 5.08638810581206 5.13625465586904 5.18612120592602 5.235987755983 5.28585430603998 5.33572085609696 5.38558740615394 5.43545395621092 5.48532050626791 5.53518705632489 5.58505360638187 5.63492015643885 5.68478670649583 5.73465325655281 5.78451980660979 5.83438635666677 5.88425290672375 5.93411945678073 5.98398600683772 6.0338525568947 6.08371910695168 6.13358565700866 6.18345220706564 6.23331875712262 6.28318530717959 
127 1 2 3 4 5 6 7 8 9 10 11 12 13 14 15 16 17 18 19 20 21 22 23 24 25 26 27 28 29 30 31 32 33 34 35 36 37 38 39 40 41 42 43 44 45 46 47 48 49 50 51 52 53 54 55 56 57 58 59 60 61 62 63 64 65 66 67 68 69 70 71 72 73 74 75 76 77 78 79 80 81 82 83 84 85 86 87 88 89 90 91 92 93 94 95 96 97 98 99 100 101 102 103 104 105 106 107 108 109 110 111 112 113 114 115 116 117 118 119 120 121 122 123 124 125 126 1 
p 0.052000008 1 0 0.0498665500569808 0.0997331001139617 0.149599650170943 0.199466200227923 0.249332750284904 0.299199300341885 0.349065850398866 0.398932400455847 0.448798950512828 0.498665500569808 0.548532050626789 0.59839860068377 0.648265150740751 0.698131700797732 0.747998250854712 0.797864800911693 0.847731350968674 0.897597901025655 0.947464451082636 0.997331001139617 1.0471975511966 1.09706410125358 1.14693065131056 1.19679720136754 1.24666375142452 1.2965303014815 1.34639685153848 1.39626340159546 1.44612995165244 1.49599650170942 1.54586305176641 1.59572960182339 1.64559615188037 1.69546270193735 1.74532925199433 1.79519580205131 1.84506235210829 1.89492890216527 1.94479545222225 1.99466200227923 2.04452855233621 2.09439510239319 2.14426165245018 2.19412820250716 2.24399475256414 2.29386130262112 2.3437278526781 2.39359440273508 2.44346095279206 2.49332750284904 2.54319405290602 2.59306060296301 2.64292715301999 2.69279370307697 2.74266025313395 2.79252680319093 2.84239335324791 2.89225990330489 2.94212645336187 2.99199300341885 3.04185955347583 3.09172610353282 3.1415926535898 3.19145920364678 3.24132575370376 3.29119230376074 3.34105885381772 3.3909254038747 3.44079195393168 3.49065850398866 3.54052505404564 3.59039160410263 3.64025815415961 3.69012470421659 3.73999125427357 3.78985780433055 3.83972435438753 3.88959090444451 3.93945745450149 3.98932400455847 4.03919055461546 4.08905710467244 4.13892365472942 4.1887902047864 4.23865675484338 4.28852330490036 4.33838985495734 4.38825640501432 4.4381229550713 4.48798950512828 4.53785605518527 4.58772260524225 4.63758915529923 4.68745570535621 4.73732225541319 4.78718880547017 4.83705535552715 4.88692190558413 4.93678845564111 4.9866550056981 5.03652155575508 5.08638810581206 5.13625465586904 5.18612120592602 5.235987755983 5.28585430603998 5.33572085609696 5.38558740615394 5.43545395621092 5.48532050626791 5.53518705632489 5.58505360638187 5.63492015643885 5.68478670649583 5.73465325655281 5.78451980660979 5.83438635666677 5.88425290672375 5.93411945678073 5.98398600683772 6.0338525568947 6.08371910695168 6.13358565700866 6.18345220706564 6.23331875712262 6.28318530717959 
2 128 1 
p 0.0320000080000001 1 0 0.800000000000001 
2 254 127 
p 0.0320000080000001 1 0 0.800000000000001 
127 128 129 130 131 132 133 134 135 136 137 138 139 140 141 142 143 144 145 146 147 148 149 150 151 152 153 154 155 156 157 158 159 160 161 162 163 164 165 166 167 168 169 170 171 172 173 174 175 176 177 178 179 180 181 182 183 184 185 186 187 188 189 190 191 192 193 194 195 196 197 198 199 200 201 202 203 204 205 206 207 208 209 210 211 212 213 214 215 216 217 218 219 220 221 222 223 224 225 226 227 228 229 230 231 232 233 234 235 236 237 238 239 240 241 242 243 244 245 246 247 248 249 250 251 252 253 254 
p 0.052000008 1 0 0.0498665500569808 0.0997331001139617 0.149599650170943 0.199466200227923 0.249332750284904 0.299199300341885 0.349065850398866 0.398932400455847 0.448798950512828 0.498665500569808 0.548532050626789 0.59839860068377 0.648265150740751 0.698131700797732 0.747998250854712 0.797864800911693 0.847731350968674 0.897597901025655 0.947464451082636 0.997331001139617 1.0471975511966 1.09706410125358 1.14693065131056 1.19679720136754 1.24666375142452 1.2965303014815 1.34639685153848 1.39626340159546 1.44612995165244 1.49599650170942 1.54586305176641 1.59572960182339 1.64559615188037 1.69546270193735 1.74532925199433 1.79519580205131 1.84506235210829 1.89492890216527 1.94479545222225 1.99466200227923 2.04452855233621 2.09439510239319 2.14426165245018 2.19412820250716 2.24399475256414 2.29386130262112 2.3437278526781 2.39359440273508 2.44346095279206 2.49332750284904 2.54319405290602 2.59306060296301 2.64292715301999 2.69279370307697 2.74266025313395 2.79252680319093 2.84239335324791 2.89225990330489 2.94212645336187 2.99199300341885 3.04185955347583 3.09172610353282 3.1415926535898 3.19145920364678 3.24132575370376 3.29119230376074 3.34105885381772 3.3909254038747 3.44079195393168 3.49065850398866 3.54052505404564 3.59039160410263 3.64025815415961 3.69012470421659 3.73999125427357 3.78985780433055 3.83972435438753 3.88959090444451 3.93945745450149 3.98932400455847 4.03919055461546 4.08905710467244 4.13892365472942 4.1887902047864 4.23865675484338 4.28852330490036 4.33838985495734 4.38825640501432 4.4381229550713 4.48798950512828 4.53785605518527 4.58772260524225 4.63758915529923 4.68745570535621 4.73732225541319 4.78718880547017 4.83705535552715 4.88692190558413 4.93678845564111 4.9866550056981 5.03652155575508 5.08638810581206 5.13625465586904 5.18612120592602 5.235987755983 5.28585430603998 5.33572085609696 5.38558740615394 5.43545395621092 5.48532050626791 5.53518705632489 5.58505360638187 5.63492015643885 5.68478670649583 5.73465325655281 5.78451980660979 5.83438635666677 5.88425290672375 5.93411945678073 5.98398600683772 6.0338525568947 6.08371910695168 6.13358565700866 6.18345220706564 6.23331875712262 6.28318530717959 
127 1 2 3 4 5 6 7 8 9 10 11 12 13 14 15 16 17 18 19 20 21 22 23 24 25 26 27 28 29 30 31 32 33 34 35 36 37 38 39 40 41 42 43 44 45 46 47 48 49 50 51 52 53 54 55 56 57 58 59 60 61 62 63 64 65 66 67 68 69 70 71 72 73 74 75 76 77 78 79 80 81 82 83 84 85 86 87 88 89 90 91 92 93 94 95 96 97 98 99 100 101 102 103 104 105 106 107 108 109 110 111 112 113 114 115 116 117 118 119 120 121 122 123 124 125 126 1 
p 0.052000008 1 0 0.0498665500569808 0.0997331001139617 0.149599650170943 0.199466200227923 0.249332750284904 0.299199300341885 0.349065850398866 0.398932400455847 0.448798950512828 0.498665500569808 0.548532050626789 0.59839860068377 0.648265150740751 0.698131700797732 0.747998250854712 0.797864800911693 0.847731350968674 0.897597901025655 0.947464451082636 0.997331001139617 1.0471975511966 1.09706410125358 1.14693065131056 1.19679720136754 1.24666375142452 1.2965303014815 1.34639685153848 1.39626340159546 1.44612995165244 1.49599650170942 1.54586305176641 1.59572960182339 1.64559615188037 1.69546270193735 1.74532925199433 1.79519580205131 1.84506235210829 1.89492890216527 1.94479545222225 1.99466200227923 2.04452855233621 2.09439510239319 2.14426165245018 2.19412820250716 2.24399475256414 2.29386130262112 2.3437278526781 2.39359440273508 2.44346095279206 2.49332750284904 2.54319405290602 2.59306060296301 2.64292715301999 2.69279370307697 2.74266025313395 2.79252680319093 2.84239335324791 2.89225990330489 2.94212645336187 2.99199300341885 3.04185955347583 3.09172610353282 3.1415926535898 3.19145920364678 3.24132575370376 3.29119230376074 3.34105885381772 3.3909254038747 3.44079195393168 3.49065850398866 3.54052505404564 3.59039160410263 3.64025815415961 3.69012470421659 3.73999125427357 3.78985780433055 3.83972435438753 3.88959090444451 3.93945745450149 3.98932400455847 4.03919055461546 4.08905710467244 4.13892365472942 4.1887902047864 4.23865675484338 4.28852330490036 4.33838985495734 4.38825640501432 4.4381229550713 4.48798950512828 4.53785605518527 4.58772260524225 4.63758915529923 4.68745570535621 4.73732225541319 4.78718880547017 4.83705535552715 4.88692190558413 4.93678845564111 4.9866550056981 5.03652155575508 5.08638810581206 5.13625465586904 5.18612120592602 5.235987755983 5.28585430603998 5.33572085609696 5.38558740615394 5.43545395621092 5.48532050626791 5.53518705632489 5.58505360638187 5.63492015643885 5.68478670649583 5.73465325655281 5.78451980660979 5.83438635666677 5.88425290672375 5.93411945678073 5.98398600683772 6.0338525568947 6.08371910695168 6.13358565700866 6.18345220706564 6.23331875712262 6.28318530717959 
2 128 1 
p 0.0320000080000001 1 0 0.800000000000001 
2 254 127 
p 0.0320000080000001 1 0 0.800000000000001 
127 128 129 130 131 132 133 134 135 136 137 138 139 140 141 142 143 144 145 146 147 148 149 150 151 152 153 154 155 156 157 158 159 160 161 162 163 164 165 166 167 168 169 170 171 172 173 174 175 176 177 178 179 180 181 182 183 184 185 186 187 188 189 190 191 192 193 194 195 196 197 198 199 200 201 202 203 204 205 206 207 208 209 210 211 212 213 214 215 216 217 218 219 220 221 222 223 224 225 226 227 228 229 230 231 232 233 234 235 236 237 238 239 240 241 242 243 244 245 246 247 248 249 250 251 252 253 254 
p 0.052000008 1 0 0.0498665500569808 0.0997331001139617 0.149599650170943 0.199466200227923 0.249332750284904 0.299199300341885 0.349065850398866 0.398932400455847 0.448798950512828 0.498665500569808 0.548532050626789 0.59839860068377 0.648265150740751 0.698131700797732 0.747998250854712 0.797864800911693 0.847731350968674 0.897597901025655 0.947464451082636 0.997331001139617 1.0471975511966 1.09706410125358 1.14693065131056 1.19679720136754 1.24666375142452 1.2965303014815 1.34639685153848 1.39626340159546 1.44612995165244 1.49599650170942 1.54586305176641 1.59572960182339 1.64559615188037 1.69546270193735 1.74532925199433 1.79519580205131 1.84506235210829 1.89492890216527 1.94479545222225 1.99466200227923 2.04452855233621 2.09439510239319 2.14426165245018 2.19412820250716 2.24399475256414 2.29386130262112 2.3437278526781 2.39359440273508 2.44346095279206 2.49332750284904 2.54319405290602 2.59306060296301 2.64292715301999 2.69279370307697 2.74266025313395 2.79252680319093 2.84239335324791 2.89225990330489 2.94212645336187 2.99199300341885 3.04185955347583 3.09172610353282 3.1415926535898 3.19145920364678 3.24132575370376 3.29119230376074 3.34105885381772 3.3909254038747 3.44079195393168 3.49065850398866 3.54052505404564 3.59039160410263 3.64025815415961 3.69012470421659 3.73999125427357 3.78985780433055 3.83972435438753 3.88959090444451 3.93945745450149 3.98932400455847 4.03919055461546 4.08905710467244 4.13892365472942 4.1887902047864 4.23865675484338 4.28852330490036 4.33838985495734 4.38825640501432 4.4381229550713 4.48798950512828 4.53785605518527 4.58772260524225 4.63758915529923 4.68745570535621 4.73732225541319 4.78718880547017 4.83705535552715 4.88692190558413 4.93678845564111 4.9866550056981 5.03652155575508 5.08638810581206 5.13625465586904 5.18612120592602 5.235987755983 5.28585430603998 5.33572085609696 5.38558740615394 5.43545395621092 5.48532050626791 5.53518705632489 5.58505360638187 5.63492015643885 5.68478670649583 5.73465325655281 5.78451980660979 5.83438635666677 5.88425290672375 5.93411945678073 5.98398600683772 6.0338525568947 6.08371910695168 6.13358565700866 6.18345220706564 6.23331875712262 6.28318530717959 
127 1 2 3 4 5 6 7 8 9 10 11 12 13 14 15 16 17 18 19 20 21 22 23 24 25 26 27 28 29 30 31 32 33 34 35 36 37 38 39 40 41 42 43 44 45 46 47 48 49 50 51 52 53 54 55 56 57 58 59 60 61 62 63 64 65 66 67 68 69 70 71 72 73 74 75 76 77 78 79 80 81 82 83 84 85 86 87 88 89 90 91 92 93 94 95 96 97 98 99 100 101 102 103 104 105 106 107 108 109 110 111 112 113 114 115 116 117 118 119 120 121 122 123 124 125 126 1 
p 0.052000008 1 0 0.0498665500569808 0.0997331001139617 0.149599650170943 0.199466200227923 0.249332750284904 0.299199300341885 0.349065850398866 0.398932400455847 0.448798950512828 0.498665500569808 0.548532050626789 0.59839860068377 0.648265150740751 0.698131700797732 0.747998250854712 0.797864800911693 0.847731350968674 0.897597901025655 0.947464451082636 0.997331001139617 1.0471975511966 1.09706410125358 1.14693065131056 1.19679720136754 1.24666375142452 1.2965303014815 1.34639685153848 1.39626340159546 1.44612995165244 1.49599650170942 1.54586305176641 1.59572960182339 1.64559615188037 1.69546270193735 1.74532925199433 1.79519580205131 1.84506235210829 1.89492890216527 1.94479545222225 1.99466200227923 2.04452855233621 2.09439510239319 2.14426165245018 2.19412820250716 2.24399475256414 2.29386130262112 2.3437278526781 2.39359440273508 2.44346095279206 2.49332750284904 2.54319405290602 2.59306060296301 2.64292715301999 2.69279370307697 2.74266025313395 2.79252680319093 2.84239335324791 2.89225990330489 2.94212645336187 2.99199300341885 3.04185955347583 3.09172610353282 3.1415926535898 3.19145920364678 3.24132575370376 3.29119230376074 3.34105885381772 3.3909254038747 3.44079195393168 3.49065850398866 3.54052505404564 3.59039160410263 3.64025815415961 3.69012470421659 3.73999125427357 3.78985780433055 3.83972435438753 3.88959090444451 3.93945745450149 3.98932400455847 4.03919055461546 4.08905710467244 4.13892365472942 4.1887902047864 4.23865675484338 4.28852330490036 4.33838985495734 4.38825640501432 4.4381229550713 4.48798950512828 4.53785605518527 4.58772260524225 4.63758915529923 4.68745570535621 4.73732225541319 4.78718880547017 4.83705535552715 4.88692190558413 4.93678845564111 4.9866550056981 5.03652155575508 5.08638810581206 5.13625465586904 5.18612120592602 5.235987755983 5.28585430603998 5.33572085609696 5.38558740615394 5.43545395621092 5.48532050626791 5.53518705632489 5.58505360638187 5.63492015643885 5.68478670649583 5.73465325655281 5.78451980660979 5.83438635666677 5.88425290672375 5.93411945678073 5.98398600683772 6.0338525568947 6.08371910695168 6.13358565700866 6.18345220706564 6.23331875712262 6.28318530717959 
2 128 1 
p 0.0320000080000001 1 0 0.800000000000001 
2 254 127 
p 0.0320000080000001 1 0 0.800000000000001 
127 128 129 130 131 132 133 134 135 136 137 138 139 140 141 142 143 144 145 146 147 148 149 150 151 152 153 154 155 156 157 158 159 160 161 162 163 164 165 166 167 168 169 170 171 172 173 174 175 176 177 178 179 180 181 182 183 184 185 186 187 188 189 190 191 192 193 194 195 196 197 198 199 200 201 202 203 204 205 206 207 208 209 210 211 212 213 214 215 216 217 218 219 220 221 222 223 224 225 226 227 228 229 230 231 232 233 234 235 236 237 238 239 240 241 242 243 244 245 246 247 248 249 250 251 252 253 254 
p 0.052000008 1 0 0.0498665500569808 0.0997331001139617 0.149599650170943 0.199466200227923 0.249332750284904 0.299199300341885 0.349065850398866 0.398932400455847 0.448798950512828 0.498665500569808 0.548532050626789 0.59839860068377 0.648265150740751 0.698131700797732 0.747998250854712 0.797864800911693 0.847731350968674 0.897597901025655 0.947464451082636 0.997331001139617 1.0471975511966 1.09706410125358 1.14693065131056 1.19679720136754 1.24666375142452 1.2965303014815 1.34639685153848 1.39626340159546 1.44612995165244 1.49599650170942 1.54586305176641 1.59572960182339 1.64559615188037 1.69546270193735 1.74532925199433 1.79519580205131 1.84506235210829 1.89492890216527 1.94479545222225 1.99466200227923 2.04452855233621 2.09439510239319 2.14426165245018 2.19412820250716 2.24399475256414 2.29386130262112 2.3437278526781 2.39359440273508 2.44346095279206 2.49332750284904 2.54319405290602 2.59306060296301 2.64292715301999 2.69279370307697 2.74266025313395 2.79252680319093 2.84239335324791 2.89225990330489 2.94212645336187 2.99199300341885 3.04185955347583 3.09172610353282 3.1415926535898 3.19145920364678 3.24132575370376 3.29119230376074 3.34105885381772 3.3909254038747 3.44079195393168 3.49065850398866 3.54052505404564 3.59039160410263 3.64025815415961 3.69012470421659 3.73999125427357 3.78985780433055 3.83972435438753 3.88959090444451 3.93945745450149 3.98932400455847 4.03919055461546 4.08905710467244 4.13892365472942 4.1887902047864 4.23865675484338 4.28852330490036 4.33838985495734 4.38825640501432 4.4381229550713 4.48798950512828 4.53785605518527 4.58772260524225 4.63758915529923 4.68745570535621 4.73732225541319 4.78718880547017 4.83705535552715 4.88692190558413 4.93678845564111 4.9866550056981 5.03652155575508 5.08638810581206 5.13625465586904 5.18612120592602 5.235987755983 5.28585430603998 5.33572085609696 5.38558740615394 5.43545395621092 5.48532050626791 5.53518705632489 5.58505360638187 5.63492015643885 5.68478670649583 5.73465325655281 5.78451980660979 5.83438635666677 5.88425290672375 5.93411945678073 5.98398600683772 6.0338525568947 6.08371910695168 6.13358565700866 6.18345220706564 6.23331875712262 6.28318530717959 
127 1 2 3 4 5 6 7 8 9 10 11 12 13 14 15 16 17 18 19 20 21 22 23 24 25 26 27 28 29 30 31 32 33 34 35 36 37 38 39 40 41 42 43 44 45 46 47 48 49 50 51 52 53 54 55 56 57 58 59 60 61 62 63 64 65 66 67 68 69 70 71 72 73 74 75 76 77 78 79 80 81 82 83 84 85 86 87 88 89 90 91 92 93 94 95 96 97 98 99 100 101 102 103 104 105 106 107 108 109 110 111 112 113 114 115 116 117 118 119 120 121 122 123 124 125 126 1 
p 0.052000008 1 0 0.0498665500569808 0.0997331001139617 0.149599650170943 0.199466200227923 0.249332750284904 0.299199300341885 0.349065850398866 0.398932400455847 0.448798950512828 0.498665500569808 0.548532050626789 0.59839860068377 0.648265150740751 0.698131700797732 0.747998250854712 0.797864800911693 0.847731350968674 0.897597901025655 0.947464451082636 0.997331001139617 1.0471975511966 1.09706410125358 1.14693065131056 1.19679720136754 1.24666375142452 1.2965303014815 1.34639685153848 1.39626340159546 1.44612995165244 1.49599650170942 1.54586305176641 1.59572960182339 1.64559615188037 1.69546270193735 1.74532925199433 1.79519580205131 1.84506235210829 1.89492890216527 1.94479545222225 1.99466200227923 2.04452855233621 2.09439510239319 2.14426165245018 2.19412820250716 2.24399475256414 2.29386130262112 2.3437278526781 2.39359440273508 2.44346095279206 2.49332750284904 2.54319405290602 2.59306060296301 2.64292715301999 2.69279370307697 2.74266025313395 2.79252680319093 2.84239335324791 2.89225990330489 2.94212645336187 2.99199300341885 3.04185955347583 3.09172610353282 3.1415926535898 3.19145920364678 3.24132575370376 3.29119230376074 3.34105885381772 3.3909254038747 3.44079195393168 3.49065850398866 3.54052505404564 3.59039160410263 3.64025815415961 3.69012470421659 3.73999125427357 3.78985780433055 3.83972435438753 3.88959090444451 3.93945745450149 3.98932400455847 4.03919055461546 4.08905710467244 4.13892365472942 4.1887902047864 4.23865675484338 4.28852330490036 4.33838985495734 4.38825640501432 4.4381229550713 4.48798950512828 4.53785605518527 4.58772260524225 4.63758915529923 4.68745570535621 4.73732225541319 4.78718880547017 4.83705535552715 4.88692190558413 4.93678845564111 4.9866550056981 5.03652155575508 5.08638810581206 5.13625465586904 5.18612120592602 5.235987755983 5.28585430603998 5.33572085609696 5.38558740615394 5.43545395621092 5.48532050626791 5.53518705632489 5.58505360638187 5.63492015643885 5.68478670649583 5.73465325655281 5.78451980660979 5.83438635666677 5.88425290672375 5.93411945678073 5.98398600683772 6.0338525568947 6.08371910695168 6.13358565700866 6.18345220706564 6.23331875712262 6.28318530717959 
2 128 1 
p 0.0320000080000001 1 0 0.800000000000001 
2 254 127 
p 0.0320000080000001 1 0 0.800000000000001 
127 128 129 130 131 132 133 134 135 136 137 138 139 140 141 142 143 144 145 146 147 148 149 150 151 152 153 154 155 156 157 158 159 160 161 162 163 164 165 166 167 168 169 170 171 172 173 174 175 176 177 178 179 180 181 182 183 184 185 186 187 188 189 190 191 192 193 194 195 196 197 198 199 200 201 202 203 204 205 206 207 208 209 210 211 212 213 214 215 216 217 218 219 220 221 222 223 224 225 226 227 228 229 230 231 232 233 234 235 236 237 238 239 240 241 242 243 244 245 246 247 248 249 250 251 252 253 254 
p 0.052000008 1 0 0.0498665500569808 0.0997331001139617 0.149599650170943 0.199466200227923 0.249332750284904 0.299199300341885 0.349065850398866 0.398932400455847 0.448798950512828 0.498665500569808 0.548532050626789 0.59839860068377 0.648265150740751 0.698131700797732 0.747998250854712 0.797864800911693 0.847731350968674 0.897597901025655 0.947464451082636 0.997331001139617 1.0471975511966 1.09706410125358 1.14693065131056 1.19679720136754 1.24666375142452 1.2965303014815 1.34639685153848 1.39626340159546 1.44612995165244 1.49599650170942 1.54586305176641 1.59572960182339 1.64559615188037 1.69546270193735 1.74532925199433 1.79519580205131 1.84506235210829 1.89492890216527 1.94479545222225 1.99466200227923 2.04452855233621 2.09439510239319 2.14426165245018 2.19412820250716 2.24399475256414 2.29386130262112 2.3437278526781 2.39359440273508 2.44346095279206 2.49332750284904 2.54319405290602 2.59306060296301 2.64292715301999 2.69279370307697 2.74266025313395 2.79252680319093 2.84239335324791 2.89225990330489 2.94212645336187 2.99199300341885 3.04185955347583 3.09172610353282 3.1415926535898 3.19145920364678 3.24132575370376 3.29119230376074 3.34105885381772 3.3909254038747 3.44079195393168 3.49065850398866 3.54052505404564 3.59039160410263 3.64025815415961 3.69012470421659 3.73999125427357 3.78985780433055 3.83972435438753 3.88959090444451 3.93945745450149 3.98932400455847 4.03919055461546 4.08905710467244 4.13892365472942 4.1887902047864 4.23865675484338 4.28852330490036 4.33838985495734 4.38825640501432 4.4381229550713 4.48798950512828 4.53785605518527 4.58772260524225 4.63758915529923 4.68745570535621 4.73732225541319 4.78718880547017 4.83705535552715 4.88692190558413 4.93678845564111 4.9866550056981 5.03652155575508 5.08638810581206 5.13625465586904 5.18612120592602 5.235987755983 5.28585430603998 5.33572085609696 5.38558740615394 5.43545395621092 5.48532050626791 5.53518705632489 5.58505360638187 5.63492015643885 5.68478670649583 5.73465325655281 5.78451980660979 5.83438635666677 5.88425290672375 5.93411945678073 5.98398600683772 6.0338525568947 6.08371910695168 6.13358565700866 6.18345220706564 6.23331875712262 6.28318530717959 
127 1 2 3 4 5 6 7 8 9 10 11 12 13 14 15 16 17 18 19 20 21 22 23 24 25 26 27 28 29 30 31 32 33 34 35 36 37 38 39 40 41 42 43 44 45 46 47 48 49 50 51 52 53 54 55 56 57 58 59 60 61 62 63 64 65 66 67 68 69 70 71 72 73 74 75 76 77 78 79 80 81 82 83 84 85 86 87 88 89 90 91 92 93 94 95 96 97 98 99 100 101 102 103 104 105 106 107 108 109 110 111 112 113 114 115 116 117 118 119 120 121 122 123 124 125 126 1 
p 0.052000008 1 0 0.0498665500569808 0.0997331001139617 0.149599650170943 0.199466200227923 0.249332750284904 0.299199300341885 0.349065850398866 0.398932400455847 0.448798950512828 0.498665500569808 0.548532050626789 0.59839860068377 0.648265150740751 0.698131700797732 0.747998250854712 0.797864800911693 0.847731350968674 0.897597901025655 0.947464451082636 0.997331001139617 1.0471975511966 1.09706410125358 1.14693065131056 1.19679720136754 1.24666375142452 1.2965303014815 1.34639685153848 1.39626340159546 1.44612995165244 1.49599650170942 1.54586305176641 1.59572960182339 1.64559615188037 1.69546270193735 1.74532925199433 1.79519580205131 1.84506235210829 1.89492890216527 1.94479545222225 1.99466200227923 2.04452855233621 2.09439510239319 2.14426165245018 2.19412820250716 2.24399475256414 2.29386130262112 2.3437278526781 2.39359440273508 2.44346095279206 2.49332750284904 2.54319405290602 2.59306060296301 2.64292715301999 2.69279370307697 2.74266025313395 2.79252680319093 2.84239335324791 2.89225990330489 2.94212645336187 2.99199300341885 3.04185955347583 3.09172610353282 3.1415926535898 3.19145920364678 3.24132575370376 3.29119230376074 3.34105885381772 3.3909254038747 3.44079195393168 3.49065850398866 3.54052505404564 3.59039160410263 3.64025815415961 3.69012470421659 3.73999125427357 3.78985780433055 3.83972435438753 3.88959090444451 3.93945745450149 3.98932400455847 4.03919055461546 4.08905710467244 4.13892365472942 4.1887902047864 4.23865675484338 4.28852330490036 4.33838985495734 4.38825640501432 4.4381229550713 4.48798950512828 4.53785605518527 4.58772260524225 4.63758915529923 4.68745570535621 4.73732225541319 4.78718880547017 4.83705535552715 4.88692190558413 4.93678845564111 4.9866550056981 5.03652155575508 5.08638810581206 5.13625465586904 5.18612120592602 5.235987755983 5.28585430603998 5.33572085609696 5.38558740615394 5.43545395621092 5.48532050626791 5.53518705632489 5.58505360638187 5.63492015643885 5.68478670649583 5.73465325655281 5.78451980660979 5.83438635666677 5.88425290672375 5.93411945678073 5.98398600683772 6.0338525568947 6.08371910695168 6.13358565700866 6.18345220706564 6.23331875712262 6.28318530717959 
2 128 1 
p 0.0320000080000001 1 0 0.800000000000001 
2 254 127 
p 0.0320000080000001 1 0 0.800000000000001 
127 128 129 130 131 132 133 134 135 136 137 138 139 140 141 142 143 144 145 146 147 148 149 150 151 152 153 154 155 156 157 158 159 160 161 162 163 164 165 166 167 168 169 170 171 172 173 174 175 176 177 178 179 180 181 182 183 184 185 186 187 188 189 190 191 192 193 194 195 196 197 198 199 200 201 202 203 204 205 206 207 208 209 210 211 212 213 214 215 216 217 218 219 220 221 222 223 224 225 226 227 228 229 230 231 232 233 234 235 236 237 238 239 240 241 242 243 244 245 246 247 248 249 250 251 252 253 254 
p 0.052000008 1 0 0.0498665500569808 0.0997331001139617 0.149599650170943 0.199466200227923 0.249332750284904 0.299199300341885 0.349065850398866 0.398932400455847 0.448798950512828 0.498665500569808 0.548532050626789 0.59839860068377 0.648265150740751 0.698131700797732 0.747998250854712 0.797864800911693 0.847731350968674 0.897597901025655 0.947464451082636 0.997331001139617 1.0471975511966 1.09706410125358 1.14693065131056 1.19679720136754 1.24666375142452 1.2965303014815 1.34639685153848 1.39626340159546 1.44612995165244 1.49599650170942 1.54586305176641 1.59572960182339 1.64559615188037 1.69546270193735 1.74532925199433 1.79519580205131 1.84506235210829 1.89492890216527 1.94479545222225 1.99466200227923 2.04452855233621 2.09439510239319 2.14426165245018 2.19412820250716 2.24399475256414 2.29386130262112 2.3437278526781 2.39359440273508 2.44346095279206 2.49332750284904 2.54319405290602 2.59306060296301 2.64292715301999 2.69279370307697 2.74266025313395 2.79252680319093 2.84239335324791 2.89225990330489 2.94212645336187 2.99199300341885 3.04185955347583 3.09172610353282 3.1415926535898 3.19145920364678 3.24132575370376 3.29119230376074 3.34105885381772 3.3909254038747 3.44079195393168 3.49065850398866 3.54052505404564 3.59039160410263 3.64025815415961 3.69012470421659 3.73999125427357 3.78985780433055 3.83972435438753 3.88959090444451 3.93945745450149 3.98932400455847 4.03919055461546 4.08905710467244 4.13892365472942 4.1887902047864 4.23865675484338 4.28852330490036 4.33838985495734 4.38825640501432 4.4381229550713 4.48798950512828 4.53785605518527 4.58772260524225 4.63758915529923 4.68745570535621 4.73732225541319 4.78718880547017 4.83705535552715 4.88692190558413 4.93678845564111 4.9866550056981 5.03652155575508 5.08638810581206 5.13625465586904 5.18612120592602 5.235987755983 5.28585430603998 5.33572085609696 5.38558740615394 5.43545395621092 5.48532050626791 5.53518705632489 5.58505360638187 5.63492015643885 5.68478670649583 5.73465325655281 5.78451980660979 5.83438635666677 5.88425290672375 5.93411945678073 5.98398600683772 6.0338525568947 6.08371910695168 6.13358565700866 6.18345220706564 6.23331875712262 6.28318530717959 
127 1 2 3 4 5 6 7 8 9 10 11 12 13 14 15 16 17 18 19 20 21 22 23 24 25 26 27 28 29 30 31 32 33 34 35 36 37 38 39 40 41 42 43 44 45 46 47 48 49 50 51 52 53 54 55 56 57 58 59 60 61 62 63 64 65 66 67 68 69 70 71 72 73 74 75 76 77 78 79 80 81 82 83 84 85 86 87 88 89 90 91 92 93 94 95 96 97 98 99 100 101 102 103 104 105 106 107 108 109 110 111 112 113 114 115 116 117 118 119 120 121 122 123 124 125 126 1 
p 0.052000008 1 0 0.0498665500569808 0.0997331001139617 0.149599650170943 0.199466200227923 0.249332750284904 0.299199300341885 0.349065850398866 0.398932400455847 0.448798950512828 0.498665500569808 0.548532050626789 0.59839860068377 0.648265150740751 0.698131700797732 0.747998250854712 0.797864800911693 0.847731350968674 0.897597901025655 0.947464451082636 0.997331001139617 1.0471975511966 1.09706410125358 1.14693065131056 1.19679720136754 1.24666375142452 1.2965303014815 1.34639685153848 1.39626340159546 1.44612995165244 1.49599650170942 1.54586305176641 1.59572960182339 1.64559615188037 1.69546270193735 1.74532925199433 1.79519580205131 1.84506235210829 1.89492890216527 1.94479545222225 1.99466200227923 2.04452855233621 2.09439510239319 2.14426165245018 2.19412820250716 2.24399475256414 2.29386130262112 2.3437278526781 2.39359440273508 2.44346095279206 2.49332750284904 2.54319405290602 2.59306060296301 2.64292715301999 2.69279370307697 2.74266025313395 2.79252680319093 2.84239335324791 2.89225990330489 2.94212645336187 2.99199300341885 3.04185955347583 3.09172610353282 3.1415926535898 3.19145920364678 3.24132575370376 3.29119230376074 3.34105885381772 3.3909254038747 3.44079195393168 3.49065850398866 3.54052505404564 3.59039160410263 3.64025815415961 3.69012470421659 3.73999125427357 3.78985780433055 3.83972435438753 3.88959090444451 3.93945745450149 3.98932400455847 4.03919055461546 4.08905710467244 4.13892365472942 4.1887902047864 4.23865675484338 4.28852330490036 4.33838985495734 4.38825640501432 4.4381229550713 4.48798950512828 4.53785605518527 4.58772260524225 4.63758915529923 4.68745570535621 4.73732225541319 4.78718880547017 4.83705535552715 4.88692190558413 4.93678845564111 4.9866550056981 5.03652155575508 5.08638810581206 5.13625465586904 5.18612120592602 5.235987755983 5.28585430603998 5.33572085609696 5.38558740615394 5.43545395621092 5.48532050626791 5.53518705632489 5.58505360638187 5.63492015643885 5.68478670649583 5.73465325655281 5.78451980660979 5.83438635666677 5.88425290672375 5.93411945678073 5.98398600683772 6.0338525568947 6.08371910695168 6.13358565700866 6.18345220706564 6.23331875712262 6.28318530717959 
Surfaces 52
1 -41 -15 0 1 0 -0 0 0 1 0 -1 0 
1 -41 -15 16 0 0 1 1 0 -0 -0 1 0 
2 -39 -13 0 0 0 1 -1 -0 0 0 -1 0 2
2 -39 13 0 0 0 1 -1 -0 0 -0 1 -0 2
1 -41 -15 0 0 0 1 1 0 -0 -0 1 0 
1 -41 -15 0 -0 1 0 0 0 1 1 0 -0 
1 -41 15 0 -0 1 0 0 0 1 1 0 -0 
2 39 -13 0 0 0 1 1 0 -0 0 -1 -0 2
2 39 13 0 0 0 1 1 0 -0 -0 1 0 2
1 41 -15 0 1 0 -0 0 0 1 0 -1 0 
2 -25 -4 -1 0 0 1 1 0 -0 -0 1 0 2.5249999999999999
1 -15 -2.4750000000000014 -2 1.1102230246251565e-16 1 0 0 0 1 1 -1.1102230246251565e-16 0 
2 -25 -4 -1 0 0 1 1 0 -0 -0 1 0 2.5249999999999999
2 0 -4 -1 0 0 1 1 0 -0 -0 1 0 2.5499999999999998
1 10 -2.4500000000000011 -2 1.1102230246251565e-16 1 0 0 0 1 1 -1.1102230246251565e-16 0 
2 0 -4 -1 0 0 1 1 0 -0 -0 1 0 2.5499999999999998
2 25 -4 -1 0 0 1 1 0 -0 -0 1 0 2.6000000000000001
1 35 -2.4000000000000012 -2 1.1102230246251565e-16 1 0 0 0 1 1 -1.1102230246251565e-16 0 
2 25 -4 -1 0 0 1 1 0 -0 -0 1 0 2.6000000000000001
2 -25 8 -1 0 0 1 1 0 -0 -0 1 0 1.6000000000000001
2 0 8 -1 0 0 1 1 0 -0 -0 1 0 1.6499999999999999
2 25 8 -1 0 0 1 1 0 -0 -0 1 0 1.7
1 25 8 13 0 0 1 1 0 -0 -0 1 0 
2 25 8 13 0 0 1 1 0 -0 -0 1 0 3.1000000000000001
1 0 8 13 0 0 1 1 0 -0 -0 1 0 
2 0 8 13 0 0 1 1 0 -0 -0 1 0 3.1000000000000001
1 -25 8 13 0 0 1 1 0 -0 -0 1 0 
2 -25 8 13 0 0 1 1 0 -0 -0 1 0 3.1000000000000001
1 25 -4 3.4900000000000002 0 0 1 1 0 -0 -0 1 0 
2 25 -4 3.4900000000000002 0 0 1 1 0 -0 -0 1 0 2.6000000000000001
1 25 -4 9.6999999999999993 0 0 1 1 0 -0 -0 1 0 
2 25 -4 9.6999999999999993 0 0 1 1 0 -0 -0 1 0 5.6500000000000004
1 0 -4 3.4900000000000002 0 0 1 1 0 -0 -0 1 0 
2 0 -4 3.4900000000000002 0 0 1 1 0 -0 -0 1 0 2.5499999999999998
1 0 -4 9.6999999999999993 0 0 1 1 0 -0 -0 1 0 
2 0 -4 9.6999999999999993 0 0 1 1 0 -0 -0 1 0 5.5999999999999996
1 -25 -4 3.4900000000000002 0 0 1 1 0 -0 -0 1 0 
2 -25 -4 3.4900000000000002 0 0 1 1 0 -0 -0 1 0 2.5249999999999999
1 -25 -4 9.6999999999999993 0 0 1 1 0 -0 -0 1 0 
2 -25 -4 9.6999999999999993 0 0 1 1 0 -0 -0 1 0 5.5499999999999998
2 -25 -12.5 15.199999999999999 0 0 1 1 0 -0 -0 1 0 0.65000000000000002
2 -1.25 -12.5 15.199999999999999 0 0 1 1 0 -0 -0 1 0 0.65000000000000002
2 1.25 -12.5 15.199999999999999 0 0 1 1 0 -0 -0 1 0 0.65000000000000002
2 22.5 -12.5 15.199999999999999 0 0 1 1 0 -0 -0 1 0 0.65000000000000002
2 25 -12.5 15.199999999999999 0 0 1 1 0 -0 -0 1 0 0.65000000000000002
2 27.5 -12.5 15.199999999999999 0 0 1 1 0 -0 -0 1 0 0.65000000000000002
1 27.5 -12.5 15.199999999999999 0 0 1 1 0 -0 -0 1 0 
1 25 -12.5 15.199999999999999 0 0 1 1 0 -0 -0 1 0 
1 22.5 -12.5 15.199999999999999 0 0 1 1 0 -0 -0 1 0 
1 1.25 -12.5 15.199999999999999 0 0 1 1 0 -0 -0 1 0 
1 -1.25 -12.5 15.199999999999999 0 0 1 1 0 -0 -0 1 0 
1 -25 -12.5 15.199999999999999 0 0 1 1 0 -0 -0 1 0 
Triangulations 46
4 2 1 0 8.88178419700125e-16
-41 -13 16 -41 13 16 -41 -13 0 -41 13 0 16 -2 16 -28 0 -2 0 -28 1 3 4 1 4 2 
1644 1666 1 0 2.13901688873227e-14
-41 -13 16 -41 13 16 -40.9975909124103 -13.0981353486548 16 -40.9903694533444 -13.1960342806591 16 -40.9783530199296 -13.2934609489107 16 -40.9615705608065 -13.3901806440323 16 -40.9400625063891 -13.4859603598065 16 -40.9138806714644 -13.5805693545089 16 -40.883088130366 -13.6737797067844 16 -40.8477590650226 -13.7653668647302 16 -40.8079785862469 -13.8551101868606 16 -40.7638425286967 -13.942793473652 16 -40.7154572200005 -14.0282054883864 16 -40.6629392246051 -14.1111404660392 16 -40.6064150629613 -14.1913986089849 16 -40.5460209067255 -14.2687865683273 16 -40.4819022507099 -14.343117909694 16 -40.4142135623731 -14.4142135623731 16 -40.343117909694 -14.4819022507099 16 -40.2687865683273 -14.5460209067255 16 -40.1913986089849 -14.6064150629613 16 -40.1111404660392 -14.6629392246051 16 -40.0282054883864 -14.7154572200005 16 -39.942793473652 -14.7638425286967 16 -39.8551101868606 -14.8079785862469 16 -39.7653668647302 -14.8477590650226 16 -39.6737797067845 -14.883088130366 16 -39.5805693545089 -14.9138806714644 16 -39.4859603598065 -14.9400625063891 16 -39.3901806440323 -14.9615705608065 16 -39.2934609489107 -14.9783530199296 16 -39.1960342806591 -14.9903694533444 16 -39.0981353486548 -14.9975909124103 16 -39 -15 16 39 -15 16 41 -13 16 40.9975909124103 -13.0981353486548 16 40.9903694533444 -13.1960342806591 16 40.9783530199296 -13.2934609489107 16 40.9615705608065 -13.3901806440323 16 40.9400625063891 -13.4859603598065 16 40.9138806714644 -13.5805693545089 16 40.883088130366 -13.6737797067844 16 40.8477590650226 -13.7653668647302 16 40.8079785862469 -13.8551101868606 16 40.7638425286967 -13.942793473652 16 40.7154572200005 -14.0282054883864 16 40.6629392246051 -14.1111404660392 16 40.6064150629613 -14.1913986089849 16 40.5460209067255 -14.2687865683273 16 40.4819022507099 -14.343117909694 16 40.4142135623731 -14.4142135623731 16 40.343117909694 -14.4819022507099 16 40.2687865683273 -14.5460209067255 16 40.1913986089849 -14.6064150629613 16 40.1111404660392 -14.6629392246051 16 40.0282054883864 -14.7154572200005 16 39.942793473652 -14.7638425286967 16 39.8551101868606 -14.8079785862469 16 39.7653668647302 -14.8477590650226 16 39.6737797067845 -14.883088130366 16 39.5805693545089 -14.9138806714644 16 39.4859603598065 -14.9400625063891 16 39.3901806440323 -14.9615705608065 16 39.2934609489107 -14.9783530199296 16 39.1960342806591 -14.9903694533444 16 39.0981353486548 -14.9975909124103 16 41 13 16 40.9975909124103 13.0981353486548 16 40.9903694533444 13.1960342806591 16 40.9783530199296 13.2934609489107 16 40.9615705608065 13.3901806440323 16 40.9400625063891 13.4859603598065 16 40.9138806714644 13.5805693545089 16 40.883088130366 13.6737797067844 16 40.8477590650226 13.7653668647302 16 40.8079785862469 13.8551101868606 16 40.7638425286967 13.942793473652 16 40.7154572200005 14.0282054883864 16 40.6629392246051 14.1111404660392 16 40.6064150629613 14.1913986089849 16 40.5460209067255 14.2687865683273 16 40.4819022507099 14.343117909694 16 40.4142135623731 14.4142135623731 16 40.343117909694 14.4819022507099 16 40.2687865683273 14.5460209067255 16 40.1913986089849 14.6064150629613 16 40.1111404660392 14.6629392246051 16 40.0282054883864 14.7154572200005 16 39.942793473652 14.7638425286967 16 39.8551101868606 14.8079785862469 16 39.7653668647302 14.8477590650226 16 39.6737797067844 14.883088130366 16 39.5805693545089 14.9138806714644 16 39.4859603598065 14.9400625063891 16 39.3901806440323 14.9615705608065 16 39.2934609489107 14.9783530199296 16 39.1960342806591 14.9903694533444 16 39.0981353486548 14.9975909124103 16 39 15 16 -39 15 16 -40.9975909124103 13.0981353486548 16 -40.9903694533444 13.1960342806591 16 -40.9783530199296 13.2934609489107 16 -40.9615705608065 13.3901806440323 16 -40.9400625063891 13.4859603598065 16 -40.9138806714644 13.5805693545089 16 -40.883088130366 13.6737797067844 16 -40.8477590650226 13.7653668647302 16 -40.8079785862469 13.8551101868606 16 -40.7638425286967 13.942793473652 16 -40.7154572200005 14.0282054883864 16 -40.6629392246051 14.1111404660392 16 -40.6064150629613 14.1913986089849 16 -40.5460209067255 14.2687865683273 16 -40.4819022507099 14.343117909694 16 -40.4142135623731 14.4142135623731 16 -40.343117909694 14.4819022507099 16 -40.2687865683273 14.5460209067255 16 -40.1913986089849 14.6064150629613 16 -40.1111404660392 14.6629392246051 16 -40.0282054883864 14.7154572200005 16 -39.942793473652 14.7638425286967 16 -39.8551101868606 14.8079785862469 16 -39.7653668647302 14.8477590650226 16 -39.6737797067844 14.883088130366 16 -39.5805693545089 14.9138806714644 16 -39.4859603598065 14.9400625063891 16 -39.3901806440323 14.9615705608065 16 -39.2934609489107 14.9783530199296 16 -39.1960342806591 14.9903694533444 16 -39.0981353486548 14.9975909124103 16 -24.35 -12.5 16 -24.3508080012077 -12.4676001743205 16 -24.3532299960125 -12.4352808997127 16 -24.3572599629537 -12.4031225269855 16 -24.3628878828984 -12.3712050069204 16 -24.3700997639511 -12.3396076915013 16 -24.378877676239 -12.3084091366329 16 -24.3891997964892 -12.2776869068383 16 -24.4010404622842 -12.2475173824214 16 -24.4143702358634 -12.2179755695736 16 -24.4291559773093 -12.1891349138961 16 -24.4453609269391 -12.1610671178033 16 -24.4629447966946 -12.1338419622586 16 -24.4818638703051 -12.1075271332884 16 -24.5020711119727 -12.0821880537037 16 -24.5235162833106 -12.0578877204489 16 -24.5461460682441 -12.0346865479812 16 -24.569904205562 -12.012642218071 16 -24.5947316287918 -11.9918095363958 16 -24.6205666130474 -11.9722402962847 16 -24.6473449284873 -11.953983149952 16 -24.675 -11.9370834875401 16 -24.7034630727204 -11.9215833242725 16 -24.7326633829651 -11.9075211959974 16 -24.7625283341618 -11.8949320633813 16 -24.7929836773364 -11.8838472249914 16 -24.823953695707 -11.8742942394825 16 -24.8553613929284 -11.8662968570818 16 -24.8871286845165 -11.8598749605421 16 -24.9191765919791 -11.8550445157099 16 -24.9514254391688 -11.8518175318322 16 -24.9837950503703 -11.8502020316995 16 -25.0162049496297 -11.8502020316995 16 -25.0485745608312 -11.8518175318322 16 -25.0808234080209 -11.8550445157099 16 -25.1128713154835 -11.8598749605421 16 -25.1446386070716 -11.8662968570818 16 -25.176046304293 -11.8742942394825 16 -25.2070163226636 -11.8838472249914 16 -25.2374716658382 -11.8949320633813 16 -25.2673366170349 -11.9075211959974 16 -25.2965369272796 -11.9215833242725 16 -25.325 -11.9370834875401 16 -25.3526550715127 -11.953983149952 16 -25.3794333869526 -11.9722402962847 16 -25.4052683712082 -11.9918095363958 16 -25.430095794438 -12.012642218071 16 -25.4538539317559 -12.0346865479812 16 -25.4764837166894 -12.0578877204489 16 -25.4979288880273 -12.0821880537037 16 -25.5181361296949 -12.1075271332884 16 -25.5370552033054 -12.1338419622586 16 -25.5546390730609 -12.1610671178033 16 -25.5708440226907 -12.1891349138961 16 -25.5856297641366 -12.2179755695736 16 -25.5989595377158 -12.2475173824214 16 -25.6108002035108 -12.2776869068383 16 -25.621122323761 -12.3084091366329 16 -25.6299002360489 -12.3396076915013 16 -25.6371121171016 -12.3712050069204 16 -25.6427400370463 -12.4031225269855 16 -25.6467700039875 -12.4352808997127 16 -25.6491919987923 -12.4676001743205 16 -25.65 -12.5 16 -25.6491919987923 -12.5323998256795 16 -25.6467700039875 -12.5647191002873 16 -25.6427400370463 -12.5968774730145 16 -25.6371121171016 -12.6287949930796 16 -25.6299002360489 -12.6603923084987 16 -25.621122323761 -12.6915908633671 16 -25.6108002035108 -12.7223130931617 16 -25.5989595377158 -12.7524826175786 16 -25.5856297641366 -12.7820244304264 16 -25.5708440226906 -12.8108650861039 16 -25.5546390730609 -12.8389328821967 16 -25.5370552033054 -12.8661580377414 16 -25.5181361296949 -12.8924728667116 16 -25.4979288880273 -12.9178119462963 16 -25.4764837166894 -12.9421122795511 16 -25.4538539317559 -12.9653134520188 16 -25.430095794438 -12.987357781929 16 -25.4052683712082 -13.0081904636042 16 -25.3794333869526 -13.0277597037153 16 -25.3526550715127 -13.046016850048 16 -25.325 -13.0629165124599 16 -25.2965369272796 -13.0784166757275 16 -25.2673366170349 -13.0924788040026 16 -25.2374716658382 -13.1050679366187 16 -25.2070163226636 -13.1161527750086 16 -25.1760463042929 -13.1257057605175 16 -25.1446386070716 -13.1337031429182 16 -25.1128713154835 -13.1401250394579 16 -25.0808234080209 -13.1449554842901 16 -25.0485745608312 -13.1481824681678 16 -25.0162049496297 -13.1497979683005 16 -24.9837950503702 -13.1497979683005 16 -24.9514254391688 -13.1481824681678 16 -24.9191765919791 -13.1449554842901 16 -24.8871286845165 -13.1401250394579 16 -24.8553613929284 -13.1337031429182 16 -24.823953695707 -13.1257057605175 16 -24.7929836773364 -13.1161527750086 16 -24.7625283341618 -13.1050679366187 16 -24.7326633829651 -13.0924788040026 16 -24.7034630727204 -13.0784166757275 16 -24.675 -13.0629165124599 16 -24.6473449284873 -13.046016850048 16 -24.6205666130474 -13.0277597037153 16 -24.5947316287918 -13.0081904636042 16 -24.569904205562 -12.987357781929 16 -24.546146068244 -12.9653134520188 16 -24.5235162833106 -12.9421122795511 16 -24.5020711119727 -12.9178119462962 16 -24.4818638703051 -12.8924728667116 16 -24.4629447966946 -12.8661580377413 16 -24.4453609269391 -12.8389328821967 16 -24.4291559773093 -12.8108650861038 16 -24.4143702358634 -12.7820244304264 16 -24.4010404622842 -12.7524826175785 16 -24.3891997964892 -12.7223130931617 16 -24.378877676239 -12.6915908633671 16 -24.3700997639511 -12.6603923084987 16 -24.3628878828984 -12.6287949930796 16 -24.3572599629537 -12.5968774730145 16 -24.3532299960125 -12.5647191002873 16 -24.3508080012077 -12.5323998256794 16 -0.6 -12.5 16 -0.600808001207701 -12.4676001743205 16 -0.603229996012489 -12.4352808997127 16 -0.607259962953666 -12.4031225269855 16 -0.612887882898447 -12.3712050069204 16 -0.620099763951099 -12.3396076915013 16 -0.628877676239009 -12.3084091366329 16 -0.63919979648916 -12.2776869068383 16 -0.651040462284235 -12.2475173824214 16 -0.664370235863428 -12.2179755695736 16 -0.679155977309351 -12.1891349138961 16 -0.695360926939099 -12.1610671178033 16 -0.712944796694603 -12.1338419622586 16 -0.7318638703051 -12.1075271332884 16 -0.752071111972664 -12.0821880537037 16 -0.773516283310613 -12.0578877204489 16 -0.796146068244053 -12.0346865479812 16 -0.819904205562041 -12.012642218071 16 -0.844731628791823 -11.9918095363958 16 -0.870566613047386 -11.9722402962847 16 -0.897344928487256 -11.953983149952 16 -0.925 -11.9370834875401 16 -0.953463072720444 -11.9215833242725 16 -0.982663382965102 -11.9075211959974 16 -1.01252833416184 -11.8949320633813 16 -1.0429836773364 -11.8838472249914 16 -1.07395369570705 -11.8742942394825 16 -1.1053613929284 -11.8662968570818 16 -1.13712868451649 -11.8598749605421 16 -1.16917659197913 -11.8550445157099 16 -1.20142543916882 -11.8518175318322 16 -1.23379505037025 -11.8502020316995 16 -1.26620494962975 -11.8502020316995 16 -1.29857456083118 -11.8518175318322 16 -1.33082340802086 -11.8550445157099 16 -1.3628713154835 -11.8598749605421 16 -1.3946386070716 -11.8662968570818 16 -1.42604630429295 -11.8742942394825 16 -1.45701632266359 -11.8838472249914 16 -1.48747166583816 -11.8949320633813 16 -1.5173366170349 -11.9075211959974 16 -1.54653692727956 -11.9215833242725 16 -1.575 -11.9370834875401 16 -1.60265507151274 -11.953983149952 16 -1.62943338695261 -11.9722402962847 16 -1.65526837120818 -11.9918095363958 16 -1.68009579443796 -12.012642218071 16 -1.70385393175595 -12.0346865479812 16 -1.72648371668939 -12.0578877204489 16 -1.74792888802734 -12.0821880537037 16 -1.7681361296949 -12.1075271332884 16 -1.7870552033054 -12.1338419622586 16 -1.8046390730609 -12.1610671178033 16 -1.82084402269065 -12.1891349138961 16 -1.83562976413657 -12.2179755695736 16 -1.84895953771577 -12.2475173824214 16 -1.86080020351084 -12.2776869068383 16 -1.87112232376099 -12.3084091366329 16 -1.8799002360489 -12.3396076915013 16 -1.88711211710155 -12.3712050069204 16 -1.89274003704633 -12.4031225269855 16 -1.89677000398751 -12.4352808997127 16 -1.8991919987923 -12.4676001743205 16 -1.9 -12.5 16 -1.8991919987923 -12.5323998256795 16 -1.89677000398751 -12.5647191002873 16 -1.89274003704633 -12.5968774730145 16 -1.88711211710155 -12.6287949930796 16 -1.8799002360489 -12.6603923084987 16 -1.87112232376099 -12.6915908633671 16 -1.86080020351084 -12.7223130931617 16 -1.84895953771576 -12.7524826175786 16 -1.83562976413657 -12.7820244304264 16 -1.82084402269065 -12.8108650861039 16 -1.8046390730609 -12.8389328821967 16 -1.78705520330539 -12.8661580377414 16 -1.7681361296949 -12.8924728667116 16 -1.74792888802733 -12.9178119462963 16 -1.72648371668938 -12.9421122795511 16 -1.70385393175594 -12.9653134520188 16 -1.68009579443796 -12.987357781929 16 -1.65526837120817 -13.0081904636042 16 -1.62943338695261 -13.0277597037153 16 -1.60265507151274 -13.046016850048 16 -1.575 -13.0629165124599 16 -1.54653692727955 -13.0784166757275 16 -1.51733661703489 -13.0924788040026 16 -1.48747166583815 -13.1050679366187 16 -1.45701632266359 -13.1161527750086 16 -1.42604630429295 -13.1257057605175 16 -1.3946386070716 -13.1337031429182 16 -1.3628713154835 -13.1401250394579 16 -1.33082340802086 -13.1449554842901 16 -1.29857456083117 -13.1481824681678 16 -1.26620494962974 -13.1497979683005 16 -1.23379505037025 -13.1497979683005 16 -1.20142543916882 -13.1481824681678 16 -1.16917659197913 -13.1449554842901 16 -1.13712868451649 -13.1401250394579 16 -1.10536139292839 -13.1337031429182 16 -1.07395369570704 -13.1257057605175 16 -1.0429836773364 -13.1161527750086 16 -1.01252833416184 -13.1050679366187 16 -0.982663382965096 -13.0924788040026 16 -0.953463072720437 -13.0784166757275 16 -0.924999999999993 -13.0629165124599 16 -0.89734492848725 -13.046016850048 16 -0.87056661304738 -13.0277597037153 16 -0.844731628791817 -13.0081904636042 16 -0.819904205562035 -12.987357781929 16 -0.796146068244047 -12.9653134520188 16 -0.773516283310607 -12.9421122795511 16 -0.752071111972659 -12.9178119462962 16 -0.731863870305095 -12.8924728667116 16 -0.712944796694598 -12.8661580377413 16 -0.695360926939094 -12.8389328821967 16 -0.679155977309347 -12.8108650861038 16 -0.664370235863424 -12.7820244304264 16 -0.651040462284231 -12.7524826175785 16 -0.639199796489156 -12.7223130931617 16 -0.628877676239006 -12.6915908633671 16 -0.620099763951097 -12.6603923084987 16 -0.612887882898445 -12.6287949930796 16 -0.607259962953665 -12.5968774730145 16 -0.603229996012488 -12.5647191002873 16 -0.6008080012077 -12.5323998256794 16 -19.45 -4 16 -19.456899087235 -3.72335533458313 16 -19.477579196722 -3.44739845139322 16 -19.5119889144505 -3.17281542272223 16 -19.5600426924406 -2.90028890524334 16 -19.6216210614286 -2.63049644281887 16 -19.6965709278869 -2.36410878201948 16 -19.7847059546382 -2.10178820454254 16 -19.8858070241192 -1.84418688067544 16 -19.9996227831416 -1.59194524789755 16 -20.1258702677952 -1.34569041865168 16 -20.2642356069415 -1.10603462124379 16 -20.4143748025462 -0.873573677746898 16 -20.5759145849128 -0.648885522693601 16 -20.7484533406897 -0.432528766239707 16 -20.9315621113445 -0.225041305371398 16 -21.1247856596223 -0.0269389866085632 16 -21.3276436013374 0.161285676470923 16 -21.539631599684 0.339164727697565 16 -21.7602226190969 0.506255931723002 16 -21.988868235545 0.66214387348678 16 -22.225 0.806440991003633 16 -22.4680308516899 0.938788538903649 16 -22.7173565776251 1.05885748032979 16 -22.9723573147665 1.16634930497533 16 -23.2323990911032 1.26099677122758 16 -23.4968354018063 1.34256457057257 16 -23.7650088165425 1.41084991260912 16 -24.0362526139485 1.46568302921775 16 -24.3098924392065 1.50692759663095 16 -24.5852479805953 1.53448107435555 16 -24.8616346608537 1.54827496010453 16 -25.1383653391463 1.54827496010453 16 -25.4147520194047 1.53448107435555 16 -25.6901075607935 1.50692759663096 16 -25.9637473860515 1.46568302921775 16 -26.2349911834575 1.41084991260912 16 -26.5031645981937 1.34256457057257 16 -26.7676009088968 1.26099677122758 16 -27.0276426852335 1.16634930497534 16 -27.2826434223749 1.05885748032979 16 -27.5319691483101 0.938788538903653 16 -27.775 0.806440991003636 16 -28.011131764455 0.662143873486783 16 -28.2397773809031 0.506255931723004 16 -28.460368400316 0.339164727697566 16 -28.6723563986626 0.161285676470924 16 -28.8752143403777 -0.0269389866085641 16 -29.0684378886555 -0.225041305371399 16 -29.2515466593103 -0.43252876623971 16 -29.4240854150872 -0.648885522693604 16 -29.5856251974538 -0.873573677746903 16 -29.7357643930585 -1.10603462124379 16 -29.8741297322048 -1.34569041865169 16 -30.0003772168584 -1.59194524789756 16 -30.1141929758808 -1.84418688067545 16 -30.2152940453618 -2.10178820454255 16 -30.3034290721131 -2.36410878201949 16 -30.3783789385714 -2.63049644281888 16 -30.4399573075594 -2.90028890524336 16 -30.4880110855495 -3.17281542272225 16 -30.522420803278 -3.44739845139323 16 -30.543100912765 -3.72335533458315 16 -30.55 -4.00000000000002 16 -30.543100912765 -4.27664466541689 16 -30.522420803278 -4.5526015486068 16 -30.4880110855495 -4.82718457727779 16 -30.4399573075594 -5.09971109475668 16 -30.3783789385714 -5.36950355718115 16 -30.3034290721131 -5.63589121798054 16 -30.2152940453618 -5.89821179545749 16 -30.1141929758808 -6.15581311932458 16 -30.0003772168584 -6.40805475210247 16 -29.8741297322048 -6.65430958134834 16 -29.7357643930584 -6.89396537875624 16 -29.5856251974538 -7.12642632225313 16 -29.4240854150872 -7.35111447730643 16 -29.2515466593103 -7.56747123376032 16 -29.0684378886555 -7.77495869462863 16 -28.8752143403777 -7.97306101339146 16 -28.6723563986625 -8.16128567647095 16 -28.4603684003159 -8.33916472769759 16 -28.239777380903 -8.50625593172303 16 -28.0111317644549 -8.6621438734868 16 -27.775 -8.80644099100365 16 -27.53196914831 -8.93878853890367 16 -27.2826434223749 -9.0588574803298 16 -27.0276426852334 -9.16634930497535 16 -26.7676009088968 -9.2609967712276 16 -26.5031645981936 -9.34256457057258 16 -26.2349911834575 -9.41084991260913 16 -25.9637473860514 -9.46568302921776 16 -25.6901075607935 -9.50692759663096 16 -25.4147520194046 -9.53448107435555 16 -25.1383653391463 -9.54827496010453 16 -24.8616346608536 -9.54827496010453 16 -24.5852479805953 -9.53448107435555 16 -24.3098924392064 -9.50692759663095 16 -24.0362526139485 -9.46568302921774 16 -23.7650088165424 -9.41084991260911 16 -23.4968354018063 -9.34256457057255 16 -23.2323990911031 -9.26099677122756 16 -22.9723573147665 -9.16634930497531 16 -22.7173565776251 -9.05885748032976 16 -22.4680308516899 -8.93878853890362 16 -22.2249999999999 -8.8064409910036 16 -21.988868235545 -8.66214387348675 16 -21.7602226190969 -8.50625593172296 16 -21.539631599684 -8.33916472769752 16 -21.3276436013374 -8.16128567647088 16 -21.1247856596222 -7.97306101339139 16 -20.9315621113444 -7.77495869462855 16 -20.7484533406896 -7.56747123376024 16 -20.5759145849127 -7.35111447730634 16 -20.4143748025462 -7.12642632225304 16 -20.2642356069415 -6.89396537875615 16 -20.1258702677952 -6.65430958134825 16 -19.9996227831415 -6.40805475210238 16 -19.8858070241192 -6.15581311932448 16 -19.7847059546382 -5.89821179545739 16 -19.6965709278869 -5.63589121798044 16 -19.6216210614286 -5.36950355718105 16 -19.5600426924406 -5.09971109475658 16 -19.5119889144505 -4.82718457727769 16 -19.477579196722 -4.5526015486067 16 -19.456899087235 -4.27664466541678 16 5.6 -4 16 5.59303875882596 -3.7208630403001 16 5.57217234204625 -3.44242005906343 16 5.53745262686072 -3.16536330941342 16 5.48896593195184 -2.89038159808337 16 5.42683280288284 -2.61815857293436 16 5.35120771240239 -2.34937102329894 16 5.26227867640109 -2.08468719737626 16 5.16026678647428 -1.82476514086171 16 5.04542566025355 -1.57025106094167 16 4.91804081087328 -1.32177771972062 16 4.77842893714007 -1.07996286107481 16 4.62693713616957 -0.845407674843717 16 4.46394204044837 -0.618695302177327 16 4.28984888146628 -0.400389385755381 16 4.10509048224703 -0.191032668482852 16 3.91012618128201 0.00885435585442274 16 3.70544069054241 0.19877473661931 16 3.49154289040891 0.378256301820966 16 3.26896456451482 0.546852832008795 16 3.03825907764825 0.704145169644319 16 2.8 0.849742261192855 16 2.55477968117771 0.983282129344223 16 2.30320777753143 1.10443277294537 16 2.04590973645181 1.21289299240754 16 1.78352524140943 1.30839313853594 16 1.51670662160083 1.39069578292007 16 1.24611723015536 1.45959630821821 16 0.972429794934813 1.51492341686836 16 0.69632474602592 1.55653955696096 16 0.418488524083979 1.58434126421461 16 0.139611873733211 1.59825941920457 16 -0.139611873733205 1.59825941920457 16 -0.418488524083972 1.58434126421461 16 -0.696324746025913 1.55653955696096 16 -0.972429794934806 1.51492341686837 16 -1.24611723015536 1.45959630821821 16 -1.51670662160082 1.39069578292007 16 -1.78352524140943 1.30839313853594 16 -2.04590973645181 1.21289299240755 16 -2.30320777753142 1.10443277294537 16 -2.55477968117771 0.983282129344226 16 -2.8 0.849742261192858 16 -3.03825907764825 0.704145169644321 16 -3.26896456451482 0.546852832008796 16 -3.49154289040891 0.378256301820967 16 -3.70544069054241 0.198774736619311 16 -3.91012618128201 0.00885435585442185 16 -4.10509048224703 -0.191032668482854 16 -4.28984888146628 -0.400389385755383 16 -4.46394204044837 -0.61869530217733 16 -4.62693713616957 -0.845407674843722 16 -4.77842893714007 -1.07996286107482 16 -4.91804081087328 -1.32177771972063 16 -5.04542566025355 -1.57025106094168 16 -5.16026678647429 -1.82476514086172 16 -5.26227867640109 -2.08468719737627 16 -5.35120771240239 -2.34937102329895 16 -5.42683280288284 -2.61815857293437 16 -5.48896593195185 -2.89038159808339 16 -5.53745262686072 -3.16536330941344 16 -5.57217234204625 -3.44242005906344 16 -5.59303875882597 -3.72086304030011 16 -5.6 -4.00000000000002 16 -5.59303875882596 -4.27913695969992 16 -5.57217234204625 -4.55757994093659 16 -5.53745262686072 -4.8346366905866 16 -5.48896593195184 -5.10961840191665 16 -5.42683280288283 -5.38184142706567 16 -5.35120771240238 -5.65062897670109 16 -5.26227867640108 -5.91531280262377 16 -5.16026678647427 -6.17523485913832 16 -5.04542566025353 -6.42974893905835 16 -4.91804081087326 -6.67822228027941 16 -4.77842893714006 -6.92003713892522 16 -4.62693713616955 -7.15459232515631 16 -4.46394204044835 -7.3813046978227 16 -4.28984888146625 -7.59961061424465 16 -4.105090482247 -7.80896733151717 16 -3.91012618128198 -8.00885435585445 16 -3.70544069054238 -8.19877473661934 16 -3.49154289040888 -8.37825630182099 16 -3.26896456451479 -8.54685283200882 16 -3.03825907764822 -8.70414516964434 16 -2.79999999999996 -8.84974226119288 16 -2.55477968117767 -8.98328212934424 16 -2.30320777753138 -9.10443277294539 16 -2.04590973645177 -9.21289299240756 16 -1.78352524140939 -9.30839313853595 16 -1.51670662160078 -9.39069578292008 16 -1.24611723015531 -9.45959630821822 16 -0.972429794934761 -9.51492341686837 16 -0.696324746025866 -9.55653955696097 16 -0.418488524083924 -9.58434126421461 16 -0.139611873733155 -9.59825941920457 16 0.139611873733262 -9.59825941920457 16 0.418488524084031 -9.5843412642146 16 0.696324746025973 -9.55653955696096 16 0.972429794934866 -9.51492341686835 16 1.24611723015542 -9.4595963082182 16 1.51670662160089 -9.39069578292005 16 1.78352524140949 -9.30839313853592 16 2.04590973645187 -9.21289299240752 16 2.30320777753148 -9.10443277294534 16 2.55477968117777 -8.98328212934419 16 2.80000000000006 -8.84974226119282 16 3.03825907764831 -8.70414516964428 16 3.26896456451488 -8.54685283200876 16 3.49154289040896 -8.37825630182092 16 3.70544069054246 -8.19877473661927 16 3.91012618128206 -8.00885435585437 16 4.10509048224708 -7.8089673315171 16 4.28984888146632 -7.59961061424456 16 4.46394204044841 -7.38130469782261 16 4.62693713616961 -7.15459232515622 16 4.77842893714011 -6.92003713892512 16 4.91804081087332 -6.67822228027931 16 5.04542566025358 -6.42974893905826 16 5.16026678647431 -6.17523485913822 16 5.26227867640111 -5.91531280262367 16 5.35120771240241 -5.65062897670099 16 5.42683280288286 -5.38184142706556 16 5.48896593195186 -5.10961840191654 16 5.53745262686073 -4.83463669058649 16 5.57217234204626 -4.55757994093649 16 5.59303875882597 -4.27913695969982 16 1.9 -12.5 16 1.8991919987923 -12.4676001743205 16 1.89677000398751 -12.4352808997127 16 1.89274003704633 -12.4031225269855 16 1.88711211710155 -12.3712050069204 16 1.8799002360489 -12.3396076915013 16 1.87112232376099 -12.3084091366329 16 1.86080020351084 -12.2776869068383 16 1.84895953771577 -12.2475173824214 16 1.83562976413657 -12.2179755695736 16 1.82084402269065 -12.1891349138961 16 1.8046390730609 -12.1610671178033 16 1.7870552033054 -12.1338419622586 16 1.7681361296949 -12.1075271332884 16 1.74792888802734 -12.0821880537037 16 1.72648371668939 -12.0578877204489 16 1.70385393175595 -12.0346865479812 16 1.68009579443796 -12.012642218071 16 1.65526837120818 -11.9918095363958 16 1.62943338695261 -11.9722402962847 16 1.60265507151274 -11.953983149952 16 1.575 -11.9370834875401 16 1.54653692727956 -11.9215833242725 16 1.5173366170349 -11.9075211959974 16 1.48747166583816 -11.8949320633813 16 1.4570163226636 -11.8838472249914 16 1.42604630429295 -11.8742942394825 16 1.3946386070716 -11.8662968570818 16 1.36287131548351 -11.8598749605421 16 1.33082340802087 -11.8550445157099 16 1.29857456083118 -11.8518175318322 16 1.26620494962975 -11.8502020316995 16 1.23379505037025 -11.8502020316995 16 1.20142543916882 -11.8518175318322 16 1.16917659197914 -11.8550445157099 16 1.1371286845165 -11.8598749605421 16 1.1053613929284 -11.8662968570818 16 1.07395369570705 -11.8742942394825 16 1.04298367733641 -11.8838472249914 16 1.01252833416184 -11.8949320633813 16 0.982663382965103 -11.9075211959974 16 0.953463072720445 -11.9215833242725 16 0.925 -11.9370834875401 16 0.897344928487257 -11.953983149952 16 0.870566613047387 -11.9722402962847 16 0.844731628791823 -11.9918095363958 16 0.819904205562041 -12.012642218071 16 0.796146068244052 -12.0346865479812 16 0.773516283310613 -12.0578877204489 16 0.752071111972664 -12.0821880537037 16 0.7318638703051 -12.1075271332884 16 0.712944796694603 -12.1338419622586 16 0.695360926939098 -12.1610671178033 16 0.679155977309351 -12.1891349138961 16 0.664370235863427 -12.2179755695736 16 0.651040462284235 -12.2475173824214 16 0.639199796489159 -12.2776869068383 16 0.628877676239008 -12.3084091366329 16 0.620099763951099 -12.3396076915013 16 0.612887882898446 -12.3712050069204 16 0.607259962953666 -12.4031225269855 16 0.603229996012489 -12.4352808997127 16 0.6008080012077 -12.4676001743205 16 0.6 -12.5 16 0.600808001207701 -12.5323998256795 16 0.603229996012489 -12.5647191002873 16 0.607259962953667 -12.5968774730145 16 0.612887882898447 -12.6287949930796 16 0.6200997639511 -12.6603923084987 16 0.628877676239009 -12.6915908633671 16 0.639199796489161 -12.7223130931617 16 0.651040462284236 -12.7524826175786 16 0.664370235863429 -12.7820244304264 16 0.679155977309353 -12.8108650861039 16 0.695360926939101 -12.8389328821967 16 0.712944796694605 -12.8661580377414 16 0.731863870305103 -12.8924728667116 16 0.752071111972667 -12.9178119462963 16 0.773516283310616 -12.9421122795511 16 0.796146068244056 -12.9653134520188 16 0.819904205562045 -12.987357781929 16 0.844731628791827 -13.0081904636042 16 0.87056661304739 -13.0277597037153 16 0.89734492848726 -13.046016850048 16 0.925000000000004 -13.0629165124599 16 0.953463072720449 -13.0784166757275 16 0.982663382965107 -13.0924788040026 16 1.01252833416185 -13.1050679366187 16 1.04298367733641 -13.1161527750086 16 1.07395369570705 -13.1257057605175 16 1.1053613929284 -13.1337031429182 16 1.1371286845165 -13.1401250394579 16 1.16917659197914 -13.1449554842901 16 1.20142543916883 -13.1481824681678 16 1.23379505037026 -13.1497979683005 16 1.26620494962975 -13.1497979683005 16 1.29857456083118 -13.1481824681678 16 1.33082340802087 -13.1449554842901 16 1.36287131548351 -13.1401250394579 16 1.39463860707161 -13.1337031429182 16 1.42604630429296 -13.1257057605175 16 1.4570163226636 -13.1161527750086 16 1.48747166583816 -13.1050679366187 16 1.5173366170349 -13.0924788040026 16 1.54653692727956 -13.0784166757275 16 1.57500000000001 -13.0629165124599 16 1.60265507151275 -13.046016850048 16 1.62943338695262 -13.0277597037153 16 1.65526837120818 -13.0081904636042 16 1.68009579443796 -12.987357781929 16 1.70385393175595 -12.9653134520188 16 1.72648371668939 -12.9421122795511 16 1.74792888802734 -12.9178119462962 16 1.7681361296949 -12.8924728667116 16 1.7870552033054 -12.8661580377413 16 1.80463907306091 -12.8389328821967 16 1.82084402269065 -12.8108650861038 16 1.83562976413658 -12.7820244304264 16 1.84895953771577 -12.7524826175785 16 1.86080020351084 -12.7223130931617 16 1.87112232376099 -12.6915908633671 16 1.8799002360489 -12.6603923084987 16 1.88711211710156 -12.6287949930796 16 1.89274003704634 -12.5968774730145 16 1.89677000398751 -12.5647191002873 16 1.8991919987923 -12.5323998256794 16 23.15 -12.5 16 23.1491919987923 -12.4676001743205 16 23.1467700039875 -12.4352808997127 16 23.1427400370463 -12.4031225269855 16 23.1371121171016 -12.3712050069204 16 23.1299002360489 -12.3396076915013 16 23.121122323761 -12.3084091366329 16 23.1108002035108 -12.2776869068383 16 23.0989595377158 -12.2475173824214 16 23.0856297641366 -12.2179755695736 16 23.0708440226907 -12.1891349138961 16 23.0546390730609 -12.1610671178033 16 23.0370552033054 -12.1338419622586 16 23.0181361296949 -12.1075271332884 16 22.9979288880273 -12.0821880537037 16 22.9764837166894 -12.0578877204489 16 22.9538539317559 -12.0346865479812 16 22.930095794438 -12.012642218071 16 22.9052683712082 -11.9918095363958 16 22.8794333869526 -11.9722402962847 16 22.8526550715127 -11.953983149952 16 22.825 -11.9370834875401 16 22.7965369272796 -11.9215833242725 16 22.7673366170349 -11.9075211959974 16 22.7374716658382 -11.8949320633813 16 22.7070163226636 -11.8838472249914 16 22.676046304293 -11.8742942394825 16 22.6446386070716 -11.8662968570818 16 22.6128713154835 -11.8598749605421 16 22.5808234080209 -11.8550445157099 16 22.5485745608312 -11.8518175318322 16 22.5162049496297 -11.8502020316995 16 22.4837950503703 -11.8502020316995 16 22.4514254391688 -11.8518175318322 16 22.4191765919791 -11.8550445157099 16 22.3871286845165 -11.8598749605421 16 22.3553613929284 -11.8662968570818 16 22.323953695707 -11.8742942394825 16 22.2929836773364 -11.8838472249914 16 22.2625283341618 -11.8949320633813 16 22.2326633829651 -11.9075211959974 16 22.2034630727204 -11.9215833242725 16 22.175 -11.9370834875401 16 22.1473449284873 -11.953983149952 16 22.1205666130474 -11.9722402962847 16 22.0947316287918 -11.9918095363958 16 22.069904205562 -12.012642218071 16 22.0461460682441 -12.0346865479812 16 22.0235162833106 -12.0578877204489 16 22.0020711119727 -12.0821880537037 16 21.9818638703051 -12.1075271332884 16 21.9629447966946 -12.1338419622586 16 21.9453609269391 -12.1610671178033 16 21.9291559773093 -12.1891349138961 16 21.9143702358634 -12.2179755695736 16 21.9010404622842 -12.2475173824214 16 21.8891997964892 -12.2776869068383 16 21.878877676239 -12.3084091366329 16 21.8700997639511 -12.3396076915013 16 21.8628878828984 -12.3712050069204 16 21.8572599629537 -12.4031225269855 16 21.8532299960125 -12.4352808997127 16 21.8508080012077 -12.4676001743205 16 21.85 -12.5 16 21.8508080012077 -12.5323998256795 16 21.8532299960125 -12.5647191002873 16 21.8572599629537 -12.5968774730145 16 21.8628878828984 -12.6287949930796 16 21.8700997639511 -12.6603923084987 16 21.878877676239 -12.6915908633671 16 21.8891997964892 -12.7223130931617 16 21.9010404622842 -12.7524826175786 16 21.9143702358634 -12.7820244304264 16 21.9291559773094 -12.8108650861039 16 21.9453609269391 -12.8389328821967 16 21.9629447966946 -12.8661580377414 16 21.9818638703051 -12.8924728667116 16 22.0020711119727 -12.9178119462963 16 22.0235162833106 -12.9421122795511 16 22.0461460682441 -12.9653134520188 16 22.069904205562 -12.987357781929 16 22.0947316287918 -13.0081904636042 16 22.1205666130474 -13.0277597037153 16 22.1473449284873 -13.046016850048 16 22.175 -13.0629165124599 16 22.2034630727204 -13.0784166757275 16 22.2326633829651 -13.0924788040026 16 22.2625283341618 -13.1050679366187 16 22.2929836773364 -13.1161527750086 16 22.3239536957071 -13.1257057605175 16 22.3553613929284 -13.1337031429182 16 22.3871286845165 -13.1401250394579 16 22.4191765919791 -13.1449554842901 16 22.4514254391688 -13.1481824681678 16 22.4837950503703 -13.1497979683005 16 22.5162049496298 -13.1497979683005 16 22.5485745608312 -13.1481824681678 16 22.5808234080209 -13.1449554842901 16 22.6128713154835 -13.1401250394579 16 22.6446386070716 -13.1337031429182 16 22.676046304293 -13.1257057605175 16 22.7070163226636 -13.1161527750086 16 22.7374716658382 -13.1050679366187 16 22.7673366170349 -13.0924788040026 16 22.7965369272796 -13.0784166757275 16 22.825 -13.0629165124599 16 22.8526550715127 -13.046016850048 16 22.8794333869526 -13.0277597037153 16 22.9052683712082 -13.0081904636042 16 22.930095794438 -12.987357781929 16 22.953853931756 -12.9653134520188 16 22.9764837166894 -12.9421122795511 16 22.9979288880273 -12.9178119462962 16 23.0181361296949 -12.8924728667116 16 23.0370552033054 -12.8661580377413 16 23.0546390730609 -12.8389328821967 16 23.0708440226907 -12.8108650861038 16 23.0856297641366 -12.7820244304264 16 23.0989595377158 -12.7524826175785 16 23.1108002035108 -12.7223130931617 16 23.121122323761 -12.6915908633671 16 23.1299002360489 -12.6603923084987 16 23.1371121171016 -12.6287949930796 16 23.1427400370463 -12.5968774730145 16 23.1467700039875 -12.5647191002873 16 23.1491919987923 -12.5323998256794 16 25.65 -12.5 16 25.6491919987923 -12.4676001743205 16 25.6467700039875 -12.4352808997127 16 25.6427400370463 -12.4031225269855 16 25.6371121171016 -12.3712050069204 16 25.6299002360489 -12.3396076915013 16 25.621122323761 -12.3084091366329 16 25.6108002035108 -12.2776869068383 16 25.5989595377158 -12.2475173824214 16 25.5856297641366 -12.2179755695736 16 25.5708440226907 -12.1891349138961 16 25.5546390730609 -12.1610671178033 16 25.5370552033054 -12.1338419622586 16 25.5181361296949 -12.1075271332884 16 25.4979288880273 -12.0821880537037 16 25.4764837166894 -12.0578877204489 16 25.4538539317559 -12.0346865479812 16 25.430095794438 -12.012642218071 16 25.4052683712082 -11.9918095363958 16 25.3794333869526 -11.9722402962847 16 25.3526550715127 -11.953983149952 16 25.325 -11.9370834875401 16 25.2965369272796 -11.9215833242725 16 25.2673366170349 -11.9075211959974 16 25.2374716658382 -11.8949320633813 16 25.2070163226636 -11.8838472249914 16 25.176046304293 -11.8742942394825 16 25.1446386070716 -11.8662968570818 16 25.1128713154835 -11.8598749605421 16 25.0808234080209 -11.8550445157099 16 25.0485745608312 -11.8518175318322 16 25.0162049496297 -11.8502020316995 16 24.9837950503703 -11.8502020316995 16 24.9514254391688 -11.8518175318322 16 24.9191765919791 -11.8550445157099 16 24.8871286845165 -11.8598749605421 16 24.8553613929284 -11.8662968570818 16 24.823953695707 -11.8742942394825 16 24.7929836773364 -11.8838472249914 16 24.7625283341618 -11.8949320633813 16 24.7326633829651 -11.9075211959974 16 24.7034630727204 -11.9215833242725 16 24.675 -11.9370834875401 16 24.6473449284873 -11.953983149952 16 24.6205666130474 -11.9722402962847 16 24.5947316287918 -11.9918095363958 16 24.569904205562 -12.012642218071 16 24.5461460682441 -12.0346865479812 16 24.5235162833106 -12.0578877204489 16 24.5020711119727 -12.0821880537037 16 24.4818638703051 -12.1075271332884 16 24.4629447966946 -12.1338419622586 16 24.4453609269391 -12.1610671178033 16 24.4291559773093 -12.1891349138961 16 24.4143702358634 -12.2179755695736 16 24.4010404622842 -12.2475173824214 16 24.3891997964892 -12.2776869068383 16 24.378877676239 -12.3084091366329 16 24.3700997639511 -12.3396076915013 16 24.3628878828984 -12.3712050069204 16 24.3572599629537 -12.4031225269855 16 24.3532299960125 -12.4352808997127 16 24.3508080012077 -12.4676001743205 16 24.35 -12.5 16 24.3508080012077 -12.5323998256795 16 24.3532299960125 -12.5647191002873 16 24.3572599629537 -12.5968774730145 16 24.3628878828984 -12.6287949930796 16 24.3700997639511 -12.6603923084987 16 24.378877676239 -12.6915908633671 16 24.3891997964892 -12.7223130931617 16 24.4010404622842 -12.7524826175786 16 24.4143702358634 -12.7820244304264 16 24.4291559773094 -12.8108650861039 16 24.4453609269391 -12.8389328821967 16 24.4629447966946 -12.8661580377414 16 24.4818638703051 -12.8924728667116 16 24.5020711119727 -12.9178119462963 16 24.5235162833106 -12.9421122795511 16 24.5461460682441 -12.9653134520188 16 24.569904205562 -12.987357781929 16 24.5947316287918 -13.0081904636042 16 24.6205666130474 -13.0277597037153 16 24.6473449284873 -13.046016850048 16 24.675 -13.0629165124599 16 24.7034630727204 -13.0784166757275 16 24.7326633829651 -13.0924788040026 16 24.7625283341618 -13.1050679366187 16 24.7929836773364 -13.1161527750086 16 24.8239536957071 -13.1257057605175 16 24.8553613929284 -13.1337031429182 16 24.8871286845165 -13.1401250394579 16 24.9191765919791 -13.1449554842901 16 24.9514254391688 -13.1481824681678 16 24.9837950503703 -13.1497979683005 16 25.0162049496298 -13.1497979683005 16 25.0485745608312 -13.1481824681678 16 25.0808234080209 -13.1449554842901 16 25.1128713154835 -13.1401250394579 16 25.1446386070716 -13.1337031429182 16 25.176046304293 -13.1257057605175 16 25.2070163226636 -13.1161527750086 16 25.2374716658382 -13.1050679366187 16 25.2673366170349 -13.0924788040026 16 25.2965369272796 -13.0784166757275 16 25.325 -13.0629165124599 16 25.3526550715127 -13.046016850048 16 25.3794333869526 -13.0277597037153 16 25.4052683712082 -13.0081904636042 16 25.430095794438 -12.987357781929 16 25.453853931756 -12.9653134520188 16 25.4764837166894 -12.9421122795511 16 25.4979288880273 -12.9178119462962 16 25.5181361296949 -12.8924728667116 16 25.5370552033054 -12.8661580377413 16 25.5546390730609 -12.8389328821967 16 25.5708440226907 -12.8108650861038 16 25.5856297641366 -12.7820244304264 16 25.5989595377158 -12.7524826175785 16 25.6108002035108 -12.7223130931617 16 25.621122323761 -12.6915908633671 16 25.6299002360489 -12.6603923084987 16 25.6371121171016 -12.6287949930796 16 25.6427400370463 -12.5968774730145 16 25.6467700039875 -12.5647191002873 16 25.6491919987923 -12.5323998256794 16 28.15 -12.5 16 28.1491919987923 -12.4676001743205 16 28.1467700039875 -12.4352808997127 16 28.1427400370463 -12.4031225269855 16 28.1371121171016 -12.3712050069204 16 28.1299002360489 -12.3396076915013 16 28.121122323761 -12.3084091366329 16 28.1108002035108 -12.2776869068383 16 28.0989595377158 -12.2475173824214 16 28.0856297641366 -12.2179755695736 16 28.0708440226907 -12.1891349138961 16 28.0546390730609 -12.1610671178033 16 28.0370552033054 -12.1338419622586 16 28.0181361296949 -12.1075271332884 16 27.9979288880273 -12.0821880537037 16 27.9764837166894 -12.0578877204489 16 27.9538539317559 -12.0346865479812 16 27.930095794438 -12.012642218071 16 27.9052683712082 -11.9918095363958 16 27.8794333869526 -11.9722402962847 16 27.8526550715127 -11.953983149952 16 27.825 -11.9370834875401 16 27.7965369272796 -11.9215833242725 16 27.7673366170349 -11.9075211959974 16 27.7374716658382 -11.8949320633813 16 27.7070163226636 -11.8838472249914 16 27.676046304293 -11.8742942394825 16 27.6446386070716 -11.8662968570818 16 27.6128713154835 -11.8598749605421 16 27.5808234080209 -11.8550445157099 16 27.5485745608312 -11.8518175318322 16 27.5162049496297 -11.8502020316995 16 27.4837950503703 -11.8502020316995 16 27.4514254391688 -11.8518175318322 16 27.4191765919791 -11.8550445157099 16 27.3871286845165 -11.8598749605421 16 27.3553613929284 -11.8662968570818 16 27.323953695707 -11.8742942394825 16 27.2929836773364 -11.8838472249914 16 27.2625283341618 -11.8949320633813 16 27.2326633829651 -11.9075211959974 16 27.2034630727204 -11.9215833242725 16 27.175 -11.9370834875401 16 27.1473449284873 -11.953983149952 16 27.1205666130474 -11.9722402962847 16 27.0947316287918 -11.9918095363958 16 27.069904205562 -12.012642218071 16 27.0461460682441 -12.0346865479812 16 27.0235162833106 -12.0578877204489 16 27.0020711119727 -12.0821880537037 16 26.9818638703051 -12.1075271332884 16 26.9629447966946 -12.1338419622586 16 26.9453609269391 -12.1610671178033 16 26.9291559773093 -12.1891349138961 16 26.9143702358634 -12.2179755695736 16 26.9010404622842 -12.2475173824214 16 26.8891997964892 -12.2776869068383 16 26.878877676239 -12.3084091366329 16 26.8700997639511 -12.3396076915013 16 26.8628878828984 -12.3712050069204 16 26.8572599629537 -12.4031225269855 16 26.8532299960125 -12.4352808997127 16 26.8508080012077 -12.4676001743205 16 26.85 -12.5 16 26.8508080012077 -12.5323998256795 16 26.8532299960125 -12.5647191002873 16 26.8572599629537 -12.5968774730145 16 26.8628878828984 -12.6287949930796 16 26.8700997639511 -12.6603923084987 16 26.878877676239 -12.6915908633671 16 26.8891997964892 -12.7223130931617 16 26.9010404622842 -12.7524826175786 16 26.9143702358634 -12.7820244304264 16 26.9291559773094 -12.8108650861039 16 26.9453609269391 -12.8389328821967 16 26.9629447966946 -12.8661580377414 16 26.9818638703051 -12.8924728667116 16 27.0020711119727 -12.9178119462963 16 27.0235162833106 -12.9421122795511 16 27.0461460682441 -12.9653134520188 16 27.069904205562 -12.987357781929 16 27.0947316287918 -13.0081904636042 16 27.1205666130474 -13.0277597037153 16 27.1473449284873 -13.046016850048 16 27.175 -13.0629165124599 16 27.2034630727204 -13.0784166757275 16 27.2326633829651 -13.0924788040026 16 27.2625283341618 -13.1050679366187 16 27.2929836773364 -13.1161527750086 16 27.3239536957071 -13.1257057605175 16 27.3553613929284 -13.1337031429182 16 27.3871286845165 -13.1401250394579 16 27.4191765919791 -13.1449554842901 16 27.4514254391688 -13.1481824681678 16 27.4837950503703 -13.1497979683005 16 27.5162049496298 -13.1497979683005 16 27.5485745608312 -13.1481824681678 16 27.5808234080209 -13.1449554842901 16 27.6128713154835 -13.1401250394579 16 27.6446386070716 -13.1337031429182 16 27.676046304293 -13.1257057605175 16 27.7070163226636 -13.1161527750086 16 27.7374716658382 -13.1050679366187 16 27.7673366170349 -13.0924788040026 16 27.7965369272796 -13.0784166757275 16 27.825 -13.0629165124599 16 27.8526550715127 -13.046016850048 16 27.8794333869526 -13.0277597037153 16 27.9052683712082 -13.0081904636042 16 27.930095794438 -12.987357781929 16 27.953853931756 -12.9653134520188 16 27.9764837166894 -12.9421122795511 16 27.9979288880273 -12.9178119462962 16 28.0181361296949 -12.8924728667116 16 28.0370552033054 -12.8661580377413 16 28.0546390730609 -12.8389328821967 16 28.0708440226907 -12.8108650861038 16 28.0856297641366 -12.7820244304264 16 28.0989595377158 -12.7524826175785 16 28.1108002035108 -12.7223130931617 16 28.121122323761 -12.6915908633671 16 28.1299002360489 -12.6603923084987 16 28.1371121171016 -12.6287949930796 16 28.1427400370463 -12.5968774730145 16 28.1467700039875 -12.5647191002873 16 28.1491919987923 -12.5323998256794 16 30.65 -4 16 30.6429766048869 -3.71837074601706 16 30.6219238808145 -3.43744166673364 16 30.586894168172 -3.15791119610461 16 30.5379745563443 -2.8804742909234 16 30.4752866671943 -2.60582070304984 16 30.3989863526917 -2.33463326457839 16 30.3092633074404 -2.06758619020997 16 30.2063405970678 -1.80534340104797 16 30.0904741036487 -1.5485568739858 16 29.9619518895418 -1.29786502078955 16 29.8210934812217 -1.05389110090584 16 29.6682490748854 -0.817241671940536 16 29.5037986658095 -0.588505081661053 16 29.3281511036222 -0.368250005271053 16 29.1417430758385 -0.157024031594306 16 28.9450380221863 0.0446476983174087 16 28.7385249824223 0.236263796767697 16 28.5227173805018 0.417347875944368 16 28.2981517481266 0.587449732294588 16 28.0653863908415 0.746146465801858 16 27.825 0.893043531382077 16 27.5775902140454 1.0277757197848 16 27.323772132688 1.15000806556095 16 27.0641767876701 1.25943667983975 16 26.799449573922 1.35578950584429 16 26.530248645008 1.43882699526757 16 26.2572432768532 1.5083427038273 16 25.9811122038182 1.56416380451898 16 25.7025419312583 1.60615151729097 16 25.4222250287633 1.63420145407367 16 25.1408584083201 1.64824387830461 16 24.8591415916799 1.64824387830461 16 24.5777749712367 1.63420145407367 16 24.2974580687417 1.60615151729097 16 24.0188877961818 1.56416380451898 16 23.7427567231468 1.5083427038273 16 23.469751354992 1.43882699526757 16 23.200550426078 1.3557895058443 16 22.9358232123299 1.25943667983976 16 22.6762278673121 1.15000806556096 16 22.4224097859546 1.0277757197848 16 22.175 0.89304353138208 16 21.9346136091585 0.746146465801861 16 21.7018482518734 0.58744973229459 16 21.4772826194982 0.417347875944369 16 21.2614750175777 0.236263796767698 16 21.0549619778137 0.0446476983174078 16 20.8582569241615 -0.157024031594307 16 20.6718488963778 -0.368250005271055 16 20.4962013341905 -0.588505081661056 16 20.3317509251146 -0.81724167194054 16 20.1789065187783 -1.05389110090584 16 20.0380481104582 -1.29786502078956 16 19.9095258963513 -1.54855687398581 16 19.7936594029322 -1.80534340104798 16 19.6907366925596 -2.06758619020998 16 19.6010136473083 -2.3346332645784 16 19.5247133328057 -2.60582070304985 16 19.4620254436557 -2.88047429092342 16 19.413105831828 -3.15791119610463 16 19.3780761191855 -3.43744166673365 16 19.3570233951131 -3.71837074601708 16 19.35 -4.00000000000002 16 19.3570233951131 -4.28162925398296 16 19.3780761191855 -4.56255833326639 16 19.413105831828 -4.84208880389541 16 19.4620254436557 -5.11952570907662 16 19.5247133328057 -5.39417929695018 16 19.6010136473083 -5.66536673542163 16 19.6907366925596 -5.93241380979005 16 19.7936594029322 -6.19465659895205 16 19.9095258963513 -6.45144312601423 16 20.0380481104582 -6.70213497921048 16 20.1789065187783 -6.94610889909419 16 20.3317509251146 -7.18275832805949 16 20.4962013341905 -7.41149491833897 16 20.6718488963778 -7.63174999472897 16 20.8582569241615 -7.84297596840572 16 21.0549619778137 -8.04464769831744 16 21.2614750175778 -8.23626379676772 16 21.4772826194982 -8.41734787594439 16 21.7018482518735 -8.58744973229461 16 21.9346136091585 -8.74614646580188 16 22.175 -8.8930435313821 16 22.4224097859547 -9.02777571978482 16 22.6762278673121 -9.15000806556097 16 22.9358232123299 -9.25943667983977 16 23.200550426078 -9.35578950584431 16 23.4697513549921 -9.43882699526758 16 23.7427567231469 -9.50834270382731 16 24.0188877961819 -9.56416380451898 16 24.2974580687418 -9.60615151729098 16 24.5777749712368 -9.63420145407367 16 24.8591415916799 -9.64824387830461 16 25.1408584083202 -9.64824387830461 16 25.4222250287634 -9.63420145407366 16 25.7025419312583 -9.60615151729096 16 25.9811122038182 -9.56416380451897 16 26.2572432768532 -9.50834270382729 16 26.530248645008 -9.43882699526755 16 26.7994495739221 -9.35578950584427 16 27.0641767876702 -9.25943667983973 16 27.323772132688 -9.15000806556093 16 27.5775902140454 -9.02777571978477 16 27.8250000000001 -8.89304353138204 16 28.0653863908416 -8.74614646580182 16 28.2981517481266 -8.58744973229455 16 28.5227173805019 -8.41734787594433 16 28.7385249824223 -8.23626379676765 16 28.9450380221864 -8.04464769831736 16 29.1417430758386 -7.84297596840564 16 29.3281511036223 -7.63174999472889 16 29.5037986658096 -7.41149491833889 16 29.6682490748854 -7.1827583280594 16 29.8210934812217 -6.9461088990941 16 29.9619518895418 -6.70213497921038 16 30.0904741036487 -6.45144312601413 16 30.2063405970678 -6.19465659895195 16 30.3092633074404 -5.93241380978995 16 30.3989863526917 -5.66536673542153 16 30.4752866671943 -5.39417929695008 16 30.5379745563443 -5.11952570907651 16 30.586894168172 -4.8420888038953 16 30.6219238808145 -4.56255833326628 16 30.6429766048869 -4.28162925398285 16 -21.9 8 16 -21.9038535442213 8.15452224554816 16 -21.9154045963673 8.30866032444703 16 -21.9346244387021 8.46203102514614 16 -21.9614652876695 8.61425304391813 16 -21.9958604126899 8.76494793283991 16 -22.037724302063 8.9137410406738 16 -22.0869528755637 9.06026244430957 16 -22.1434237432017 9.20414786845155 16 -22.2069965095025 9.34503959126443 16 -22.2775131225523 9.48258733372609 16 -22.3547982669403 9.61644913047644 16 -22.4386597996204 9.74629217999723 16 -22.5288892276089 9.87179367200898 16 -22.6252622263312 9.99264159002827 16 -22.7275391973275 10.1085354870898 16 -22.8354658639332 10.2191872327051 16 -22.9487739034497 10.3243217292 16 -23.0671816142379 10.4236775956509 16 -23.1903946160722 10.5170078177192 16 -23.3181065820161 10.6040803617674 16 -23.45 10.6846787517318 16 -23.5857469622052 10.7586026073156 16 -23.7250099802951 10.8256681421662 16 -23.8674428244642 10.885708620797 16 -24.0126913842198 10.9385747731181 16 -24.1603945487567 10.984135165545 16 -24.3101851047354 11.0222765277637 16 -24.4616906492325 11.0529040343378 16 -24.6145345155928 11.0759415404605 16 -24.7683367098821 11.0913317712617 16 -24.922714855612 11.0990364642025 16 -25.077285144388 11.0990364642025 16 -25.2316632901179 11.0913317712617 16 -25.3854654844072 11.0759415404605 16 -25.5383093507675 11.0529040343378 16 -25.6898148952646 11.0222765277637 16 -25.8396054512433 10.984135165545 16 -25.9873086157802 10.9385747731181 16 -26.1325571755358 10.885708620797 16 -26.2749900197049 10.8256681421662 16 -26.4142530377948 10.7586026073156 16 -26.55 10.6846787517318 16 -26.6818934179839 10.6040803617674 16 -26.8096053839278 10.5170078177192 16 -26.9328183857621 10.4236775956509 16 -27.0512260965503 10.3243217292 16 -27.1645341360668 10.2191872327051 16 -27.2724608026725 10.1085354870898 16 -27.3747377736688 9.99264159002827 16 -27.4711107723911 9.87179367200898 16 -27.5613402003796 9.74629217999723 16 -27.6452017330597 9.61644913047644 16 -27.7224868774477 9.48258733372608 16 -27.7930034904975 9.34503959126443 16 -27.8565762567983 9.20414786845155 16 -27.9130471244363 9.06026244430957 16 -27.962275697937 8.9137410406738 16 -28.0041395873101 8.7649479328399 16 -28.0385347123305 8.61425304391812 16 -28.0653755612979 8.46203102514613 16 -28.0845954036327 8.30866032444702 16 -28.0961464557787 8.15452224554815 16 -28.1 7.99999999999999 16 -28.0961464557787 7.84547775445183 16 -28.0845954036327 7.69133967555296 16 -28.0653755612979 7.53796897485385 16 -28.0385347123305 7.38574695608185 16 -28.0041395873101 7.23505206716008 16 -27.962275697937 7.08625895932618 16 -27.9130471244363 6.93973755569041 16 -27.8565762567983 6.79585213154843 16 -27.7930034904975 6.65496040873556 16 -27.7224868774477 6.5174126662739 16 -27.6452017330597 6.38355086952354 16 -27.5613402003796 6.25370782000276 16 -27.4711107723911 6.12820632799101 16 -27.3747377736688 6.00735840997171 16 -27.2724608026724 5.89146451291013 16 -27.1645341360668 5.78081276729486 16 -27.0512260965502 5.67567827080001 16 -26.9328183857621 5.57632240434909 16 -26.8096053839278 5.48299218228083 16 -26.6818934179838 5.3959196382326 16 -26.55 5.31532124826823 16 -26.4142530377948 5.24139739268444 16 -26.2749900197049 5.1743318578338 16 -26.1325571755358 5.11429137920296 16 -25.9873086157802 5.06142522688188 16 -25.8396054512433 5.01586483445496 16 -25.6898148952645 4.97772347223634 16 -25.5383093507675 4.94709596566215 16 -25.3854654844072 4.92405845953946 16 -25.2316632901179 4.90866822873834 16 -25.077285144388 4.90096353579747 16 -24.9227148556119 4.90096353579747 16 -24.7683367098821 4.90866822873834 16 -24.6145345155928 4.92405845953947 16 -24.4616906492325 4.94709596566216 16 -24.3101851047354 4.97772347223635 16 -24.1603945487567 5.01586483445497 16 -24.0126913842197 5.0614252268819 16 -23.8674428244641 5.11429137920298 16 -23.7250099802951 5.17433185783383 16 -23.5857469622052 5.24139739268446 16 -23.45 5.31532124826826 16 -23.3181065820161 5.39591963823263 16 -23.1903946160721 5.48299218228087 16 -23.0671816142379 5.57632240434913 16 -22.9487739034497 5.67567827080005 16 -22.8354658639331 5.7808127672949 16 -22.7275391973275 5.89146451291018 16 -22.6252622263311 6.00735840997176 16 -22.5288892276089 6.12820632799105 16 -22.4386597996204 6.25370782000281 16 -22.3547982669403 6.38355086952359 16 -22.2775131225523 6.51741266627395 16 -22.2069965095025 6.65496040873561 16 -22.1434237432017 6.79585213154849 16 -22.0869528755637 6.93973755569047 16 -22.037724302063 7.08625895932624 16 -21.9958604126898 7.23505206716013 16 -21.9614652876695 7.38574695608191 16 -21.9346244387021 7.53796897485391 16 -21.9154045963672 7.69133967555302 16 -21.9038535442213 7.84547775445189 16 3.1 8 16 3.09614645577866 8.15452224554816 16 3.08459540363274 8.30866032444703 16 3.0653755612979 8.46203102514614 16 3.03853471233049 8.61425304391813 16 3.00413958731014 8.76494793283991 16 2.96227569793704 8.9137410406738 16 2.91304712443632 9.06026244430957 16 2.85657625679826 9.20414786845155 16 2.7930034904975 9.34503959126443 16 2.72248687744771 9.48258733372609 16 2.64520173305968 9.61644913047644 16 2.56134020037958 9.74629217999723 16 2.47111077239106 9.87179367200898 16 2.37473777366883 9.99264159002827 16 2.27246080267246 10.1085354870898 16 2.16453413606683 10.2191872327051 16 2.05122609655026 10.3243217292 16 1.93281838576207 10.4236775956509 16 1.80960538392785 10.5170078177192 16 1.68189341798385 10.6040803617674 16 1.55 10.6846787517318 16 1.41425303779481 10.7586026073156 16 1.2749900197049 10.8256681421662 16 1.13255717553583 10.885708620797 16 0.987308615780223 10.9385747731181 16 0.839605451243317 10.984135165545 16 0.689814895264576 11.0222765277637 16 0.538309350767486 11.0529040343378 16 0.385465484407206 11.0759415404605 16 0.231663290117917 11.0913317712617 16 0.0772851443880278 11.0990364642025 16 -0.077285144388024 11.0990364642025 16 -0.231663290117913 11.0913317712617 16 -0.385465484407202 11.0759415404605 16 -0.538309350767482 11.0529040343378 16 -0.689814895264573 11.0222765277637 16 -0.839605451243314 10.984135165545 16 -0.987308615780219 10.9385747731181 16 -1.13255717553582 10.885708620797 16 -1.27499001970489 10.8256681421662 16 -1.4142530377948 10.7586026073156 16 -1.55 10.6846787517318 16 -1.68189341798385 10.6040803617674 16 -1.80960538392785 10.5170078177192 16 -1.93281838576207 10.4236775956509 16 -2.05122609655026 10.3243217292 16 -2.16453413606683 10.2191872327051 16 -2.27246080267246 10.1085354870898 16 -2.37473777366883 9.99264159002827 16 -2.47111077239106 9.87179367200898 16 -2.56134020037959 9.74629217999723 16 -2.64520173305968 9.61644913047644 16 -2.72248687744771 9.48258733372608 16 -2.7930034904975 9.34503959126443 16 -2.85657625679827 9.20414786845155 16 -2.91304712443632 9.06026244430957 16 -2.96227569793704 8.9137410406738 16 -3.00413958731014 8.7649479328399 16 -3.03853471233049 8.61425304391812 16 -3.0653755612979 8.46203102514613 16 -3.08459540363275 8.30866032444702 16 -3.09614645577866 8.15452224554815 16 -3.1 7.99999999999999 16 -3.09614645577866 7.84547775445183 16 -3.08459540363274 7.69133967555296 16 -3.0653755612979 7.53796897485385 16 -3.03853471233048 7.38574695608185 16 -3.00413958731014 7.23505206716008 16 -2.96227569793703 7.08625895932618 16 -2.91304712443631 6.93973755569041 16 -2.85657625679826 6.79585213154843 16 -2.79300349049749 6.65496040873556 16 -2.7224868774477 6.5174126662739 16 -2.64520173305967 6.38355086952354 16 -2.56134020037957 6.25370782000276 16 -2.47111077239105 6.12820632799101 16 -2.37473777366882 6.00735840997171 16 -2.27246080267245 5.89146451291013 16 -2.16453413606681 5.78081276729486 16 -2.05122609655025 5.67567827080001 16 -1.93281838576206 5.57632240434909 16 -1.80960538392783 5.48299218228083 16 -1.68189341798383 5.3959196382326 16 -1.54999999999998 5.31532124826823 16 -1.41425303779478 5.24139739268444 16 -1.27499001970487 5.1743318578338 16 -1.1325571755358 5.11429137920296 16 -0.987308615780197 5.06142522688188 16 -0.839605451243291 5.01586483445496 16 -0.689814895264548 4.97772347223634 16 -0.538309350767457 4.94709596566215 16 -0.385465484407176 4.92405845953946 16 -0.231663290117886 4.90866822873834 16 -0.0772851443879965 4.90096353579747 16 0.0772851443880559 4.90096353579747 16 0.231663290117946 4.90866822873834 16 0.385465484407235 4.92405845953947 16 0.538309350767515 4.94709596566216 16 0.689814895264606 4.97772347223635 16 0.839605451243348 5.01586483445497 16 0.987308615780254 5.0614252268819 16 1.13255717553586 5.11429137920298 16 1.27499001970493 5.17433185783383 16 1.41425303779484 5.24139739268446 16 1.55000000000003 5.31532124826826 16 1.68189341798388 5.39591963823263 16 1.80960538392788 5.48299218228087 16 1.9328183857621 5.57632240434913 16 2.05122609655029 5.67567827080005 16 2.16453413606685 5.7808127672949 16 2.27246080267249 5.89146451291018 16 2.37473777366886 6.00735840997176 16 2.47111077239108 6.12820632799105 16 2.56134020037961 6.25370782000281 16 2.6452017330597 6.38355086952359 16 2.72248687744773 6.51741266627395 16 2.79300349049752 6.65496040873561 16 2.85657625679828 6.79585213154849 16 2.91304712443633 6.93973755569047 16 2.96227569793705 7.08625895932624 16 3.00413958731015 7.23505206716013 16 3.0385347123305 7.38574695608191 16 3.06537556129791 7.53796897485391 16 3.08459540363275 7.69133967555302 16 3.09614645577866 7.84547775445189 16 28.1 8 16 28.0961464557787 8.15452224554816 16 28.0845954036327 8.30866032444703 16 28.0653755612979 8.46203102514614 16 28.0385347123305 8.61425304391813 16 28.0041395873101 8.76494793283991 16 27.962275697937 8.9137410406738 16 27.9130471244363 9.06026244430957 16 27.8565762567983 9.20414786845155 16 27.7930034904975 9.34503959126443 16 27.7224868774477 9.48258733372609 16 27.6452017330597 9.61644913047644 16 27.5613402003796 9.74629217999723 16 27.4711107723911 9.87179367200898 16 27.3747377736688 9.99264159002827 16 27.2724608026725 10.1085354870898 16 27.1645341360668 10.2191872327051 16 27.0512260965503 10.3243217292 16 26.9328183857621 10.4236775956509 16 26.8096053839278 10.5170078177192 16 26.6818934179839 10.6040803617674 16 26.55 10.6846787517318 16 26.4142530377948 10.7586026073156 16 26.2749900197049 10.8256681421662 16 26.1325571755358 10.885708620797 16 25.9873086157802 10.9385747731181 16 25.8396054512433 10.984135165545 16 25.6898148952646 11.0222765277637 16 25.5383093507675 11.0529040343378 16 25.3854654844072 11.0759415404605 16 25.2316632901179 11.0913317712617 16 25.077285144388 11.0990364642025 16 24.922714855612 11.0990364642025 16 24.7683367098821 11.0913317712617 16 24.6145345155928 11.0759415404605 16 24.4616906492325 11.0529040343378 16 24.3101851047354 11.0222765277637 16 24.1603945487567 10.984135165545 16 24.0126913842198 10.9385747731181 16 23.8674428244642 10.885708620797 16 23.7250099802951 10.8256681421662 16 23.5857469622052 10.7586026073156 16 23.45 10.6846787517318 16 23.3181065820161 10.6040803617674 16 23.1903946160722 10.5170078177192 16 23.0671816142379 10.4236775956509 16 22.9487739034497 10.3243217292 16 22.8354658639332 10.2191872327051 16 22.7275391973275 10.1085354870898 16 22.6252622263312 9.99264159002827 16 22.5288892276089 9.87179367200898 16 22.4386597996204 9.74629217999723 16 22.3547982669403 9.61644913047644 16 22.2775131225523 9.48258733372608 16 22.2069965095025 9.34503959126443 16 22.1434237432017 9.20414786845155 16 22.0869528755637 9.06026244430957 16 22.037724302063 8.9137410406738 16 21.9958604126899 8.7649479328399 16 21.9614652876695 8.61425304391812 16 21.9346244387021 8.46203102514613 16 21.9154045963673 8.30866032444702 16 21.9038535442213 8.15452224554815 16 21.9 7.99999999999999 16 21.9038535442213 7.84547775445183 16 21.9154045963673 7.69133967555296 16 21.9346244387021 7.53796897485385 16 21.9614652876695 7.38574695608185 16 21.9958604126899 7.23505206716008 16 22.037724302063 7.08625895932618 16 22.0869528755637 6.93973755569041 16 22.1434237432017 6.79585213154843 16 22.2069965095025 6.65496040873556 16 22.2775131225523 6.5174126662739 16 22.3547982669403 6.38355086952354 16 22.4386597996204 6.25370782000276 16 22.5288892276089 6.12820632799101 16 22.6252622263312 6.00735840997171 16 22.7275391973276 5.89146451291013 16 22.8354658639332 5.78081276729486 16 22.9487739034498 5.67567827080001 16 23.0671816142379 5.57632240434909 16 23.1903946160722 5.48299218228083 16 23.3181065820162 5.3959196382326 16 23.45 5.31532124826823 16 23.5857469622052 5.24139739268444 16 23.7250099802951 5.1743318578338 16 23.8674428244642 5.11429137920296 16 24.0126913842198 5.06142522688188 16 24.1603945487567 5.01586483445496 16 24.3101851047355 4.97772347223634 16 24.4616906492325 4.94709596566215 16 24.6145345155928 4.92405845953946 16 24.7683367098821 4.90866822873834 16 24.922714855612 4.90096353579747 16 25.0772851443881 4.90096353579747 16 25.2316632901179 4.90866822873834 16 25.3854654844072 4.92405845953947 16 25.5383093507675 4.94709596566216 16 25.6898148952646 4.97772347223635 16 25.8396054512433 5.01586483445497 16 25.9873086157803 5.0614252268819 16 26.1325571755359 5.11429137920298 16 26.2749900197049 5.17433185783383 16 26.4142530377948 5.24139739268446 16 26.55 5.31532124826826 16 26.6818934179839 5.39591963823263 16 26.8096053839279 5.48299218228087 16 26.9328183857621 5.57632240434913 16 27.0512260965503 5.67567827080005 16 27.1645341360669 5.7808127672949 16 27.2724608026725 5.89146451291018 16 27.3747377736689 6.00735840997176 16 27.4711107723911 6.12820632799105 16 27.5613402003796 6.25370782000281 16 27.6452017330597 6.38355086952359 16 27.7224868774477 6.51741266627395 16 27.7930034904975 6.65496040873561 16 27.8565762567983 6.79585213154849 16 27.9130471244363 6.93973755569047 16 27.962275697937 7.08625895932624 16 28.0041395873102 7.23505206716013 16 28.0385347123305 7.38574695608191 16 28.0653755612979 7.53796897485391 16 28.0845954036328 7.69133967555302 16 28.0961464557787 7.84547775445189 16 0 2 0 28 0.00240908758965519 1.90186465134516 0.00963054665560614 1.80396571934088 0.0216469800704377 1.70653905108928 0.0384294391935387 1.60981935596775 0.0599374936109116 1.51403964019347 0.0861193285355817 1.41943064549108 0.116911869633957 1.32622029321556 0.152240934977425 1.23463313526982 0.192021413753112 1.14488981313944 0.236157471303288 1.05720652634801 0.284542779999454 0.97179451161356 0.337060775394907 0.888859533960799 0.393584937038707 0.808601391015137 0.453979093274523 0.731213431672713 0.518097749290078 0.656882090305967 0.585786437626901 0.585786437626909 0.656882090305959 0.518097749290086 0.731213431672704 0.45397909327453 0.808601391015128 0.393584937038714 0.88885953396079 0.337060775394914 0.97179451161355 0.28454277999946 1.057206526348 0.236157471303294 1.14488981313943 0.192021413753117 1.23463313526981 0.15224093497743 1.32622029321555 0.116911869633961 1.41943064549107 0.086119328535585 1.51403964019346 0.0599374936109143 1.60981935596773 0.0384294391935409 1.70653905108927 0.0216469800704395 1.80396571934087 0.00963054665560725 1.90186465134515 0.00240908758965563 2 0 80 0 82 2 81.9975909124103 1.90186465134516 81.9903694533444 1.80396571934088 81.9783530199296 1.70653905108928 81.9615705608065 1.60981935596775 81.9400625063891 1.51403964019347 81.9138806714644 1.41943064549108 81.883088130366 1.32622029321556 81.8477590650226 1.23463313526982 81.8079785862469 1.14488981313944 81.7638425286967 1.05720652634801 81.7154572200005 0.97179451161356 81.6629392246051 0.888859533960799 81.6064150629613 0.808601391015137 81.5460209067255 0.731213431672713 81.4819022507099 0.656882090305967 81.4142135623731 0.585786437626909 81.343117909694 0.518097749290086 81.2687865683273 0.45397909327453 81.1913986089849 0.393584937038714 81.1111404660392 0.337060775394914 81.0282054883864 0.28454277999946 80.942793473652 0.236157471303294 80.8551101868606 0.192021413753117 80.7653668647302 0.15224093497743 80.6737797067844 0.116911869633961 80.5805693545089 0.086119328535585 80.4859603598065 0.0599374936109143 80.3901806440323 0.0384294391935409 80.2934609489107 0.0216469800704395 80.1960342806591 0.00963054665560725 80.0981353486548 0.00240908758965563 82 28 81.9975909124103 28.0981353486548 81.9903694533444 28.1960342806591 81.9783530199296 28.2934609489107 81.9615705608065 28.3901806440323 81.9400625063891 28.4859603598065 81.9138806714644 28.5805693545089 81.883088130366 28.6737797067844 81.8477590650226 28.7653668647302 81.8079785862469 28.8551101868606 81.7638425286967 28.942793473652 81.7154572200005 29.0282054883864 81.6629392246051 29.1111404660392 81.6064150629613 29.1913986089849 81.5460209067255 29.2687865683273 81.4819022507099 29.343117909694 81.4142135623731 29.4142135623731 81.343117909694 29.4819022507099 81.2687865683273 29.5460209067255 81.1913986089849 29.6064150629613 81.1111404660392 29.6629392246051 81.0282054883864 29.7154572200005 80.942793473652 29.7638425286967 80.8551101868606 29.8079785862469 80.7653668647302 29.8477590650226 80.6737797067844 29.883088130366 80.5805693545089 29.9138806714644 80.4859603598065 29.9400625063891 80.3901806440323 29.9615705608065 80.2934609489107 29.9783530199296 80.1960342806591 29.9903694533444 80.0981353486548 29.9975909124103 80 30 2 30 0.00240908758965519 28.0981353486548 0.00963054665560614 28.1960342806591 0.0216469800704382 28.2934609489107 0.0384294391935391 28.3901806440323 0.0599374936109121 28.4859603598065 0.0861193285355824 28.5805693545089 0.116911869633959 28.6737797067844 0.152240934977427 28.7653668647302 0.192021413753114 28.8551101868606 0.23615747130329 28.942793473652 0.284542779999456 29.0282054883864 0.337060775394909 29.1111404660392 0.39358493703871 29.1913986089849 0.453979093274525 29.2687865683273 0.518097749290081 29.343117909694 0.585786437626904 29.4142135623731 0.656882090305962 29.4819022507099 0.731213431672707 29.5460209067255 0.808601391015131 29.6064150629613 0.888859533960793 29.6629392246051 0.971794511613553 29.7154572200005 1.057206526348 29.7638425286967 1.14488981313943 29.8079785862469 1.23463313526982 29.8477590650226 1.32622029321556 29.883088130366 1.41943064549107 29.9138806714644 1.51403964019347 29.9400625063891 1.60981935596774 29.9615705608065 1.70653905108927 29.9783530199296 1.80396571934087 29.9903694533444 1.90186465134516 29.9975909124103 16.65 2.5 16.6491919987923 2.53239982567945 16.6467700039875 2.56471910028728 16.6427400370463 2.59687747301451 16.6371121171016 2.62879499307961 16.6299002360489 2.66039230849869 16.621122323761 2.69159086336709 16.6108002035108 2.72231309316168 16.5989595377158 2.75248261757855 16.5856297641366 2.78202443042641 16.5708440226907 2.81086508610386 16.5546390730609 2.83893288219667 16.5370552033054 2.86615803774135 16.5181361296949 2.89247286671156 16.4979288880273 2.91781194629625 16.4764837166894 2.9421122795511 16.4538539317559 2.96531345201882 16.430095794438 2.98735778192903 16.4052683712082 3.00819046360422 16.3794333869526 3.02775970371531 16.3526550715127 3.046016850048 16.325 3.06291651245989 16.2965369272796 3.07841667572745 16.2673366170349 3.09247880400259 16.2374716658382 3.10506793661873 16.2070163226636 3.11615277500864 16.176046304293 3.12570576051751 16.1446386070716 3.13370314291819 16.1128713154835 3.14012503945793 16.0808234080209 3.14495548429011 16.0485745608312 3.14818246816777 16.0162049496297 3.14979796830053 15.9837950503703 3.14979796830053 15.9514254391688 3.14818246816777 15.9191765919791 3.14495548429011 15.8871286845165 3.14012503945794 15.8553613929284 3.13370314291819 15.823953695707 3.12570576051751 15.7929836773364 3.11615277500864 15.7625283341618 3.10506793661873 15.7326633829651 3.09247880400259 15.7034630727204 3.07841667572745 15.675 3.06291651245989 15.6473449284873 3.046016850048 15.6205666130474 3.02775970371531 15.5947316287918 3.00819046360422 15.569904205562 2.98735778192903 15.5461460682441 2.96531345201882 15.5235162833106 2.9421122795511 15.5020711119727 2.91781194629625 15.4818638703051 2.89247286671156 15.4629447966946 2.86615803774135 15.4453609269391 2.83893288219667 15.4291559773094 2.81086508610386 15.4143702358634 2.78202443042641 15.4010404622842 2.75248261757855 15.3891997964892 2.72231309316168 15.378877676239 2.69159086336709 15.3700997639511 2.66039230849869 15.3628878828984 2.62879499307961 15.3572599629537 2.59687747301451 15.3532299960125 2.56471910028728 15.3508080012077 2.53239982567945 15.35 2.5 15.3508080012077 2.46760017432054 15.3532299960125 2.43528089971272 15.3572599629537 2.40312252698548 15.3628878828984 2.37120500692039 15.3700997639511 2.33960769150131 15.378877676239 2.30840913663291 15.3891997964892 2.27768690683831 15.4010404622842 2.24751738242145 15.4143702358634 2.21797556957358 15.4291559773094 2.18913491389614 15.4453609269391 2.16106711780332 15.4629447966946 2.13384196225864 15.4818638703051 2.10752713328844 15.5020711119727 2.08218805370375 15.5235162833106 2.0578877204489 15.5461460682441 2.03468654798118 15.569904205562 2.01264221807097 15.5947316287918 1.99180953639578 15.6205666130474 1.97224029628469 15.6473449284873 1.953983149952 15.675 1.93708348754011 15.7034630727204 1.92158332427254 15.7326633829651 1.90752119599741 15.7625283341618 1.89493206338127 15.7929836773364 1.88384722499136 15.8239536957071 1.87429423948249 15.8553613929284 1.86629685708181 15.8871286845165 1.85987496054206 15.9191765919791 1.85504451570989 15.9514254391688 1.85181753183223 15.9837950503703 1.85020203169947 16.0162049496298 1.85020203169947 16.0485745608312 1.85181753183223 16.0808234080209 1.85504451570989 16.1128713154835 1.85987496054207 16.1446386070716 1.86629685708182 16.176046304293 1.87429423948249 16.2070163226636 1.88384722499137 16.2374716658382 1.89493206338127 16.2673366170349 1.90752119599742 16.2965369272796 1.92158332427255 16.325 1.93708348754012 16.3526550715127 1.953983149952 16.3794333869526 1.9722402962847 16.4052683712082 1.99180953639579 16.430095794438 2.01264221807098 16.453853931756 2.03468654798119 16.4764837166894 2.05788772044891 16.4979288880273 2.08218805370376 16.5181361296949 2.10752713328845 16.5370552033054 2.13384196225865 16.5546390730609 2.16106711780333 16.5708440226907 2.18913491389615 16.5856297641366 2.2179755695736 16.5989595377158 2.24751738242146 16.6108002035108 2.27768690683832 16.621122323761 2.30840913663292 16.6299002360489 2.33960769150132 16.6371121171016 2.3712050069204 16.6427400370463 2.4031225269855 16.6467700039875 2.43528089971273 16.6491919987923 2.46760017432056 40.4 2.5 40.3991919987923 2.53239982567945 40.3967700039875 2.56471910028728 40.3927400370463 2.59687747301451 40.3871121171016 2.62879499307961 40.3799002360489 2.66039230849869 40.371122323761 2.69159086336709 40.3608002035108 2.72231309316168 40.3489595377158 2.75248261757855 40.3356297641366 2.78202443042641 40.3208440226907 2.81086508610386 40.3046390730609 2.83893288219667 40.2870552033054 2.86615803774135 40.2681361296949 2.89247286671156 40.2479288880273 2.91781194629625 40.2264837166894 2.9421122795511 40.2038539317559 2.96531345201882 40.180095794438 2.98735778192903 40.1552683712082 3.00819046360422 40.1294333869526 3.02775970371531 40.1026550715127 3.046016850048 40.075 3.06291651245989 40.0465369272796 3.07841667572745 40.0173366170349 3.09247880400259 39.9874716658382 3.10506793661873 39.9570163226636 3.11615277500864 39.926046304293 3.12570576051751 39.8946386070716 3.13370314291819 39.8628713154835 3.14012503945793 39.8308234080209 3.14495548429011 39.7985745608312 3.14818246816777 39.7662049496297 3.14979796830053 39.7337950503703 3.14979796830053 39.7014254391688 3.14818246816777 39.6691765919791 3.14495548429011 39.6371286845165 3.14012503945794 39.6053613929284 3.13370314291819 39.573953695707 3.12570576051751 39.5429836773364 3.11615277500864 39.5125283341618 3.10506793661873 39.4826633829651 3.09247880400259 39.4534630727204 3.07841667572745 39.425 3.06291651245989 39.3973449284873 3.046016850048 39.3705666130474 3.02775970371531 39.3447316287918 3.00819046360422 39.319904205562 2.98735778192903 39.2961460682441 2.96531345201882 39.2735162833106 2.9421122795511 39.2520711119727 2.91781194629625 39.2318638703051 2.89247286671156 39.2129447966946 2.86615803774135 39.1953609269391 2.83893288219667 39.1791559773093 2.81086508610386 39.1643702358634 2.78202443042641 39.1510404622842 2.75248261757855 39.1391997964892 2.72231309316168 39.128877676239 2.69159086336709 39.1200997639511 2.66039230849869 39.1128878828984 2.62879499307961 39.1072599629537 2.59687747301451 39.1032299960125 2.56471910028728 39.1008080012077 2.53239982567945 39.1 2.5 39.1008080012077 2.46760017432054 39.1032299960125 2.43528089971272 39.1072599629537 2.40312252698548 39.1128878828984 2.37120500692039 39.1200997639511 2.33960769150131 39.128877676239 2.30840913663291 39.1391997964892 2.27768690683831 39.1510404622842 2.24751738242145 39.1643702358634 2.21797556957358 39.1791559773093 2.18913491389614 39.1953609269391 2.16106711780332 39.2129447966946 2.13384196225864 39.2318638703051 2.10752713328844 39.2520711119727 2.08218805370375 39.2735162833106 2.0578877204489 39.2961460682441 2.03468654798118 39.319904205562 2.01264221807097 39.3447316287918 1.99180953639578 39.3705666130474 1.97224029628469 39.3973449284873 1.953983149952 39.425 1.93708348754011 39.4534630727204 1.92158332427254 39.4826633829651 1.90752119599741 39.5125283341618 1.89493206338127 39.5429836773364 1.88384722499136 39.5739536957071 1.87429423948249 39.6053613929284 1.86629685708181 39.6371286845165 1.85987496054206 39.6691765919791 1.85504451570989 39.7014254391688 1.85181753183223 39.7337950503703 1.85020203169947 39.7662049496298 1.85020203169947 39.7985745608312 1.85181753183223 39.8308234080209 1.85504451570989 39.8628713154835 1.85987496054207 39.8946386070716 1.86629685708182 39.926046304293 1.87429423948249 39.9570163226636 1.88384722499137 39.9874716658382 1.89493206338127 40.0173366170349 1.90752119599742 40.0465369272796 1.92158332427255 40.075 1.93708348754012 40.1026550715127 1.953983149952 40.1294333869526 1.9722402962847 40.1552683712082 1.99180953639579 40.180095794438 2.01264221807098 40.203853931756 2.03468654798119 40.2264837166894 2.05788772044891 40.2479288880273 2.08218805370376 40.2681361296949 2.10752713328845 40.2870552033054 2.13384196225865 40.3046390730609 2.16106711780333 40.3208440226907 2.18913491389615 40.3356297641366 2.2179755695736 40.3489595377158 2.24751738242146 40.3608002035108 2.27768690683832 40.371122323761 2.30840913663292 40.3799002360489 2.33960769150132 40.3871121171016 2.3712050069204 40.3927400370463 2.4031225269855 40.3967700039875 2.43528089971273 40.3991919987923 2.46760017432056 21.55 11 21.543100912765 11.2766446654169 21.522420803278 11.5526015486068 21.4880110855495 11.8271845772778 21.4399573075594 12.0997110947567 21.3783789385714 12.3695035571811 21.3034290721131 12.6358912179805 21.2152940453618 12.8982117954575 21.1141929758808 13.1558131193246 21.0003772168584 13.4080547521024 20.8741297322048 13.6543095813483 20.7357643930585 13.8939653787562 20.5856251974538 14.1264263222531 20.4240854150872 14.3511144773064 20.2515466593103 14.5674712337603 20.0684378886555 14.7749586946286 19.8752143403777 14.9730610133914 19.6723563986626 15.1612856764709 19.460368400316 15.3391647276976 19.2397773809031 15.506255931723 19.011131764455 15.6621438734868 18.775 15.8064409910036 18.5319691483101 15.9387885389036 18.2826434223749 16.0588574803298 18.0276426852335 16.1663493049753 17.7676009088968 16.2609967712276 17.5031645981937 16.3425645705726 17.2349911834575 16.4108499126091 16.9637473860515 16.4656830292178 16.6901075607935 16.506927596631 16.4147520194047 16.5344810743556 16.1383653391463 16.5482749601045 15.8616346608537 16.5482749601045 15.5852479805953 16.5344810743556 15.3098924392065 16.506927596631 15.0362526139485 16.4656830292178 14.7650088165425 16.4108499126091 14.4968354018063 16.3425645705726 14.2323990911032 16.2609967712276 13.9723573147665 16.1663493049753 13.7173565776251 16.0588574803298 13.4680308516899 15.9387885389037 13.225 15.8064409910036 12.988868235545 15.6621438734868 12.7602226190969 15.506255931723 12.539631599684 15.3391647276976 12.3276436013374 15.1612856764709 12.1247856596223 14.9730610133914 11.9315621113445 14.7749586946286 11.7484533406897 14.5674712337603 11.5759145849128 14.3511144773064 11.4143748025462 14.1264263222531 11.2642356069415 13.8939653787562 11.1258702677952 13.6543095813483 10.9996227831416 13.4080547521024 10.8858070241192 13.1558131193245 10.7847059546382 12.8982117954575 10.6965709278869 12.6358912179805 10.6216210614286 12.3695035571811 10.5600426924406 12.0997110947566 10.5119889144505 11.8271845772778 10.477579196722 11.5526015486068 10.456899087235 11.2766446654169 10.45 11 10.456899087235 10.7233553345831 10.477579196722 10.4473984513932 10.5119889144505 10.1728154227222 10.5600426924406 9.90028890524332 10.6216210614286 9.63049644281885 10.6965709278869 9.36410878201946 10.7847059546382 9.10178820454251 10.8858070241192 8.84418688067542 10.9996227831416 8.59194524789753 11.1258702677952 8.34569041865166 11.2642356069416 8.10603462124376 11.4143748025462 7.87357367774687 11.5759145849128 7.64888552269357 11.7484533406897 7.43252876623968 11.9315621113445 7.22504130537137 12.1247856596223 7.02693898660854 12.3276436013375 6.83871432352905 12.5396315996841 6.66083527230241 12.7602226190969 6.49374406827697 12.9888682355451 6.3378561265132 13.225 6.19355900899634 13.46803085169 6.06121146109633 13.7173565776251 5.9411425196702 13.9723573147665 5.83365069502465 14.2323990911032 5.7390032287724 14.4968354018064 5.65743542942742 14.7650088165425 5.58915008739087 15.0362526139486 5.53431697078224 15.3098924392065 5.49307240336904 15.5852479805954 5.46551892564445 15.8616346608537 5.45172503989547 16.1383653391464 5.45172503989547 16.4147520194047 5.46551892564445 16.6901075607936 5.49307240336905 16.9637473860515 5.53431697078226 17.2349911834576 5.58915008739089 17.5031645981937 5.65743542942745 17.7676009088969 5.73900322877244 18.0276426852335 5.83365069502469 18.2826434223749 5.94114251967024 18.5319691483101 6.06121146109638 18.7750000000001 6.1935590089964 19.011131764455 6.33785612651325 19.2397773809031 6.49374406827704 19.460368400316 6.66083527230248 19.6723563986626 6.83871432352912 19.8752143403778 7.02693898660861 20.0684378886556 7.22504130537145 20.2515466593104 7.43252876623976 20.4240854150873 7.64888552269366 20.5856251974538 7.87357367774696 20.7357643930585 8.10603462124385 20.8741297322048 8.34569041865175 21.0003772168585 8.59194524789762 21.1141929758808 8.84418688067552 21.2152940453618 9.10178820454261 21.3034290721131 9.36410878201956 21.3783789385714 9.63049644281895 21.4399573075594 9.90028890524342 21.4880110855495 10.1728154227223 21.522420803278 10.4473984513933 21.543100912765 10.7233553345832 46.6 11 46.593038758826 11.2791369596999 46.5721723420462 11.5575799409366 46.5374526268607 11.8346366905866 46.4889659319518 12.1096184019166 46.4268328028828 12.3818414270656 46.3512077124024 12.6506289767011 46.2622786764011 12.9153128026237 46.1602667864743 13.1752348591383 46.0454256602535 13.4297489390583 45.9180408108733 13.6782222802794 45.7784289371401 13.9200371389252 45.6269371361696 14.1545923251563 45.4639420404484 14.3813046978227 45.2898488814663 14.5996106142446 45.105090482247 14.8089673315171 44.910126181282 15.0088543558544 44.7054406905424 15.1987747366193 44.4915428904089 15.378256301821 44.2689645645148 15.5468528320088 44.0382590776483 15.7041451696443 43.8 15.8497422611929 43.5547796811777 15.9832821293442 43.3032077775314 16.1044327729454 43.0459097364518 16.2128929924075 42.7835252414094 16.3083931385359 42.5167066216008 16.3906957829201 42.2461172301554 16.4595963082182 41.9724297949348 16.5149234168684 41.6963247460259 16.556539556961 41.418488524084 16.5843412642146 41.1396118737332 16.5982594192046 40.8603881262668 16.5982594192046 40.581511475916 16.5843412642146 40.3036752539741 16.556539556961 40.0275702050652 16.5149234168684 39.7538827698446 16.4595963082182 39.4832933783992 16.3906957829201 39.2164747585906 16.3083931385359 38.9540902635482 16.2128929924075 38.6967922224686 16.1044327729454 38.4452203188223 15.9832821293442 38.2 15.8497422611929 37.9617409223518 15.7041451696443 37.7310354354852 15.5468528320088 37.5084571095911 15.378256301821 37.2945593094576 15.1987747366193 37.089873818718 15.0088543558544 36.894909517753 14.8089673315171 36.7101511185337 14.5996106142446 36.5360579595516 14.3813046978227 36.3730628638304 14.1545923251563 36.2215710628599 13.9200371389252 36.0819591891267 13.6782222802794 35.9545743397465 13.4297489390583 35.8397332135257 13.1752348591383 35.7377213235989 12.9153128026237 35.6487922875976 12.6506289767011 35.5731671971172 12.3818414270656 35.5110340680482 12.1096184019166 35.4625473731393 11.8346366905866 35.4278276579537 11.5575799409366 35.406961241174 11.2791369596999 35.4 11 35.406961241174 10.7208630403001 35.4278276579538 10.4424200590634 35.4625473731393 10.1653633094134 35.5110340680482 9.89038159808335 35.5731671971172 9.61815857293433 35.6487922875976 9.34937102329891 35.7377213235989 9.08468719737623 35.8397332135257 8.82476514086168 35.9545743397465 8.57025106094165 36.0819591891267 8.32177771972059 36.2215710628599 8.07996286107478 36.3730628638304 7.84540767484369 36.5360579595517 7.6186953021773 36.7101511185337 7.40038938575535 36.894909517753 7.19103266848283 37.089873818718 6.99114564414555 37.2945593094576 6.80122526338066 37.5084571095911 6.62174369817901 37.7310354354852 6.45314716799118 37.9617409223518 6.29585483035566 38.2 6.15025773880712 38.4452203188223 6.01671787065576 38.6967922224686 5.89556722705461 38.9540902635482 5.78710700759244 39.2164747585906 5.69160686146405 39.4832933783992 5.60930421707992 39.7538827698447 5.54040369178178 40.0275702050652 5.48507658313163 40.3036752539741 5.44346044303903 40.5815114759161 5.41565873578539 40.8603881262668 5.40174058079543 41.1396118737333 5.40174058079543 41.418488524084 5.41565873578539 41.696324746026 5.44346044303904 41.9724297949349 5.48507658313165 42.2461172301554 5.5404036917818 42.5167066216009 5.60930421707995 42.7835252414095 5.69160686146408 43.0459097364519 5.78710700759248 43.3032077775315 5.89556722705466 43.5547796811778 6.01671787065581 43.8000000000001 6.15025773880718 44.0382590776483 6.29585483035572 44.2689645645149 6.45314716799124 44.491542890409 6.62174369817908 44.7054406905425 6.80122526338073 44.9101261812821 6.99114564414563 45.1050904822471 7.1910326684829 45.2898488814663 7.40038938575544 45.4639420404484 7.61869530217739 45.6269371361696 7.84540767484378 45.7784289371401 8.07996286107488 45.9180408108733 8.32177771972069 46.0454256602536 8.57025106094174 46.1602667864743 8.82476514086178 46.2622786764011 9.08468719737633 46.3512077124024 9.34937102329901 46.4268328028829 9.61815857293444 46.4889659319519 9.89038159808346 46.5374526268607 10.1653633094135 46.5721723420463 10.4424200590635 46.593038758826 10.7208630403002 42.9 2.5 42.8991919987923 2.53239982567945 42.8967700039875 2.56471910028728 42.8927400370463 2.59687747301451 42.8871121171016 2.62879499307961 42.8799002360489 2.66039230849869 42.871122323761 2.69159086336709 42.8608002035108 2.72231309316168 42.8489595377158 2.75248261757855 42.8356297641366 2.78202443042641 42.8208440226907 2.81086508610386 42.8046390730609 2.83893288219667 42.7870552033054 2.86615803774135 42.7681361296949 2.89247286671156 42.7479288880273 2.91781194629625 42.7264837166894 2.9421122795511 42.7038539317559 2.96531345201882 42.680095794438 2.98735778192903 42.6552683712082 3.00819046360422 42.6294333869526 3.02775970371531 42.6026550715127 3.046016850048 42.575 3.06291651245989 42.5465369272796 3.07841667572745 42.5173366170349 3.09247880400259 42.4874716658382 3.10506793661873 42.4570163226636 3.11615277500864 42.426046304293 3.12570576051751 42.3946386070716 3.13370314291819 42.3628713154835 3.14012503945793 42.3308234080209 3.14495548429011 42.2985745608312 3.14818246816777 42.2662049496297 3.14979796830053 42.2337950503703 3.14979796830053 42.2014254391688 3.14818246816777 42.1691765919791 3.14495548429011 42.1371286845165 3.14012503945794 42.1053613929284 3.13370314291819 42.073953695707 3.12570576051751 42.0429836773364 3.11615277500864 42.0125283341618 3.10506793661873 41.9826633829651 3.09247880400259 41.9534630727204 3.07841667572745 41.925 3.06291651245989 41.8973449284873 3.046016850048 41.8705666130474 3.02775970371531 41.8447316287918 3.00819046360422 41.819904205562 2.98735778192903 41.7961460682441 2.96531345201882 41.7735162833106 2.9421122795511 41.7520711119727 2.91781194629625 41.7318638703051 2.89247286671156 41.7129447966946 2.86615803774135 41.6953609269391 2.83893288219667 41.6791559773093 2.81086508610386 41.6643702358634 2.78202443042641 41.6510404622842 2.75248261757855 41.6391997964892 2.72231309316168 41.628877676239 2.69159086336709 41.6200997639511 2.66039230849869 41.6128878828984 2.62879499307961 41.6072599629537 2.59687747301451 41.6032299960125 2.56471910028728 41.6008080012077 2.53239982567945 41.6 2.5 41.6008080012077 2.46760017432054 41.6032299960125 2.43528089971272 41.6072599629537 2.40312252698548 41.6128878828984 2.37120500692039 41.6200997639511 2.33960769150131 41.628877676239 2.30840913663291 41.6391997964892 2.27768690683831 41.6510404622842 2.24751738242145 41.6643702358634 2.21797556957358 41.6791559773093 2.18913491389614 41.6953609269391 2.16106711780332 41.7129447966946 2.13384196225864 41.7318638703051 2.10752713328844 41.7520711119727 2.08218805370375 41.7735162833106 2.0578877204489 41.7961460682441 2.03468654798118 41.819904205562 2.01264221807097 41.8447316287918 1.99180953639578 41.8705666130474 1.97224029628469 41.8973449284873 1.953983149952 41.925 1.93708348754011 41.9534630727204 1.92158332427254 41.9826633829651 1.90752119599741 42.0125283341618 1.89493206338127 42.0429836773364 1.88384722499136 42.0739536957071 1.87429423948249 42.1053613929284 1.86629685708181 42.1371286845165 1.85987496054206 42.1691765919791 1.85504451570989 42.2014254391688 1.85181753183223 42.2337950503703 1.85020203169947 42.2662049496298 1.85020203169947 42.2985745608312 1.85181753183223 42.3308234080209 1.85504451570989 42.3628713154835 1.85987496054207 42.3946386070716 1.86629685708182 42.426046304293 1.87429423948249 42.4570163226636 1.88384722499137 42.4874716658382 1.89493206338127 42.5173366170349 1.90752119599742 42.5465369272796 1.92158332427255 42.575 1.93708348754012 42.6026550715127 1.953983149952 42.6294333869526 1.9722402962847 42.6552683712082 1.99180953639579 42.680095794438 2.01264221807098 42.703853931756 2.03468654798119 42.7264837166894 2.05788772044891 42.7479288880273 2.08218805370376 42.7681361296949 2.10752713328845 42.7870552033054 2.13384196225865 42.8046390730609 2.16106711780333 42.8208440226907 2.18913491389615 42.8356297641366 2.2179755695736 42.8489595377158 2.24751738242146 42.8608002035108 2.27768690683832 42.871122323761 2.30840913663292 42.8799002360489 2.33960769150132 42.8871121171016 2.3712050069204 42.8927400370463 2.4031225269855 42.8967700039875 2.43528089971273 42.8991919987923 2.46760017432056 64.15 2.5 64.1491919987923 2.53239982567945 64.1467700039875 2.56471910028728 64.1427400370463 2.59687747301451 64.1371121171016 2.62879499307961 64.1299002360489 2.66039230849869 64.121122323761 2.69159086336709 64.1108002035108 2.72231309316168 64.0989595377158 2.75248261757855 64.0856297641366 2.78202443042641 64.0708440226907 2.81086508610386 64.0546390730609 2.83893288219667 64.0370552033054 2.86615803774135 64.0181361296949 2.89247286671156 63.9979288880273 2.91781194629625 63.9764837166894 2.9421122795511 63.9538539317559 2.96531345201882 63.930095794438 2.98735778192903 63.9052683712082 3.00819046360422 63.8794333869526 3.02775970371531 63.8526550715127 3.046016850048 63.825 3.06291651245989 63.7965369272796 3.07841667572745 63.7673366170349 3.09247880400259 63.7374716658382 3.10506793661873 63.7070163226636 3.11615277500864 63.676046304293 3.12570576051751 63.6446386070716 3.13370314291819 63.6128713154835 3.14012503945793 63.5808234080209 3.14495548429011 63.5485745608312 3.14818246816777 63.5162049496297 3.14979796830053 63.4837950503703 3.14979796830053 63.4514254391688 3.14818246816777 63.4191765919791 3.14495548429011 63.3871286845165 3.14012503945794 63.3553613929284 3.13370314291819 63.323953695707 3.12570576051751 63.2929836773364 3.11615277500864 63.2625283341618 3.10506793661873 63.2326633829651 3.09247880400259 63.2034630727204 3.07841667572745 63.175 3.06291651245989 63.1473449284873 3.046016850048 63.1205666130474 3.02775970371531 63.0947316287918 3.00819046360422 63.069904205562 2.98735778192903 63.0461460682441 2.96531345201882 63.0235162833106 2.9421122795511 63.0020711119727 2.91781194629625 62.9818638703051 2.89247286671156 62.9629447966946 2.86615803774135 62.9453609269391 2.83893288219667 62.9291559773093 2.81086508610386 62.9143702358634 2.78202443042641 62.9010404622842 2.75248261757855 62.8891997964892 2.72231309316168 62.878877676239 2.69159086336709 62.8700997639511 2.66039230849869 62.8628878828984 2.62879499307961 62.8572599629537 2.59687747301451 62.8532299960125 2.56471910028728 62.8508080012077 2.53239982567945 62.85 2.5 62.8508080012077 2.46760017432054 62.8532299960125 2.43528089971272 62.8572599629537 2.40312252698548 62.8628878828984 2.37120500692039 62.8700997639511 2.33960769150131 62.878877676239 2.30840913663291 62.8891997964892 2.27768690683831 62.9010404622842 2.24751738242145 62.9143702358634 2.21797556957358 62.9291559773093 2.18913491389614 62.9453609269391 2.16106711780332 62.9629447966946 2.13384196225864 62.9818638703051 2.10752713328844 63.0020711119727 2.08218805370375 63.0235162833106 2.0578877204489 63.0461460682441 2.03468654798118 63.069904205562 2.01264221807097 63.0947316287918 1.99180953639578 63.1205666130474 1.97224029628469 63.1473449284873 1.953983149952 63.175 1.93708348754011 63.2034630727204 1.92158332427254 63.2326633829651 1.90752119599741 63.2625283341618 1.89493206338127 63.2929836773364 1.88384722499136 63.3239536957071 1.87429423948249 63.3553613929284 1.86629685708181 63.3871286845165 1.85987496054206 63.4191765919791 1.85504451570989 63.4514254391688 1.85181753183223 63.4837950503703 1.85020203169947 63.5162049496298 1.85020203169947 63.5485745608312 1.85181753183223 63.5808234080209 1.85504451570989 63.6128713154835 1.85987496054207 63.6446386070716 1.86629685708182 63.676046304293 1.87429423948249 63.7070163226636 1.88384722499137 63.7374716658382 1.89493206338127 63.7673366170349 1.90752119599742 63.7965369272796 1.92158332427255 63.825 1.93708348754012 63.8526550715127 1.953983149952 63.8794333869526 1.9722402962847 63.9052683712082 1.99180953639579 63.930095794438 2.01264221807098 63.953853931756 2.03468654798119 63.9764837166894 2.05788772044891 63.9979288880273 2.08218805370376 64.0181361296949 2.10752713328845 64.0370552033054 2.13384196225865 64.0546390730609 2.16106711780333 64.0708440226907 2.18913491389615 64.0856297641366 2.2179755695736 64.0989595377158 2.24751738242146 64.1108002035108 2.27768690683832 64.121122323761 2.30840913663292 64.1299002360489 2.33960769150132 64.1371121171016 2.3712050069204 64.1427400370463 2.4031225269855 64.1467700039875 2.43528089971273 64.1491919987923 2.46760017432056 66.65 2.5 66.6491919987923 2.53239982567945 66.6467700039875 2.56471910028728 66.6427400370463 2.59687747301451 66.6371121171016 2.62879499307961 66.6299002360489 2.66039230849869 66.621122323761 2.69159086336709 66.6108002035108 2.72231309316168 66.5989595377158 2.75248261757855 66.5856297641366 2.78202443042641 66.5708440226907 2.81086508610386 66.5546390730609 2.83893288219667 66.5370552033054 2.86615803774135 66.5181361296949 2.89247286671156 66.4979288880273 2.91781194629625 66.4764837166894 2.9421122795511 66.4538539317559 2.96531345201882 66.430095794438 2.98735778192903 66.4052683712082 3.00819046360422 66.3794333869526 3.02775970371531 66.3526550715127 3.046016850048 66.325 3.06291651245989 66.2965369272796 3.07841667572745 66.2673366170349 3.09247880400259 66.2374716658382 3.10506793661873 66.2070163226636 3.11615277500864 66.176046304293 3.12570576051751 66.1446386070716 3.13370314291819 66.1128713154835 3.14012503945793 66.0808234080209 3.14495548429011 66.0485745608312 3.14818246816777 66.0162049496298 3.14979796830053 65.9837950503702 3.14979796830053 65.9514254391688 3.14818246816777 65.9191765919791 3.14495548429011 65.8871286845165 3.14012503945794 65.8553613929284 3.13370314291819 65.823953695707 3.12570576051751 65.7929836773364 3.11615277500864 65.7625283341618 3.10506793661873 65.7326633829651 3.09247880400259 65.7034630727204 3.07841667572745 65.675 3.06291651245989 65.6473449284873 3.046016850048 65.6205666130474 3.02775970371531 65.5947316287918 3.00819046360422 65.569904205562 2.98735778192903 65.5461460682441 2.96531345201882 65.5235162833106 2.9421122795511 65.5020711119727 2.91781194629625 65.4818638703051 2.89247286671156 65.4629447966946 2.86615803774135 65.4453609269391 2.83893288219667 65.4291559773093 2.81086508610386 65.4143702358634 2.78202443042641 65.4010404622842 2.75248261757855 65.3891997964892 2.72231309316168 65.378877676239 2.69159086336709 65.3700997639511 2.66039230849869 65.3628878828984 2.62879499307961 65.3572599629537 2.59687747301451 65.3532299960125 2.56471910028728 65.3508080012077 2.53239982567945 65.35 2.5 65.3508080012077 2.46760017432054 65.3532299960125 2.43528089971272 65.3572599629537 2.40312252698548 65.3628878828984 2.37120500692039 65.3700997639511 2.33960769150131 65.378877676239 2.30840913663291 65.3891997964892 2.27768690683831 65.4010404622842 2.24751738242145 65.4143702358634 2.21797556957358 65.4291559773093 2.18913491389614 65.4453609269391 2.16106711780332 65.4629447966946 2.13384196225864 65.4818638703051 2.10752713328844 65.5020711119727 2.08218805370375 65.5235162833106 2.0578877204489 65.5461460682441 2.03468654798118 65.569904205562 2.01264221807097 65.5947316287918 1.99180953639578 65.6205666130474 1.97224029628469 65.6473449284873 1.953983149952 65.675 1.93708348754011 65.7034630727205 1.92158332427254 65.7326633829651 1.90752119599741 65.7625283341618 1.89493206338127 65.7929836773364 1.88384722499136 65.823953695707 1.87429423948249 65.8553613929284 1.86629685708181 65.8871286845165 1.85987496054206 65.9191765919791 1.85504451570989 65.9514254391688 1.85181753183223 65.9837950503703 1.85020203169947 66.0162049496298 1.85020203169947 66.0485745608312 1.85181753183223 66.0808234080209 1.85504451570989 66.1128713154835 1.85987496054207 66.1446386070716 1.86629685708182 66.176046304293 1.87429423948249 66.2070163226636 1.88384722499137 66.2374716658382 1.89493206338127 66.2673366170349 1.90752119599742 66.2965369272796 1.92158332427255 66.325 1.93708348754012 66.3526550715128 1.953983149952 66.3794333869526 1.9722402962847 66.4052683712082 1.99180953639579 66.430095794438 2.01264221807098 66.453853931756 2.03468654798119 66.4764837166894 2.05788772044891 66.4979288880273 2.08218805370376 66.5181361296949 2.10752713328845 66.5370552033054 2.13384196225865 66.5546390730609 2.16106711780333 66.5708440226907 2.18913491389615 66.5856297641366 2.2179755695736 66.5989595377158 2.24751738242146 66.6108002035108 2.27768690683832 66.621122323761 2.30840913663292 66.6299002360489 2.33960769150132 66.6371121171016 2.3712050069204 66.6427400370463 2.4031225269855 66.6467700039875 2.43528089971273 66.6491919987923 2.46760017432056 69.15 2.5 69.1491919987923 2.53239982567945 69.1467700039875 2.56471910028728 69.1427400370463 2.59687747301451 69.1371121171016 2.62879499307961 69.1299002360489 2.66039230849869 69.121122323761 2.69159086336709 69.1108002035108 2.72231309316168 69.0989595377158 2.75248261757855 69.0856297641366 2.78202443042641 69.0708440226907 2.81086508610386 69.0546390730609 2.83893288219667 69.0370552033054 2.86615803774135 69.0181361296949 2.89247286671156 68.9979288880273 2.91781194629625 68.9764837166894 2.9421122795511 68.9538539317559 2.96531345201882 68.930095794438 2.98735778192903 68.9052683712082 3.00819046360422 68.8794333869526 3.02775970371531 68.8526550715127 3.046016850048 68.825 3.06291651245989 68.7965369272796 3.07841667572745 68.7673366170349 3.09247880400259 68.7374716658382 3.10506793661873 68.7070163226636 3.11615277500864 68.676046304293 3.12570576051751 68.6446386070716 3.13370314291819 68.6128713154835 3.14012503945793 68.5808234080209 3.14495548429011 68.5485745608312 3.14818246816777 68.5162049496298 3.14979796830053 68.4837950503702 3.14979796830053 68.4514254391688 3.14818246816777 68.4191765919791 3.14495548429011 68.3871286845165 3.14012503945794 68.3553613929284 3.13370314291819 68.323953695707 3.12570576051751 68.2929836773364 3.11615277500864 68.2625283341618 3.10506793661873 68.2326633829651 3.09247880400259 68.2034630727204 3.07841667572745 68.175 3.06291651245989 68.1473449284873 3.046016850048 68.1205666130474 3.02775970371531 68.0947316287918 3.00819046360422 68.069904205562 2.98735778192903 68.0461460682441 2.96531345201882 68.0235162833106 2.9421122795511 68.0020711119727 2.91781194629625 67.9818638703051 2.89247286671156 67.9629447966946 2.86615803774135 67.9453609269391 2.83893288219667 67.9291559773093 2.81086508610386 67.9143702358634 2.78202443042641 67.9010404622842 2.75248261757855 67.8891997964892 2.72231309316168 67.878877676239 2.69159086336709 67.8700997639511 2.66039230849869 67.8628878828984 2.62879499307961 67.8572599629537 2.59687747301451 67.8532299960125 2.56471910028728 67.8508080012077 2.53239982567945 67.85 2.5 67.8508080012077 2.46760017432054 67.8532299960125 2.43528089971272 67.8572599629537 2.40312252698548 67.8628878828984 2.37120500692039 67.8700997639511 2.33960769150131 67.878877676239 2.30840913663291 67.8891997964892 2.27768690683831 67.9010404622842 2.24751738242145 67.9143702358634 2.21797556957358 67.9291559773093 2.18913491389614 67.9453609269391 2.16106711780332 67.9629447966946 2.13384196225864 67.9818638703051 2.10752713328844 68.0020711119727 2.08218805370375 68.0235162833106 2.0578877204489 68.0461460682441 2.03468654798118 68.069904205562 2.01264221807097 68.0947316287918 1.99180953639578 68.1205666130474 1.97224029628469 68.1473449284873 1.953983149952 68.175 1.93708348754011 68.2034630727205 1.92158332427254 68.2326633829651 1.90752119599741 68.2625283341618 1.89493206338127 68.2929836773364 1.88384722499136 68.323953695707 1.87429423948249 68.3553613929284 1.86629685708181 68.3871286845165 1.85987496054206 68.4191765919791 1.85504451570989 68.4514254391688 1.85181753183223 68.4837950503703 1.85020203169947 68.5162049496298 1.85020203169947 68.5485745608312 1.85181753183223 68.5808234080209 1.85504451570989 68.6128713154835 1.85987496054207 68.6446386070716 1.86629685708182 68.676046304293 1.87429423948249 68.7070163226636 1.88384722499137 68.7374716658382 1.89493206338127 68.7673366170349 1.90752119599742 68.7965369272796 1.92158332427255 68.825 1.93708348754012 68.8526550715128 1.953983149952 68.8794333869526 1.9722402962847 68.9052683712082 1.99180953639579 68.930095794438 2.01264221807098 68.953853931756 2.03468654798119 68.9764837166894 2.05788772044891 68.9979288880273 2.08218805370376 69.0181361296949 2.10752713328845 69.0370552033054 2.13384196225865 69.0546390730609 2.16106711780333 69.0708440226907 2.18913491389615 69.0856297641366 2.2179755695736 69.0989595377158 2.24751738242146 69.1108002035108 2.27768690683832 69.121122323761 2.30840913663292 69.1299002360489 2.33960769150132 69.1371121171016 2.3712050069204 69.1427400370463 2.4031225269855 69.1467700039875 2.43528089971273 69.1491919987923 2.46760017432056 71.65 11 71.6429766048869 11.2816292539829 71.6219238808145 11.5625583332664 71.586894168172 11.8420888038954 71.5379745563443 12.1195257090766 71.4752866671943 12.3941792969502 71.3989863526917 12.6653667354216 71.3092633074404 12.93241380979 71.2063405970678 13.194656598952 71.0904741036487 13.4514431260142 70.9619518895418 13.7021349792104 70.8210934812217 13.9461088990942 70.6682490748854 14.1827583280595 70.5037986658095 14.4114949183389 70.3281511036222 14.6317499947289 70.1417430758385 14.8429759684057 69.9450380221863 15.0446476983174 69.7385249824223 15.2362637967677 69.5227173805018 15.4173478759444 69.2981517481266 15.5874497322946 69.0653863908415 15.7461464658019 68.825 15.8930435313821 68.5775902140454 16.0277757197848 68.323772132688 16.150008065561 68.0641767876701 16.2594366798398 67.799449573922 16.3557895058443 67.530248645008 16.4388269952676 67.2572432768532 16.5083427038273 66.9811122038182 16.564163804519 66.7025419312583 16.606151517291 66.4222250287633 16.6342014540737 66.1408584083201 16.6482438783046 65.8591415916799 16.6482438783046 65.5777749712367 16.6342014540737 65.2974580687417 16.606151517291 65.0188877961818 16.564163804519 64.7427567231468 16.5083427038273 64.469751354992 16.4388269952676 64.200550426078 16.3557895058443 63.9358232123299 16.2594366798398 63.6762278673121 16.150008065561 63.4224097859546 16.0277757197848 63.175 15.8930435313821 62.9346136091585 15.7461464658019 62.7018482518734 15.5874497322946 62.4772826194982 15.4173478759444 62.2614750175777 15.2362637967677 62.0549619778137 15.0446476983174 61.8582569241615 14.8429759684057 61.6718488963778 14.6317499947289 61.4962013341905 14.4114949183389 61.3317509251146 14.1827583280595 61.1789065187783 13.9461088990942 61.0380481104582 13.7021349792104 60.9095258963513 13.4514431260142 60.7936594029322 13.194656598952 60.6907366925596 12.93241380979 60.6010136473083 12.6653667354216 60.5247133328057 12.3941792969501 60.4620254436557 12.1195257090766 60.413105831828 11.8420888038954 60.3780761191855 11.5625583332663 60.3570233951131 11.2816292539829 60.35 11 60.3570233951131 10.718370746017 60.3780761191855 10.4374416667336 60.413105831828 10.1579111961046 60.4620254436557 9.88047429092338 60.5247133328057 9.60582070304982 60.6010136473083 9.33463326457837 60.6907366925596 9.06758619020995 60.7936594029322 8.80534340104795 60.9095258963513 8.54855687398577 61.0380481104582 8.29786502078952 61.1789065187783 8.05389110090581 61.3317509251146 7.81724167194051 61.4962013341905 7.58850508166103 61.6718488963778 7.36825000527103 61.8582569241615 7.15702403159428 62.0549619778137 6.95535230168256 62.2614750175778 6.76373620323228 62.4772826194982 6.58265212405561 62.7018482518735 6.41255026770539 62.9346136091585 6.25385353419812 63.175 6.1069564686179 63.4224097859547 5.97222428021518 63.6762278673121 5.84999193443903 63.9358232123299 5.74056332016023 64.200550426078 5.64421049415569 64.4697513549921 5.56117300473242 64.7427567231469 5.49165729617269 65.0188877961819 5.43583619548102 65.2974580687418 5.39384848270902 65.5777749712367 5.36579854592633 65.8591415916799 5.35175612169539 66.1408584083202 5.35175612169539 66.4222250287633 5.36579854592634 66.7025419312584 5.39384848270903 66.9811122038182 5.43583619548103 67.2572432768532 5.49165729617271 67.530248645008 5.56117300473245 67.7994495739221 5.64421049415573 68.0641767876702 5.74056332016027 68.323772132688 5.84999193443907 68.5775902140454 5.97222428021523 68.8250000000001 6.10695646861795 69.0653863908416 6.25385353419818 69.2981517481266 6.41255026770545 69.5227173805019 6.58265212405567 69.7385249824223 6.76373620323235 69.9450380221864 6.95535230168264 70.1417430758386 7.15702403159436 70.3281511036223 7.36825000527111 70.5037986658096 7.58850508166111 70.6682490748854 7.8172416719406 70.8210934812217 8.0538911009059 70.9619518895418 8.29786502078962 71.0904741036487 8.54855687398587 71.2063405970678 8.80534340104805 71.3092633074404 9.06758619021005 71.3989863526917 9.33463326457847 71.4752866671943 9.60582070304992 71.5379745563443 9.88047429092349 71.586894168172 10.1579111961047 71.6219238808145 10.4374416667337 71.6429766048869 10.7183707460171 19.1 23 19.0961464557787 23.1545222455482 19.0845954036327 23.308660324447 19.0653755612979 23.4620310251461 19.0385347123305 23.6142530439181 19.0041395873101 23.7649479328399 18.962275697937 23.9137410406738 18.9130471244363 24.0602624443096 18.8565762567983 24.2041478684516 18.7930034904975 24.3450395912644 18.7224868774477 24.4825873337261 18.6452017330597 24.6164491304764 18.5613402003796 24.7462921799972 18.4711107723911 24.871793672009 18.3747377736688 24.9926415900283 18.2724608026725 25.1085354870898 18.1645341360668 25.2191872327051 18.0512260965503 25.3243217292 17.9328183857621 25.4236775956509 17.8096053839278 25.5170078177192 17.6818934179839 25.6040803617674 17.55 25.6846787517318 17.4142530377948 25.7586026073156 17.2749900197049 25.8256681421662 17.1325571755358 25.885708620797 16.9873086157802 25.9385747731181 16.8396054512433 25.984135165545 16.6898148952646 26.0222765277637 16.5383093507675 26.0529040343378 16.3854654844072 26.0759415404605 16.2316632901179 26.0913317712617 16.077285144388 26.0990364642025 15.922714855612 26.0990364642025 15.7683367098821 26.0913317712617 15.6145345155928 26.0759415404605 15.4616906492325 26.0529040343378 15.3101851047354 26.0222765277637 15.1603945487567 25.984135165545 15.0126913842198 25.9385747731181 14.8674428244642 25.885708620797 14.7250099802951 25.8256681421662 14.5857469622052 25.7586026073156 14.45 25.6846787517318 14.3181065820161 25.6040803617674 14.1903946160722 25.5170078177192 14.0671816142379 25.4236775956509 13.9487739034497 25.3243217292 13.8354658639332 25.2191872327051 13.7275391973275 25.1085354870898 13.6252622263312 24.9926415900283 13.5288892276089 24.871793672009 13.4386597996204 24.7462921799972 13.3547982669403 24.6164491304764 13.2775131225523 24.4825873337261 13.2069965095025 24.3450395912644 13.1434237432017 24.2041478684515 13.0869528755637 24.0602624443096 13.037724302063 23.9137410406738 12.9958604126899 23.7649479328399 12.9614652876695 23.6142530439181 12.9346244387021 23.4620310251461 12.9154045963673 23.308660324447 12.9038535442213 23.1545222455482 12.9 23 12.9038535442213 22.8454777544518 12.9154045963673 22.691339675553 12.9346244387021 22.5379689748538 12.9614652876695 22.3857469560819 12.9958604126899 22.2350520671601 13.037724302063 22.0862589593262 13.0869528755637 21.9397375556904 13.1434237432017 21.7958521315484 13.2069965095025 21.6549604087356 13.2775131225523 21.5174126662739 13.3547982669403 21.3835508695235 13.4386597996204 21.2537078200028 13.528889227609 21.128206327991 13.6252622263312 21.0073584099717 13.7275391973276 20.8914645129101 13.8354658639332 20.7808127672949 13.9487739034498 20.6756782708 14.0671816142379 20.5763224043491 14.1903946160722 20.4829921822808 14.3181065820162 20.3959196382326 14.45 20.3153212482682 14.5857469622052 20.2413973926844 14.7250099802951 20.1743318578338 14.8674428244642 20.114291379203 15.0126913842198 20.0614252268819 15.1603945487567 20.015864834455 15.3101851047355 19.9777234722363 15.4616906492325 19.9470959656622 15.6145345155928 19.9240584595395 15.7683367098821 19.9086682287383 15.922714855612 19.9009635357975 16.0772851443881 19.9009635357975 16.2316632901179 19.9086682287383 16.3854654844072 19.9240584595395 16.5383093507675 19.9470959656622 16.6898148952646 19.9777234722364 16.8396054512433 20.015864834455 16.9873086157803 20.0614252268819 17.1325571755359 20.114291379203 17.2749900197049 20.1743318578338 17.4142530377948 20.2413973926845 17.55 20.3153212482683 17.6818934179839 20.3959196382326 17.8096053839279 20.4829921822809 17.9328183857621 20.5763224043491 18.0512260965503 20.6756782708 18.1645341360669 20.7808127672949 18.2724608026725 20.8914645129102 18.3747377736689 21.0073584099718 18.4711107723911 21.1282063279911 18.5613402003796 21.2537078200028 18.6452017330597 21.3835508695236 18.7224868774477 21.517412666274 18.7930034904975 21.6549604087356 18.8565762567983 21.7958521315485 18.9130471244363 21.9397375556905 18.962275697937 22.0862589593262 19.0041395873102 22.2350520671601 19.0385347123305 22.3857469560819 19.0653755612979 22.5379689748539 19.0845954036328 22.691339675553 19.0961464557787 22.8454777544519 44.1 23 44.0961464557787 23.1545222455482 44.0845954036327 23.308660324447 44.0653755612979 23.4620310251461 44.0385347123305 23.6142530439181 44.0041395873101 23.7649479328399 43.962275697937 23.9137410406738 43.9130471244363 24.0602624443096 43.8565762567983 24.2041478684516 43.7930034904975 24.3450395912644 43.7224868774477 24.4825873337261 43.6452017330597 24.6164491304764 43.5613402003796 24.7462921799972 43.4711107723911 24.871793672009 43.3747377736688 24.9926415900283 43.2724608026725 25.1085354870898 43.1645341360668 25.2191872327051 43.0512260965503 25.3243217292 42.9328183857621 25.4236775956509 42.8096053839279 25.5170078177192 42.6818934179839 25.6040803617674 42.55 25.6846787517318 42.4142530377948 25.7586026073156 42.2749900197049 25.8256681421662 42.1325571755358 25.885708620797 41.9873086157802 25.9385747731181 41.8396054512433 25.984135165545 41.6898148952646 26.0222765277637 41.5383093507675 26.0529040343378 41.3854654844072 26.0759415404605 41.2316632901179 26.0913317712617 41.077285144388 26.0990364642025 40.922714855612 26.0990364642025 40.7683367098821 26.0913317712617 40.6145345155928 26.0759415404605 40.4616906492325 26.0529040343378 40.3101851047354 26.0222765277637 40.1603945487567 25.984135165545 40.0126913842198 25.9385747731181 39.8674428244642 25.885708620797 39.7250099802951 25.8256681421662 39.5857469622052 25.7586026073156 39.45 25.6846787517318 39.3181065820161 25.6040803617674 39.1903946160722 25.5170078177192 39.0671816142379 25.4236775956509 38.9487739034497 25.3243217292 38.8354658639332 25.2191872327051 38.7275391973275 25.1085354870898 38.6252622263312 24.9926415900283 38.5288892276089 24.871793672009 38.4386597996204 24.7462921799972 38.3547982669403 24.6164491304764 38.2775131225523 24.4825873337261 38.2069965095025 24.3450395912644 38.1434237432017 24.2041478684515 38.0869528755637 24.0602624443096 38.037724302063 23.9137410406738 37.9958604126899 23.7649479328399 37.9614652876695 23.6142530439181 37.9346244387021 23.4620310251461 37.9154045963673 23.308660324447 37.9038535442213 23.1545222455482 37.9 23 37.9038535442213 22.8454777544518 37.9154045963673 22.691339675553 37.9346244387021 22.5379689748538 37.9614652876695 22.3857469560819 37.9958604126899 22.2350520671601 38.037724302063 22.0862589593262 38.0869528755637 21.9397375556904 38.1434237432017 21.7958521315484 38.2069965095025 21.6549604087356 38.2775131225523 21.5174126662739 38.3547982669403 21.3835508695235 38.4386597996204 21.2537078200028 38.5288892276089 21.128206327991 38.6252622263312 21.0073584099717 38.7275391973276 20.8914645129101 38.8354658639332 20.7808127672949 38.9487739034497 20.6756782708 39.0671816142379 20.5763224043491 39.1903946160722 20.4829921822808 39.3181065820162 20.3959196382326 39.45 20.3153212482682 39.5857469622052 20.2413973926844 39.7250099802951 20.1743318578338 39.8674428244642 20.114291379203 40.0126913842198 20.0614252268819 40.1603945487567 20.015864834455 40.3101851047355 19.9777234722363 40.4616906492325 19.9470959656622 40.6145345155928 19.9240584595395 40.7683367098821 19.9086682287383 40.922714855612 19.9009635357975 41.0772851443881 19.9009635357975 41.2316632901179 19.9086682287383 41.3854654844072 19.9240584595395 41.5383093507675 19.9470959656622 41.6898148952646 19.9777234722364 41.8396054512434 20.015864834455 41.9873086157803 20.0614252268819 42.1325571755359 20.114291379203 42.2749900197049 20.1743318578338 42.4142530377948 20.2413973926845 42.55 20.3153212482683 42.6818934179839 20.3959196382326 42.8096053839279 20.4829921822809 42.9328183857621 20.5763224043491 43.0512260965503 20.6756782708 43.1645341360669 20.7808127672949 43.2724608026725 20.8914645129102 43.3747377736689 21.0073584099718 43.4711107723911 21.1282063279911 43.5613402003796 21.2537078200028 43.6452017330597 21.3835508695236 43.7224868774477 21.517412666274 43.7930034904975 21.6549604087356 43.8565762567983 21.7958521315485 43.9130471244363 21.9397375556905 43.9622756979371 22.0862589593262 44.0041395873102 22.2350520671601 44.0385347123305 22.3857469560819 44.0653755612979 22.5379689748539 44.0845954036327 22.691339675553 44.0961464557787 22.8454777544519 69.1 23 69.0961464557787 23.1545222455482 69.0845954036327 23.308660324447 69.0653755612979 23.4620310251461 69.0385347123305 23.6142530439181 69.0041395873101 23.7649479328399 68.962275697937 23.9137410406738 68.9130471244363 24.0602624443096 68.8565762567983 24.2041478684516 68.7930034904975 24.3450395912644 68.7224868774477 24.4825873337261 68.6452017330597 24.6164491304764 68.5613402003796 24.7462921799972 68.4711107723911 24.871793672009 68.3747377736688 24.9926415900283 68.2724608026725 25.1085354870898 68.1645341360668 25.2191872327051 68.0512260965503 25.3243217292 67.9328183857621 25.4236775956509 67.8096053839278 25.5170078177192 67.6818934179839 25.6040803617674 67.55 25.6846787517318 67.4142530377948 25.7586026073156 67.2749900197049 25.8256681421662 67.1325571755358 25.885708620797 66.9873086157802 25.9385747731181 66.8396054512433 25.984135165545 66.6898148952646 26.0222765277637 66.5383093507675 26.0529040343378 66.3854654844072 26.0759415404605 66.2316632901179 26.0913317712617 66.077285144388 26.0990364642025 65.922714855612 26.0990364642025 65.7683367098821 26.0913317712617 65.6145345155928 26.0759415404605 65.4616906492325 26.0529040343378 65.3101851047354 26.0222765277637 65.1603945487567 25.984135165545 65.0126913842198 25.9385747731181 64.8674428244642 25.885708620797 64.7250099802951 25.8256681421662 64.5857469622052 25.7586026073156 64.45 25.6846787517318 64.3181065820161 25.6040803617674 64.1903946160722 25.5170078177192 64.0671816142379 25.4236775956509 63.9487739034497 25.3243217292 63.8354658639332 25.2191872327051 63.7275391973275 25.1085354870898 63.6252622263312 24.9926415900283 63.5288892276089 24.871793672009 63.4386597996204 24.7462921799972 63.3547982669403 24.6164491304764 63.2775131225523 24.4825873337261 63.2069965095025 24.3450395912644 63.1434237432017 24.2041478684515 63.0869528755637 24.0602624443096 63.037724302063 23.9137410406738 62.9958604126899 23.7649479328399 62.9614652876695 23.6142530439181 62.9346244387021 23.4620310251461 62.9154045963673 23.308660324447 62.9038535442213 23.1545222455482 62.9 23 62.9038535442213 22.8454777544518 62.9154045963673 22.691339675553 62.9346244387021 22.5379689748538 62.9614652876695 22.3857469560819 62.9958604126899 22.2350520671601 63.037724302063 22.0862589593262 63.0869528755637 21.9397375556904 63.1434237432017 21.7958521315484 63.2069965095025 21.6549604087356 63.2775131225523 21.5174126662739 63.3547982669403 21.3835508695235 63.4386597996204 21.2537078200028 63.5288892276089 21.128206327991 63.6252622263312 21.0073584099717 63.7275391973276 20.8914645129101 63.8354658639332 20.7808127672949 63.9487739034497 20.6756782708 64.0671816142379 20.5763224043491 64.1903946160722 20.4829921822808 64.3181065820162 20.3959196382326 64.45 20.3153212482682 64.5857469622052 20.2413973926844 64.7250099802951 20.1743318578338 64.8674428244642 20.114291379203 65.0126913842198 20.0614252268819 65.1603945487567 20.015864834455 65.3101851047355 19.9777234722363 65.4616906492325 19.9470959656622 65.6145345155928 19.9240584595395 65.7683367098821 19.9086682287383 65.922714855612 19.9009635357975 66.0772851443881 19.9009635357975 66.231663290118 19.9086682287383 66.3854654844072 19.9240584595395 66.5383093507675 19.9470959656622 66.6898148952646 19.9777234722364 66.8396054512433 20.015864834455 66.9873086157803 20.0614252268819 67.1325571755359 20.114291379203 67.2749900197049 20.1743318578338 67.4142530377948 20.2413973926845 67.55 20.3153212482683 67.6818934179839 20.3959196382326 67.8096053839279 20.4829921822809 67.9328183857621 20.5763224043491 68.0512260965503 20.6756782708 68.1645341360668 20.7808127672949 68.2724608026725 20.8914645129102 68.3747377736689 21.0073584099718 68.4711107723911 21.1282063279911 68.5613402003796 21.2537078200028 68.6452017330597 21.3835508695236 68.7224868774477 21.517412666274 68.7930034904975 21.6549604087356 68.8565762567983 21.7958521315485 68.9130471244363 21.9397375556905 68.962275697937 22.0862589593262 69.0041395873101 22.2350520671601 69.0385347123305 22.3857469560819 69.0653755612979 22.5379689748539 69.0845954036327 22.691339675553 69.0961464557787 22.8454777544519 24 21 22 24 22 23 10 11 12 10 12 13 28 24 25 28 25 26 28 26 27 8 9 10 32 28 29 32 29 30 32 30 31 34 20 21 34 32 33 34 24 28 34 21 24 34 28 32 1 3 4 1 4 5 1 5 6 1 6 7 1 7 8 1 13 14 1 14 15 1 15 16 1 16 17 1 17 18 1 18 19 1 19 20 1 20 34 1 8 10 1 10 13 211 34 212 213 212 34 210 34 211 214 213 34 209 34 210 215 214 34 208 34 209 216 215 34 207 34 208 217 216 34 206 34 207 218 217 34 205 34 206 219 218 34 204 34 205 220 219 34 203 34 204 221 220 34 202 34 203 222 221 34 201 34 202 223 222 34 200 34 201 224 223 34 225 224 34 226 225 34 227 226 34 228 227 34 229 228 34 463 34 464 465 464 34 462 34 463 466 465 34 461 34 462 467 466 34 467 34 200 467 200 199 460 34 461 468 467 199 468 198 197 468 199 198 459 34 460 469 468 197 469 196 195 469 197 196 458 34 459 458 1 34 470 469 195 470 194 193 470 195 194 457 1 458 471 470 193 471 191 190 471 192 191 471 193 192 456 1 457 472 471 190 472 189 188 472 190 189 455 1 456 473 472 188 473 186 185 473 187 186 473 188 187 454 1 455 474 473 185 474 183 182 474 184 183 474 185 184 453 1 454 475 474 182 475 180 179 475 181 180 475 182 181 452 1 453 476 475 179 476 176 175 476 177 176 476 178 177 476 179 178 451 1 452 477 476 175 477 173 172 477 174 173 477 175 174 450 1 451 478 477 172 478 169 168 478 170 169 478 171 170 478 172 171 449 1 450 479 478 168 479 166 165 479 167 166 479 168 167 448 1 449 480 479 165 480 162 161 480 163 162 480 164 163 480 165 164 447 1 448 481 480 161 481 158 157 481 159 158 481 160 159 481 161 160 446 1 447 482 481 157 482 155 154 482 156 155 482 157 156 445 1 446 483 151 150 483 152 151 483 153 152 483 154 153 483 482 154 444 1 445 484 483 150 484 148 147 484 149 148 484 150 149 485 484 147 485 145 144 485 146 145 485 147 146 486 142 141 486 143 142 486 144 143 486 485 144 487 486 141 487 140 139 487 141 140 488 487 139 488 137 136 488 138 137 488 139 138 489 135 134 489 136 135 489 488 136 490 134 133 490 133 258 490 489 134 491 490 258 491 257 256 491 258 257 492 491 256 492 256 255 493 254 253 493 255 254 493 492 255 494 493 253 494 253 252 2 1 444 2 436 435 2 437 436 2 438 437 2 439 438 2 440 439 2 441 440 2 442 441 2 443 442 2 444 443 103 102 2 106 104 103 106 105 104 106 103 2 108 106 2 108 107 106 109 108 2 110 109 2 111 110 2 114 112 111 114 113 112 115 111 2 115 114 111 116 115 2 117 116 2 120 119 118 122 118 117 122 121 120 122 117 2 122 120 118 123 122 2 124 123 2 129 125 124 129 126 125 129 127 126 129 128 127 131 130 129 132 131 129 101 124 2 101 129 124 101 132 129 1345 428 427 1345 427 1346 1347 427 426 1347 1346 427 1344 429 428 1344 428 1345 1348 426 425 1348 1347 426 1343 430 429 1343 429 1344 1349 1348 425 1342 430 1343 1350 425 424 1350 1349 425 1341 431 430 1341 430 1342 1351 1350 424 1351 424 423 1340 432 431 1340 431 1341 1352 1351 423 1339 433 432 1339 432 1340 1353 1352 423 1353 423 422 1338 433 1339 1354 422 421 1354 1353 422 1337 433 1338 1337 434 433 1355 421 420 1355 1354 421 1336 435 434 1336 434 1337 1356 1355 420 1335 2 435 1335 435 1336 1357 420 419 1357 1356 420 1334 2 1335 1358 419 418 1358 1357 419 1333 2 1334 1359 1358 418 1332 2 1333 1360 418 417 1360 1359 418 1331 2 1332 1361 1360 417 1330 2 1331 1362 417 416 1362 1361 417 1329 2 1330 1363 416 415 1363 1362 416 1328 2 1329 1328 101 2 1364 1363 415 1327 101 1328 1365 415 414 1365 1364 415 1326 101 1327 1366 414 413 1366 1365 414 1325 101 1326 1367 1366 413 1324 101 1325 1368 413 412 1368 1367 413 1323 101 1324 1369 412 411 1369 1368 412 1322 101 1323 1370 411 410 1370 1369 411 1321 101 1322 1371 1370 410 1320 101 1321 1372 410 409 1372 1371 410 1319 101 1320 1373 409 408 1373 1372 409 1318 101 1319 1374 1373 408 1317 101 1318 1375 408 407 1375 1374 408 1316 101 1317 1376 407 406 1376 1375 407 1315 101 1316 1377 1376 406 1314 101 1315 1378 406 405 1378 1377 406 1313 101 1314 1379 405 404 1379 1378 405 1312 101 1313 1380 1379 404 1380 404 403 1311 101 1312 1381 1380 403 1310 101 1311 1382 1381 403 1382 403 402 1309 101 1310 1383 1382 402 1383 402 401 1308 101 1309 1384 1383 401 1384 401 400 1307 101 1308 1385 1384 400 1306 101 1307 1386 1385 400 1386 400 399 1305 101 1306 1387 1386 399 1387 399 398 1304 101 1305 1388 1387 398 1388 398 397 338 243 242 337 244 243 337 245 244 337 243 338 1303 101 1304 339 338 242 336 245 337 336 246 245 340 242 241 340 339 242 335 246 336 341 241 240 341 340 241 334 246 335 334 247 246 342 341 240 342 239 238 342 240 239 333 248 247 333 247 334 343 342 238 332 248 333 332 249 248 332 250 249 344 343 238 344 238 237 331 250 332 345 236 235 345 237 236 345 344 237 330 250 331 330 251 250 346 345 235 329 251 330 329 252 251 329 494 252 329 495 494 347 346 235 347 235 234 328 495 329 328 496 495 348 347 234 348 234 233 327 496 328 349 232 231 349 233 232 349 348 233 326 496 327 326 497 496 350 349 231 1302 101 1303 351 231 230 351 350 231 352 230 229 352 229 34 352 351 230 353 352 34 1301 101 1302 1300 101 1301 1299 101 1300 1298 101 1299 1297 101 1298 1296 101 1297 716 369 368 715 369 716 715 370 369 717 716 368 714 370 715 714 371 370 718 717 368 718 367 366 718 368 367 713 371 714 713 372 371 713 373 372 719 718 366 712 373 713 720 366 365 720 719 366 711 373 712 711 374 373 721 365 364 721 720 365 710 374 711 710 375 374 722 721 364 722 363 362 722 364 363 709 376 375 709 375 710 723 722 362 708 377 376 708 376 709 724 362 361 724 723 362 707 377 708 707 378 377 725 360 359 725 361 360 725 724 361 706 379 378 706 380 379 706 378 707 726 725 359 705 380 706 727 358 357 727 359 358 727 726 359 704 380 705 704 381 380 728 357 356 728 727 357 703 381 704 703 382 381 729 728 356 702 382 703 702 383 382 702 384 383 730 729 356 730 355 354 730 356 355 701 384 702 590 323 322 590 324 323 731 730 354 589 325 324 589 324 590 591 321 320 591 322 321 591 590 322 700 384 701 700 259 384 588 326 325 588 497 326 588 325 589 592 319 318 592 320 319 592 591 320 699 260 259 699 259 700 587 497 588 587 498 497 698 261 260 698 260 699 593 317 316 593 318 317 593 592 318 697 261 698 697 262 261 586 498 587 586 499 498 696 262 697 696 263 262 594 315 314 594 316 315 594 593 316 695 263 696 695 264 263 695 265 264 585 499 586 585 500 499 694 265 695 595 312 311 595 313 312 595 314 313 595 594 314 693 266 265 693 265 694 692 267 266 692 268 267 692 266 693 584 500 585 584 501 500 691 268 692 596 309 308 596 310 309 596 311 310 596 595 311 690 269 268 690 268 691 583 501 584 583 502 501 689 270 269 689 271 270 689 269 690 688 272 271 688 271 689 597 306 305 597 307 306 597 308 307 597 596 308 687 272 688 582 502 583 582 503 502 686 272 687 686 273 272 685 274 273 685 273 686 598 304 303 598 305 304 598 597 305 598 303 302 684 275 274 684 276 275 684 274 685 683 276 684 581 503 582 581 504 503 682 276 683 682 277 276 599 598 302 599 300 299 599 301 300 599 302 301 580 504 581 580 505 504 600 599 299 600 296 295 600 297 296 600 298 297 600 299 298 579 506 505 579 505 580 601 293 292 601 294 293 601 295 294 601 600 295 578 507 506 578 506 579 602 601 292 602 289 288 602 290 289 602 291 290 602 292 291 577 508 507 577 507 578 603 602 288 603 285 284 603 286 285 603 287 286 603 288 287 576 509 508 576 508 577 604 603 284 604 281 280 604 282 281 604 283 282 604 284 283 575 510 509 575 509 576 605 604 280 605 278 277 605 279 278 605 280 279 574 385 510 574 386 385 574 510 575 606 277 682 606 605 277 606 680 679 606 681 680 606 682 681 573 386 574 573 387 386 607 606 679 607 676 675 607 677 676 607 678 677 607 679 678 572 388 387 572 387 573 608 607 675 608 672 671 608 673 672 608 674 673 608 675 674 571 388 572 571 389 388 609 608 671 609 668 667 609 669 668 609 670 669 609 671 670 570 389 571 570 390 389 610 609 667 610 665 664 610 666 665 610 667 666 569 390 570 569 391 390 611 661 660 611 662 661 611 663 662 611 664 663 611 610 664 568 391 569 568 392 391 612 658 657 612 659 658 612 660 659 612 611 660 567 392 568 567 393 392 613 655 654 613 656 655 613 657 656 613 612 657 566 393 567 566 394 393 614 613 654 614 652 651 614 653 652 614 654 653 565 394 566 565 395 394 615 649 648 615 650 649 615 651 650 615 614 651 564 395 565 564 396 395 616 615 648 616 646 645 616 647 646 616 648 647 563 396 564 563 397 396 617 644 643 617 645 644 617 616 645 562 397 563 562 1388 397 618 642 641 618 643 642 618 617 643 619 618 641 619 640 639 619 641 640 620 619 639 620 638 637 620 639 638 621 762 761 621 637 762 621 620 637 622 621 761 622 761 760 623 622 760 1471 554 553 1471 553 1472 1473 553 552 1473 1472 553 1470 554 1471 1470 555 554 1474 1473 552 1474 552 551 1469 556 555 1469 555 1470 1475 1474 551 1468 556 1469 1476 551 550 1476 1475 551 1467 557 556 1467 556 1468 1477 1476 550 1477 550 549 1466 557 1467 1466 558 557 1478 549 548 1478 1477 549 1465 558 1466 1465 559 558 1479 1478 548 1464 559 1465 1480 548 547 1480 1479 548 1463 559 1464 1463 560 559 1481 1480 547 1481 547 546 1462 560 1463 1462 561 560 1482 1481 546 1461 1388 562 1461 562 561 1461 561 1462 1483 546 545 1483 1482 546 1460 1389 1388 1460 1388 1461 1484 1483 545 1484 545 544 1459 1390 1389 1459 1389 1460 1485 1484 544 1458 1391 1390 1458 1390 1459 1486 544 543 1486 1485 544 1457 1391 1458 1457 1392 1391 1457 1267 1392 1487 1486 543 1456 1267 1457 1488 543 542 1488 1487 543 1455 1267 1456 1455 1268 1267 1489 542 541 1489 1488 542 1454 1269 1268 1454 1268 1455 1490 1489 541 1453 1269 1454 1453 1270 1269 1491 1490 541 1491 541 540 1452 1270 1453 1452 1271 1270 1492 540 539 1492 1491 540 1451 1272 1271 1451 1271 1452 1493 1492 539 1450 1273 1272 1450 1272 1451 1494 539 538 1494 1493 539 1449 1273 1450 1449 1274 1273 1495 538 537 1495 1494 538 1448 1274 1449 1448 1275 1274 1496 1495 537 1447 1275 1448 1447 1276 1275 1497 1496 537 1497 537 536 1446 1277 1276 1446 1276 1447 1498 536 535 1498 1497 536 1445 1277 1446 1445 1278 1277 1499 535 534 1499 1498 535 1444 1278 1445 1444 1279 1278 1444 1280 1279 1500 1499 534 1443 1280 1444 1501 534 533 1501 1500 534 1442 1280 1443 1442 1281 1280 1502 533 532 1502 1501 533 1441 1282 1281 1441 1281 1442 1503 1502 532 1440 1282 1441 1440 1283 1282 1504 532 531 1504 1503 532 1439 1284 1283 1439 1283 1440 1505 531 530 1505 1504 531 1438 1284 1439 1438 1285 1284 1438 1286 1285 1506 530 529 1506 1505 530 1437 1286 1438 1507 1506 529 1436 1287 1286 1436 1288 1287 1436 1286 1437 1508 529 528 1508 1507 529 842 747 746 842 748 747 841 748 842 843 842 746 840 749 748 840 748 841 844 745 744 844 746 745 844 843 746 839 749 840 839 750 749 845 844 744 838 750 839 838 751 750 846 743 742 846 744 743 846 845 744 837 752 751 837 751 838 847 846 742 847 742 741 836 752 837 836 753 752 848 847 741 848 741 740 835 754 753 835 753 836 1435 1288 1436 849 848 740 834 754 835 834 755 754 850 740 739 850 849 740 833 756 755 833 755 834 851 850 739 851 739 738 832 756 833 832 757 756 832 758 757 852 738 737 852 851 738 831 758 832 853 736 735 853 737 736 853 852 737 830 758 831 830 759 758 1509 1508 528 1509 528 527 854 853 735 829 760 759 829 759 830 829 623 760 855 735 734 855 854 735 828 624 623 828 623 829 856 734 733 856 855 734 827 625 624 827 624 828 1434 1288 1435 1434 1289 1288 826 625 827 1510 527 526 1510 1509 527 1433 1290 1289 1433 1289 1434 1511 1510 526 1432 1290 1433 1432 1291 1290 1512 526 525 1512 1511 526 1431 1291 1432 1431 1292 1291 1513 525 524 1513 1512 525 1430 1292 1431 1430 1293 1292 1514 524 523 1514 1513 524 967 873 968 967 874 873 967 875 874 969 968 873 969 873 872 966 875 967 970 969 872 970 872 871 965 876 875 965 875 966 971 970 871 971 870 869 971 871 870 964 876 965 964 877 876 964 878 877 972 971 869 963 878 964 973 972 869 973 869 868 962 878 963 962 879 878 962 880 879 974 973 868 974 868 867 961 880 962 961 881 880 975 974 867 975 867 866 960 881 961 976 975 866 976 866 865 959 881 960 959 882 881 977 976 865 977 865 864 958 883 882 958 882 959 978 977 864 978 863 862 978 864 863 957 883 958 957 884 883 979 978 862 956 884 957 956 885 884 980 862 861 980 979 862 955 885 956 955 886 885 981 980 861 981 861 860 954 886 955 954 887 886 982 860 859 982 981 860 953 887 954 953 888 887 953 763 888 983 982 859 983 859 858 952 763 953 951 764 763 951 763 952 950 765 764 950 764 951 949 765 950 949 766 765 949 767 766 948 767 949 948 768 767 947 768 948 946 769 768 946 770 769 946 768 947 945 770 946 944 770 945 944 771 770 943 771 944 943 772 771 943 773 772 942 773 943 942 774 773 941 774 942 940 774 941 940 775 774 940 776 775 939 776 940 938 776 939 938 777 776 937 777 938 937 778 777 937 779 778 936 779 937 936 780 779 935 780 936 934 780 935 934 781 780 1220 818 817 1220 819 818 1219 820 819 1219 821 820 1219 819 1220 1221 816 815 1221 817 816 1221 1220 817 1218 821 1219 1218 822 821 1218 823 822 1222 813 812 1222 814 813 1222 815 814 1222 1221 815 1217 824 823 1217 823 1218 1223 810 809 1223 811 810 1223 812 811 1223 1222 812 1216 825 824 1216 826 825 1216 824 1217 1216 625 826 1224 809 808 1224 1223 809 1224 807 806 1224 808 807 1215 625 1216 1215 626 625 1225 1224 806 1225 804 803 1225 805 804 1225 806 805 1214 627 626 1214 626 1215 1226 1225 803 1226 801 800 1226 802 801 1226 803 802 1213 628 627 1213 627 1214 1227 1226 800 1227 798 797 1227 799 798 1227 800 799 1212 629 628 1212 628 1213 1228 794 793 1228 795 794 1228 796 795 1228 797 796 1228 1227 797 1211 630 629 1211 629 1212 1229 1228 793 1229 791 790 1229 792 791 1229 793 792 1210 631 630 1210 630 1211 1230 1229 790 1230 787 786 1230 788 787 1230 789 788 1230 790 789 1094 999 998 1094 1000 999 1093 1000 1094 1095 1094 998 1092 1000 1093 1092 1001 1000 1092 1002 1001 1096 1095 998 1096 998 997 1091 1002 1092 1097 1096 997 1097 996 995 1097 997 996 1090 1002 1091 1090 1003 1002 1090 1004 1003 1098 1097 995 1089 1004 1090 1099 1098 995 1099 995 994 1088 1004 1089 1088 1005 1004 1088 1006 1005 1100 1099 994 1100 994 993 1209 631 1210 1209 632 631 1087 1006 1088 1101 1100 993 1101 992 991 1101 993 992 1086 1006 1087 1086 1007 1006 1102 1101 991 1085 1007 1086 1085 1008 1007 1103 991 990 1103 1102 991 1084 1008 1085 1084 1009 1008 1104 990 989 1104 1103 990 1083 1009 1084 1083 1010 1009 1105 989 988 1105 1104 989 1082 1011 1010 1082 1010 1083 1231 1230 786 1231 784 783 1231 785 784 1231 786 785 1106 988 987 1106 1105 988 1081 1012 1011 1081 1011 1082 1107 1106 987 1107 987 986 1080 1013 1012 1080 1012 1081 1108 1107 986 1108 985 984 1108 986 985 1079 1014 1013 1079 1013 1080 1109 1108 984 1208 633 632 1208 632 1209 1078 889 1014 1078 890 889 1078 1014 1079 1077 890 1078 1076 890 1077 1076 891 890 1075 891 1076 1075 892 891 1232 933 932 1232 934 933 1232 1231 783 1232 782 781 1232 783 782 1232 781 934 1074 892 1075 1074 893 892 1074 894 893 1073 894 1074 1073 895 894 1072 896 895 1072 895 1073 1207 634 633 1207 633 1208 1071 896 1072 1070 896 1071 1070 897 896 1233 929 928 1233 930 929 1233 931 930 1233 932 931 1233 1232 932 1069 897 1070 1069 898 897 1068 898 1069 1068 899 898 1068 900 899 1067 900 1068 1206 635 634 1206 634 1207 1066 900 1067 1066 901 900 1066 902 901 1065 902 1066 1064 902 1065 1064 903 902 1064 904 903 1234 925 924 1234 926 925 1234 927 926 1234 928 927 1234 1233 928 1063 904 1064 1063 905 904 1062 905 1063 1061 905 1062 1061 906 905 1061 907 906 1205 636 635 1205 635 1206 1060 907 1061 1235 1234 924 1235 922 921 1235 923 922 1235 924 923 1204 512 511 1204 511 636 1204 636 1205 1236 1235 921 1236 918 917 1236 919 918 1236 920 919 1236 921 920 1203 513 512 1203 512 1204 1237 914 913 1237 915 914 1237 916 915 1237 917 916 1237 1236 917 1202 514 513 1202 513 1203 1238 910 909 1238 911 910 1238 912 911 1238 913 912 1238 1237 913 1201 515 514 1201 514 1202 1239 907 1060 1239 1238 909 1239 1059 1058 1239 1060 1059 1239 908 907 1239 909 908 1200 516 515 1200 515 1201 1240 1239 1058 1240 1056 1055 1240 1057 1056 1240 1058 1057 1199 517 516 1199 516 1200 1241 1240 1055 1241 1052 1051 1241 1053 1052 1241 1054 1053 1241 1055 1054 1198 518 517 1198 517 1199 1242 1241 1051 1242 1049 1048 1242 1050 1049 1242 1051 1050 1197 519 518 1197 518 1198 1243 1242 1048 1243 1045 1044 1243 1046 1045 1243 1047 1046 1243 1048 1047 1196 520 519 1196 519 1197 1244 1243 1044 1244 1042 1041 1244 1043 1042 1244 1044 1043 1195 521 520 1195 520 1196 1245 1039 1038 1245 1040 1039 1245 1041 1040 1245 1244 1041 1194 522 521 1194 521 1195 1246 1036 1035 1246 1037 1036 1246 1038 1037 1246 1245 1038 1193 523 522 1193 522 1194 1247 1033 1032 1247 1034 1033 1247 1035 1034 1247 1246 1035 1192 1514 523 1192 523 1193 1248 1030 1029 1248 1031 1030 1248 1032 1031 1248 1247 1032 1191 1514 1192 1249 1027 1026 1249 1028 1027 1249 1029 1028 1249 1248 1029 1250 1025 1024 1250 1026 1025 1250 1249 1026 1251 1023 1022 1251 1024 1023 1251 1250 1024 1252 1021 1020 1252 1022 1021 1252 1251 1022 1253 1019 1018 1253 1020 1019 1253 1252 1020 35 1112 1111 35 1113 1112 35 1114 1113 35 1115 1114 35 1116 1115 35 1117 1116 35 1016 1015 35 1118 1117 35 1017 1016 35 1119 1118 35 1018 1017 35 1120 1119 35 1121 1120 35 1122 1121 35 1123 1122 35 1124 1123 35 1125 1124 35 1126 1125 35 1127 1126 35 1128 1127 35 1129 1128 35 1130 1129 35 1131 1130 35 1132 1131 35 1133 1132 35 1134 1133 35 1135 1134 35 1136 1135 35 733 732 35 1137 1136 35 1138 1137 35 1139 1138 35 1140 1139 35 1015 1140 35 1254 1253 35 1255 1254 35 1256 1255 35 1257 1256 35 857 856 35 858 857 35 856 733 35 1253 1018 35 984 983 35 983 858 35 1109 984 35 1110 1109 35 1111 1110 64 66 65 64 67 66 64 35 67 63 35 64 62 35 63 60 35 62 60 62 61 59 35 60 57 35 59 57 59 58 55 57 56 52 54 53 52 55 54 52 57 55 50 35 57 50 52 51 50 57 52 49 35 50 48 35 49 44 46 45 44 47 46 44 48 47 43 48 44 43 35 48 41 35 43 41 43 42 40 35 41 37 35 40 37 39 38 37 40 39 36 1257 35 36 35 37 36 1142 1141 36 1143 1142 36 1144 1143 36 1145 1144 36 1258 1257 36 1259 1258 36 1260 1259 36 1261 1260 36 1262 1261 36 1263 1262 36 1264 1263 36 1265 1264 36 1266 1265 36 1141 1266 1597 1184 1183 1597 1183 1598 1599 1183 1182 1599 1598 1183 1596 1185 1184 1596 1184 1597 1600 1599 1182 1600 1182 1181 1595 1185 1596 1601 1600 1181 1601 1181 1180 1594 1185 1595 1594 1186 1185 1602 1601 1180 1593 1187 1186 1593 1186 1594 1603 1180 1179 1603 1602 1180 1592 1187 1593 1592 1188 1187 1604 1603 1179 1604 1179 1178 1591 1188 1592 1605 1604 1178 1590 1188 1591 1590 1189 1188 1606 1178 1177 1606 1605 1178 1589 1189 1590 1589 1190 1189 1607 1606 1177 1607 1177 1176 1588 1190 1589 1588 1191 1190 1608 1607 1176 1587 1514 1191 1587 1191 1588 1609 1176 1175 1609 1608 1176 1586 1514 1587 1586 1515 1514 1610 1175 1174 1610 1609 1175 1585 1516 1515 1585 1515 1586 1611 1610 1174 1584 1517 1516 1584 1516 1585 1612 1611 1174 1612 1174 1173 1583 1518 1517 1583 1517 1584 1613 1612 1173 1613 1173 1172 1582 1393 1518 1582 1518 1583 1614 1613 1172 1581 1394 1393 1581 1393 1582 1615 1614 1172 1615 1172 1171 1580 1394 1581 1580 1395 1394 1616 1615 1171 1579 1395 1580 1579 1396 1395 1617 1171 1170 1617 1616 1171 1578 1396 1579 1578 1397 1396 1618 1617 1170 1618 1170 1169 1577 1397 1578 1577 1398 1397 1577 1399 1398 1619 1618 1169 1576 1400 1399 1576 1399 1577 1620 1169 1168 1620 1619 1169 1575 1400 1576 1621 1168 1167 1621 1620 1168 1574 1400 1575 1574 1401 1400 1622 1621 1167 1573 1401 1574 1573 1402 1401 1623 1622 1167 1623 1167 1166 1572 1402 1573 1572 1403 1402 1572 1404 1403 1624 1166 1165 1624 1623 1166 1571 1404 1572 1625 1624 1165 1570 1404 1571 1570 1405 1404 1626 1165 1164 1626 1625 1165 1569 1405 1570 1569 1406 1405 1627 1164 1163 1627 1626 1164 1568 1407 1406 1568 1408 1407 1568 1406 1569 1628 1163 1162 1628 1627 1163 1567 1408 1568 1629 1628 1162 1566 1408 1567 1566 1409 1408 1630 1629 1162 1630 1162 1161 1565 1409 1566 1565 1410 1409 1631 1630 1161 1631 1161 1160 1564 1410 1565 1564 1411 1410 1632 1631 1160 1563 1411 1564 1563 1412 1411 1633 1632 1160 1633 1160 1159 1562 1412 1563 1562 1413 1412 1562 1414 1413 1634 1633 1159 1634 1159 1158 1561 1414 1562 1635 1634 1158 1635 1158 1157 1560 1415 1414 1560 1416 1415 1560 1414 1561 1636 1635 1157 1559 1416 1560 1637 1157 1156 1637 1636 1157 1558 1417 1416 1558 1418 1417 1558 1416 1559 1638 1637 1156 1638 1156 1155 1557 1418 1558 1639 1638 1155 1639 1155 1154 1556 1419 1418 1556 1418 1557 1640 1639 1154 68 1520 1519 68 1521 1520 68 1641 1640 68 1642 1641 68 1643 1642 68 1644 1643 68 1519 1644 68 1146 1145 68 1147 1146 68 1148 1147 68 1149 1148 68 1150 1149 68 1151 1150 68 1152 1151 68 1153 1152 68 1154 1153 68 1145 36 68 1640 1154 100 1522 1521 100 1523 1522 100 1524 1523 100 1525 1524 100 1526 1525 100 1527 1526 100 1528 1527 100 1521 68 100 1529 1528 100 1530 1529 100 1531 1530 100 1532 1531 100 1533 1532 100 1534 1533 100 1535 1534 100 1536 1535 100 1537 1536 100 1538 1537 100 1539 1538 100 1540 1539 100 1541 1540 100 1542 1541 100 1543 1542 100 1544 1543 100 1545 1544 100 1546 1545 100 1547 1546 100 1548 1547 100 1549 1548 100 1550 1549 100 1551 1550 100 1552 1551 100 1553 1552 98 99 100 72 70 71 96 98 100 96 97 98 94 95 96 93 96 100 93 94 96 76 73 74 76 74 75 92 93 100 92 68 69 92 69 70 92 100 68 77 73 76 78 73 77 78 72 73 79 72 78 89 90 91 89 91 92 80 70 72 80 72 79 81 70 80 87 89 92 87 88 89 86 87 92 83 81 82 85 86 92 84 92 70 84 70 81 84 81 83 84 85 92 34 35 731 731 35 732 34 731 354 34 354 353 100 101 1425 1425 101 1426 1426 101 1427 1427 101 1428 1428 101 1429 1429 101 1430 1430 101 1296 1430 1296 1295 1430 1295 1294 1430 1294 1293 100 1425 1424 100 1424 1423 100 1423 1422 100 1422 1421 100 1421 1420 100 1420 1419 100 1419 1553 1553 1419 1554 1554 1419 1555 1555 1419 1556 
66 64 1 0 0.000602362607597443
-41 -13 0 -40.9975909124103 -13.0981353486548 0 -40.9903694533444 -13.1960342806591 0 -40.9783530199296 -13.2934609489107 0 -40.9615705608065 -13.3901806440323 0 -40.9400625063891 -13.4859603598065 0 -40.9138806714644 -13.5805693545089 0 -40.883088130366 -13.6737797067844 0 -40.8477590650226 -13.7653668647302 0 -40.8079785862469 -13.8551101868606 0 -40.7638425286967 -13.942793473652 0 -40.7154572200005 -14.0282054883864 0 -40.6629392246051 -14.1111404660392 0 -40.6064150629613 -14.1913986089849 0 -40.5460209067255 -14.2687865683273 0 -40.4819022507099 -14.343117909694 0 -40.4142135623731 -14.4142135623731 0 -40.343117909694 -14.4819022507099 0 -40.2687865683273 -14.5460209067255 0 -40.1913986089849 -14.6064150629613 0 -40.1111404660392 -14.6629392246051 0 -40.0282054883864 -14.7154572200005 0 -39.942793473652 -14.7638425286967 0 -39.8551101868606 -14.8079785862469 0 -39.7653668647302 -14.8477590650226 0 -39.6737797067845 -14.883088130366 0 -39.5805693545089 -14.9138806714644 0 -39.4859603598065 -14.9400625063891 0 -39.3901806440323 -14.9615705608065 0 -39.2934609489107 -14.9783530199296 0 -39.1960342806591 -14.9903694533444 0 -39.0981353486548 -14.9975909124103 0 -39 -15 0 -39 -15 16 -41 -13 16 -40.9975909124103 -13.0981353486548 16 -40.9903694533444 -13.1960342806591 16 -40.9783530199296 -13.2934609489107 16 -40.9615705608065 -13.3901806440323 16 -40.9400625063891 -13.4859603598065 16 -40.9138806714644 -13.5805693545089 16 -40.883088130366 -13.6737797067844 16 -40.8477590650226 -13.7653668647302 16 -40.8079785862469 -13.8551101868606 16 -40.7638425286967 -13.942793473652 16 -40.7154572200005 -14.0282054883864 16 -40.6629392246051 -14.1111404660392 16 -40.6064150629613 -14.1913986089849 16 -40.5460209067255 -14.2687865683273 16 -40.4819022507099 -14.343117909694 16 -40.4142135623731 -14.4142135623731 16 -40.343117909694 -14.4819022507099 16 -40.2687865683273 -14.5460209067255 16 -40.1913986089849 -14.6064150629613 16 -40.1111404660392 -14.6629392246051 16 -40.0282054883864 -14.7154572200005 16 -39.942793473652 -14.7638425286967 16 -39.8551101868606 -14.8079785862469 16 -39.7653668647302 -14.8477590650226 16 -39.6737797067845 -14.883088130366 16 -39.5805693545089 -14.9138806714644 16 -39.4859603598065 -14.9400625063891 16 -39.3901806440323 -14.9615705608065 16 -39.2934609489107 -14.9783530199296 16 -39.1960342806591 -14.9903694533444 16 -39.0981353486548 -14.9975909124103 16 0 0 0.0490873852123404 0 0.0981747704246807 0 0.147262155637021 0 0.196349540849361 0 0.245436926061702 0 0.294524311274042 0 0.343611696486382 0 0.392699081698723 0 0.441786466911063 0 0.490873852123404 0 0.539961237335744 0 0.589048622548084 0 0.638136007760425 0 0.687223392972765 0 0.736310778185105 0 0.785398163397446 0 0.834485548609786 0 0.883572933822126 0 0.932660319034467 0 0.981747704246807 0 1.03083508945915 0 1.07992247467149 0 1.12900985988383 0 1.17809724509617 0 1.22718463030851 0 1.27627201552085 0 1.32535940073319 0 1.37444678594553 0 1.42353417115787 0 1.47262155637021 0 1.52170894158255 0 1.5707963267949 0 1.5707963267949 16 0 16 0.0490873852123404 16 0.0981747704246807 16 0.147262155637021 16 0.196349540849361 16 0.245436926061702 16 0.294524311274042 16 0.343611696486382 16 0.392699081698723 16 0.441786466911063 16 0.490873852123404 16 0.539961237335744 16 0.589048622548084 16 0.638136007760425 16 0.687223392972765 16 0.736310778185105 16 0.785398163397446 16 0.834485548609786 16 0.883572933822126 16 0.932660319034467 16 0.981747704246807 16 1.03083508945915 16 1.07992247467149 16 1.12900985988383 16 1.17809724509617 16 1.22718463030851 16 1.27627201552085 16 1.32535940073319 16 1.37444678594553 16 1.42353417115787 16 1.47262155637021 16 1.52170894158255 16 35 1 2 36 2 3 36 35 2 37 36 3 38 3 4 38 37 3 39 4 5 39 38 4 40 5 6 40 39 5 41 6 7 41 40 6 42 7 8 42 41 7 43 8 9 43 42 8 44 43 9 44 9 10 45 10 11 45 44 10 46 11 12 46 45 11 47 12 13 47 13 14 47 46 12 48 47 14 49 48 14 49 14 15 50 15 16 50 49 15 51 16 17 51 50 16 52 17 18 52 51 17 53 18 19 53 52 18 54 19 20 54 20 21 54 53 19 55 54 21 56 21 22 56 55 21 57 22 23 57 56 22 58 23 24 58 57 23 59 24 25 59 25 26 59 58 24 60 59 26 61 26 27 61 60 26 62 27 28 62 28 29 62 61 27 63 29 30 63 62 29 64 63 30 65 30 31 65 64 30 66 31 32 66 65 31 34 32 33 34 66 32 
66 64 1 0 0.000602362607596877
-41 13 0 -40.9975909124103 13.0981353486548 0 -40.9903694533444 13.1960342806591 0 -40.9783530199296 13.2934609489107 0 -40.9615705608065 13.3901806440323 0 -40.9400625063891 13.4859603598065 0 -40.9138806714644 13.5805693545089 0 -40.883088130366 13.6737797067844 0 -40.8477590650226 13.7653668647302 0 -40.8079785862469 13.8551101868606 0 -40.7638425286967 13.942793473652 0 -40.7154572200005 14.0282054883864 0 -40.6629392246051 14.1111404660392 0 -40.6064150629613 14.1913986089849 0 -40.5460209067255 14.2687865683273 0 -40.4819022507099 14.343117909694 0 -40.4142135623731 14.4142135623731 0 -40.343117909694 14.4819022507099 0 -40.2687865683273 14.5460209067255 0 -40.1913986089849 14.6064150629613 0 -40.1111404660392 14.6629392246051 0 -40.0282054883864 14.7154572200005 0 -39.942793473652 14.7638425286967 0 -39.8551101868606 14.8079785862469 0 -39.7653668647302 14.8477590650226 0 -39.6737797067844 14.883088130366 0 -39.5805693545089 14.9138806714644 0 -39.4859603598065 14.9400625063891 0 -39.3901806440323 14.9615705608065 0 -39.2934609489107 14.9783530199296 0 -39.1960342806591 14.9903694533444 0 -39.0981353486548 14.9975909124103 0 -39 15 0 -39 15 16 -41 13 16 -40.9975909124103 13.0981353486548 16 -40.9903694533444 13.1960342806591 16 -40.9783530199296 13.2934609489107 16 -40.9615705608065 13.3901806440323 16 -40.9400625063891 13.4859603598065 16 -40.9138806714644 13.5805693545089 16 -40.883088130366 13.6737797067844 16 -40.8477590650226 13.7653668647302 16 -40.8079785862469 13.8551101868606 16 -40.7638425286967 13.942793473652 16 -40.7154572200005 14.0282054883864 16 -40.6629392246051 14.1111404660392 16 -40.6064150629613 14.1913986089849 16 -40.5460209067255 14.2687865683273 16 -40.4819022507099 14.343117909694 16 -40.4142135623731 14.4142135623731 16 -40.343117909694 14.4819022507099 16 -40.2687865683273 14.5460209067255 16 -40.1913986089849 14.6064150629613 16 -40.1111404660392 14.6629392246051 16 -40.0282054883864 14.7154572200005 16 -39.942793473652 14.7638425286967 16 -39.8551101868606 14.8079785862469 16 -39.7653668647302 14.8477590650226 16 -39.6737797067844 14.883088130366 16 -39.5805693545089 14.9138806714644 16 -39.4859603598065 14.9400625063891 16 -39.3901806440323 14.9615705608065 16 -39.2934609489107 14.9783530199296 16 -39.1960342806591 14.9903694533444 16 -39.0981353486548 14.9975909124103 16 0 0 0.0490873852123406 0 0.0981747704246811 0 0.147262155637022 0 0.196349540849362 0 0.245436926061703 0 0.294524311274043 0 0.343611696486384 0 0.392699081698725 0 0.441786466911065 0 0.490873852123405 0 0.539961237335746 0 0.589048622548086 0 0.638136007760426 0 0.687223392972767 0 0.736310778185107 0 0.785398163397447 0 0.834485548609788 0 0.883572933822128 0 0.932660319034468 0 0.981747704246809 0 1.03083508945915 0 1.07992247467149 0 1.12900985988383 0 1.17809724509617 0 1.22718463030851 0 1.27627201552085 0 1.32535940073319 0 1.37444678594553 0 1.42353417115787 0 1.47262155637021 0 1.52170894158255 0 1.5707963267949 0 1.5707963267949 16 0 16 0.0490873852123406 16 0.0981747704246811 16 0.147262155637022 16 0.196349540849362 16 0.245436926061703 16 0.294524311274043 16 0.343611696486384 16 0.392699081698725 16 0.441786466911065 16 0.490873852123405 16 0.539961237335746 16 0.589048622548086 16 0.638136007760426 16 0.687223392972767 16 0.736310778185107 16 0.785398163397447 16 0.834485548609788 16 0.883572933822128 16 0.932660319034468 16 0.981747704246809 16 1.03083508945915 16 1.07992247467149 16 1.12900985988383 16 1.17809724509617 16 1.22718463030851 16 1.27627201552085 16 1.32535940073319 16 1.37444678594553 16 1.42353417115787 16 1.47262155637021 16 1.52170894158255 16 35 1 2 36 2 3 36 35 2 37 36 3 38 3 4 38 4 5 38 37 3 39 38 5 40 5 6 40 6 7 40 39 5 41 40 7 42 7 8 42 41 7 43 8 9 43 9 10 43 42 8 44 43 10 45 10 11 45 44 10 46 11 12 46 45 11 47 12 13 47 46 12 48 13 14 48 47 13 49 14 15 49 48 14 50 15 16 50 49 15 51 16 17 51 17 18 51 50 16 52 51 18 53 18 19 53 52 18 54 19 20 54 53 19 55 20 21 55 54 20 56 21 22 56 22 23 56 55 21 57 56 23 58 23 24 58 57 23 59 24 25 59 25 26 59 58 24 60 26 27 60 59 26 61 27 28 61 60 27 62 61 28 63 28 29 63 62 28 64 29 30 64 63 29 65 30 31 65 31 32 65 64 30 66 65 32 34 32 33 34 66 32 
783 793 1 0 3.14269606124535e-14
-41 -13 0 -41 13 0 -40.9975909124103 -13.0981353486548 0 -40.9903694533444 -13.1960342806591 0 -40.9783530199296 -13.2934609489107 0 -40.9615705608065 -13.3901806440323 0 -40.9400625063891 -13.4859603598065 0 -40.9138806714644 -13.5805693545089 0 -40.883088130366 -13.6737797067844 0 -40.8477590650226 -13.7653668647302 0 -40.8079785862469 -13.8551101868606 0 -40.7638425286967 -13.942793473652 0 -40.7154572200005 -14.0282054883864 0 -40.6629392246051 -14.1111404660392 0 -40.6064150629613 -14.1913986089849 0 -40.5460209067255 -14.2687865683273 0 -40.4819022507099 -14.343117909694 0 -40.4142135623731 -14.4142135623731 0 -40.343117909694 -14.4819022507099 0 -40.2687865683273 -14.5460209067255 0 -40.1913986089849 -14.6064150629613 0 -40.1111404660392 -14.6629392246051 0 -40.0282054883864 -14.7154572200005 0 -39.942793473652 -14.7638425286967 0 -39.8551101868606 -14.8079785862469 0 -39.7653668647302 -14.8477590650226 0 -39.6737797067845 -14.883088130366 0 -39.5805693545089 -14.9138806714644 0 -39.4859603598065 -14.9400625063891 0 -39.3901806440323 -14.9615705608065 0 -39.2934609489107 -14.9783530199296 0 -39.1960342806591 -14.9903694533444 0 -39.0981353486548 -14.9975909124103 0 -39 -15 0 39 -15 0 41 -13 0 40.9975909124103 -13.0981353486548 0 40.9903694533444 -13.1960342806591 0 40.9783530199296 -13.2934609489107 0 40.9615705608065 -13.3901806440323 0 40.9400625063891 -13.4859603598065 0 40.9138806714644 -13.5805693545089 0 40.883088130366 -13.6737797067844 0 40.8477590650226 -13.7653668647302 0 40.8079785862469 -13.8551101868606 0 40.7638425286967 -13.942793473652 0 40.7154572200005 -14.0282054883864 0 40.6629392246051 -14.1111404660392 0 40.6064150629613 -14.1913986089849 0 40.5460209067255 -14.2687865683273 0 40.4819022507099 -14.343117909694 0 40.4142135623731 -14.4142135623731 0 40.343117909694 -14.4819022507099 0 40.2687865683273 -14.5460209067255 0 40.1913986089849 -14.6064150629613 0 40.1111404660392 -14.6629392246051 0 40.0282054883864 -14.7154572200005 0 39.942793473652 -14.7638425286967 0 39.8551101868606 -14.8079785862469 0 39.7653668647302 -14.8477590650226 0 39.6737797067845 -14.883088130366 0 39.5805693545089 -14.9138806714644 0 39.4859603598065 -14.9400625063891 0 39.3901806440323 -14.9615705608065 0 39.2934609489107 -14.9783530199296 0 39.1960342806591 -14.9903694533444 0 39.0981353486548 -14.9975909124103 0 41 13 0 40.9975909124103 13.0981353486548 0 40.9903694533444 13.1960342806591 0 40.9783530199296 13.2934609489107 0 40.9615705608065 13.3901806440323 0 40.9400625063891 13.4859603598065 0 40.9138806714644 13.5805693545089 0 40.883088130366 13.6737797067844 0 40.8477590650226 13.7653668647302 0 40.8079785862469 13.8551101868606 0 40.7638425286967 13.942793473652 0 40.7154572200005 14.0282054883864 0 40.6629392246051 14.1111404660392 0 40.6064150629613 14.1913986089849 0 40.5460209067255 14.2687865683273 0 40.4819022507099 14.343117909694 0 40.4142135623731 14.4142135623731 0 40.343117909694 14.4819022507099 0 40.2687865683273 14.5460209067255 0 40.1913986089849 14.6064150629613 0 40.1111404660392 14.6629392246051 0 40.0282054883864 14.7154572200005 0 39.942793473652 14.7638425286967 0 39.8551101868606 14.8079785862469 0 39.7653668647302 14.8477590650226 0 39.6737797067844 14.883088130366 0 39.5805693545089 14.9138806714644 0 39.4859603598065 14.9400625063891 0 39.3901806440323 14.9615705608065 0 39.2934609489107 14.9783530199296 0 39.1960342806591 14.9903694533444 0 39.0981353486548 14.9975909124103 0 39 15 0 -39 15 0 -40.9975909124103 13.0981353486548 0 -40.9903694533444 13.1960342806591 0 -40.9783530199296 13.2934609489107 0 -40.9615705608065 13.3901806440323 0 -40.9400625063891 13.4859603598065 0 -40.9138806714644 13.5805693545089 0 -40.883088130366 13.6737797067844 0 -40.8477590650226 13.7653668647302 0 -40.8079785862469 13.8551101868606 0 -40.7638425286967 13.942793473652 0 -40.7154572200005 14.0282054883864 0 -40.6629392246051 14.1111404660392 0 -40.6064150629613 14.1913986089849 0 -40.5460209067255 14.2687865683273 0 -40.4819022507099 14.343117909694 0 -40.4142135623731 14.4142135623731 0 -40.343117909694 14.4819022507099 0 -40.2687865683273 14.5460209067255 0 -40.1913986089849 14.6064150629613 0 -40.1111404660392 14.6629392246051 0 -40.0282054883864 14.7154572200005 0 -39.942793473652 14.7638425286967 0 -39.8551101868606 14.8079785862469 0 -39.7653668647302 14.8477590650226 0 -39.6737797067844 14.883088130366 0 -39.5805693545089 14.9138806714644 0 -39.4859603598065 14.9400625063891 0 -39.3901806440323 14.9615705608065 0 -39.2934609489107 14.9783530199296 0 -39.1960342806591 14.9903694533444 0 -39.0981353486548 14.9975909124103 0 -27.0124611797498 -2.475 0 -27.0859781712365 -2.5772139763391 0 -27.1543085568261 -2.68296558815418 0 -27.2172824388725 -2.7919918931283 0 -27.2747432382166 -2.90402180670067 0 -27.326548083507 -3.01877677609524 0 -27.3725681664367 -3.13597147291827 0 -27.4126890620149 -3.25531450260291 0 -27.4468110130741 -3.37650912893683 0 -27.4748491783083 -3.49925401187134 0 -27.4967338432231 -3.62324395677766 0 -27.5124105934754 -3.7481706732871 0 -27.5218404501696 -3.87372354182873 0 -27.5249999667755 -3.99959038595824 0 -27.5218812874259 -4.12545824855794 0 -27.5124921664495 -4.25101416997783 0 -27.4968559490909 -4.37594596618287 0 -27.4750115134641 -4.4999430049719 0 -27.4470131738854 -4.62269697833792 0 -27.4129305458262 -4.74390266904953 0 -27.3728483728191 -4.86325870954744 0 -27.3268663157514 -4.98046833126905 0 -27.2750987050659 -5.09524010253803 0 -27.2176742564887 -5.2072886531842 0 -27.1547357509883 -5.31633538409204 0 -27.0864396797632 -5.42210915991343 0 -27.0129558551395 -5.52434698322252 0 -26.9344669883476 -5.62279464843623 0 -26.8511682352262 -5.71720737387469 0 -26.7632667109838 -5.80735041038984 0 -26.670980975225 -5.89299962504914 0 -26.5745404885202 -5.97394205842282 0 -26.4741850418721 -6.04997645408929 0 -26.3701641604956 -6.12091375904196 0 -26.2627364833946 -6.18657759375334 0 -26.1521691202789 -6.24680469072762 0 -26.0387369874182 -6.30144530045128 0 -25.9227221240866 -6.35036356373245 0 -25.8044129912961 -6.39343784950312 0 -25.6841037545629 -6.43056105724438 0 -25.5620935524906 -6.46164088328264 0 -25.4386857529868 -6.48660005029486 0 -25.3141871989657 -6.50537649945195 0 -25.1889074454088 -6.51792354472274 0 -25.0631579896834 -6.52420998895479 0 -24.9372514970311 -6.52422020144344 0 -24.8115010231522 -6.51795415679621 0 -24.6862192358196 -6.50542743499594 0 -24.5617176374575 -6.48667118266251 0 -24.4383057906171 -6.46173203560942 0 -24.3162905482756 -6.43067200288784 0 -24.1959752908732 -6.39356831260644 0 -24.0776591719831 -6.3505132199103 0 -23.9616363744918 -6.3016137775964 0 -23.8481953791391 -6.24699156993603 0 -23.7376182472349 -6.18678241036591 0 -23.6301799193381 -6.12113600379974 0 -23.5261475316407 -6.05021557439975 0 -23.4257797517563 -5.9741974597338 0 -23.3293261355651 -5.89327067232718 0 -23.2370265067153 -5.80763642969912 0 -23.1491103603212 -5.7175076540527 0 -23.0657962923441 -5.62310844286208 0 -22.9872914560717 -5.52467351167325 0 -22.9137910470494 -5.42244761050405 0 -22.8454778177432 -5.31668491529416 0 -22.7825216231414 -5.20764839591846 0 -22.7250789984248 -5.09560916233495 0 -22.6732927697555 -4.9808457904931 0 -22.6272916991515 -4.86364362967861 0 -22.5871901643312 -4.74429409301691 0 -22.5530878743232 -4.62309393289937 0 -22.5250696215482 -4.50034450313394 0 -22.5032050709896 -4.37635100965474 0 -22.4875485869782 -4.25142175165365 0 -22.4781390980191 -4.12586735502082 0 -22.475 -4 0 -22.9875388202502 -2.475 0 -22.4781406688791 -3.87410117538835 0 -22.4875548626048 -3.74851554406017 0 -22.5032191618779 -3.62355552018098 0 -22.5250945992708 -3.49953196161861 0 -22.5531267561653 -3.37675339663497 0 -22.5872458981277 -3.25552525637309 0 -22.6273671483837 -3.13614911504871 0 -22.6733906989634 -3.01892193973667 0 -22.7252020589892 -2.90413535161818 0 -22.7826723394899 -2.79207490052696 0 -22.8456585740328 -2.68301935459869 0 -22.9140040743749 -2.57724000679115 0 -2.02484567313166 -2.45 0 -2.0996864091269 -2.55299724142357 0 -2.16929300308624 -2.65960160147772 0 -2.23349193824173 -2.76954733459218 0 -2.29212317814998 -2.88256036575229 0 -2.34504056563433 -2.99835897371891 0 -2.39211218712851 -3.11665449330897 0 -2.43322070151356 -3.23715203498609 0 -2.46826363262814 -3.35955121996734 0 -2.49715362472333 -3.48354692901372 0 -2.51981866022477 -3.60883006303779 0 -2.53620223925968 -3.73508831363228 0 -2.5462635205008 -3.86200694159903 0 -2.5499774229766 -3.98926956153739 0 -2.54733468859359 -4.11655893053636 0 -2.53834190521511 -4.24355773900433 0 -2.52302149023897 -4.36994940166502 0 -2.50141163471489 -4.49541884674789 0 -2.47356620814102 -4.61965330140558 0 -2.43955462417702 -4.74234307140062 0 -2.39946166760816 -4.86318231311762 0 -2.35338728299205 -4.98186979597669 0 -2.30144632551481 -5.09810965334723 0 -2.24376827467764 -5.21161212009047 0 -2.18049691152761 -5.32209425489204 0 -2.1117899602373 -5.42928064558398 0 -2.03781869492665 -5.53290409569792 0 -1.95876751270731 -5.63270629053802 0 -1.87483347401367 -5.7284384411132 0 -1.78622581136648 -5.81986190432356 0 -1.69316540779367 -5.90674877785484 0 -1.59588424620854 -5.98888246829806 0 -1.49462483111794 -6.06605823107812 0 -1.38963958410194 -6.1380836808453 0 -1.28119021457208 -6.20477927105748 0 -1.1695470673767 -6.26597874155751 0 -1.05498844887964 -6.32152953303001 0 -0.937799933192385 -6.37129316730436 0 -0.818273650288913 -6.41514559255604 0 -0.696707557778049 -6.45297749254553 0 -0.573404698148513 -6.48469455912416 0 -0.448672443338288 -6.51021772732742 0 -0.322821728511454 -6.52948337246974 0 -0.196166276952526 -6.54244346874942 0 -0.0690218180105144 -6.54906570896839 0 0.0582946999577751 -6.54933358506823 0 0.185465899683211 -6.54324642928181 0 0.312174766149004 -6.53081941579794 0 0.438105436852351 -6.51208352293478 0 0.562943989193062 -6.4870854559165 0 0.68637922302636 -6.45588753044551 0 0.808103436429085 -6.41856751736054 0 0.927813192745465 -6.37521844876792 0 1.04521007700033 -6.32594838612919 0 1.16000143979418 -6.27088015088323 0 1.27190112682572 -6.21015101827442 0 1.38063019222325 -6.14391237515007 0 1.48591759390674 -6.07232934258009 0 1.58750086924719 -5.99558036423979 0 1.68512678933896 -5.91385676158174 0 1.77855199025402 -5.82736225690569 0 1.86754357970465 -5.73631246551534 0 1.95187971760216 -5.64093435822805 0 2.03135016906455 -5.54146569557725 0 2.10575682849431 -5.438154435118 0 2.17491421342028 -5.33125811331329 0 2.23864992687213 -5.22104320354171 0 2.2968050871352 -5.1077844518271 0 2.34923472381408 -4.99176419194593 0 2.3958081392179 -4.87327164161976 0 2.43640923416618 -4.75260218154732 0 2.47093679740335 -4.63005661907328 0 2.49930475790027 -4.50594043832952 0 2.52144239941385 -4.38056303871782 0 2.53729453676999 -4.25423696363268 0 2.54682165343036 -4.12727712134657 0 2.55 -4 0 2.02484567313166 -2.45 0 2.54722376780671 -3.88104170175829 0 2.5389011162976 -3.76234242771833 0 2.5250501675221 -3.644160638073 0 2.50570108104877 -3.52675366622549 0 2.48089598829469 -3.41037715846204 0 2.45068890078697 -3.29528451729826 0 2.41514559255604 -3.18172634971109 0 2.37434345691685 -3.06994992145792 0 2.32837133794982 -2.96019861867096 0 2.2773293370484 -2.85271141789927 0 2.22132859495464 -2.74772236575237 0 2.16049104975722 -2.64546006927852 0 2.0949491713789 -2.54614719818723 0 22.9506098468081 -2.4 0 22.8740891509714 -2.50316899351244 0 22.8027572054047 -2.60999133038711 0 22.7367881113182 -2.72020628735353 0 22.6763428807106 -2.83354486071007 0 22.621569043384 -2.94973042288632 0 22.5726002868648 -3.06847939761313 0 22.5295561301108 -3.18950195205251 0 22.4925416317982 -3.31250270419806 0 22.4616471339038 -3.43718144381934 0 22.4369480412049 -3.56323386519057 0 22.4185046372377 -3.69035230981527 0 22.4063619371625 -3.81822651733416 0 22.4005495778938 -3.94654438278333 0 22.4010817457654 -4.0749927183547 0 22.4079571419052 -4.20325801779934 0 22.4211589854056 -4.33102722160797 0 22.4406550542808 -4.45798848110122 0 22.4663977641118 -4.58383191956448 0 22.4983242841865 -4.70825038856975 0 22.5363566908518 -4.83094021763862 0 22.5804021577031 -4.95160195541638 0 22.6303531821478 -5.0699411005486 0 22.6860878477887 -5.18566882047601 0 22.7474701219876 -5.29850265639361 0 22.8143501878826 -5.40816721265305 0 22.8865648100492 -5.51439482892597 0 22.963937732912 -5.61692623348758 0 23.0462801109345 -5.71551117602594 0 23.1333909695386 -5.80990903843262 0 23.2250576956266 -5.89988942208377 0 23.32105655651 -5.98523271017834 0 23.4211532459781 -6.06573060376093 0 23.5251034561735 -6.14118663012091 0 23.6326534738788 -6.21141662232705 0 23.7435407997595 -6.27624916872717 0 23.8574947890506 -6.33552603131576 0 23.9742373121245 -6.38910253194844 0 24.0934834333272 -6.43684790546061 0 24.214942106426 -6.47864561882839 0 24.3383168849716 -6.514393655593 0 24.4633066458403 -6.5440047648542 0 24.589606324191 -6.56740667422518 0 24.7169076580426 -6.58454226622918 0 24.8448999406544 -6.59536971770709 0 24.9732707788746 -6.59986260189611 0 25.1017068556035 -6.59800995292998 0 25.2298946945125 -6.58981629260359 0 25.3575214251517 -6.57530161933656 0 25.4842755465787 -6.55450135936271 0 25.6098476876445 -6.52746628026462 0 25.7339313620819 -6.49426236706419 0 25.8562237165517 -6.45497066117183 0 25.9764262698229 -6.40968706258712 0 26.0942456412813 -6.35852209583395 0 26.2093942669889 -6.30160064020118 0 26.3215911015467 -6.23906162494751 0 26.4305623040476 -6.17105769021417 0 26.5360419064446 -6.09775481447336 0 26.6377724627043 -6.01933190942142 0 26.7355056771602 -5.93598038330575 0 26.8290030105325 -5.84790367375114 0 26.9180362621354 -5.75531675122575 0 27.0023881268506 -5.65844559435868 0 27.0818527255083 -5.55752663838971 0 27.1562361073801 -5.4528061980974 0 27.2253567235582 -5.34453986661403 0 27.289045870065 -5.23299189159465 0 27.3471480996127 -5.11843453026291 0 27.3995216010056 -5.00114738490779 0 27.4460385452617 -4.88141672045304 0 27.4865853976074 -4.75953476576509 0 27.5210631945837 -4.63579900040455 0 27.5493877855884 -4.51051142856234 0 27.5714900382637 -4.3839778419524 0 27.5873160072293 -4.25650707346016 0 27.5968270657474 -4.12841024336837 0 27.6 -4 0 27.0493901531919 -2.4 0 27.5970861453577 -3.87694085328208 0 27.5883511126224 -3.75415753461489 0 27.573814480729 -3.63192525380079 0 27.5535088324718 -3.51051798553124 0 27.5274796814719 -3.3902078552926 0 27.4957853701618 -3.27126452941678 0 27.4584969390157 -3.153954610644 0 27.4156979673166 -3.03854104055226 0 27.3674843858203 -2.92528251019308 0 27.3139642617332 -2.81443288025453 0 27.2552575564875 -2.70624061205105 0 27.1914958568568 -2.60094821061569 0 27.1228220800138 -2.49879168114286 0 -23.4 8 0 -23.4019889260497 8.07975341705712 0 -23.4079507594154 8.15930855455331 0 -23.4178706780398 8.23846762588188 0 -23.4317240194423 8.31703382911904 0 -23.4494763420335 8.39481183630447 0 -23.4710835107422 8.47160827905745 0 -23.4964918067425 8.54723222932107 0 -23.5256380610073 8.62149567403951 0 -23.5584498113561 8.69421398258809 0 -23.5948454826076 8.76520636579411 0 -23.6347345893886 8.8342963254072 0 -23.6780179610944 8.9013120929018 0 -23.7245879884433 8.96608705652076 0 -23.7743288910096 9.02846017549846 0 -23.8271170050723 9.08827638043347 0 -23.8828210910623 9.14538695881555 0 -23.941302659845 9.19964992474837 0 -24.002416317026 9.25093037194885 0 -24.0660101244243 9.29910080914537 0 -24.1319259778148 9.34404147704123 0 -24.2 9.3856406460551 0 -24.2700629482349 9.42379489409835 0 -24.341940634991 9.45840936369868 0 -24.4154543610138 9.48939799783073 0 -24.4904213595973 9.51668375386741 0 -24.5666552509712 9.54019879512002 0 -24.6439665056699 9.55988465949092 0 -24.7221629157329 9.57569240481953 0 -24.801050072564 9.58758273056027 0 -24.8804318502617 9.59552607548989 0 -24.9601108932191 9.59950269120131 0 -25.0398891067809 9.59950269120131 0 -25.1195681497383 9.59552607548989 0 -25.198949927436 9.58758273056027 0 -25.2778370842671 9.57569240481953 0 -25.3560334943301 9.55988465949092 0 -25.4333447490288 9.54019879512002 0 -25.5095786404027 9.51668375386741 0 -25.5845456389862 9.48939799783073 0 -25.658059365009 9.45840936369868 0 -25.7299370517651 9.42379489409835 0 -25.8 9.3856406460551 0 -25.8680740221852 9.34404147704123 0 -25.9339898755757 9.29910080914537 0 -25.997583682974 9.25093037194885 0 -26.058697340155 9.19964992474837 0 -26.1171789089377 9.14538695881555 0 -26.1728829949277 9.08827638043347 0 -26.2256711089904 9.02846017549846 0 -26.2754120115567 8.96608705652076 0 -26.3219820389056 8.90131209290179 0 -26.3652654106114 8.83429632540719 0 -26.4051545173924 8.76520636579411 0 -26.4415501886439 8.69421398258809 0 -26.4743619389927 8.62149567403951 0 -26.5035081932575 8.54723222932107 0 -26.5289164892578 8.47160827905744 0 -26.5505236579665 8.39481183630447 0 -26.5682759805577 8.31703382911903 0 -26.5821293219602 8.23846762588187 0 -26.5920492405846 8.1593085545533 0 -26.5980110739503 8.07975341705711 0 -26.6 7.99999999999999 0 -26.5980110739503 7.92024658294288 0 -26.5920492405846 7.84069144544669 0 -26.5821293219602 7.76153237411811 0 -26.5682759805577 7.68296617088096 0 -26.5505236579665 7.60518816369552 0 -26.5289164892578 7.52839172094255 0 -26.5035081932575 7.45276777067892 0 -26.4743619389927 7.37850432596048 0 -26.4415501886439 7.3057860174119 0 -26.4051545173924 7.23479363420588 0 -26.3652654106114 7.1657036745928 0 -26.3219820389056 7.0986879070982 0 -26.2754120115567 7.03391294347923 0 -26.2256711089904 6.97153982450153 0 -26.1728829949277 6.91172361956652 0 -26.1171789089377 6.85461304118444 0 -26.058697340155 6.80035007525162 0 -25.997583682974 6.74906962805115 0 -25.9339898755757 6.70089919085462 0 -25.8680740221852 6.65595852295876 0 -25.8 6.61435935394489 0 -25.729937051765 6.57620510590164 0 -25.658059365009 6.54159063630132 0 -25.5845456389862 6.51060200216927 0 -25.5095786404027 6.48331624613258 0 -25.4333447490288 6.45980120487998 0 -25.3560334943301 6.44011534050908 0 -25.2778370842671 6.42430759518046 0 -25.198949927436 6.41241726943972 0 -25.1195681497383 6.40447392451011 0 -25.0398891067809 6.40049730879869 0 -24.9601108932191 6.40049730879869 0 -24.8804318502617 6.40447392451011 0 -24.801050072564 6.41241726943973 0 -24.7221629157329 6.42430759518047 0 -24.6439665056699 6.44011534050909 0 -24.5666552509712 6.45980120487999 0 -24.4904213595973 6.48331624613259 0 -24.4154543610138 6.51060200216928 0 -24.341940634991 6.54159063630133 0 -24.2700629482349 6.57620510590166 0 -24.2 6.61435935394491 0 -24.1319259778148 6.65595852295878 0 -24.0660101244243 6.70089919085464 0 -24.002416317026 6.74906962805116 0 -23.941302659845 6.80035007525164 0 -23.8828210910623 6.85461304118446 0 -23.8271170050723 6.91172361956654 0 -23.7743288910096 6.97153982450155 0 -23.7245879884433 7.03391294347925 0 -23.6780179610944 7.09868790709822 0 -23.6347345893885 7.16570367459282 0 -23.5948454826076 7.23479363420591 0 -23.5584498113561 7.30578601741193 0 -23.5256380610073 7.37850432596051 0 -23.4964918067425 7.45276777067895 0 -23.4710835107422 7.52839172094258 0 -23.4494763420335 7.60518816369555 0 -23.4317240194423 7.68296617088099 0 -23.4178706780398 7.76153237411815 0 -23.4079507594154 7.84069144544672 0 -23.4019889260497 7.92024658294291 0 1.65 8 0 1.64794892001122 8.08224571134015 0 1.64180077935291 8.1642869468831 0 1.63157086327146 8.24591973919069 0 1.6172846049501 8.32694113627901 0 1.59897752227798 8.40714970618899 0 1.57669512954713 8.48634603777799 0 1.55049282429675 8.56433323648735 0 1.52043574958617 8.64091741385325 0 1.48659863203899 8.71590816954397 0 1.44906559606088 8.78911906472518 0 1.40792995469306 8.86036808557617 0 1.36329397762139 8.92947809580498 0 1.31526863691782 8.99627727703704 0 1.26397333114631 9.06059955598279 0 1.20953558851921 9.12228501732202 0 1.15209074984202 9.18118030127854 0 1.09178163203482 9.23713898489676 0 1.02875817306691 9.29002194607225 0 0.963177059187404 9.33969770943116 0 0.895201335378503 9.38604277319877 0 0.825000000000001 9.42894191624432 0 0.752747584632719 9.46828848453892 0 0.67862372016551 9.50398465631426 0 0.602812690204552 9.53594168526294 0 0.52550297291528 9.56408012117577 0 0.446886772435959 9.58833000746752 0 0.36715954102792 9.60863105510001 0 0.286519493150436 9.62493279247014 0 0.205167112668351 9.63719469089028 0 0.123304654417601 9.64538626534895 0 0.0411356413678212 9.64948715030135 0 -0.0411356413678192 9.64948715030135 0 -0.123304654417599 9.64538626534895 0 -0.205167112668349 9.63719469089028 0 -0.286519493150434 9.62493279247014 0 -0.367159541027918 9.60863105510001 0 -0.446886772435957 9.58833000746752 0 -0.525502972915278 9.56408012117577 0 -0.602812690204551 9.53594168526294 0 -0.678623720165508 9.50398465631426 0 -0.752747584632718 9.46828848453892 0 -0.824999999999999 9.42894191624432 0 -0.895201335378502 9.38604277319877 0 -0.963177059187403 9.33969770943116 0 -1.02875817306691 9.29002194607225 0 -1.09178163203482 9.23713898489676 0 -1.15209074984202 9.18118030127853 0 -1.20953558851921 9.12228501732202 0 -1.26397333114631 9.06059955598279 0 -1.31526863691782 8.99627727703704 0 -1.36329397762139 8.92947809580497 0 -1.40792995469306 8.86036808557617 0 -1.44906559606088 8.78911906472517 0 -1.48659863203899 8.71590816954397 0 -1.52043574958617 8.64091741385324 0 -1.55049282429675 8.56433323648735 0 -1.57669512954713 8.48634603777799 0 -1.59897752227798 8.40714970618898 0 -1.6172846049501 8.326941136279 0 -1.63157086327146 8.24591973919068 0 -1.64180077935291 8.16428694688309 0 -1.64794892001122 8.08224571134014 0 -1.65 7.99999999999999 0 -1.64794892001122 7.91775428865984 0 -1.64180077935291 7.8357130531169 0 -1.63157086327146 7.75408026080931 0 -1.6172846049501 7.67305886372099 0 -1.59897752227798 7.59285029381101 0 -1.57669512954713 7.513653962222 0 -1.55049282429675 7.43566676351264 0 -1.52043574958617 7.35908258614675 0 -1.48659863203899 7.28409183045602 0 -1.44906559606087 7.21088093527482 0 -1.40792995469305 7.13963191442382 0 -1.36329397762139 7.07052190419502 0 -1.31526863691782 7.00372272296295 0 -1.26397333114631 6.9394004440172 0 -1.20953558851921 6.87771498267798 0 -1.15209074984201 6.81881969872146 0 -1.09178163203481 6.76286101510323 0 -1.0287581730669 6.70997805392774 0 -0.963177059187394 6.66030229056883 0 -0.895201335378493 6.61395722680122 0 -0.824999999999989 6.57105808375567 0 -0.752747584632708 6.53171151546107 0 -0.678623720165497 6.49601534368573 0 -0.602812690204539 6.46405831473706 0 -0.525502972915266 6.43591987882423 0 -0.446886772435945 6.41166999253248 0 -0.367159541027905 6.39136894489999 0 -0.286519493150421 6.37506720752985 0 -0.205167112668336 6.36280530910971 0 -0.123304654417585 6.35461373465105 0 -0.0411356413678046 6.35051284969865 0 0.0411356413678362 6.35051284969865 0 0.123304654417616 6.35461373465105 0 0.205167112668367 6.36280530910972 0 0.286519493150452 6.37506720752986 0 0.367159541027936 6.39136894489999 0 0.446886772435975 6.41166999253248 0 0.525502972915296 6.43591987882424 0 0.602812690204569 6.46405831473707 0 0.678623720165526 6.49601534368575 0 0.752747584632736 6.53171151546108 0 0.825000000000017 6.57105808375569 0 0.895201335378519 6.61395722680124 0 0.963177059187419 6.66030229056885 0 1.02875817306693 6.70997805392776 0 1.09178163203483 6.76286101510325 0 1.15209074984203 6.81881969872148 0 1.20953558851923 6.877714982678 0 1.26397333114633 6.93940044401723 0 1.31526863691784 7.00372272296298 0 1.3632939776214 7.07052190419504 0 1.40792995469307 7.13963191442385 0 1.44906559606089 7.21088093527484 0 1.486598632039 7.28409183045605 0 1.52043574958618 7.35908258614678 0 1.55049282429676 7.43566676351267 0 1.57669512954714 7.51365396222203 0 1.59897752227798 7.59285029381104 0 1.6172846049501 7.67305886372102 0 1.63157086327147 7.75408026080934 0 1.64180077935291 7.83571305311693 0 1.64794892001122 7.91775428865988 0 26.7 8 0 26.6978867660722 8.08473800562319 0 26.6915523181212 8.16926533921289 0 26.6810124045827 8.2533718524995 0 26.6662932293425 8.33684844343898 0 26.6474313865894 8.4194875760735 0 26.6244737698364 8.50108379649854 0 26.597477455336 8.58143424365364 0 26.5665095601797 8.66033915366698 0 26.5316470754341 8.73760235649985 0 26.4929766747294 8.81303176365624 0 26.4505944987747 8.88643984574515 0 26.4046059163372 8.95764409870816 0 26.355125262279 9.02646749755331 0 26.3022755533023 9.09273893646712 0 26.2461881821107 9.15629365421056 0 26.1870025907463 9.21697364374152 0 26.1248659239147 9.27462804504515 0 26.0599326631598 9.32911352019565 0 25.9923642427991 9.38029460971696 0 25.9223286485718 9.42804406935631 0 25.85 9.47224318643354 0 25.7755581175004 9.5127820749795 0 25.699188075322 9.54955994892984 0 25.6210797414229 9.58248537269515 0 25.5414273054279 9.61147648848412 0 25.4604287958431 9.63646121981502 0 25.3782855877257 9.6573774507091 0 25.2952019020338 9.67417318012075 0 25.2113842979007 9.68680665122029 0 25.1270411590969 9.69524645520801 0 25.0423821759547 9.69947160940139 0 24.9576178240453 9.69947160940139 0 24.8729588409031 9.69524645520801 0 24.7886157020993 9.68680665122029 0 24.7047980979662 9.67417318012075 0 24.6217144122743 9.6573774507091 0 24.5395712041569 9.63646121981502 0 24.4585726945721 9.61147648848412 0 24.3789202585771 9.58248537269515 0 24.300811924678 9.54955994892985 0 24.2244418824996 9.5127820749795 0 24.15 9.47224318643355 0 24.0776713514282 9.42804406935631 0 24.0076357572009 9.38029460971696 0 23.9400673368402 9.32911352019565 0 23.8751340760853 9.27462804504515 0 23.8129974092537 9.21697364374152 0 23.7538118178893 9.15629365421056 0 23.6977244466977 9.09273893646712 0 23.644874737721 9.02646749755331 0 23.5953940836628 8.95764409870816 0 23.5494055012253 8.88643984574514 0 23.5070233252706 8.81303176365624 0 23.4683529245659 8.73760235649985 0 23.4334904398203 8.66033915366698 0 23.402522544664 8.58143424365363 0 23.3755262301636 8.50108379649853 0 23.3525686134106 8.41948757607349 0 23.3337067706575 8.33684844343897 0 23.3189875954173 8.25337185249949 0 23.3084476818788 8.16926533921288 0 23.3021132339278 8.08473800562318 0 23.3 7.99999999999999 0 23.3021132339278 7.91526199437681 0 23.3084476818788 7.83073466078711 0 23.3189875954173 7.7466281475005 0 23.3337067706575 7.66315155656102 0 23.3525686134106 7.58051242392649 0 23.3755262301636 7.49891620350146 0 23.402522544664 7.41856575634636 0 23.4334904398203 7.33966084633301 0 23.4683529245659 7.26239764350014 0 23.5070233252706 7.18696823634375 0 23.5494055012253 7.11356015425485 0 23.5953940836628 7.04235590129183 0 23.644874737721 6.97353250244668 0 23.6977244466977 6.90726106353288 0 23.7538118178893 6.84370634578943 0 23.8129974092537 6.78302635625847 0 23.8751340760853 6.72537195495484 0 23.9400673368402 6.67088647980434 0 24.0076357572009 6.61970539028304 0 24.0776713514282 6.57195593064368 0 24.15 6.52775681356645 0 24.2244418824996 6.4872179250205 0 24.300811924678 6.45044005107015 0 24.3789202585771 6.41751462730485 0 24.4585726945722 6.38852351151587 0 24.5395712041569 6.36353878018498 0 24.6217144122743 6.3426225492909 0 24.7047980979662 6.32582681987924 0 24.7886157020993 6.31319334877971 0 24.8729588409031 6.30475354479199 0 24.9576178240453 6.30052839059861 0 25.0423821759547 6.30052839059861 0 25.1270411590969 6.30475354479199 0 25.2113842979007 6.31319334877971 0 25.2952019020338 6.32582681987925 0 25.3782855877258 6.3426225492909 0 25.4604287958431 6.36353878018498 0 25.5414273054279 6.38852351151588 0 25.6210797414229 6.41751462730486 0 25.6991880753221 6.45044005107016 0 25.7755581175004 6.48721792502051 0 25.85 6.52775681356646 0 25.9223286485718 6.5719559306437 0 25.9923642427992 6.61970539028306 0 26.0599326631599 6.67088647980436 0 26.1248659239147 6.72537195495487 0 26.1870025907463 6.78302635625849 0 26.2461881821107 6.84370634578945 0 26.3022755533023 6.9072610635329 0 26.355125262279 6.97353250244671 0 26.4046059163372 7.04235590129186 0 26.4505944987747 7.11356015425487 0 26.4929766747294 7.18696823634378 0 26.5316470754341 7.26239764350017 0 26.5665095601797 7.33966084633304 0 26.5974774553361 7.41856575634639 0 26.6244737698364 7.49891620350149 0 26.6474313865894 7.58051242392652 0 26.6662932293425 7.66315155656105 0 26.6810124045827 7.74662814750053 0 26.6915523181212 7.83073466078714 0 26.6978867660722 7.91526199437684 0 0 2 0 28 0.00240908758965519 1.90186465134516 0.00963054665560614 1.80396571934088 0.0216469800704377 1.70653905108928 0.0384294391935387 1.60981935596775 0.0599374936109116 1.51403964019347 0.0861193285355817 1.41943064549108 0.116911869633957 1.32622029321556 0.152240934977425 1.23463313526982 0.192021413753112 1.14488981313944 0.236157471303288 1.05720652634801 0.284542779999454 0.97179451161356 0.337060775394907 0.888859533960799 0.393584937038707 0.808601391015137 0.453979093274523 0.731213431672713 0.518097749290078 0.656882090305967 0.585786437626901 0.585786437626909 0.656882090305959 0.518097749290086 0.731213431672704 0.45397909327453 0.808601391015128 0.393584937038714 0.88885953396079 0.337060775394914 0.97179451161355 0.28454277999946 1.057206526348 0.236157471303294 1.14488981313943 0.192021413753117 1.23463313526981 0.15224093497743 1.32622029321555 0.116911869633961 1.41943064549107 0.086119328535585 1.51403964019346 0.0599374936109143 1.60981935596773 0.0384294391935409 1.70653905108927 0.0216469800704395 1.80396571934087 0.00963054665560725 1.90186465134515 0.00240908758965563 2 0 80 0 82 2 81.9975909124103 1.90186465134516 81.9903694533444 1.80396571934088 81.9783530199296 1.70653905108928 81.9615705608065 1.60981935596775 81.9400625063891 1.51403964019347 81.9138806714644 1.41943064549108 81.883088130366 1.32622029321556 81.8477590650226 1.23463313526982 81.8079785862469 1.14488981313944 81.7638425286967 1.05720652634801 81.7154572200005 0.97179451161356 81.6629392246051 0.888859533960799 81.6064150629613 0.808601391015137 81.5460209067255 0.731213431672713 81.4819022507099 0.656882090305967 81.4142135623731 0.585786437626909 81.343117909694 0.518097749290086 81.2687865683273 0.45397909327453 81.1913986089849 0.393584937038714 81.1111404660392 0.337060775394914 81.0282054883864 0.28454277999946 80.942793473652 0.236157471303294 80.8551101868606 0.192021413753117 80.7653668647302 0.15224093497743 80.6737797067844 0.116911869633961 80.5805693545089 0.086119328535585 80.4859603598065 0.0599374936109143 80.3901806440323 0.0384294391935409 80.2934609489107 0.0216469800704395 80.1960342806591 0.00963054665560725 80.0981353486548 0.00240908758965563 82 28 81.9975909124103 28.0981353486548 81.9903694533444 28.1960342806591 81.9783530199296 28.2934609489107 81.9615705608065 28.3901806440323 81.9400625063891 28.4859603598065 81.9138806714644 28.5805693545089 81.883088130366 28.6737797067844 81.8477590650226 28.7653668647302 81.8079785862469 28.8551101868606 81.7638425286967 28.942793473652 81.7154572200005 29.0282054883864 81.6629392246051 29.1111404660392 81.6064150629613 29.1913986089849 81.5460209067255 29.2687865683273 81.4819022507099 29.343117909694 81.4142135623731 29.4142135623731 81.343117909694 29.4819022507099 81.2687865683273 29.5460209067255 81.1913986089849 29.6064150629613 81.1111404660392 29.6629392246051 81.0282054883864 29.7154572200005 80.942793473652 29.7638425286967 80.8551101868606 29.8079785862469 80.7653668647302 29.8477590650226 80.6737797067844 29.883088130366 80.5805693545089 29.9138806714644 80.4859603598065 29.9400625063891 80.3901806440323 29.9615705608065 80.2934609489107 29.9783530199296 80.1960342806591 29.9903694533444 80.0981353486548 29.9975909124103 80 30 2 30 0.00240908758965519 28.0981353486548 0.00963054665560614 28.1960342806591 0.0216469800704382 28.2934609489107 0.0384294391935391 28.3901806440323 0.0599374936109121 28.4859603598065 0.0861193285355824 28.5805693545089 0.116911869633959 28.6737797067844 0.152240934977427 28.7653668647302 0.192021413753114 28.8551101868606 0.23615747130329 28.942793473652 0.284542779999456 29.0282054883864 0.337060775394909 29.1111404660392 0.39358493703871 29.1913986089849 0.453979093274525 29.2687865683273 0.518097749290081 29.343117909694 0.585786437626904 29.4142135623731 0.656882090305962 29.4819022507099 0.731213431672707 29.5460209067255 0.808601391015131 29.6064150629613 0.888859533960793 29.6629392246051 0.971794511613553 29.7154572200005 1.057206526348 29.7638425286967 1.14488981313943 29.8079785862469 1.23463313526982 29.8477590650226 1.32622029321556 29.883088130366 1.41943064549107 29.9138806714644 1.51403964019347 29.9400625063891 1.60981935596774 29.9615705608065 1.70653905108927 29.9783530199296 1.80396571934087 29.9903694533444 1.90186465134516 29.9975909124103 13.9875388202502 12.525 13.9140218287635 12.4227860236609 13.8456914431739 12.3170344118458 13.7827175611275 12.2080081068717 13.7252567617834 12.0959781932993 13.673451916493 11.9812232239048 13.6274318335633 11.8640285270817 13.5873109379851 11.7446854973971 13.5531889869259 11.6234908710632 13.5251508216917 11.5007459881287 13.5032661567769 11.3767560432223 13.4875894065246 11.2518293267129 13.4781595498304 11.1262764581713 13.4750000332245 11.0004096140418 13.4781187125741 10.8745417514421 13.4875078335505 10.7489858300222 13.5031440509091 10.6240540338171 13.5249884865359 10.5000569950281 13.5529868261146 10.3773030216621 13.5870694541738 10.2560973309505 13.6271516271809 10.1367412904526 13.6731336842486 10.019531668731 13.7249012949341 9.90475989746197 13.7823257435113 9.7927113468158 13.8452642490117 9.68366461590796 13.9135603202368 9.57789084008657 13.9870441448605 9.47565301677748 14.0655330116524 9.37720535156377 14.1488317647738 9.28279262612531 14.2367332890162 9.19264958961016 14.329019024775 9.10700037495086 14.4254595114798 9.02605794157718 14.5258149581279 8.95002354591071 14.6298358395044 8.87908624095804 14.7372635166054 8.81342240624666 14.8478308797211 8.75319530927238 14.9612630125818 8.69855469954872 15.0772778759134 8.64963643626755 15.1955870087039 8.60656215049688 15.3158962454371 8.56943894275562 15.4379064475094 8.53835911671736 15.5613142470132 8.51339994970514 15.6858128010343 8.49462350054805 15.8110925545912 8.48207645527726 15.9368420103166 8.47579001104521 16.0627485029689 8.47577979855656 16.1884989768478 8.48204584320379 16.3137807641804 8.49457256500406 16.4382823625425 8.51332881733749 16.5616942093829 8.53826796439058 16.6837094517244 8.56932799711216 16.8040247091268 8.60643168739356 16.9223408280169 8.6494867800897 17.0383636255082 8.6983862224036 17.1518046208609 8.75300843006397 17.2623817527651 8.81321758963409 17.3698200806619 8.87886399620026 17.4738524683593 8.94978442560025 17.5742202482437 9.0258025402662 17.6706738644349 9.10672932767282 17.7629734932847 9.19236357030088 17.8508896396788 9.2824923459473 17.9342037076559 9.37689155713792 18.0127085439283 9.47532648832675 18.0862089529506 9.57755238949595 18.1545221822568 9.68331508470584 18.2174783768586 9.79235160408154 18.2749210015752 9.90439083766505 18.3267072302445 10.0191542095069 18.3727083008485 10.1363563703214 18.4128098356688 10.2557059069831 18.4469121256768 10.3769060671006 18.4749303784518 10.4996554968661 18.4967949290104 10.6236489903453 18.5124514130218 10.7485782483464 18.5218609019809 10.8741326449792 18.525 11 18.0124611797498 12.525 18.5218593311209 11.1258988246116 18.5124451373952 11.2514844559398 18.4967808381221 11.376444479819 18.4749054007292 11.5004680383814 18.4468732438347 11.623246603365 18.4127541018723 11.7444747436269 18.3726328516163 11.8638508849513 18.3266093010366 11.9810780602633 18.2747979410108 12.0958646483818 18.2173276605101 12.207925099473 18.1543414259672 12.3169806454013 18.0859959256251 12.4227599932088 38.9751543268683 12.55 38.9003135908731 12.4470027585764 38.8307069969138 12.3403983985223 38.7665080617583 12.2304526654078 38.70787682185 12.1174396342477 38.6549594343657 12.0016410262811 38.6078878128715 11.883345506691 38.5667792984864 11.7628479650139 38.5317363673719 11.6404487800327 38.5028463752767 11.5164530709863 38.4801813397752 11.3911699369622 38.4637977607403 11.2649116863677 38.4537364794992 11.137993058401 38.4500225770234 11.0107304384626 38.4526653114064 10.8834410694636 38.4616580947849 10.7564422609957 38.476978509761 10.630050598335 38.4985883652851 10.5045811532521 38.526433791859 10.3803466985944 38.560445375823 10.2576569285994 38.6005383323918 10.1368176868824 38.646612717008 10.0181302040233 38.6985536744852 9.90189034665277 38.7562317253224 9.78838787990953 38.8195030884724 9.67790574510796 38.8882100397627 9.57071935441602 38.9621813050734 9.46709590430208 39.0412324872927 9.36729370946198 39.1251665259863 9.2715615588868 39.2137741886335 9.18013809567644 39.3068345922063 9.09325122214516 39.4041157537915 9.01111753170194 39.5053751688821 8.93394176892188 39.6103604158981 8.8619163191547 39.7188097854279 8.79522072894252 39.8304529326233 8.73402125844249 39.9450115511204 8.67847046696999 40.0622000668076 8.62870683269564 40.1817263497111 8.58485440744396 40.303292442222 8.54702250745447 40.4265953018515 8.51530544087584 40.5513275566617 8.48978227267258 40.6771782714885 8.47051662753026 40.8038337230475 8.45755653125058 40.9309781819895 8.45093429103161 41.0582946999578 8.45066641493177 41.1854658996832 8.45675357071819 41.312174766149 8.46918058420206 41.4381054368524 8.48791647706522 41.5629439891931 8.5129145440835 41.6863792230264 8.54411246955449 41.8081034364291 8.58143248263946 41.9278131927455 8.62478155123208 42.0452100770003 8.67405161387081 42.1600014397942 8.72911984911677 42.2719011268257 8.78984898172558 42.3806301922233 8.85608762484993 42.4859175939067 8.92767065741991 42.5875008692472 9.00441963576021 42.685126789339 9.08614323841826 42.778551990254 9.17263774309431 42.8675435797046 9.26368753448466 42.9518797176022 9.35906564177195 43.0313501690645 9.45853430442275 43.1057568284943 9.561845564882 43.1749142134203 9.66874188668671 43.2386499268721 9.77895679645829 43.2968050871352 9.8922155481729 43.3492347238141 10.0082358080541 43.3958081392179 10.1267283583802 43.4364092341662 10.2473978184527 43.4709367974034 10.3699433809267 43.4993047579003 10.4940595616705 43.5214423994138 10.6194369612822 43.53729453677 10.7457630363673 43.5468216534304 10.8727228786534 43.55 11 43.0248456731317 12.55 43.5472237678067 11.1189582982417 43.5389011162976 11.2376575722817 43.5250501675221 11.355839361927 43.5057010810488 11.4732463337745 43.4808959882947 11.589622841538 43.450688900787 11.7047154827017 43.415145592556 11.8182736502889 43.3743434569169 11.9300500785421 43.3283713379498 12.039801381329 43.2773293370484 12.1472885821007 43.2213285949546 12.2522776342476 43.1604910497572 12.3545399307215 43.0949491713789 12.4538528018128 63.9506098468081 12.6 63.8740891509714 12.4968310064876 63.8027572054047 12.3900086696129 63.7367881113182 12.2797937126465 63.6763428807106 12.1664551392899 63.621569043384 12.0502695771137 63.5726002868648 11.9315206023869 63.5295561301108 11.8104980479475 63.4925416317982 11.6874972958019 63.4616471339038 11.5628185561807 63.4369480412049 11.4367661348094 63.4185046372377 11.3096476901847 63.4063619371625 11.1817734826658 63.4005495778938 11.0534556172167 63.4010817457654 10.9250072816453 63.4079571419052 10.7967419822007 63.4211589854056 10.668972778392 63.4406550542808 10.5420115188988 63.4663977641118 10.4161680804355 63.4983242841865 10.2917496114302 63.5363566908518 10.1690597823614 63.5804021577031 10.0483980445836 63.6303531821478 9.9300588994514 63.6860878477887 9.81433117952399 63.7474701219876 9.70149734360639 63.8143501878826 9.59183278734696 63.8865648100492 9.48560517107403 63.963937732912 9.38307376651242 64.0462801109345 9.28448882397406 64.1333909695386 9.19009096156738 64.2250576956266 9.10011057791623 64.32105655651 9.01476728982166 64.4211532459781 8.93426939623907 64.5251034561735 8.85881336987909 64.6326534738788 8.78858337767295 64.7435407997595 8.72375083127283 64.8574947890506 8.66447396868424 64.9742373121245 8.61089746805156 65.0934834333272 8.56315209453939 65.214942106426 8.52135438117161 65.3383168849716 8.485606344407 65.4633066458403 8.4559952351458 65.589606324191 8.43259332577482 65.7169076580425 8.41545773377082 65.8448999406544 8.40463028229291 65.9732707788746 8.40013739810389 66.1017068556035 8.40199004707002 66.2298946945125 8.41018370739641 66.3575214251517 8.42469838066344 66.4842755465787 8.44549864063729 66.6098476876445 8.47253371973538 66.7339313620819 8.50573763293581 66.8562237165517 8.54502933882817 66.9764262698229 8.59031293741288 67.0942456412813 8.64147790416605 67.2093942669889 8.69839935979882 67.3215911015467 8.76093837505249 67.4305623040476 8.82894230978583 67.5360419064446 8.90224518552664 67.6377724627043 8.98066809057858 67.7355056771602 9.06401961669425 67.8290030105325 9.15209632624886 67.9180362621354 9.24468324877425 68.0023881268506 9.34155440564132 68.0818527255083 9.44247336161029 68.1562361073801 9.5471938019026 68.2253567235582 9.65546013338597 68.2890458700651 9.76700810840535 68.3471480996127 9.88156546973709 68.3995216010056 9.99885261509221 68.4460385452617 10.118583279547 68.4865853976074 10.2404652342349 68.5210631945837 10.3642009995954 68.5493877855884 10.4894885714377 68.5714900382637 10.6160221580476 68.5873160072293 10.7434929265398 68.5968270657474 10.8715897566316 68.6 11 68.0493901531919 12.6 68.5970861453577 11.1230591467179 68.5883511126223 11.2458424653851 68.573814480729 11.3680747461992 68.5535088324718 11.4894820144688 68.5274796814719 11.6097921447074 68.4957853701618 11.7287354705832 68.4584969390157 11.846045389356 68.4156979673166 11.9614589594477 68.3674843858203 12.0747174898069 68.3139642617332 12.1855671197455 68.2552575564875 12.293759387949 68.1914958568568 12.3990517893843 68.1228220800138 12.5012083188571 17.6 23 17.5980110739503 23.0797534170571 17.5920492405846 23.1593085545533 17.5821293219602 23.2384676258819 17.5682759805577 23.317033829119 17.5505236579665 23.3948118363045 17.5289164892578 23.4716082790574 17.5035081932575 23.5472322293211 17.4743619389927 23.6214956740395 17.4415501886439 23.6942139825881 17.4051545173924 23.7652063657941 17.3652654106114 23.8342963254072 17.3219820389056 23.9013120929018 17.2754120115567 23.9660870565208 17.2256711089904 24.0284601754985 17.1728829949277 24.0882763804335 17.1171789089377 24.1453869588155 17.058697340155 24.1996499247484 16.997583682974 24.2509303719488 16.9339898755757 24.2991008091454 16.8680740221852 24.3440414770412 16.8 24.3856406460551 16.7299370517651 24.4237948940984 16.658059365009 24.4584093636987 16.5845456389862 24.4893979978307 16.5095786404027 24.5166837538674 16.4333447490288 24.54019879512 16.3560334943301 24.5598846594909 16.2778370842671 24.5756924048195 16.198949927436 24.5875827305603 16.1195681497383 24.5955260754899 16.0398891067809 24.5995026912013 15.9601108932191 24.5995026912013 15.8804318502617 24.5955260754899 15.801050072564 24.5875827305603 15.7221629157329 24.5756924048195 15.6439665056699 24.5598846594909 15.5666552509712 24.54019879512 15.4904213595973 24.5166837538674 15.4154543610138 24.4893979978307 15.341940634991 24.4584093636987 15.2700629482349 24.4237948940984 15.2 24.3856406460551 15.1319259778148 24.3440414770412 15.0660101244243 24.2991008091454 15.002416317026 24.2509303719488 14.941302659845 24.1996499247484 14.8828210910623 24.1453869588155 14.8271170050723 24.0882763804335 14.7743288910096 24.0284601754985 14.7245879884433 23.9660870565208 14.6780179610944 23.9013120929018 14.6347345893886 23.8342963254072 14.5948454826076 23.7652063657941 14.5584498113561 23.6942139825881 14.5256380610073 23.6214956740395 14.4964918067425 23.5472322293211 14.4710835107422 23.4716082790574 14.4494763420335 23.3948118363045 14.4317240194423 23.317033829119 14.4178706780398 23.2384676258819 14.4079507594154 23.1593085545533 14.4019889260497 23.0797534170571 14.4 23 14.4019889260497 22.9202465829429 14.4079507594154 22.8406914454467 14.4178706780398 22.7615323741181 14.4317240194423 22.682966170881 14.4494763420335 22.6051881636955 14.4710835107422 22.5283917209425 14.4964918067425 22.4527677706789 14.5256380610074 22.3785043259605 14.5584498113561 22.3057860174119 14.5948454826076 22.2347936342059 14.6347345893886 22.1657036745928 14.6780179610944 22.0986879070982 14.7245879884433 22.0339129434792 14.7743288910096 21.9715398245015 14.8271170050723 21.9117236195665 14.8828210910623 21.8546130411844 14.941302659845 21.8003500752516 15.002416317026 21.7490696280511 15.0660101244243 21.7008991908546 15.1319259778148 21.6559585229588 15.2 21.6143593539449 15.2700629482349 21.5762051059016 15.341940634991 21.5415906363013 15.4154543610138 21.5106020021693 15.4904213595973 21.4833162461326 15.5666552509712 21.45980120488 15.6439665056699 21.4401153405091 15.7221629157329 21.4243075951805 15.801050072564 21.4124172694397 15.8804318502617 21.4044739245101 15.9601108932191 21.4004973087987 16.0398891067809 21.4004973087987 16.1195681497383 21.4044739245101 16.198949927436 21.4124172694397 16.2778370842671 21.4243075951805 16.3560334943301 21.4401153405091 16.4333447490288 21.45980120488 16.5095786404027 21.4833162461326 16.5845456389862 21.5106020021693 16.658059365009 21.5415906363013 16.7299370517651 21.5762051059017 16.8 21.6143593539449 16.8680740221852 21.6559585229588 16.9339898755757 21.7008991908546 16.997583682974 21.7490696280512 17.058697340155 21.8003500752516 17.1171789089377 21.8546130411845 17.1728829949277 21.9117236195665 17.2256711089904 21.9715398245016 17.2754120115567 22.0339129434793 17.3219820389056 22.0986879070982 17.3652654106115 22.1657036745928 17.4051545173924 22.2347936342059 17.4415501886439 22.3057860174119 17.4743619389927 22.3785043259605 17.5035081932575 22.452767770679 17.5289164892578 22.5283917209426 17.5505236579665 22.6051881636956 17.5682759805577 22.682966170881 17.5821293219602 22.7615323741181 17.5920492405846 22.8406914454467 17.5980110739503 22.9202465829429 42.65 23 42.6479489200112 23.0822457113401 42.6418007793529 23.1642869468831 42.6315708632715 23.2459197391907 42.6172846049501 23.326941136279 42.598977522278 23.407149706189 42.5766951295471 23.486346037778 42.5504928242967 23.5643332364874 42.5204357495862 23.6409174138532 42.486598632039 23.715908169544 42.4490655960609 23.7891190647252 42.4079299546931 23.8603680855762 42.3632939776214 23.929478095805 42.3152686369178 23.996277277037 42.2639733311463 24.0605995559828 42.2095355885192 24.122285017322 42.152090749842 24.1811803012785 42.0917816320348 24.2371389848968 42.0287581730669 24.2900219460722 41.9631770591874 24.3396977094312 41.8952013353785 24.3860427731988 41.825 24.4289419162443 41.7527475846327 24.4682884845389 41.6786237201655 24.5039846563143 41.6028126902046 24.5359416852629 41.5255029729153 24.5640801211758 41.446886772436 24.5883300074675 41.3671595410279 24.6086310551 41.2865194931504 24.6249327924701 41.2051671126683 24.6371946908903 41.1233046544176 24.6453862653489 41.0411356413678 24.6494871503013 40.9588643586322 24.6494871503013 40.8766953455824 24.6453862653489 40.7948328873317 24.6371946908903 40.7134805068496 24.6249327924701 40.6328404589721 24.6086310551 40.553113227564 24.5883300074675 40.4744970270847 24.5640801211758 40.3971873097954 24.5359416852629 40.3213762798345 24.5039846563143 40.2472524153673 24.4682884845389 40.175 24.4289419162443 40.1047986646215 24.3860427731988 40.0368229408126 24.3396977094312 39.9712418269331 24.2900219460723 39.9082183679652 24.2371389848968 39.847909250158 24.1811803012785 39.7904644114808 24.122285017322 39.7360266688537 24.0605995559828 39.6847313630822 23.996277277037 39.6367060223786 23.929478095805 39.5920700453069 23.8603680855762 39.5509344039391 23.7891190647252 39.513401367961 23.715908169544 39.4795642504138 23.6409174138532 39.4495071757033 23.5643332364874 39.4233048704529 23.486346037778 39.401022477722 23.407149706189 39.3827153950499 23.326941136279 39.3684291367285 23.2459197391907 39.3581992206471 23.1642869468831 39.3520510799888 23.0822457113401 39.35 23 39.3520510799888 22.9177542886598 39.3581992206471 22.8357130531169 39.3684291367285 22.7540802608093 39.3827153950499 22.673058863721 39.401022477722 22.592850293811 39.4233048704529 22.513653962222 39.4495071757033 22.4356667635126 39.4795642504138 22.3590825861467 39.513401367961 22.284091830456 39.5509344039391 22.2108809352748 39.5920700453069 22.1396319144238 39.6367060223786 22.070521904195 39.6847313630822 22.003722722963 39.7360266688537 21.9394004440172 39.7904644114808 21.877714982678 39.847909250158 21.8188196987215 39.9082183679652 21.7628610151032 39.9712418269331 21.7099780539277 40.0368229408126 21.6603022905688 40.1047986646215 21.6139572268012 40.175 21.5710580837557 40.2472524153673 21.5317115154611 40.3213762798345 21.4960153436857 40.3971873097955 21.4640583147371 40.4744970270847 21.4359198788242 40.5531132275641 21.4116699925325 40.6328404589721 21.3913689449 40.7134805068496 21.3750672075299 40.7948328873317 21.3628053091097 40.8766953455824 21.3546137346511 40.9588643586322 21.3505128496987 41.0411356413678 21.3505128496987 41.1233046544176 21.3546137346511 41.2051671126684 21.3628053091097 41.2865194931505 21.3750672075299 41.3671595410279 21.3913689449 41.446886772436 21.4116699925325 41.5255029729153 21.4359198788242 41.6028126902046 21.4640583147371 41.6786237201655 21.4960153436857 41.7527475846327 21.5317115154611 41.825 21.5710580837557 41.8952013353785 21.6139572268012 41.9631770591874 21.6603022905688 42.0287581730669 21.7099780539278 42.0917816320348 21.7628610151033 42.152090749842 21.8188196987215 42.2095355885192 21.877714982678 42.2639733311463 21.9394004440172 42.3152686369178 22.003722722963 42.3632939776214 22.070521904195 42.4079299546931 22.1396319144238 42.4490655960609 22.2108809352748 42.486598632039 22.284091830456 42.5204357495862 22.3590825861468 42.5504928242968 22.4356667635127 42.5766951295471 22.513653962222 42.598977522278 22.592850293811 42.6172846049501 22.673058863721 42.6315708632715 22.7540802608093 42.6418007793529 22.8357130531169 42.6479489200112 22.9177542886599 67.7 23 67.6978867660722 23.0847380056232 67.6915523181212 23.1692653392129 67.6810124045827 23.2533718524995 67.6662932293425 23.336848443439 67.6474313865894 23.4194875760735 67.6244737698364 23.5010837964985 67.597477455336 23.5814342436536 67.5665095601797 23.660339153667 67.5316470754341 23.7376023564998 67.4929766747294 23.8130317636562 67.4505944987747 23.8864398457451 67.4046059163372 23.9576440987082 67.355125262279 24.0264674975533 67.3022755533023 24.0927389364671 67.2461881821107 24.1562936542106 67.1870025907463 24.2169736437415 67.1248659239147 24.2746280450451 67.0599326631598 24.3291135201957 66.9923642427991 24.380294609717 66.9223286485718 24.4280440693563 66.85 24.4722431864335 66.7755581175004 24.5127820749795 66.699188075322 24.5495599489298 66.6210797414229 24.5824853726951 66.5414273054279 24.6114764884841 66.4604287958431 24.636461219815 66.3782855877257 24.6573774507091 66.2952019020338 24.6741731801208 66.2113842979007 24.6868066512203 66.1270411590969 24.695246455208 66.0423821759547 24.6994716094014 65.9576178240453 24.6994716094014 65.8729588409031 24.695246455208 65.7886157020993 24.6868066512203 65.7047980979662 24.6741731801208 65.6217144122743 24.6573774507091 65.5395712041569 24.636461219815 65.4585726945721 24.6114764884841 65.3789202585771 24.5824853726951 65.300811924678 24.5495599489298 65.2244418824996 24.5127820749795 65.15 24.4722431864335 65.0776713514282 24.4280440693563 65.0076357572009 24.380294609717 64.9400673368402 24.3291135201957 64.8751340760853 24.2746280450451 64.8129974092537 24.2169736437415 64.7538118178893 24.1562936542106 64.6977244466977 24.0927389364671 64.644874737721 24.0264674975533 64.5953940836628 23.9576440987082 64.5494055012253 23.8864398457451 64.5070233252706 23.8130317636562 64.4683529245659 23.7376023564998 64.4334904398203 23.660339153667 64.402522544664 23.5814342436536 64.3755262301636 23.5010837964985 64.3525686134106 23.4194875760735 64.3337067706575 23.336848443439 64.3189875954173 23.2533718524995 64.3084476818788 23.1692653392129 64.3021132339278 23.0847380056232 64.3 23 64.3021132339278 22.9152619943768 64.3084476818788 22.8307346607871 64.3189875954173 22.7466281475005 64.3337067706575 22.663151556561 64.3525686134106 22.5805124239265 64.3755262301636 22.4989162035015 64.402522544664 22.4185657563464 64.4334904398203 22.339660846333 64.4683529245659 22.2623976435001 64.5070233252706 22.1869682363438 64.5494055012253 22.1135601542548 64.5953940836628 22.0423559012918 64.644874737721 21.9735325024467 64.6977244466977 21.9072610635329 64.7538118178893 21.8437063457894 64.8129974092537 21.7830263562585 64.8751340760853 21.7253719549548 64.9400673368402 21.6708864798043 65.0076357572009 21.619705390283 65.0776713514282 21.5719559306437 65.15 21.5277568135664 65.2244418824996 21.4872179250205 65.300811924678 21.4504400510701 65.3789202585771 21.4175146273048 65.4585726945722 21.3885235115159 65.5395712041569 21.363538780185 65.6217144122743 21.3426225492909 65.7047980979662 21.3258268198792 65.7886157020993 21.3131933487797 65.8729588409031 21.304753544792 65.9576178240453 21.3005283905986 66.0423821759547 21.3005283905986 66.1270411590969 21.304753544792 66.2113842979007 21.3131933487797 66.2952019020338 21.3258268198792 66.3782855877258 21.3426225492909 66.4604287958431 21.363538780185 66.5414273054279 21.3885235115159 66.6210797414229 21.4175146273049 66.6991880753221 21.4504400510702 66.7755581175004 21.4872179250205 66.85 21.5277568135665 66.9223286485718 21.5719559306437 66.9923642427992 21.6197053902831 67.0599326631599 21.6708864798044 67.1248659239147 21.7253719549549 67.1870025907463 21.7830263562585 67.2461881821107 21.8437063457895 67.3022755533023 21.9072610635329 67.355125262279 21.9735325024467 67.4046059163372 22.0423559012919 67.4505944987747 22.1135601542549 67.4929766747294 22.1869682363438 67.5316470754341 22.2623976435002 67.5665095601797 22.339660846333 67.597477455336 22.4185657563464 67.6244737698364 22.4989162035015 67.6474313865894 22.5805124239265 67.6662932293425 22.6631515565611 67.6810124045827 22.7466281475005 67.6915523181212 22.8307346607871 67.6978867660722 22.9152619943768 24 21 22 24 22 23 10 11 12 10 12 13 28 24 25 28 25 26 28 26 27 8 9 10 32 28 29 32 29 30 32 30 31 34 24 28 34 20 21 34 28 32 34 32 33 34 21 24 1 3 4 1 4 5 1 5 6 1 6 7 1 7 8 1 8 10 1 13 14 1 14 15 1 15 16 1 16 17 1 17 18 1 18 19 1 19 20 1 20 34 1 10 13 161 34 162 163 162 34 160 34 161 164 163 34 159 34 160 165 164 34 158 34 159 166 165 34 157 34 158 167 166 34 156 34 157 168 167 34 155 1 34 155 34 156 169 168 34 154 1 155 170 169 34 153 1 154 171 170 34 152 1 153 172 171 34 151 1 152 173 172 34 150 1 151 174 173 34 149 1 150 175 174 34 148 1 149 176 175 34 147 1 148 177 176 34 146 1 147 178 177 34 145 1 146 179 178 34 144 1 145 180 179 34 143 1 144 181 180 34 142 1 143 182 181 34 141 1 142 183 182 34 184 183 34 2 136 135 2 137 136 2 138 137 2 139 138 2 140 139 2 141 140 2 1 141 103 102 2 106 104 103 106 105 104 106 103 2 108 107 106 108 106 2 109 108 2 110 109 2 111 110 2 114 112 111 114 113 112 115 111 2 115 114 111 116 115 2 117 116 2 120 119 118 122 118 117 122 121 120 122 117 2 122 120 118 123 122 2 124 123 2 129 125 124 129 126 125 129 127 126 129 128 127 131 130 129 132 131 129 101 124 2 101 129 124 101 132 129 484 133 485 486 485 133 483 133 484 487 486 133 482 133 483 488 487 133 481 133 482 489 488 133 480 133 481 490 489 133 479 133 480 479 134 133 491 490 133 478 135 134 478 134 479 492 491 133 477 135 478 477 2 135 493 492 133 476 2 477 494 493 133 475 2 476 495 494 133 474 2 475 496 495 133 473 2 474 497 496 133 472 2 473 498 497 133 471 2 472 499 498 133 470 2 471 500 133 210 500 499 133 469 2 470 501 500 210 468 2 469 468 101 2 502 501 210 467 101 468 503 502 210 466 101 467 504 503 210 465 101 466 505 504 210 464 101 465 506 505 210 463 101 464 507 506 210 462 101 463 508 507 210 461 101 462 509 508 210 460 101 461 510 509 210 459 101 460 511 510 210 458 101 459 512 511 210 457 101 458 513 512 210 456 101 457 514 513 210 455 101 456 515 514 210 454 101 455 516 515 210 453 101 454 517 516 210 452 101 453 518 517 210 451 101 452 519 518 210 450 101 451 520 519 210 449 101 450 521 520 210 448 101 449 522 210 222 522 521 210 447 101 448 523 222 221 523 522 222 446 101 447 524 221 220 524 523 221 445 101 446 444 101 445 443 101 444 442 101 443 441 101 442 440 101 441 439 101 440 438 101 439 437 101 438 436 101 437 435 101 436 434 101 435 252 194 193 251 194 252 251 195 194 253 252 193 253 193 192 250 195 251 250 196 195 254 253 192 254 192 191 249 196 250 249 197 196 255 254 191 255 191 190 248 197 249 248 198 197 256 255 190 256 190 189 247 198 248 247 199 198 257 256 189 257 189 188 246 199 247 246 200 199 258 257 188 258 188 187 245 200 246 245 201 200 259 258 187 259 187 186 244 201 245 244 202 201 260 259 186 260 186 185 243 203 202 243 202 244 261 184 34 261 260 185 261 185 184 242 204 203 242 203 243 262 261 34 241 205 204 241 204 242 263 262 34 240 206 205 240 205 241 264 263 34 239 207 206 239 206 240 265 264 34 238 208 207 238 207 239 266 265 34 237 209 208 237 208 238 267 266 34 236 211 209 236 209 237 268 267 34 235 212 211 235 211 236 234 212 235 234 213 212 233 214 213 233 213 234 232 215 214 232 214 233 231 216 215 231 215 232 230 216 231 230 217 216 229 217 230 229 218 217 228 219 218 228 218 229 227 220 219 227 219 228 226 220 227 610 223 611 612 611 223 609 223 610 613 612 223 608 223 609 614 613 223 607 223 608 615 614 223 606 223 607 616 615 223 605 223 606 605 224 223 617 616 223 604 224 605 604 225 224 618 617 223 603 524 220 603 226 225 603 220 226 603 225 604 619 618 223 602 525 524 602 524 603 620 619 223 601 526 525 601 525 602 621 620 223 600 527 526 600 526 601 622 621 223 599 528 527 599 527 600 623 622 223 598 528 599 598 529 528 624 623 223 597 530 529 597 529 598 625 624 223 596 530 597 596 531 530 626 625 223 595 407 406 595 406 531 595 531 596 627 626 223 627 223 300 594 408 407 594 407 595 628 627 300 593 409 408 593 408 594 629 628 300 592 410 409 592 409 593 630 629 300 591 411 410 591 410 592 631 630 300 590 412 411 590 411 591 632 631 300 589 412 590 589 413 412 633 632 300 588 414 413 588 413 589 634 633 300 587 415 414 587 414 588 635 634 300 586 415 587 586 416 415 636 635 300 585 416 586 585 417 416 637 636 300 584 418 417 584 417 585 638 637 300 583 418 584 583 419 418 639 638 300 582 420 419 582 419 583 640 639 300 581 421 420 581 420 582 641 640 300 580 422 421 580 421 581 642 641 300 579 423 422 579 422 580 643 642 300 578 424 423 578 423 579 644 643 300 577 425 424 577 424 578 645 644 300 576 425 577 576 426 425 646 645 300 575 427 426 575 426 576 647 646 300 574 428 427 574 427 575 648 300 313 648 647 300 573 429 428 573 428 574 649 313 312 649 648 313 572 430 429 572 429 573 650 312 311 650 649 312 571 431 430 571 430 572 570 432 431 570 431 571 569 432 570 343 284 283 344 343 283 344 283 282 342 284 343 342 285 284 345 344 282 345 282 281 341 285 342 341 286 285 346 345 281 346 281 280 340 286 341 340 287 286 347 280 279 347 346 280 339 287 340 339 288 287 348 347 279 348 279 278 338 288 339 338 289 288 349 278 277 349 348 278 337 289 338 337 290 289 350 277 276 350 349 277 336 290 337 336 291 290 351 276 275 351 350 276 335 291 336 335 292 291 352 275 274 352 351 275 334 292 335 334 293 292 353 352 274 333 293 334 333 294 293 332 294 333 332 295 294 331 295 332 331 296 295 330 296 331 330 297 296 329 297 330 329 298 297 328 298 329 328 299 298 327 299 328 327 301 299 326 301 327 326 302 301 325 302 326 325 303 302 324 304 303 324 303 325 323 305 304 323 304 324 322 306 305 322 305 323 321 307 306 321 306 322 320 308 307 320 307 321 319 309 308 319 308 320 318 310 309 318 311 310 318 309 319 317 311 318 317 650 311 35 353 274 35 354 353 35 355 354 35 356 355 35 357 356 35 358 357 35 359 358 35 360 359 35 361 360 35 362 361 35 363 362 35 364 363 35 365 364 35 366 365 35 367 366 35 368 367 35 369 368 35 269 268 35 370 369 35 270 269 35 371 370 35 271 270 35 372 371 35 272 271 35 373 372 35 273 272 35 374 373 35 274 273 35 375 374 35 376 375 35 377 376 35 378 377 35 379 378 35 380 379 35 381 380 35 382 381 35 268 34 64 66 65 64 67 66 64 35 67 63 35 64 62 35 63 60 35 62 60 62 61 59 35 60 57 59 58 57 35 59 55 57 56 52 54 53 52 55 54 52 57 55 50 52 51 50 57 52 50 35 57 49 35 50 48 35 49 44 46 45 44 47 46 44 48 47 43 35 48 43 48 44 41 43 42 41 35 43 40 35 41 37 39 38 37 40 39 37 35 40 36 382 35 36 35 37 36 383 382 36 384 383 36 385 384 36 386 385 36 387 386 36 388 387 36 389 388 36 390 389 36 391 390 36 393 391 36 394 393 36 395 394 36 396 395 36 397 396 736 314 737 738 737 314 735 314 736 739 738 314 734 314 735 740 739 314 733 314 734 741 740 314 732 314 733 742 741 314 731 315 314 731 314 732 743 742 314 730 316 315 730 315 731 744 743 314 729 317 316 729 316 730 729 650 317 745 744 314 728 650 729 728 651 650 746 745 314 727 651 728 727 652 651 747 746 314 726 652 727 726 653 652 748 747 314 725 654 653 725 653 726 749 748 314 724 654 725 724 655 654 750 749 314 723 656 655 723 655 724 751 750 314 722 657 656 722 656 723 752 751 314 721 533 532 721 532 657 721 657 722 753 752 314 753 314 392 720 534 533 720 533 721 754 753 392 719 535 534 719 534 720 755 754 392 718 535 719 718 536 535 756 755 392 717 537 536 717 536 718 757 756 392 716 538 537 716 537 717 758 757 392 715 539 538 715 538 716 759 758 392 714 540 539 714 539 715 760 759 392 713 540 714 713 541 540 761 760 392 712 541 713 712 542 541 762 761 392 711 543 542 711 542 712 763 762 392 710 543 711 710 544 543 764 763 392 709 544 710 709 545 544 765 764 392 708 546 545 708 545 709 766 765 392 707 546 708 707 547 546 767 766 392 706 548 547 706 547 707 768 767 392 705 548 706 705 549 548 769 768 392 704 549 705 704 550 549 770 769 392 703 550 704 703 551 550 771 770 392 702 551 703 702 552 551 772 771 392 701 553 552 701 552 702 773 772 392 700 553 701 700 554 553 774 392 405 774 773 392 699 554 700 699 555 554 775 405 404 775 774 405 698 555 699 698 556 555 776 775 404 776 404 403 697 556 698 697 557 556 696 558 557 696 557 697 695 558 696 68 397 36 68 659 658 68 777 776 68 778 777 68 779 778 68 780 779 68 776 403 68 781 780 68 782 781 68 783 782 68 658 783 68 398 397 68 399 398 68 400 399 68 401 400 68 402 401 68 403 402 100 660 659 100 661 660 100 662 661 100 663 662 100 664 663 100 665 664 100 666 665 100 667 666 100 659 68 100 668 667 100 669 668 100 670 669 100 671 670 100 672 671 100 673 672 100 674 673 100 675 674 100 676 675 100 677 676 100 678 677 100 679 678 100 680 679 100 681 680 100 682 681 100 683 682 100 684 683 100 685 684 100 686 685 100 687 686 100 688 687 100 689 688 100 690 689 100 691 690 100 692 691 100 693 692 98 99 100 72 70 71 96 98 100 96 97 98 94 95 96 93 96 100 93 94 96 76 73 74 76 74 75 92 68 69 92 69 70 92 100 68 92 93 100 77 73 76 78 73 77 78 72 73 79 72 78 89 90 91 89 91 92 80 72 79 80 70 72 81 70 80 87 89 92 87 88 89 86 87 92 83 81 82 85 86 92 84 70 81 84 81 83 84 85 92 84 92 70 100 101 693 693 101 694 694 101 695 695 101 562 562 101 563 563 101 564 564 101 565 565 101 566 566 101 567 567 101 568 568 101 569 569 101 434 569 434 433 569 433 432 695 562 561 695 561 560 695 560 559 695 559 558 
4 2 1 0 0
-39 -15 0 39 -15 0 -39 -15 16 39 -15 16 0 2 0 80 16 2 16 80 4 2 1 4 1 3 
4 2 1 0 0
-39 15 0 39 15 0 -39 15 16 39 15 16 0 2 0 80 16 2 16 80 4 2 1 4 1 3 
66 64 1 0 0.000602362607597443
41 -13 0 40.9975909124103 -13.0981353486548 0 40.9903694533444 -13.1960342806591 0 40.9783530199296 -13.2934609489107 0 40.9615705608065 -13.3901806440323 0 40.9400625063891 -13.4859603598065 0 40.9138806714644 -13.5805693545089 0 40.883088130366 -13.6737797067844 0 40.8477590650226 -13.7653668647302 0 40.8079785862469 -13.8551101868606 0 40.7638425286967 -13.942793473652 0 40.7154572200005 -14.0282054883864 0 40.6629392246051 -14.1111404660392 0 40.6064150629613 -14.1913986089849 0 40.5460209067255 -14.2687865683273 0 40.4819022507099 -14.343117909694 0 40.4142135623731 -14.4142135623731 0 40.343117909694 -14.4819022507099 0 40.2687865683273 -14.5460209067255 0 40.1913986089849 -14.6064150629613 0 40.1111404660392 -14.6629392246051 0 40.0282054883864 -14.7154572200005 0 39.942793473652 -14.7638425286967 0 39.8551101868606 -14.8079785862469 0 39.7653668647302 -14.8477590650226 0 39.6737797067845 -14.883088130366 0 39.5805693545089 -14.9138806714644 0 39.4859603598065 -14.9400625063891 0 39.3901806440323 -14.9615705608065 0 39.2934609489107 -14.9783530199296 0 39.1960342806591 -14.9903694533444 0 39.0981353486548 -14.9975909124103 0 39 -15 0 39 -15 16 41 -13 16 40.9975909124103 -13.0981353486548 16 40.9903694533444 -13.1960342806591 16 40.9783530199296 -13.2934609489107 16 40.9615705608065 -13.3901806440323 16 40.9400625063891 -13.4859603598065 16 40.9138806714644 -13.5805693545089 16 40.883088130366 -13.6737797067844 16 40.8477590650226 -13.7653668647302 16 40.8079785862469 -13.8551101868606 16 40.7638425286967 -13.942793473652 16 40.7154572200005 -14.0282054883864 16 40.6629392246051 -14.1111404660392 16 40.6064150629613 -14.1913986089849 16 40.5460209067255 -14.2687865683273 16 40.4819022507099 -14.343117909694 16 40.4142135623731 -14.4142135623731 16 40.343117909694 -14.4819022507099 16 40.2687865683273 -14.5460209067255 16 40.1913986089849 -14.6064150629613 16 40.1111404660392 -14.6629392246051 16 40.0282054883864 -14.7154572200005 16 39.942793473652 -14.7638425286967 16 39.8551101868606 -14.8079785862469 16 39.7653668647302 -14.8477590650226 16 39.6737797067845 -14.883088130366 16 39.5805693545089 -14.9138806714644 16 39.4859603598065 -14.9400625063891 16 39.3901806440323 -14.9615705608065 16 39.2934609489107 -14.9783530199296 16 39.1960342806591 -14.9903694533444 16 39.0981353486548 -14.9975909124103 16 0 0 0.0490873852123404 0 0.0981747704246807 0 0.147262155637021 0 0.196349540849361 0 0.245436926061702 0 0.294524311274042 0 0.343611696486382 0 0.392699081698723 0 0.441786466911063 0 0.490873852123404 0 0.539961237335744 0 0.589048622548084 0 0.638136007760425 0 0.687223392972765 0 0.736310778185105 0 0.785398163397446 0 0.834485548609786 0 0.883572933822126 0 0.932660319034467 0 0.981747704246807 0 1.03083508945915 0 1.07992247467149 0 1.12900985988383 0 1.17809724509617 0 1.22718463030851 0 1.27627201552085 0 1.32535940073319 0 1.37444678594553 0 1.42353417115787 0 1.47262155637021 0 1.52170894158255 0 1.5707963267949 0 1.5707963267949 16 0 16 0.0490873852123404 16 0.0981747704246807 16 0.147262155637021 16 0.196349540849361 16 0.245436926061702 16 0.294524311274042 16 0.343611696486382 16 0.392699081698723 16 0.441786466911063 16 0.490873852123404 16 0.539961237335744 16 0.589048622548084 16 0.638136007760425 16 0.687223392972765 16 0.736310778185105 16 0.785398163397446 16 0.834485548609786 16 0.883572933822126 16 0.932660319034467 16 0.981747704246807 16 1.03083508945915 16 1.07992247467149 16 1.12900985988383 16 1.17809724509617 16 1.22718463030851 16 1.27627201552085 16 1.32535940073319 16 1.37444678594553 16 1.42353417115787 16 1.47262155637021 16 1.52170894158255 16 35 1 2 36 2 3 36 35 2 37 36 3 38 3 4 38 37 3 39 4 5 39 38 4 40 5 6 40 39 5 41 6 7 41 40 6 42 7 8 42 41 7 43 8 9 43 42 8 44 43 9 44 9 10 45 10 11 45 44 10 46 11 12 46 45 11 47 12 13 47 13 14 47 46 12 48 47 14 49 48 14 49 14 15 50 15 16 50 49 15 51 16 17 51 50 16 52 17 18 52 51 17 53 18 19 53 52 18 54 19 20 54 20 21 54 53 19 55 54 21 56 21 22 56 55 21 57 22 23 57 56 22 58 23 24 58 57 23 59 24 25 59 25 26 59 58 24 60 59 26 61 26 27 61 60 26 62 27 28 62 28 29 62 61 27 63 29 30 63 62 29 64 63 30 65 30 31 65 64 30 66 31 32 66 65 31 34 32 33 34 66 32 
66 64 1 0 0.000602362607596877
41 13 0 40.9975909124103 13.0981353486548 0 40.9903694533444 13.1960342806591 0 40.9783530199296 13.2934609489107 0 40.9615705608065 13.3901806440323 0 40.9400625063891 13.4859603598065 0 40.9138806714644 13.5805693545089 0 40.883088130366 13.6737797067844 0 40.8477590650226 13.7653668647302 0 40.8079785862469 13.8551101868606 0 40.7638425286967 13.942793473652 0 40.7154572200005 14.0282054883864 0 40.6629392246051 14.1111404660392 0 40.6064150629613 14.1913986089849 0 40.5460209067255 14.2687865683273 0 40.4819022507099 14.343117909694 0 40.4142135623731 14.4142135623731 0 40.343117909694 14.4819022507099 0 40.2687865683273 14.5460209067255 0 40.1913986089849 14.6064150629613 0 40.1111404660392 14.6629392246051 0 40.0282054883864 14.7154572200005 0 39.942793473652 14.7638425286967 0 39.8551101868606 14.8079785862469 0 39.7653668647302 14.8477590650226 0 39.6737797067844 14.883088130366 0 39.5805693545089 14.9138806714644 0 39.4859603598065 14.9400625063891 0 39.3901806440323 14.9615705608065 0 39.2934609489107 14.9783530199296 0 39.1960342806591 14.9903694533444 0 39.0981353486548 14.9975909124103 0 39 15 0 39 15 16 41 13 16 40.9975909124103 13.0981353486548 16 40.9903694533444 13.1960342806591 16 40.9783530199296 13.2934609489107 16 40.9615705608065 13.3901806440323 16 40.9400625063891 13.4859603598065 16 40.9138806714644 13.5805693545089 16 40.883088130366 13.6737797067844 16 40.8477590650226 13.7653668647302 16 40.8079785862469 13.8551101868606 16 40.7638425286967 13.942793473652 16 40.7154572200005 14.0282054883864 16 40.6629392246051 14.1111404660392 16 40.6064150629613 14.1913986089849 16 40.5460209067255 14.2687865683273 16 40.4819022507099 14.343117909694 16 40.4142135623731 14.4142135623731 16 40.343117909694 14.4819022507099 16 40.2687865683273 14.5460209067255 16 40.1913986089849 14.6064150629613 16 40.1111404660392 14.6629392246051 16 40.0282054883864 14.7154572200005 16 39.942793473652 14.7638425286967 16 39.8551101868606 14.8079785862469 16 39.7653668647302 14.8477590650226 16 39.6737797067844 14.883088130366 16 39.5805693545089 14.9138806714644 16 39.4859603598065 14.9400625063891 16 39.3901806440323 14.9615705608065 16 39.2934609489107 14.9783530199296 16 39.1960342806591 14.9903694533444 16 39.0981353486548 14.9975909124103 16 0 0 0.0490873852123406 0 0.0981747704246811 0 0.147262155637022 0 0.196349540849362 0 0.245436926061703 0 0.294524311274043 0 0.343611696486384 0 0.392699081698725 0 0.441786466911065 0 0.490873852123405 0 0.539961237335746 0 0.589048622548086 0 0.638136007760426 0 0.687223392972767 0 0.736310778185107 0 0.785398163397447 0 0.834485548609788 0 0.883572933822128 0 0.932660319034468 0 0.981747704246809 0 1.03083508945915 0 1.07992247467149 0 1.12900985988383 0 1.17809724509617 0 1.22718463030851 0 1.27627201552085 0 1.32535940073319 0 1.37444678594553 0 1.42353417115787 0 1.47262155637021 0 1.52170894158255 0 1.5707963267949 0 1.5707963267949 16 0 16 0.0490873852123406 16 0.0981747704246811 16 0.147262155637022 16 0.196349540849362 16 0.245436926061703 16 0.294524311274043 16 0.343611696486384 16 0.392699081698725 16 0.441786466911065 16 0.490873852123405 16 0.539961237335746 16 0.589048622548086 16 0.638136007760426 16 0.687223392972767 16 0.736310778185107 16 0.785398163397447 16 0.834485548609788 16 0.883572933822128 16 0.932660319034468 16 0.981747704246809 16 1.03083508945915 16 1.07992247467149 16 1.12900985988383 16 1.17809724509617 16 1.22718463030851 16 1.27627201552085 16 1.32535940073319 16 1.37444678594553 16 1.42353417115787 16 1.47262155637021 16 1.52170894158255 16 35 1 2 36 2 3 36 35 2 37 36 3 38 3 4 38 4 5 38 37 3 39 38 5 40 5 6 40 6 7 40 39 5 41 40 7 42 7 8 42 41 7 43 8 9 43 9 10 43 42 8 44 43 10 45 10 11 45 44 10 46 11 12 46 45 11 47 12 13 47 46 12 48 13 14 48 47 13 49 14 15 49 48 14 50 15 16 50 49 15 51 16 17 51 17 18 51 50 16 52 51 18 53 18 19 53 52 18 54 19 20 54 53 19 55 20 21 55 54 20 56 21 22 56 22 23 56 55 21 57 56 23 58 23 24 58 57 23 59 24 25 59 25 26 59 58 24 60 26 27 60 59 26 61 27 28 61 60 27 62 61 28 63 28 29 63 62 28 64 29 30 64 63 29 65 30 31 65 31 32 65 64 30 66 65 32 34 32 33 34 66 32 
4 2 1 0 8.88178419700125e-16
41 -13 16 41 13 16 41 -13 0 41 13 0 16 -2 16 -28 0 -2 0 -28 1 3 4 1 4 2 
256 254 1 0 0.000790987127687621
-27.0124611797498 -2.475 0 -27.0124611797498 -2.47500000000002 3.49 -27.0859781712365 -2.5772139763391 0 -27.1543085568261 -2.68296558815418 0 -27.2172824388725 -2.7919918931283 0 -27.2747432382166 -2.90402180670067 0 -27.326548083507 -3.01877677609524 0 -27.3725681664367 -3.13597147291827 0 -27.4126890620149 -3.25531450260291 0 -27.4468110130741 -3.37650912893683 0 -27.4748491783083 -3.49925401187134 0 -27.4967338432231 -3.62324395677766 0 -27.5124105934754 -3.7481706732871 0 -27.5218404501696 -3.87372354182873 0 -27.5249999667755 -3.99959038595824 0 -27.5218812874259 -4.12545824855794 0 -27.5124921664495 -4.25101416997783 0 -27.4968559490909 -4.37594596618287 0 -27.4750115134641 -4.4999430049719 0 -27.4470131738854 -4.62269697833792 0 -27.4129305458262 -4.74390266904953 0 -27.3728483728191 -4.86325870954744 0 -27.3268663157514 -4.98046833126905 0 -27.2750987050659 -5.09524010253803 0 -27.2176742564887 -5.2072886531842 0 -27.1547357509883 -5.31633538409204 0 -27.0864396797632 -5.42210915991343 0 -27.0129558551395 -5.52434698322252 0 -26.9344669883476 -5.62279464843623 0 -26.8511682352262 -5.71720737387469 0 -26.7632667109838 -5.80735041038984 0 -26.670980975225 -5.89299962504914 0 -26.5745404885202 -5.97394205842282 0 -26.4741850418721 -6.04997645408929 0 -26.3701641604956 -6.12091375904196 0 -26.2627364833946 -6.18657759375334 0 -26.1521691202789 -6.24680469072762 0 -26.0387369874182 -6.30144530045128 0 -25.9227221240866 -6.35036356373245 0 -25.8044129912961 -6.39343784950312 0 -25.6841037545629 -6.43056105724438 0 -25.5620935524906 -6.46164088328264 0 -25.4386857529868 -6.48660005029486 0 -25.3141871989657 -6.50537649945195 0 -25.1889074454088 -6.51792354472274 0 -25.0631579896834 -6.52420998895479 0 -24.9372514970311 -6.52422020144344 0 -24.8115010231522 -6.51795415679621 0 -24.6862192358196 -6.50542743499594 0 -24.5617176374575 -6.48667118266251 0 -24.4383057906171 -6.46173203560942 0 -24.3162905482756 -6.43067200288784 0 -24.1959752908732 -6.39356831260644 0 -24.0776591719831 -6.3505132199103 0 -23.9616363744918 -6.3016137775964 0 -23.8481953791391 -6.24699156993603 0 -23.7376182472349 -6.18678241036591 0 -23.6301799193381 -6.12113600379974 0 -23.5261475316407 -6.05021557439975 0 -23.4257797517563 -5.9741974597338 0 -23.3293261355651 -5.89327067232718 0 -23.2370265067153 -5.80763642969912 0 -23.1491103603212 -5.7175076540527 0 -23.0657962923441 -5.62310844286208 0 -22.9872914560717 -5.52467351167325 0 -22.9137910470494 -5.42244761050405 0 -22.8454778177432 -5.31668491529416 0 -22.7825216231414 -5.20764839591846 0 -22.7250789984248 -5.09560916233495 0 -22.6732927697555 -4.9808457904931 0 -22.6272916991515 -4.86364362967861 0 -22.5871901643312 -4.74429409301691 0 -22.5530878743232 -4.62309393289937 0 -22.5250696215482 -4.50034450313394 0 -22.5032050709896 -4.37635100965474 0 -22.4875485869782 -4.25142175165365 0 -22.4781390980191 -4.12586735502082 0 -22.475 -4 0 -22.475 -4 9.7 -22.475 -4 9.7 -22.4781387739222 -3.87413913870674 9.7 -22.4875472922024 -3.74859118734556 9.7 -22.5032021637816 -3.62366827790516 9.7 -22.5250644681824 -3.49968098842152 9.7 -22.5530798522716 -3.37693757083201 9.7 -22.58717866539 -3.25574318461247 9.7 -22.6272761325156 -3.13639913810269 9.7 -22.6732725650272 -3.0192021394064 9.7 -22.7250536085464 -2.90444355872817 9.7 -22.7824905272402 -2.79240870398117 9.7 -22.8454405238788 -2.68337611146677 9.7 -22.9137470948521 -2.57761685338935 9.7 -22.9872404192621 -2.47539386392817 9.7 -23.0657377811246 -2.37696128554149 9.7 -23.1490440236297 -2.28256383712843 9.7 -23.2369520343327 -2.19243620561921 9.7 -23.3292432600679 -2.10680246250647 9.7 -23.4256882503067 -2.02587550676822 9.7 -23.5260472276072 -1.94985653556746 9.7 -23.630070683739 -1.8789345440443 9.7 -23.7375 -1.81328585544429 9.7 -23.8480680901833 -1.75307368275104 9.7 -23.9615000645952 -1.69844772291303 9.7 -24.0775139134749 -1.64954378467338 9.7 -24.1958212081145 -1.60648345092799 9.7 -24.3161278179389 -1.56937377645122 9.7 -24.4381346417603 -1.5383070217409 9.7 -24.561538351391 -1.51336042364417 9.7 -24.6860321457651 -1.49459600333457 9.7 -24.8113065136943 -1.48206041211752 9.7 -24.9370500033614 -1.47578481544794 9.7 -25.0629499966386 -1.47578481544794 9.7 -25.1886934863057 -1.48206041211752 9.7 -25.3139678542349 -1.49459600333457 9.7 -25.438461648609 -1.51336042364417 9.7 -25.5618653582397 -1.53830702174089 9.7 -25.6838721820611 -1.56937377645122 9.7 -25.8041787918855 -1.60648345092799 9.7 -25.9224860865251 -1.64954378467338 9.7 -26.0384999354048 -1.69844772291302 9.7 -26.1519319098167 -1.75307368275104 9.7 -26.2625 -1.81328585544429 9.7 -26.369929316261 -1.8789345440443 9.7 -26.4739527723928 -1.94985653556746 9.7 -26.5743117496933 -2.02587550676822 9.7 -26.6707567399321 -2.10680246250647 9.7 -26.7630479656673 -2.19243620561921 9.7 -26.8509559763703 -2.28256383712843 9.7 -26.9342622188754 -2.37696128554149 9.7 -27.0127595807379 -2.47539386392817 9.7 -27.0862529051479 -2.57761685338936 9.7 -27.1545594761212 -2.68337611146677 9.7 -27.2175094727598 -2.79240870398117 9.7 -27.2749463914536 -2.90444355872817 9.7 -27.3267274349728 -3.0192021394064 9.7 -27.3727238674844 -3.13639913810269 9.7 -27.41282133461 -3.25574318461247 9.7 -27.4469201477284 -3.37693757083201 9.7 -27.4749355318176 -3.49968098842153 9.7 -27.4967978362185 -3.62366827790517 9.7 -27.5124527077976 -3.74859118734557 9.7 -27.5218612260778 -3.87413913870675 9.7 -27.525 -4.00000000000001 9.7 -27.5218612260778 -4.12586086129327 9.7 -27.5124527077976 -4.25140881265445 9.7 -27.4967978362184 -4.37633172209485 9.7 -27.4749355318176 -4.50031901157849 9.7 -27.4469201477284 -4.623062429168 9.7 -27.41282133461 -4.74425681538754 9.7 -27.3727238674844 -4.86360086189732 9.7 -27.3267274349728 -4.98079786059362 9.7 -27.2749463914536 -5.09555644127185 9.7 -27.2175094727598 -5.20759129601884 9.7 -27.1545594761212 -5.31662388853325 9.7 -27.0862529051479 -5.42238314661066 9.7 -27.0127595807379 -5.52460613607184 9.7 -26.9342622188754 -5.62303871445852 9.7 -26.8509559763703 -5.71743616287158 9.7 -26.7630479656673 -5.8075637943808 9.7 -26.6707567399321 -5.89319753749354 9.7 -26.5743117496933 -5.97412449323179 9.7 -26.4739527723928 -6.05014346443255 9.7 -26.369929316261 -6.12106545595571 9.7 -26.2625 -6.18671414455572 9.7 -26.1519319098167 -6.24692631724897 9.7 -26.0384999354048 -6.30155227708698 9.7 -25.9224860865251 -6.35045621532662 9.7 -25.8041787918855 -6.39351654907201 9.7 -25.6838721820611 -6.43062622354879 9.7 -25.5618653582397 -6.46169297825911 9.7 -25.438461648609 -6.48663957635583 9.7 -25.3139678542349 -6.50540399666544 9.7 -25.1886934863057 -6.51793958788248 9.7 -25.0629499966386 -6.52421518455206 9.7 -24.9370500033613 -6.52421518455206 9.7 -24.8113065136943 -6.51793958788248 9.7 -24.6860321457651 -6.50540399666543 9.7 -24.561538351391 -6.48663957635582 9.7 -24.4381346417603 -6.4616929782591 9.7 -24.3161278179389 -6.43062622354877 9.7 -24.1958212081145 -6.393516549072 9.7 -24.0775139134748 -6.35045621532661 9.7 -23.9615000645952 -6.30155227708696 9.7 -23.8480680901832 -6.24692631724895 9.7 -23.7375 -6.18671414455569 9.7 -23.6300706837389 -6.12106545595568 9.7 -23.5260472276071 -6.05014346443252 9.7 -23.4256882503067 -5.97412449323176 9.7 -23.3292432600679 -5.89319753749351 9.7 -23.2369520343326 -5.80756379438077 9.7 -23.1490440236297 -5.71743616287155 9.7 -23.0657377811246 -5.62303871445849 9.7 -22.9872404192621 -5.5246061360718 9.7 -22.9137470948521 -5.42238314661062 9.7 -22.8454405238788 -5.3166238885332 9.7 -22.7824905272402 -5.2075912960188 9.7 -22.7250536085464 -5.0955564412718 9.7 -22.6732725650272 -4.98079786059357 9.7 -22.6272761325156 -4.86360086189728 9.7 -22.58717866539 -4.7442568153875 9.7 -22.5530798522716 -4.62306242916796 9.7 -22.5250644681824 -4.50031901157844 9.7 -22.5032021637815 -4.3763317220948 9.7 -22.4875472922024 -4.2514088126544 9.7 -22.4781387739222 -4.12586086129322 9.7 -22.475 -4 0 -22.4781406688791 -3.87410117538835 0 -22.4875548626048 -3.74851554406017 0 -22.5032191618779 -3.62355552018098 0 -22.5250945992708 -3.49953196161861 0 -22.5531267561653 -3.37675339663497 0 -22.5872458981277 -3.25552525637309 0 -22.6273671483837 -3.13614911504871 0 -22.6733906989634 -3.01892193973667 0 -22.7252020589892 -2.90413535161818 0 -22.7826723394899 -2.79207490052696 0 -22.8456585740328 -2.68301935459869 0 -22.9140040743749 -2.57724000679115 0 -22.9875388202502 -2.475 0 -22.9875388202502 -2.47499999999997 3.49 -23.0660382708308 -2.37660324316298 3.49 -23.1493438157137 -2.28224079465053 3.49 -23.2372484320304 -2.19214715487663 3.49 -23.3295336677458 -2.10654621582541 3.49 -23.4259701845338 -2.02565070465647 3.49 -23.526318327707 -1.94966165505598 3.49 -23.630328721783 -1.87876790764722 3.49 -23.7377428902082 -1.81314564070213 3.49 -23.848293897699 -1.75295793232022 3.49 -23.9617070136031 -1.69835435516258 3.49 -24.0777003946339 -1.64947060474847 3.49 -24.1959857852797 -1.60642816223794 3.49 -24.3162692341486 -1.56933399253861 3.49 -24.4382518244683 -1.53828027848685 3.49 -24.5616304169243 -1.51334419176395 3.49 -24.6860984029934 -1.4945877011165 3.49 -24.8113464668965 -1.48205741835768 3.49 -24.9370633542809 -1.47578448253212 3.49 -25.0629366457192 -1.47578448253212 3.49 -25.1886535331036 -1.48205741835769 3.49 -25.3139015970067 -1.49458770111651 3.49 -25.4383695830757 -1.51334419176396 3.49 -25.5617481755318 -1.53828027848687 3.49 -25.6837307658514 -1.56933399253863 3.49 -25.8040142147204 -1.60642816223796 3.49 -25.9222996053662 -1.64947060474849 3.49 -26.0382929863969 -1.6983543551626 3.49 -26.1517061023011 -1.75295793232025 3.49 -26.2622571097918 -1.81314564070217 3.49 -26.3696712782171 -1.87876790764725 3.49 -26.473681672293 -1.94966165505602 3.49 -26.5740298154662 -2.02565070465651 3.49 -26.6704663322543 -2.10654621582545 3.49 -26.7627515679697 -2.19214715487668 3.49 -26.8506561842864 -2.28224079465058 3.49 -26.9339617291692 -2.37660324316303 3.49 2.493131804799 1 2.49313180479901 4.49 2.54300092983032 1 2.59287005486164 1 2.64273917989297 1 2.69260830492429 1 2.74247742995562 1 2.79234655498694 1 2.84221568001826 1 2.89208480504959 1 2.94195393008091 1 2.99182305511223 1 3.04169218014356 1 3.09156130517488 1 3.14143043020621 1 3.19129955523753 1 3.24116868026885 1 3.29103780530018 1 3.3409069303315 1 3.39077605536282 1 3.44064518039415 1 3.49051430542547 1 3.54038343045679 1 3.59025255548812 1 3.64012168051944 1 3.68999080555077 1 3.73985993058209 1 3.78972905561341 1 3.83959818064474 1 3.88946730567606 1 3.93933643070738 1 3.98920555573871 1 4.03907468077003 1 4.08894380580135 1 4.13881293083268 1 4.188682055864 1 4.23855118089532 1 4.28842030592665 1 4.33828943095797 1 4.38815855598929 1 4.43802768102062 1 4.48789680605194 1 4.53776593108326 1 4.58763505611459 1 4.63750418114591 1 4.68737330617723 1 4.73724243120856 1 4.78711155623988 1 4.8369806812712 1 4.88684980630253 1 4.93671893133385 1 4.98658805636517 1 5.0364571813965 1 5.08632630642782 1 5.13619543145914 1 5.18606455649047 1 5.23593368152179 1 5.28580280655311 1 5.33567193158443 1 5.38554105661576 1 5.43541018164708 1 5.4852793066784 1 5.53514843170973 1 5.58501755674105 1 5.63488668177237 1 5.6847558068037 1 5.73462493183502 1 5.78449405686634 1 5.83436318189767 1 5.88423230692899 1 5.93410143196031 1 5.98397055699164 1 6.03383968202296 1 6.08370880705428 1 6.13357793208561 1 6.18344705711693 1 6.23331618214825 1 6.28318530717959 1 6.28318530717959 10.7 0 10.7 0.0498665500569808 10.7 0.0997331001139617 10.7 0.149599650170943 10.7 0.199466200227923 10.7 0.249332750284904 10.7 0.299199300341885 10.7 0.349065850398866 10.7 0.398932400455847 10.7 0.448798950512828 10.7 0.498665500569808 10.7 0.548532050626789 10.7 0.59839860068377 10.7 0.648265150740751 10.7 0.698131700797732 10.7 0.747998250854713 10.7 0.797864800911693 10.7 0.847731350968674 10.7 0.897597901025655 10.7 0.947464451082636 10.7 0.997331001139617 10.7 1.0471975511966 10.7 1.09706410125358 10.7 1.14693065131056 10.7 1.19679720136754 10.7 1.24666375142452 10.7 1.2965303014815 10.7 1.34639685153848 10.7 1.39626340159546 10.7 1.44612995165244 10.7 1.49599650170942 10.7 1.54586305176641 10.7 1.59572960182339 10.7 1.64559615188037 10.7 1.69546270193735 10.7 1.74532925199433 10.7 1.79519580205131 10.7 1.84506235210829 10.7 1.89492890216527 10.7 1.94479545222225 10.7 1.99466200227923 10.7 2.04452855233621 10.7 2.09439510239319 10.7 2.14426165245018 10.7 2.19412820250716 10.7 2.24399475256414 10.7 2.29386130262112 10.7 2.3437278526781 10.7 2.39359440273508 10.7 2.44346095279206 10.7 2.49332750284904 10.7 2.54319405290602 10.7 2.59306060296301 10.7 2.64292715301999 10.7 2.69279370307697 10.7 2.74266025313395 10.7 2.79252680319093 10.7 2.84239335324791 10.7 2.89225990330489 10.7 2.94212645336187 10.7 2.99199300341885 10.7 3.04185955347583 10.7 3.09172610353282 10.7 3.1415926535898 10.7 3.19145920364678 10.7 3.24132575370376 10.7 3.29119230376074 10.7 3.34105885381772 10.7 3.3909254038747 10.7 3.44079195393168 10.7 3.49065850398866 10.7 3.54052505404564 10.7 3.59039160410263 10.7 3.64025815415961 10.7 3.69012470421659 10.7 3.73999125427357 10.7 3.78985780433055 10.7 3.83972435438753 10.7 3.88959090444451 10.7 3.93945745450149 10.7 3.98932400455847 10.7 4.03919055461546 10.7 4.08905710467244 10.7 4.13892365472942 10.7 4.1887902047864 10.7 4.23865675484338 10.7 4.28852330490036 10.7 4.33838985495734 10.7 4.38825640501432 10.7 4.4381229550713 10.7 4.48798950512828 10.7 4.53785605518527 10.7 4.58772260524225 10.7 4.63758915529923 10.7 4.68745570535621 10.7 4.73732225541319 10.7 4.78718880547017 10.7 4.83705535552715 10.7 4.88692190558413 10.7 4.93678845564111 10.7 4.9866550056981 10.7 5.03652155575508 10.7 5.08638810581206 10.7 5.13625465586904 10.7 5.18612120592602 10.7 5.235987755983 10.7 5.28585430603998 10.7 5.33572085609696 10.7 5.38558740615394 10.7 5.43545395621092 10.7 5.48532050626791 10.7 5.53518705632489 10.7 5.58505360638187 10.7 5.63492015643885 10.7 5.68478670649583 10.7 5.73465325655281 10.7 5.78451980660979 10.7 5.83438635666677 10.7 5.88425290672375 10.7 5.93411945678073 10.7 5.98398600683772 10.7 6.0338525568947 10.7 6.08371910695168 10.7 6.13358565700866 10.7 6.18345220706564 10.7 6.23331875712262 10.7 0 1 0.0498816037531394 1 0.0997632075062788 1 0.149644811259418 1 0.199526415012558 1 0.249408018765697 1 0.299289622518836 1 0.349171226271976 1 0.399052830025115 1 0.448934433778254 1 0.498816037531394 1 0.548697641284533 1 0.598579245037673 1 0.648460848790795 1 0.648460848790812 4.49 0.698316820574817 4.49 0.748172792358823 4.49 0.798028764142828 4.49 0.847884735926833 4.49 0.897740707710839 4.49 0.947596679494844 4.49 0.997452651278849 4.49 1.04730862306285 4.49 1.09716459484686 4.49 1.14702056663087 4.49 1.19687653841487 4.49 1.24673251019888 4.49 1.29658848198288 4.49 1.34644445376689 4.49 1.39630042555089 4.49 1.4461563973349 4.49 1.4960123691189 4.49 1.54586834090291 4.49 1.59572431268691 4.49 1.64558028447092 4.49 1.69543625625492 4.49 1.74529222803893 4.49 1.79514819982293 4.49 1.84500417160694 4.49 1.89486014339094 4.49 1.94471611517495 4.49 1.99457208695895 4.49 2.04442805874296 4.49 2.09428403052696 4.49 2.14414000231097 4.49 2.19399597409498 4.49 2.24385194587898 4.49 2.29370791766299 4.49 2.34356388944699 4.49 2.393419861231 4.49 2.443275833015 4.49 81 80 206 81 206 207 82 207 208 82 81 207 83 208 209 83 82 208 84 209 210 84 83 209 85 210 211 85 84 210 86 211 212 86 85 211 87 212 213 87 86 212 88 213 214 88 87 213 89 214 215 89 88 214 90 215 216 90 89 215 91 216 217 91 90 216 220 218 219 92 91 217 92 218 220 92 217 218 93 92 220 94 93 220 94 220 221 95 221 222 95 94 221 96 222 223 96 95 222 97 223 224 97 96 223 98 224 225 98 97 224 99 225 226 99 98 225 100 226 227 100 99 226 101 227 228 101 100 227 102 228 229 102 101 228 103 229 230 103 102 229 104 230 231 104 103 230 105 231 232 105 104 231 106 232 233 106 105 232 107 233 234 107 106 233 108 234 235 108 107 234 109 235 236 109 108 235 110 236 237 110 109 236 111 237 238 111 110 237 112 238 239 112 239 240 112 111 238 113 240 241 113 112 240 114 241 242 114 113 241 115 242 243 115 114 242 116 115 243 116 243 244 117 116 244 117 244 245 118 117 245 118 245 246 119 118 246 119 246 247 120 119 247 120 247 248 121 120 248 121 248 249 122 121 249 122 249 250 123 122 250 123 250 251 124 123 251 124 251 252 125 124 252 125 252 253 126 125 253 126 253 254 127 126 254 127 254 255 128 127 255 128 255 256 3 2 1 129 256 2 129 128 256 130 129 2 131 3 4 131 2 3 131 130 2 132 4 5 132 131 4 133 5 6 133 132 5 134 6 7 134 133 6 135 7 8 135 134 7 136 8 9 136 135 8 137 9 10 137 136 9 138 10 11 138 137 10 139 11 12 139 138 11 140 139 12 140 12 13 141 140 13 141 13 14 142 141 14 142 14 15 143 15 16 143 142 15 144 16 17 144 143 16 145 17 18 145 144 17 146 18 19 146 145 18 147 19 20 147 146 19 148 20 21 148 147 20 149 21 22 149 148 21 150 22 23 150 149 22 151 23 24 151 150 23 152 24 25 152 151 24 153 25 26 153 152 25 154 26 27 154 153 26 155 27 28 155 154 27 156 28 29 156 155 28 157 29 30 157 156 29 158 30 31 158 157 30 159 31 32 159 158 31 160 32 33 160 159 32 161 33 34 161 160 33 162 34 35 162 161 34 163 35 36 163 162 35 164 36 37 164 163 36 165 37 38 165 164 37 166 165 38 166 38 39 167 166 39 167 39 40 168 167 40 168 40 41 169 168 41 169 41 42 170 169 42 170 42 43 171 170 43 171 43 44 172 171 44 172 44 45 173 172 45 173 45 46 174 173 46 174 46 47 175 174 47 175 47 48 176 175 48 176 48 49 177 176 49 177 49 50 178 177 50 178 50 51 179 51 52 179 178 51 180 52 53 180 179 52 181 53 54 181 180 53 182 54 55 182 181 54 183 55 56 183 182 55 184 56 57 184 183 56 185 57 58 185 184 57 186 58 59 186 185 58 187 59 60 187 186 59 188 60 61 188 187 60 189 61 62 189 188 61 190 189 62 190 62 63 191 190 63 191 63 64 192 191 64 192 64 65 193 192 65 193 65 66 194 193 66 194 66 67 195 194 67 195 67 68 196 195 68 196 68 69 197 196 69 197 69 70 198 197 70 198 70 71 199 198 71 199 71 72 200 199 72 200 72 73 201 200 73 201 73 74 202 201 74 202 74 75 203 202 75 203 75 76 204 203 76 204 76 77 205 204 77 205 77 78 79 205 78 
4 2 1 0 2.24034093598914e-14
-22.9875388202502 -2.475 0 -22.9875388202502 -2.47499999999997 3.49 -27.0124611797498 -2.475 0 -27.0124611797498 -2.47500000000002 3.49 2 -7.98753882025019 5.49 -7.98753882025019 2 -12.0124611797498 5.49 -12.0124611797498 2 1 3 2 3 4 
257 255 1 0 0.000962157232438992
-2.02484567313166 -2.45 0 -2.02484567313169 -2.45000000000004 3.49 -2.0996864091269 -2.55299724142357 0 -2.16929300308624 -2.65960160147772 0 -2.23349193824173 -2.76954733459218 0 -2.29212317814998 -2.88256036575229 0 -2.34504056563433 -2.99835897371891 0 -2.39211218712851 -3.11665449330897 0 -2.43322070151356 -3.23715203498609 0 -2.46826363262814 -3.35955121996734 0 -2.49715362472333 -3.48354692901372 0 -2.51981866022477 -3.60883006303779 0 -2.53620223925968 -3.73508831363228 0 -2.5462635205008 -3.86200694159903 0 -2.5499774229766 -3.98926956153739 0 -2.54733468859359 -4.11655893053636 0 -2.53834190521511 -4.24355773900433 0 -2.52302149023897 -4.36994940166502 0 -2.50141163471489 -4.49541884674789 0 -2.47356620814102 -4.61965330140558 0 -2.43955462417702 -4.74234307140062 0 -2.39946166760816 -4.86318231311762 0 -2.35338728299205 -4.98186979597669 0 -2.30144632551481 -5.09810965334723 0 -2.24376827467764 -5.21161212009047 0 -2.18049691152761 -5.32209425489204 0 -2.1117899602373 -5.42928064558398 0 -2.03781869492665 -5.53290409569792 0 -1.95876751270731 -5.63270629053802 0 -1.87483347401367 -5.7284384411132 0 -1.78622581136648 -5.81986190432356 0 -1.69316540779367 -5.90674877785484 0 -1.59588424620854 -5.98888246829806 0 -1.49462483111794 -6.06605823107812 0 -1.38963958410194 -6.1380836808453 0 -1.28119021457208 -6.20477927105748 0 -1.1695470673767 -6.26597874155751 0 -1.05498844887964 -6.32152953303001 0 -0.937799933192385 -6.37129316730436 0 -0.818273650288913 -6.41514559255604 0 -0.696707557778049 -6.45297749254553 0 -0.573404698148513 -6.48469455912416 0 -0.448672443338288 -6.51021772732742 0 -0.322821728511454 -6.52948337246974 0 -0.196166276952526 -6.54244346874942 0 -0.0690218180105144 -6.54906570896839 0 0.0582946999577751 -6.54933358506823 0 0.185465899683211 -6.54324642928181 0 0.312174766149004 -6.53081941579794 0 0.438105436852351 -6.51208352293478 0 0.562943989193062 -6.4870854559165 0 0.68637922302636 -6.45588753044551 0 0.808103436429085 -6.41856751736054 0 0.927813192745465 -6.37521844876792 0 1.04521007700033 -6.32594838612919 0 1.16000143979418 -6.27088015088323 0 1.27190112682572 -6.21015101827442 0 1.38063019222325 -6.14391237515007 0 1.48591759390674 -6.07232934258009 0 1.58750086924719 -5.99558036423979 0 1.68512678933896 -5.91385676158174 0 1.77855199025402 -5.82736225690569 0 1.86754357970465 -5.73631246551534 0 1.95187971760216 -5.64093435822805 0 2.03135016906455 -5.54146569557725 0 2.10575682849431 -5.438154435118 0 2.17491421342028 -5.33125811331329 0 2.23864992687213 -5.22104320354171 0 2.2968050871352 -5.1077844518271 0 2.34923472381408 -4.99176419194593 0 2.3958081392179 -4.87327164161976 0 2.43640923416618 -4.75260218154732 0 2.47093679740335 -4.63005661907328 0 2.49930475790027 -4.50594043832952 0 2.52144239941385 -4.38056303871782 0 2.53729453676999 -4.25423696363268 0 2.54682165343036 -4.12727712134657 0 2.55 -4 0 2.55 -4 9.7 2.55 -4 9.7 2.54683014910825 -3.87289299156522 9.7 2.53732847718177 -3.74610199118067 9.7 2.52151860687408 -3.61994222125076 9.7 2.49943984401379 -3.49472733484154 9.7 2.47114707988415 -3.37076863588975 9.7 2.43671065475466 -3.24837430525219 9.7 2.39621618300407 -3.12784863451954 9.7 2.34976434026954 -3.00949126949953 9.7 2.29747061315117 -2.89359646525023 9.7 2.23946501209408 -2.78045235451564 9.7 2.175891748162 -2.67034023138228 9.7 2.10690887450579 -2.56353385193776 9.7 2.03268789341845 -2.46029875367003 9.7 1.95341332995339 -2.36089159529933 9.7 1.86928227316606 -2.26555951868416 9.7 1.78050388611949 -2.17453953438772 9.7 1.68729888587199 -2.08805793243228 9.7 1.58989899473977 -2.00632971970652 9.7 1.48854636419871 -1.92955808542457 9.7 1.38349297285769 -1.85793389596553 9.7 1.275 -1.79163522034968 9.7 1.16333717625057 -1.73082688753076 9.7 1.04878211298306 -1.67566007660523 9.7 0.931619612134308 -1.62627194095728 9.7 0.812140958141796 -1.58278526727381 9.7 0.690643193764664 -1.54530817027747 9.7 0.567428381588603 -1.51393382393635 9.7 0.442802853050674 -1.48874022981887 9.7 0.317076446851089 -1.46979002316956 9.7 0.190561738645383 -1.45713031718799 9.7 0.0635732639320874 -1.45079258589792 9.7 -0.0635732639320842 -1.45079258589792 9.7 -0.19056173864538 -1.45713031718799 9.7 -0.317076446851085 -1.46979002316956 9.7 -0.442802853050671 -1.48874022981887 9.7 -0.5674283815886 -1.51393382393635 9.7 -0.690643193764661 -1.54530817027747 9.7 -0.812140958141793 -1.58278526727381 9.7 -0.931619612134305 -1.62627194095728 9.7 -1.04878211298306 -1.67566007660523 9.7 -1.16333717625056 -1.73082688753075 9.7 -1.275 -1.79163522034968 9.7 -1.38349297285769 -1.85793389596553 9.7 -1.48854636419871 -1.92955808542457 9.7 -1.58989899473977 -2.00632971970652 9.7 -1.68729888587199 -2.08805793243228 9.7 -1.78050388611949 -2.17453953438772 9.7 -1.86928227316606 -2.26555951868416 9.7 -1.95341332995339 -2.36089159529933 9.7 -2.03268789341845 -2.46029875367003 9.7 -2.10690887450579 -2.56353385193777 9.7 -2.175891748162 -2.67034023138228 9.7 -2.23946501209408 -2.78045235451564 9.7 -2.29747061315117 -2.89359646525023 9.7 -2.34976434026954 -3.00949126949953 9.7 -2.39621618300407 -3.12784863451955 9.7 -2.43671065475466 -3.2483743052522 9.7 -2.47114707988415 -3.37076863588976 9.7 -2.49943984401379 -3.49472733484154 9.7 -2.52151860687408 -3.61994222125076 9.7 -2.53732847718177 -3.74610199118068 9.7 -2.54683014910825 -3.87289299156523 9.7 -2.55 -4.00000000000001 9.7 -2.54683014910825 -4.12710700843479 9.7 -2.53732847718177 -4.25389800881934 9.7 -2.52151860687408 -4.38005777874926 9.7 -2.49943984401378 -4.50527266515847 9.7 -2.47114707988415 -4.62923136411026 9.7 -2.43671065475466 -4.75162569474782 9.7 -2.39621618300406 -4.87215136548047 9.7 -2.34976434026953 -4.99050873050048 9.7 -2.29747061315116 -5.10640353474979 9.7 -2.23946501209408 -5.21954764548437 9.7 -2.17589174816199 -5.32965976861773 9.7 -2.10690887450578 -5.43646614806225 9.7 -2.03268789341844 -5.53970124632998 9.7 -1.95341332995338 -5.63910840470069 9.7 -1.86928227316605 -5.73444048131586 9.7 -1.78050388611947 -5.82546046561229 9.7 -1.68729888587198 -5.91194206756773 9.7 -1.58989899473976 -5.99367028029349 9.7 -1.4885463641987 -6.07044191457544 9.7 -1.38349297285767 -6.14206610403448 9.7 -1.27499999999998 -6.20836477965033 9.7 -1.16333717625055 -6.26917311246925 9.7 -1.04878211298304 -6.32433992339477 9.7 -0.931619612134288 -6.37372805904273 9.7 -0.812140958141775 -6.41721473272619 9.7 -0.690643193764642 -6.45469182972254 9.7 -0.56742838158858 -6.48606617606366 9.7 -0.44280285305065 -6.51125977018113 9.7 -0.317076446851064 -6.53020997683044 9.7 -0.190561738645358 -6.54286968281201 9.7 -0.0635732639320616 -6.54920741410208 9.7 0.0635732639321105 -6.54920741410208 9.7 0.190561738645407 -6.54286968281201 9.7 0.317076446851113 -6.53020997683044 9.7 0.442802853050698 -6.51125977018113 9.7 0.567428381588628 -6.48606617606364 9.7 0.690643193764689 -6.45469182972252 9.7 0.812140958141821 -6.41721473272618 9.7 0.931619612134333 -6.37372805904271 9.7 1.04878211298309 -6.32433992339475 9.7 1.16333717625059 -6.26917311246923 9.7 1.27500000000003 -6.2083647796503 9.7 1.38349297285771 -6.14206610403445 9.7 1.48854636419874 -6.07044191457542 9.7 1.5898989947398 -5.99367028029346 9.7 1.68729888587202 -5.9119420675677 9.7 1.78050388611951 -5.82546046561226 9.7 1.86928227316608 -5.73444048131582 9.7 1.95341332995342 -5.63910840470065 9.7 2.03268789341847 -5.53970124632994 9.7 2.10690887450581 -5.43646614806221 9.7 2.17589174816201 -5.32965976861769 9.7 2.2394650120941 -5.21954764548433 9.7 2.29747061315118 -5.10640353474974 9.7 2.34976434026955 -4.99050873050044 9.7 2.39621618300408 -4.87215136548042 9.7 2.43671065475467 -4.75162569474777 9.7 2.47114707988416 -4.62923136411021 9.7 2.49943984401379 -4.50527266515843 9.7 2.52151860687408 -4.38005777874921 9.7 2.53732847718178 -4.25389800881929 9.7 2.54683014910825 -4.12710700843474 9.7 2.55 -4 0 2.54722376780671 -3.88104170175829 0 2.5389011162976 -3.76234242771833 0 2.5250501675221 -3.644160638073 0 2.50570108104877 -3.52675366622549 0 2.48089598829469 -3.41037715846204 0 2.45068890078697 -3.29528451729826 0 2.41514559255604 -3.18172634971109 0 2.37434345691685 -3.06994992145792 0 2.32837133794982 -2.96019861867096 0 2.2773293370484 -2.85271141789927 0 2.22132859495464 -2.74772236575237 0 2.16049104975722 -2.64546006927852 0 2.0949491713789 -2.54614719818723 0 2.02484567313166 -2.45 0 2.02484567313167 -2.45000000000001 3.49 1.94551991658262 -2.35153032961466 3.49 1.86141036467721 -2.25711404438723 3.49 1.77272383250913 -2.16698330240716 3.49 1.67967838940634 -2.0813597241376 3.49 1.5825028227253 -2.00045384747777 3.49 1.48143607529084 -1.92446461007603 3.49 1.37672665786503 -1.85357886016658 3.49 1.26863203808958 -1.78797089713253 3.49 1.15741800740447 -1.72780204292498 3.49 1.0433580274993 -1.67322024539219 3.49 0.926732557904497 -1.62435971449384 3.49 0.807828366375617 -1.58134059229521 3.49 0.68693782376656 -1.54426865755253 3.49 0.564358185125416 -1.51323506561598 3.49 0.440390858780682 -1.48831612428984 3.49 0.315340665215076 -1.46957310620091 3.49 0.189515087549275 -1.45705209813665 3.49 0.0632235154785592 -1.45078388772342 3.49 -0.0632235154785872 -1.45078388772342 3.49 -0.189515087549303 -1.45705209813666 3.49 -0.315340665215104 -1.46957310620091 3.49 -0.44039085878071 -1.48831612428984 3.49 -0.564358185125443 -1.51323506561599 3.49 -0.686937823766587 -1.54426865755254 3.49 -0.807828366375643 -1.58134059229522 3.49 -0.926732557904523 -1.62435971449385 3.49 -1.04335802749933 -1.6732202453922 3.49 -1.15741800740449 -1.727802042925 3.49 -1.2686320380896 -1.78797089713254 3.49 -1.37672665786505 -1.8535788601666 3.49 -1.48143607529087 -1.92446461007604 3.49 -1.58250282272532 -2.00045384747778 3.49 -1.67967838940636 -2.08135972413762 3.49 -1.77272383250915 -2.16698330240718 3.49 -1.86141036467723 -2.25711404438724 3.49 -1.94551991658264 -2.35153032961468 3.49 2.48825115221134 1 2.48825115221136 4.49 2.53818449635566 1 2.58811784049998 1 2.6380511846443 1 2.68798452878862 1 2.73791787293294 1 2.78785121707726 1 2.83778456122158 1 2.8877179053659 1 2.93765124951021 1 2.98758459365453 1 3.03751793779885 1 3.08745128194317 1 3.13738462608749 1 3.18731797023181 1 3.23725131437613 1 3.28718465852045 1 3.33711800266477 1 3.38705134680909 1 3.4369846909534 1 3.48691803509772 1 3.53685137924204 1 3.58678472338636 1 3.63671806753068 1 3.686651411675 1 3.73658475581932 1 3.78651809996364 1 3.83645144410796 1 3.88638478825228 1 3.9363181323966 1 3.98625147654091 1 4.03618482068523 1 4.08611816482955 1 4.13605150897387 1 4.18598485311819 1 4.23591819726251 1 4.28585154140683 1 4.33578488555114 1 4.38571822969546 1 4.43565157383978 1 4.4855849179841 1 4.53551826212842 1 4.58545160627274 1 4.63538495041706 1 4.68531829456137 1 4.73525163870569 1 4.78518498285001 1 4.83511832699433 1 4.88505167113865 1 4.93498501528297 1 4.98491835942729 1 5.03485170357161 1 5.08478504771592 1 5.13471839186024 1 5.18465173600456 1 5.23458508014888 1 5.2845184242932 1 5.33445176843752 1 5.38438511258184 1 5.43431845672615 1 5.48425180087047 1 5.53418514501479 1 5.58411848915911 1 5.63405183330343 1 5.68398517744775 1 5.73391852159207 1 5.78385186573638 1 5.8337852098807 1 5.88371855402502 1 5.93365189816934 1 5.98358524231366 1 6.03351858645798 1 6.0834519306023 1 6.13338527474661 1 6.18331861889093 1 6.23325196303525 1 6.28318530717959 1 6.28318530717959 10.7 0 10.7 0.0498665500569808 10.7 0.0997331001139617 10.7 0.149599650170943 10.7 0.199466200227923 10.7 0.249332750284904 10.7 0.299199300341885 10.7 0.349065850398866 10.7 0.398932400455847 10.7 0.448798950512828 10.7 0.498665500569808 10.7 0.548532050626789 10.7 0.59839860068377 10.7 0.648265150740751 10.7 0.698131700797732 10.7 0.747998250854713 10.7 0.797864800911693 10.7 0.847731350968674 10.7 0.897597901025655 10.7 0.947464451082636 10.7 0.997331001139617 10.7 1.0471975511966 10.7 1.09706410125358 10.7 1.14693065131056 10.7 1.19679720136754 10.7 1.24666375142452 10.7 1.2965303014815 10.7 1.34639685153848 10.7 1.39626340159546 10.7 1.44612995165244 10.7 1.49599650170942 10.7 1.54586305176641 10.7 1.59572960182339 10.7 1.64559615188037 10.7 1.69546270193735 10.7 1.74532925199433 10.7 1.79519580205131 10.7 1.84506235210829 10.7 1.89492890216527 10.7 1.94479545222225 10.7 1.99466200227923 10.7 2.04452855233621 10.7 2.09439510239319 10.7 2.14426165245018 10.7 2.19412820250716 10.7 2.24399475256414 10.7 2.29386130262112 10.7 2.3437278526781 10.7 2.39359440273508 10.7 2.44346095279206 10.7 2.49332750284904 10.7 2.54319405290602 10.7 2.59306060296301 10.7 2.64292715301999 10.7 2.69279370307697 10.7 2.74266025313395 10.7 2.79252680319093 10.7 2.84239335324791 10.7 2.89225990330489 10.7 2.94212645336187 10.7 2.99199300341885 10.7 3.04185955347583 10.7 3.09172610353282 10.7 3.1415926535898 10.7 3.19145920364678 10.7 3.24132575370376 10.7 3.29119230376074 10.7 3.34105885381772 10.7 3.3909254038747 10.7 3.44079195393168 10.7 3.49065850398866 10.7 3.54052505404564 10.7 3.59039160410263 10.7 3.64025815415961 10.7 3.69012470421659 10.7 3.73999125427357 10.7 3.78985780433055 10.7 3.83972435438753 10.7 3.88959090444451 10.7 3.93945745450149 10.7 3.98932400455847 10.7 4.03919055461546 10.7 4.08905710467244 10.7 4.13892365472942 10.7 4.1887902047864 10.7 4.23865675484338 10.7 4.28852330490036 10.7 4.33838985495734 10.7 4.38825640501432 10.7 4.4381229550713 10.7 4.48798950512828 10.7 4.53785605518527 10.7 4.58772260524225 10.7 4.63758915529923 10.7 4.68745570535621 10.7 4.73732225541319 10.7 4.78718880547017 10.7 4.83705535552715 10.7 4.88692190558413 10.7 4.93678845564111 10.7 4.9866550056981 10.7 5.03652155575508 10.7 5.08638810581206 10.7 5.13625465586904 10.7 5.18612120592602 10.7 5.235987755983 10.7 5.28585430603998 10.7 5.33572085609696 10.7 5.38558740615394 10.7 5.43545395621092 10.7 5.48532050626791 10.7 5.53518705632489 10.7 5.58505360638187 10.7 5.63492015643885 10.7 5.68478670649583 10.7 5.73465325655281 10.7 5.78451980660979 10.7 5.83438635666677 10.7 5.88425290672375 10.7 5.93411945678073 10.7 5.98398600683772 10.7 6.0338525568947 10.7 6.08371910695168 10.7 6.13358565700866 10.7 6.18345220706564 10.7 6.23331875712262 10.7 0 1 0.0466672500984607 1 0.0933345001969213 1 0.140001750295382 1 0.186669000393843 1 0.233336250492303 1 0.280003500590764 1 0.326670750689225 1 0.373338000787685 1 0.420005250886146 1 0.466672500984607 1 0.513339751083068 1 0.560007001181528 1 0.606674251279989 1 0.653341501378449 1 0.653341501378444 4.49 0.702933654103658 4.49 0.752525806828872 4.49 0.802117959554086 4.49 0.8517101122793 4.49 0.901302265004514 4.49 0.950894417729728 4.49 1.00048657045494 4.49 1.05007872318016 4.49 1.09967087590537 4.49 1.14926302863058 4.49 1.1988551813558 4.49 1.24844733408101 4.49 1.29803948680623 4.49 1.34763163953144 4.49 1.39722379225665 4.49 1.44681594498187 4.49 1.49640809770708 4.49 1.5460002504323 4.49 1.59559240315751 4.49 1.64518455588272 4.49 1.69477670860794 4.49 1.74436886133315 4.49 1.79396101405836 4.49 1.84355316678358 4.49 1.89314531950879 4.49 1.94273747223401 4.49 1.99232962495922 4.49 2.04192177768443 4.49 2.09151393040965 4.49 2.14110608313486 4.49 2.19069823586008 4.49 2.24029038858529 4.49 2.2898825413105 4.49 2.33947469403572 4.49 2.38906684676093 4.49 2.43865899948615 4.49 80 206 207 81 207 208 81 80 207 82 208 209 82 81 208 83 209 210 83 82 209 84 210 211 84 83 210 85 211 212 85 84 211 86 212 213 86 85 212 87 213 214 87 86 213 88 214 215 88 87 214 89 215 216 89 88 215 90 216 217 90 89 216 91 90 217 91 217 218 221 219 220 92 219 221 92 91 218 92 218 219 93 92 221 94 93 221 94 221 222 95 222 223 95 94 222 96 223 224 96 95 223 97 224 225 97 96 224 98 225 226 98 97 225 99 226 227 99 98 226 100 227 228 100 99 227 101 228 229 101 100 228 102 229 230 102 101 229 103 230 231 103 102 230 104 231 232 104 103 231 105 232 233 105 104 232 106 233 234 106 105 233 107 234 235 107 106 234 108 235 236 108 107 235 109 236 237 109 108 236 110 237 238 110 109 237 111 238 239 111 110 238 112 239 240 112 240 241 112 111 239 113 241 242 113 112 241 114 242 243 114 113 242 115 114 243 115 243 244 116 115 244 116 244 245 117 116 245 117 245 246 118 117 246 118 246 247 119 118 247 119 247 248 120 119 248 120 248 249 121 120 249 121 249 250 122 121 250 122 250 251 123 122 251 123 251 252 124 123 252 124 252 253 125 124 253 125 253 254 126 125 254 126 254 255 127 126 255 127 255 256 128 256 257 128 127 256 3 2 1 129 257 2 129 128 257 130 129 2 131 3 4 131 2 3 131 130 2 132 4 5 132 131 4 133 5 6 133 132 5 134 6 7 134 133 6 135 7 8 135 134 7 136 8 9 136 135 8 137 9 10 137 136 9 138 10 11 138 137 10 139 11 12 139 138 11 140 139 12 140 12 13 141 140 13 141 13 14 142 14 15 142 141 14 143 15 16 143 142 15 144 143 16 144 16 17 145 17 18 145 144 17 146 18 19 146 145 18 147 19 20 147 146 19 148 20 21 148 147 20 149 21 22 149 148 21 150 22 23 150 149 22 151 23 24 151 150 23 152 24 25 152 151 24 153 25 26 153 152 25 154 26 27 154 153 26 155 27 28 155 154 27 156 28 29 156 155 28 157 29 30 157 156 29 158 30 31 158 157 30 159 31 32 159 158 31 160 32 33 160 159 32 161 33 34 161 160 33 162 34 35 162 161 34 163 35 36 163 162 35 164 36 37 164 163 36 165 164 37 165 37 38 166 165 38 166 38 39 167 166 39 167 39 40 168 167 40 168 40 41 169 168 41 169 41 42 170 169 42 170 42 43 171 170 43 171 43 44 172 171 44 172 44 45 173 172 45 173 45 46 174 173 46 174 46 47 175 174 47 175 47 48 176 175 48 176 48 49 177 176 49 177 49 50 178 50 51 178 177 50 179 51 52 179 178 51 180 52 53 180 179 52 181 53 54 181 180 53 182 54 55 182 181 54 183 55 56 183 182 55 184 56 57 184 183 56 185 57 58 185 184 57 186 58 59 186 185 58 187 59 60 187 186 59 188 60 61 188 187 60 189 61 62 189 188 61 190 189 62 190 62 63 191 190 63 191 63 64 192 191 64 192 64 65 193 192 65 193 65 66 194 193 66 194 66 67 195 194 67 195 67 68 196 195 68 196 68 69 197 196 69 197 69 70 198 197 70 198 70 71 199 198 71 199 71 72 200 199 72 200 72 73 201 200 73 201 73 74 202 201 74 202 74 75 203 202 75 203 75 76 204 203 76 204 76 77 205 204 77 205 77 78 79 205 78 
4 2 1 0 1.87259445241724e-14
2.02484567313166 -2.45 0 2.02484567313167 -2.45000000000001 3.49 -2.02484567313166 -2.45 0 -2.02484567313169 -2.45000000000004 3.49 2 -7.97515432686834 5.49 -7.97515432686834 2 -12.0248456731317 5.49 -12.0248456731317 2 1 3 2 3 4 
258 256 1 0 0.00135092566898129
22.9506098468081 -2.4 0 22.9506098468081 -2.39999999999999 3.49 22.8740891509714 -2.50316899351244 0 22.8027572054047 -2.60999133038711 0 22.7367881113182 -2.72020628735353 0 22.6763428807106 -2.83354486071007 0 22.621569043384 -2.94973042288632 0 22.5726002868648 -3.06847939761313 0 22.5295561301108 -3.18950195205251 0 22.4925416317982 -3.31250270419806 0 22.4616471339038 -3.43718144381934 0 22.4369480412049 -3.56323386519057 0 22.4185046372377 -3.69035230981527 0 22.4063619371625 -3.81822651733416 0 22.4005495778938 -3.94654438278333 0 22.4010817457654 -4.0749927183547 0 22.4079571419052 -4.20325801779934 0 22.4211589854056 -4.33102722160797 0 22.4406550542808 -4.45798848110122 0 22.4663977641118 -4.58383191956448 0 22.4983242841865 -4.70825038856975 0 22.5363566908518 -4.83094021763862 0 22.5804021577031 -4.95160195541638 0 22.6303531821478 -5.0699411005486 0 22.6860878477887 -5.18566882047601 0 22.7474701219876 -5.29850265639361 0 22.8143501878826 -5.40816721265305 0 22.8865648100492 -5.51439482892597 0 22.963937732912 -5.61692623348758 0 23.0462801109345 -5.71551117602594 0 23.1333909695386 -5.80990903843262 0 23.2250576956266 -5.89988942208377 0 23.32105655651 -5.98523271017834 0 23.4211532459781 -6.06573060376093 0 23.5251034561735 -6.14118663012091 0 23.6326534738788 -6.21141662232705 0 23.7435407997595 -6.27624916872717 0 23.8574947890506 -6.33552603131576 0 23.9742373121245 -6.38910253194844 0 24.0934834333272 -6.43684790546061 0 24.214942106426 -6.47864561882839 0 24.3383168849716 -6.514393655593 0 24.4633066458403 -6.5440047648542 0 24.589606324191 -6.56740667422518 0 24.7169076580426 -6.58454226622918 0 24.8448999406544 -6.59536971770709 0 24.9732707788746 -6.59986260189611 0 25.1017068556035 -6.59800995292998 0 25.2298946945125 -6.58981629260359 0 25.3575214251517 -6.57530161933656 0 25.4842755465787 -6.55450135936271 0 25.6098476876445 -6.52746628026462 0 25.7339313620819 -6.49426236706419 0 25.8562237165517 -6.45497066117183 0 25.9764262698229 -6.40968706258712 0 26.0942456412813 -6.35852209583395 0 26.2093942669889 -6.30160064020118 0 26.3215911015467 -6.23906162494751 0 26.4305623040476 -6.17105769021417 0 26.5360419064446 -6.09775481447336 0 26.6377724627043 -6.01933190942142 0 26.7355056771602 -5.93598038330575 0 26.8290030105325 -5.84790367375114 0 26.9180362621354 -5.75531675122575 0 27.0023881268506 -5.65844559435868 0 27.0818527255083 -5.55752663838971 0 27.1562361073801 -5.4528061980974 0 27.2253567235582 -5.34453986661403 0 27.289045870065 -5.23299189159465 0 27.3471480996127 -5.11843453026291 0 27.3995216010056 -5.00114738490779 0 27.4460385452617 -4.88141672045304 0 27.4865853976074 -4.75953476576509 0 27.5210631945837 -4.63579900040455 0 27.5493877855884 -4.51051142856234 0 27.5714900382637 -4.3839778419524 0 27.5873160072293 -4.25650707346016 0 27.5968270657474 -4.12841024336837 0 27.6 -4 0 27.6 -4 9.7 27.6 -4 9.7 27.5967679951692 -3.87040069728219 9.7 27.58708001595 -3.74112359885088 9.7 27.5709601481853 -3.61249010794195 9.7 27.5484484684062 -3.48482002768157 9.7 27.5196009441956 -3.35843076600524 9.7 27.484489295044 -3.23363654653165 9.7 27.4432008140434 -3.11074762735326 9.7 27.3958381508631 -2.99006952968579 9.7 27.3425190565463 -2.87190227829435 9.7 27.2833760907626 -2.75653965558457 9.7 27.2185562922436 -2.64426847121331 9.7 27.1482208132216 -2.53536784903458 9.7 27.0725445187796 -2.43010853315376 9.7 26.9917155521093 -2.328752214815 9.7 26.9059348667575 -2.23155088179561 9.7 26.8154157270238 -2.13874619192473 9.7 26.7203831777518 -2.05056887228389 9.7 26.6210734848327 -1.96723814558312 9.7 26.5177335478105 -1.88896118513877 9.7 26.410620286051 -1.81593259980799 9.7 26.3 -1.74833395016046 9.7 26.1861477091182 -1.68633329709018 9.7 26.0693464681396 -1.63008478398965 9.7 25.9498866633526 -1.57972825352507 9.7 25.8280652906544 -1.53538889996546 9.7 25.7041852171718 -1.49717695792997 9.7 25.5785544282864 -1.46518742832726 9.7 25.451485261934 -1.43949984216826 9.7 25.3232936320835 -1.42017806283955 9.7 25.1942982433247 -1.40727012732893 9.7 25.064819798519 -1.40080812679788 9.7 24.935180201481 -1.40080812679788 9.7 24.8057017566753 -1.40727012732893 9.7 24.6767063679165 -1.42017806283955 9.7 24.548514738066 -1.43949984216826 9.7 24.4214455717136 -1.46518742832726 9.7 24.2958147828282 -1.49717695792997 9.7 24.1719347093456 -1.53538889996546 9.7 24.0501133366474 -1.57972825352507 9.7 23.9306535318604 -1.63008478398965 9.7 23.8138522908818 -1.68633329709018 9.7 23.7 -1.74833395016046 9.7 23.589379713949 -1.81593259980799 9.7 23.4822664521895 -1.88896118513877 9.7 23.3789265151673 -1.96723814558312 9.7 23.2796168222482 -2.05056887228389 9.7 23.1845842729762 -2.13874619192473 9.7 23.0940651332425 -2.23155088179561 9.7 23.0082844478907 -2.328752214815 9.7 22.9274554812204 -2.43010853315376 9.7 22.8517791867784 -2.53536784903458 9.7 22.7814437077564 -2.64426847121331 9.7 22.7166239092374 -2.75653965558458 9.7 22.6574809434537 -2.87190227829435 9.7 22.6041618491369 -2.9900695296858 9.7 22.5567991859566 -3.11074762735327 9.7 22.515510704956 -3.23363654653165 9.7 22.4803990558044 -3.35843076600524 9.7 22.4515515315938 -3.48482002768157 9.7 22.4290398518147 -3.61249010794195 9.7 22.41291998405 -3.74112359885088 9.7 22.4032320048308 -3.8704006972822 9.7 22.4 -4.00000000000001 9.7 22.4032320048308 -4.12959930271782 9.7 22.41291998405 -4.25887640114913 9.7 22.4290398518147 -4.38750989205806 9.7 22.4515515315938 -4.51517997231844 9.7 22.4803990558044 -4.64156923399477 9.7 22.515510704956 -4.76636345346836 9.7 22.5567991859566 -4.88925237264675 9.7 22.6041618491369 -5.00993047031422 9.7 22.6574809434537 -5.12809772170566 9.7 22.7166239092374 -5.24346034441544 9.7 22.7814437077564 -5.35573152878671 9.7 22.8517791867784 -5.46463215096543 9.7 22.9274554812204 -5.56989146684625 9.7 23.0082844478907 -5.67124778518501 9.7 23.0940651332425 -5.7684491182044 9.7 23.1845842729762 -5.86125380807528 9.7 23.2796168222482 -5.94943112771612 9.7 23.3789265151673 -6.03276185441689 9.7 23.4822664521896 -6.11103881486124 9.7 23.589379713949 -6.18406740019202 9.7 23.7 -6.25166604983955 9.7 23.8138522908818 -6.31366670290983 9.7 23.9306535318604 -6.36991521601036 9.7 24.0501133366474 -6.42027174647494 9.7 24.1719347093456 -6.46461110003455 9.7 24.2958147828282 -6.50282304207004 9.7 24.4214455717136 -6.53481257167275 9.7 24.548514738066 -6.56050015783175 9.7 24.6767063679166 -6.57982193716045 9.7 24.8057017566753 -6.59272987267107 9.7 24.935180201481 -6.59919187320212 9.7 25.064819798519 -6.59919187320212 9.7 25.1942982433247 -6.59272987267107 9.7 25.3232936320835 -6.57982193716044 9.7 25.451485261934 -6.56050015783174 9.7 25.5785544282864 -6.53481257167274 9.7 25.7041852171718 -6.50282304207002 9.7 25.8280652906544 -6.46461110003453 9.7 25.9498866633527 -6.42027174647492 9.7 26.0693464681396 -6.36991521601034 9.7 26.1861477091182 -6.3136667029098 9.7 26.3 -6.25166604983953 9.7 26.410620286051 -6.18406740019199 9.7 26.5177335478105 -6.11103881486121 9.7 26.6210734848327 -6.03276185441686 9.7 26.7203831777519 -5.94943112771609 9.7 26.8154157270238 -5.86125380807525 9.7 26.9059348667576 -5.76844911820437 9.7 26.9917155521094 -5.67124778518498 9.7 27.0725445187796 -5.56989146684621 9.7 27.1482208132216 -5.46463215096539 9.7 27.2185562922436 -5.35573152878666 9.7 27.2833760907626 -5.2434603444154 9.7 27.3425190565463 -5.12809772170562 9.7 27.3958381508631 -5.00993047031417 9.7 27.4432008140434 -4.8892523726467 9.7 27.484489295044 -4.76636345346831 9.7 27.5196009441956 -4.64156923399473 9.7 27.5484484684062 -4.5151799723184 9.7 27.5709601481853 -4.38750989205801 9.7 27.58708001595 -4.25887640114908 9.7 27.5967679951692 -4.12959930271777 9.7 27.6 -4 0 27.5970861453577 -3.87694085328208 0 27.5883511126224 -3.75415753461489 0 27.573814480729 -3.63192525380079 0 27.5535088324718 -3.51051798553124 0 27.5274796814719 -3.3902078552926 0 27.4957853701618 -3.27126452941678 0 27.4584969390157 -3.153954610644 0 27.4156979673166 -3.03854104055226 0 27.3674843858203 -2.92528251019308 0 27.3139642617332 -2.81443288025453 0 27.2552575564875 -2.70624061205105 0 27.1914958568568 -2.60094821061569 0 27.1228220800138 -2.49879168114286 0 27.0493901531919 -2.4 0 27.0493901531919 -2.39999999999996 3.49 26.9684311179638 -2.30138911641543 3.49 26.8827319865317 -2.20686858627417 3.49 26.7924991273705 -2.1166660204903 3.49 26.6979498264342 -2.03099863206951 3.49 26.5993117639185 -1.95007271304761 3.49 26.4968224659941 -1.87408313772731 3.49 26.3907287328298 -1.80321289340962 3.49 26.2812860442831 -1.73763263974985 3.49 26.1687579446905 -1.67750029779921 3.49 26.0534154082368 -1.62296066972184 3.49 25.935536186434 -1.57414509010276 3.49 25.8154041392793 -1.53117110968657 3.49 25.693308551704 -1.4941422123085 3.49 25.5695434369585 -1.46314756569928 3.49 25.4444068286114 -1.4382618067641 3.49 25.3182000628674 -1.41954486185262 3.49 25.191227052932 -1.40704180245286 3.49 25.0637935571715 -1.4007827366564 3.49 24.9362064428284 -1.4007827366564 3.49 24.8087729470679 -1.40704180245286 3.49 24.6817999371326 -1.41954486185263 3.49 24.5555931713885 -1.43826180676411 3.49 24.4304565630415 -1.46314756569929 3.49 24.306691448296 -1.49414221230851 3.49 24.1845958607207 -1.53117110968659 3.49 24.064463813566 -1.57414509010277 3.49 23.9465845917631 -1.62296066972186 3.49 23.8312420553094 -1.67750029779923 3.49 23.7187139557168 -1.73763263974987 3.49 23.6092712671702 -1.80321289340964 3.49 23.5031775340059 -1.87408313772733 3.49 23.4006882360815 -1.95007271304763 3.49 23.3020501735658 -2.03099863206954 3.49 23.2075008726294 -2.11666602049032 3.49 23.1172680134683 -2.2068685862742 3.49 23.0315688820362 -2.30138911641545 3.49 2.47871882993965 1 2.47871882993965 4.49 2.52812748548822 1 2.57753614103679 1 2.62694479658536 1 2.67635345213393 1 2.72576210768251 1 2.77517076323108 1 2.82457941877965 1 2.87398807432822 1 2.92339672987679 1 2.97280538542536 1 3.02221404097393 1 3.0716226965225 1 3.12103135207107 1 3.17044000761964 1 3.21984866316821 1 3.26925731871678 1 3.31866597426535 1 3.36807462981392 1 3.41748328536249 1 3.46689194091107 1 3.51630059645964 1 3.56570925200821 1 3.61511790755678 1 3.66452656310535 1 3.71393521865392 1 3.76334387420249 1 3.81275252975106 1 3.86216118529963 1 3.9115698408482 1 3.96097849639677 1 4.01038715194534 1 4.05979580749391 1 4.10920446304248 1 4.15861311859105 1 4.20802177413962 1 4.2574304296882 1 4.30683908523677 1 4.35624774078534 1 4.40565639633391 1 4.45506505188248 1 4.50447370743105 1 4.55388236297962 1 4.60329101852819 1 4.65269967407676 1 4.70210832962533 1 4.7515169851739 1 4.80092564072247 1 4.85033429627104 1 4.89974295181961 1 4.94915160736818 1 4.99856026291676 1 5.04796891846533 1 5.0973775740139 1 5.14678622956247 1 5.19619488511104 1 5.24560354065961 1 5.29501219620818 1 5.34442085175675 1 5.39382950730532 1 5.44323816285389 1 5.49264681840246 1 5.54205547395103 1 5.5914641294996 1 5.64087278504817 1 5.69028144059674 1 5.73969009614532 1 5.78909875169388 1 5.83850740724246 1 5.88791606279103 1 5.9373247183396 1 5.98673337388817 1 6.03614202943674 1 6.08555068498531 1 6.13495934053388 1 6.18436799608245 1 6.23377665163102 1 6.28318530717959 1 6.28318530717959 10.7 0 10.7 0.0498665500569808 10.7 0.0997331001139617 10.7 0.149599650170943 10.7 0.199466200227923 10.7 0.249332750284904 10.7 0.299199300341885 10.7 0.349065850398866 10.7 0.398932400455847 10.7 0.448798950512828 10.7 0.498665500569808 10.7 0.548532050626789 10.7 0.59839860068377 10.7 0.648265150740751 10.7 0.698131700797732 10.7 0.747998250854713 10.7 0.797864800911693 10.7 0.847731350968674 10.7 0.897597901025655 10.7 0.947464451082636 10.7 0.997331001139617 10.7 1.0471975511966 10.7 1.09706410125358 10.7 1.14693065131056 10.7 1.19679720136754 10.7 1.24666375142452 10.7 1.2965303014815 10.7 1.34639685153848 10.7 1.39626340159546 10.7 1.44612995165244 10.7 1.49599650170942 10.7 1.54586305176641 10.7 1.59572960182339 10.7 1.64559615188037 10.7 1.69546270193735 10.7 1.74532925199433 10.7 1.79519580205131 10.7 1.84506235210829 10.7 1.89492890216527 10.7 1.94479545222225 10.7 1.99466200227923 10.7 2.04452855233621 10.7 2.09439510239319 10.7 2.14426165245018 10.7 2.19412820250716 10.7 2.24399475256414 10.7 2.29386130262112 10.7 2.3437278526781 10.7 2.39359440273508 10.7 2.44346095279206 10.7 2.49332750284904 10.7 2.54319405290602 10.7 2.59306060296301 10.7 2.64292715301999 10.7 2.69279370307697 10.7 2.74266025313395 10.7 2.79252680319093 10.7 2.84239335324791 10.7 2.89225990330489 10.7 2.94212645336187 10.7 2.99199300341885 10.7 3.04185955347583 10.7 3.09172610353282 10.7 3.1415926535898 10.7 3.19145920364678 10.7 3.24132575370376 10.7 3.29119230376074 10.7 3.34105885381772 10.7 3.3909254038747 10.7 3.44079195393168 10.7 3.49065850398866 10.7 3.54052505404564 10.7 3.59039160410263 10.7 3.64025815415961 10.7 3.69012470421659 10.7 3.73999125427357 10.7 3.78985780433055 10.7 3.83972435438753 10.7 3.88959090444451 10.7 3.93945745450149 10.7 3.98932400455847 10.7 4.03919055461546 10.7 4.08905710467244 10.7 4.13892365472942 10.7 4.1887902047864 10.7 4.23865675484338 10.7 4.28852330490036 10.7 4.33838985495734 10.7 4.38825640501432 10.7 4.4381229550713 10.7 4.48798950512828 10.7 4.53785605518527 10.7 4.58772260524225 10.7 4.63758915529923 10.7 4.68745570535621 10.7 4.73732225541319 10.7 4.78718880547017 10.7 4.83705535552715 10.7 4.88692190558413 10.7 4.93678845564111 10.7 4.9866550056981 10.7 5.03652155575508 10.7 5.08638810581206 10.7 5.13625465586904 10.7 5.18612120592602 10.7 5.235987755983 10.7 5.28585430603998 10.7 5.33572085609696 10.7 5.38558740615394 10.7 5.43545395621092 10.7 5.48532050626791 10.7 5.53518705632489 10.7 5.58505360638187 10.7 5.63492015643885 10.7 5.68478670649583 10.7 5.73465325655281 10.7 5.78451980660979 10.7 5.83438635666677 10.7 5.88425290672375 10.7 5.93411945678073 10.7 5.98398600683772 10.7 6.0338525568947 10.7 6.08371910695168 10.7 6.13358565700866 10.7 6.18345220706564 10.7 6.23331875712262 10.7 0 1 0.0473481302607255 1 0.0946962605214509 1 0.142044390782176 1 0.189392521042902 1 0.236740651303627 1 0.284088781564353 1 0.331436911825078 1 0.378785042085804 1 0.426133172346529 1 0.473481302607254 1 0.52082943286798 1 0.568177563128705 1 0.615525693389431 1 0.662873823650136 1 0.662873823650156 4.49 0.711950715712035 4.49 0.761027607773913 4.49 0.810104499835791 4.49 0.859181391897669 4.49 0.908258283959548 4.49 0.957335176021426 4.49 1.0064120680833 4.49 1.05548896014518 4.49 1.10456585220706 4.49 1.15364274426894 4.49 1.20271963633082 4.49 1.2517965283927 4.49 1.30087342045457 4.49 1.34995031251645 4.49 1.39902720457833 4.49 1.44810409664021 4.49 1.49718098870209 4.49 1.54625788076397 4.49 1.59533477282584 4.49 1.64441166488772 4.49 1.6934885569496 4.49 1.74256544901148 4.49 1.79164234107336 4.49 1.84071923313523 4.49 1.88979612519711 4.49 1.93887301725899 4.49 1.98794990932087 4.49 2.03702680138275 4.49 2.08610369344463 4.49 2.1351805855065 4.49 2.18425747756838 4.49 2.23333436963026 4.49 2.28241126169214 4.49 2.33148815375402 4.49 2.38056504581589 4.49 2.42964193787777 4.49 81 207 208 82 208 209 82 81 208 83 209 210 83 82 209 84 210 211 84 83 210 85 211 212 85 84 211 86 212 213 86 85 212 87 213 214 87 86 213 88 214 215 88 87 214 89 215 216 89 88 215 90 216 217 90 89 216 91 90 217 91 217 218 92 91 218 92 218 219 93 92 219 93 219 220 222 93 220 222 220 221 94 93 222 95 94 222 95 222 223 96 95 223 96 223 224 97 224 225 97 96 224 98 225 226 98 97 225 99 226 227 99 98 226 100 227 228 100 99 227 101 228 229 101 100 228 102 229 230 102 101 229 103 230 231 103 102 230 104 231 232 104 103 231 105 232 233 105 104 232 106 233 234 106 105 233 107 234 235 107 106 234 108 235 236 108 107 235 109 236 237 109 108 236 110 237 238 110 109 237 111 238 239 111 110 238 112 239 240 112 111 239 113 240 241 113 241 242 113 112 240 114 242 243 114 113 242 115 243 244 115 114 243 116 115 244 116 244 245 117 116 245 117 245 246 118 117 246 118 246 247 119 118 247 119 247 248 120 119 248 120 248 249 121 120 249 121 249 250 122 121 250 122 250 251 123 122 251 123 251 252 124 123 252 124 252 253 125 124 253 125 253 254 126 125 254 126 254 255 127 126 255 127 255 256 128 127 256 128 256 257 129 257 258 129 128 257 3 2 1 130 258 2 130 129 258 131 130 2 132 3 4 132 2 3 132 131 2 133 4 5 133 132 4 134 5 6 134 133 5 135 6 7 135 134 6 136 7 8 136 135 7 137 8 9 137 136 8 138 9 10 138 137 9 139 10 11 139 138 10 140 139 11 140 11 12 141 140 12 141 12 13 142 141 13 142 13 14 143 14 15 143 142 14 144 15 16 144 143 15 145 16 17 145 144 16 146 17 18 146 145 17 147 18 19 147 146 18 148 19 20 148 147 19 149 20 21 149 148 20 150 21 22 150 149 21 151 22 23 151 150 22 152 23 24 152 151 23 153 24 25 153 152 24 154 25 26 154 153 25 155 26 27 155 154 26 156 27 28 156 155 27 157 28 29 157 156 28 158 29 30 158 157 29 159 30 31 159 158 30 160 31 32 160 159 31 161 32 33 161 160 32 162 33 34 162 161 33 163 34 35 163 162 34 164 35 36 164 163 35 165 36 37 165 164 36 166 165 37 166 37 38 167 166 38 167 38 39 168 167 39 168 39 40 169 168 40 169 40 41 170 169 41 170 41 42 171 170 42 171 42 43 172 171 43 172 43 44 173 172 44 173 44 45 174 173 45 174 45 46 175 174 46 175 46 47 176 175 47 176 47 48 177 176 48 177 48 49 178 49 50 178 177 49 179 50 51 179 178 50 180 51 52 180 179 51 181 52 53 181 180 52 182 53 54 182 181 53 183 54 55 183 182 54 184 55 56 184 183 55 185 56 57 185 184 56 186 57 58 186 185 57 187 58 59 187 186 58 188 59 60 188 187 59 189 60 61 189 188 60 190 189 61 190 61 62 191 190 62 191 62 63 192 191 63 192 63 64 193 192 64 193 64 65 194 193 65 194 65 66 195 194 66 195 66 67 196 195 67 196 67 68 197 196 68 197 68 69 198 197 69 198 69 70 199 198 70 199 70 71 200 199 71 200 71 72 201 200 72 201 72 73 202 201 73 202 73 74 203 202 74 203 74 75 204 203 75 204 75 76 205 204 76 205 76 77 206 205 77 206 77 78 80 206 78 80 78 79 
4 2 1 0 2.59896546744179e-14
27.0493901531919 -2.4 0 27.0493901531919 -2.39999999999996 3.49 22.9506098468081 -2.4 0 22.9506098468081 -2.39999999999999 3.49 2 -7.95060984680808 5.49 -7.95060984680808 2 -12.0493901531919 5.49 -12.0493901531919 2 1 3 2 3 4 
254 252 1 0 0.000497308798697858
-23.4 8 13 -23.4019889260497 8.07975341705712 13 -23.4079507594154 8.15930855455331 13 -23.4178706780398 8.23846762588188 13 -23.4317240194423 8.31703382911904 13 -23.4494763420335 8.39481183630447 13 -23.4710835107422 8.47160827905745 13 -23.4964918067425 8.54723222932107 13 -23.5256380610073 8.62149567403951 13 -23.5584498113561 8.69421398258809 13 -23.5948454826076 8.76520636579411 13 -23.6347345893886 8.8342963254072 13 -23.6780179610944 8.9013120929018 13 -23.7245879884433 8.96608705652076 13 -23.7743288910096 9.02846017549846 13 -23.8271170050723 9.08827638043347 13 -23.8828210910623 9.14538695881555 13 -23.941302659845 9.19964992474837 13 -24.002416317026 9.25093037194885 13 -24.0660101244243 9.29910080914537 13 -24.1319259778148 9.34404147704123 13 -24.2 9.3856406460551 13 -24.2700629482349 9.42379489409835 13 -24.341940634991 9.45840936369868 13 -24.4154543610138 9.48939799783073 13 -24.4904213595973 9.51668375386741 13 -24.5666552509712 9.54019879512002 13 -24.6439665056699 9.55988465949092 13 -24.7221629157329 9.57569240481953 13 -24.801050072564 9.58758273056027 13 -24.8804318502617 9.59552607548989 13 -24.9601108932191 9.59950269120131 13 -25.0398891067809 9.59950269120131 13 -25.1195681497383 9.59552607548989 13 -25.198949927436 9.58758273056027 13 -25.2778370842671 9.57569240481953 13 -25.3560334943301 9.55988465949092 13 -25.4333447490288 9.54019879512002 13 -25.5095786404027 9.51668375386741 13 -25.5845456389862 9.48939799783073 13 -25.658059365009 9.45840936369868 13 -25.7299370517651 9.42379489409835 13 -25.8 9.3856406460551 13 -25.8680740221852 9.34404147704123 13 -25.9339898755757 9.29910080914537 13 -25.997583682974 9.25093037194885 13 -26.058697340155 9.19964992474837 13 -26.1171789089377 9.14538695881555 13 -26.1728829949277 9.08827638043347 13 -26.2256711089904 9.02846017549846 13 -26.2754120115567 8.96608705652076 13 -26.3219820389056 8.90131209290179 13 -26.3652654106114 8.83429632540719 13 -26.4051545173924 8.76520636579411 13 -26.4415501886439 8.69421398258809 13 -26.4743619389927 8.62149567403951 13 -26.5035081932575 8.54723222932107 13 -26.5289164892578 8.47160827905744 13 -26.5505236579665 8.39481183630447 13 -26.5682759805577 8.31703382911903 13 -26.5821293219602 8.23846762588187 13 -26.5920492405846 8.1593085545533 13 -26.5980110739503 8.07975341705711 13 -26.6 7.99999999999999 13 -26.5980110739503 7.92024658294288 13 -26.5920492405846 7.84069144544669 13 -26.5821293219602 7.76153237411811 13 -26.5682759805577 7.68296617088096 13 -26.5505236579665 7.60518816369552 13 -26.5289164892578 7.52839172094255 13 -26.5035081932575 7.45276777067892 13 -26.4743619389927 7.37850432596048 13 -26.4415501886439 7.3057860174119 13 -26.4051545173924 7.23479363420588 13 -26.3652654106114 7.1657036745928 13 -26.3219820389056 7.0986879070982 13 -26.2754120115567 7.03391294347923 13 -26.2256711089904 6.97153982450153 13 -26.1728829949277 6.91172361956652 13 -26.1171789089377 6.85461304118444 13 -26.058697340155 6.80035007525162 13 -25.997583682974 6.74906962805115 13 -25.9339898755757 6.70089919085462 13 -25.8680740221852 6.65595852295876 13 -25.8 6.61435935394489 13 -25.729937051765 6.57620510590164 13 -25.658059365009 6.54159063630132 13 -25.5845456389862 6.51060200216927 13 -25.5095786404027 6.48331624613258 13 -25.4333447490288 6.45980120487998 13 -25.3560334943301 6.44011534050908 13 -25.2778370842671 6.42430759518046 13 -25.198949927436 6.41241726943972 13 -25.1195681497383 6.40447392451011 13 -25.0398891067809 6.40049730879869 13 -24.9601108932191 6.40049730879869 13 -24.8804318502617 6.40447392451011 13 -24.801050072564 6.41241726943973 13 -24.7221629157329 6.42430759518047 13 -24.6439665056699 6.44011534050909 13 -24.5666552509712 6.45980120487999 13 -24.4904213595973 6.48331624613259 13 -24.4154543610138 6.51060200216928 13 -24.341940634991 6.54159063630133 13 -24.2700629482349 6.57620510590166 13 -24.2 6.61435935394491 13 -24.1319259778148 6.65595852295878 13 -24.0660101244243 6.70089919085464 13 -24.002416317026 6.74906962805116 13 -23.941302659845 6.80035007525164 13 -23.8828210910623 6.85461304118446 13 -23.8271170050723 6.91172361956654 13 -23.7743288910096 6.97153982450155 13 -23.7245879884433 7.03391294347925 13 -23.6780179610944 7.09868790709822 13 -23.6347345893885 7.16570367459282 13 -23.5948454826076 7.23479363420591 13 -23.5584498113561 7.30578601741193 13 -23.5256380610073 7.37850432596051 13 -23.4964918067425 7.45276777067895 13 -23.4710835107422 7.52839172094258 13 -23.4494763420335 7.60518816369555 13 -23.4317240194423 7.68296617088099 13 -23.4178706780398 7.76153237411815 13 -23.4079507594154 7.84069144544672 13 -23.4019889260497 7.92024658294291 13 -23.4 8 13 -23.4 8 0 -23.4019889260497 8.07975341705712 0 -23.4079507594154 8.15930855455331 0 -23.4178706780398 8.23846762588188 0 -23.4317240194423 8.31703382911904 0 -23.4494763420335 8.39481183630447 0 -23.4710835107422 8.47160827905745 0 -23.4964918067425 8.54723222932107 0 -23.5256380610073 8.62149567403951 0 -23.5584498113561 8.69421398258809 0 -23.5948454826076 8.76520636579411 0 -23.6347345893886 8.8342963254072 0 -23.6780179610944 8.9013120929018 0 -23.7245879884433 8.96608705652076 0 -23.7743288910096 9.02846017549846 0 -23.8271170050723 9.08827638043347 0 -23.8828210910623 9.14538695881555 0 -23.941302659845 9.19964992474837 0 -24.002416317026 9.25093037194885 0 -24.0660101244243 9.29910080914537 0 -24.1319259778148 9.34404147704123 0 -24.2 9.3856406460551 0 -24.2700629482349 9.42379489409835 0 -24.341940634991 9.45840936369868 0 -24.4154543610138 9.48939799783073 0 -24.4904213595973 9.51668375386741 0 -24.5666552509712 9.54019879512002 0 -24.6439665056699 9.55988465949092 0 -24.7221629157329 9.57569240481953 0 -24.801050072564 9.58758273056027 0 -24.8804318502617 9.59552607548989 0 -24.9601108932191 9.59950269120131 0 -25.0398891067809 9.59950269120131 0 -25.1195681497383 9.59552607548989 0 -25.198949927436 9.58758273056027 0 -25.2778370842671 9.57569240481953 0 -25.3560334943301 9.55988465949092 0 -25.4333447490288 9.54019879512002 0 -25.5095786404027 9.51668375386741 0 -25.5845456389862 9.48939799783073 0 -25.658059365009 9.45840936369868 0 -25.7299370517651 9.42379489409835 0 -25.8 9.3856406460551 0 -25.8680740221852 9.34404147704123 0 -25.9339898755757 9.29910080914537 0 -25.997583682974 9.25093037194885 0 -26.058697340155 9.19964992474837 0 -26.1171789089377 9.14538695881555 0 -26.1728829949277 9.08827638043347 0 -26.2256711089904 9.02846017549846 0 -26.2754120115567 8.96608705652076 0 -26.3219820389056 8.90131209290179 0 -26.3652654106114 8.83429632540719 0 -26.4051545173924 8.76520636579411 0 -26.4415501886439 8.69421398258809 0 -26.4743619389927 8.62149567403951 0 -26.5035081932575 8.54723222932107 0 -26.5289164892578 8.47160827905744 0 -26.5505236579665 8.39481183630447 0 -26.5682759805577 8.31703382911903 0 -26.5821293219602 8.23846762588187 0 -26.5920492405846 8.1593085545533 0 -26.5980110739503 8.07975341705711 0 -26.6 7.99999999999999 0 -26.5980110739503 7.92024658294288 0 -26.5920492405846 7.84069144544669 0 -26.5821293219602 7.76153237411811 0 -26.5682759805577 7.68296617088096 0 -26.5505236579665 7.60518816369552 0 -26.5289164892578 7.52839172094255 0 -26.5035081932575 7.45276777067892 0 -26.4743619389927 7.37850432596048 0 -26.4415501886439 7.3057860174119 0 -26.4051545173924 7.23479363420588 0 -26.3652654106114 7.1657036745928 0 -26.3219820389056 7.0986879070982 0 -26.2754120115567 7.03391294347923 0 -26.2256711089904 6.97153982450153 0 -26.1728829949277 6.91172361956652 0 -26.1171789089377 6.85461304118444 0 -26.058697340155 6.80035007525162 0 -25.997583682974 6.74906962805115 0 -25.9339898755757 6.70089919085462 0 -25.8680740221852 6.65595852295876 0 -25.8 6.61435935394489 0 -25.729937051765 6.57620510590164 0 -25.658059365009 6.54159063630132 0 -25.5845456389862 6.51060200216927 0 -25.5095786404027 6.48331624613258 0 -25.4333447490288 6.45980120487998 0 -25.3560334943301 6.44011534050908 0 -25.2778370842671 6.42430759518046 0 -25.198949927436 6.41241726943972 0 -25.1195681497383 6.40447392451011 0 -25.0398891067809 6.40049730879869 0 -24.9601108932191 6.40049730879869 0 -24.8804318502617 6.40447392451011 0 -24.801050072564 6.41241726943973 0 -24.7221629157329 6.42430759518047 0 -24.6439665056699 6.44011534050909 0 -24.5666552509712 6.45980120487999 0 -24.4904213595973 6.48331624613259 0 -24.4154543610138 6.51060200216928 0 -24.341940634991 6.54159063630133 0 -24.2700629482349 6.57620510590166 0 -24.2 6.61435935394491 0 -24.1319259778148 6.65595852295878 0 -24.0660101244243 6.70089919085464 0 -24.002416317026 6.74906962805116 0 -23.941302659845 6.80035007525164 0 -23.8828210910623 6.85461304118446 0 -23.8271170050723 6.91172361956654 0 -23.7743288910096 6.97153982450155 0 -23.7245879884433 7.03391294347925 0 -23.6780179610944 7.09868790709822 0 -23.6347345893885 7.16570367459282 0 -23.5948454826076 7.23479363420591 0 -23.5584498113561 7.30578601741193 0 -23.5256380610073 7.37850432596051 0 -23.4964918067425 7.45276777067895 0 -23.4710835107422 7.52839172094258 0 -23.4494763420335 7.60518816369555 0 -23.4317240194423 7.68296617088099 0 -23.4178706780398 7.76153237411815 0 -23.4079507594154 7.84069144544672 0 -23.4019889260497 7.92024658294291 0 -23.4 8 0 0 14 0.0498665500569808 14 0.0997331001139617 14 0.149599650170943 14 0.199466200227923 14 0.249332750284904 14 0.299199300341885 14 0.349065850398866 14 0.398932400455847 14 0.448798950512828 14 0.498665500569808 14 0.548532050626789 14 0.59839860068377 14 0.648265150740751 14 0.698131700797732 14 0.747998250854712 14 0.797864800911693 14 0.847731350968674 14 0.897597901025655 14 0.947464451082636 14 0.997331001139617 14 1.0471975511966 14 1.09706410125358 14 1.14693065131056 14 1.19679720136754 14 1.24666375142452 14 1.2965303014815 14 1.34639685153848 14 1.39626340159546 14 1.44612995165244 14 1.49599650170942 14 1.54586305176641 14 1.59572960182339 14 1.64559615188037 14 1.69546270193735 14 1.74532925199433 14 1.79519580205131 14 1.84506235210829 14 1.89492890216527 14 1.94479545222225 14 1.99466200227923 14 2.04452855233621 14 2.09439510239319 14 2.14426165245018 14 2.19412820250716 14 2.24399475256414 14 2.29386130262112 14 2.3437278526781 14 2.39359440273508 14 2.44346095279206 14 2.49332750284904 14 2.54319405290602 14 2.59306060296301 14 2.64292715301999 14 2.69279370307697 14 2.74266025313395 14 2.79252680319093 14 2.84239335324791 14 2.89225990330489 14 2.94212645336187 14 2.99199300341885 14 3.04185955347583 14 3.09172610353282 14 3.1415926535898 14 3.19145920364678 14 3.24132575370376 14 3.29119230376074 14 3.34105885381772 14 3.3909254038747 14 3.44079195393168 14 3.49065850398866 14 3.54052505404564 14 3.59039160410263 14 3.64025815415961 14 3.69012470421659 14 3.73999125427357 14 3.78985780433055 14 3.83972435438753 14 3.88959090444451 14 3.93945745450149 14 3.98932400455847 14 4.03919055461546 14 4.08905710467244 14 4.13892365472942 14 4.1887902047864 14 4.23865675484338 14 4.28852330490036 14 4.33838985495734 14 4.38825640501432 14 4.4381229550713 14 4.48798950512828 14 4.53785605518527 14 4.58772260524225 14 4.63758915529923 14 4.68745570535621 14 4.73732225541319 14 4.78718880547017 14 4.83705535552715 14 4.88692190558413 14 4.93678845564111 14 4.9866550056981 14 5.03652155575508 14 5.08638810581206 14 5.13625465586904 14 5.18612120592602 14 5.235987755983 14 5.28585430603998 14 5.33572085609696 14 5.38558740615394 14 5.43545395621092 14 5.48532050626791 14 5.53518705632489 14 5.58505360638187 14 5.63492015643885 14 5.68478670649583 14 5.73465325655281 14 5.78451980660979 14 5.83438635666677 14 5.88425290672375 14 5.93411945678073 14 5.98398600683772 14 6.0338525568947 14 6.08371910695168 14 6.13358565700866 14 6.18345220706564 14 6.23331875712262 14 6.28318530717959 14 0 1 0.0498665500569808 1 0.0997331001139617 1 0.149599650170943 1 0.199466200227923 1 0.249332750284904 1 0.299199300341885 1 0.349065850398866 1 0.398932400455847 1 0.448798950512828 1 0.498665500569808 1 0.548532050626789 1 0.59839860068377 1 0.648265150740751 1 0.698131700797732 1 0.747998250854712 1 0.797864800911693 1 0.847731350968674 1 0.897597901025655 1 0.947464451082636 1 0.997331001139617 1 1.0471975511966 1 1.09706410125358 1 1.14693065131056 1 1.19679720136754 1 1.24666375142452 1 1.2965303014815 1 1.34639685153848 1 1.39626340159546 1 1.44612995165244 1 1.49599650170942 1 1.54586305176641 1 1.59572960182339 1 1.64559615188037 1 1.69546270193735 1 1.74532925199433 1 1.79519580205131 1 1.84506235210829 1 1.89492890216527 1 1.94479545222225 1 1.99466200227923 1 2.04452855233621 1 2.09439510239319 1 2.14426165245018 1 2.19412820250716 1 2.24399475256414 1 2.29386130262112 1 2.3437278526781 1 2.39359440273508 1 2.44346095279206 1 2.49332750284904 1 2.54319405290602 1 2.59306060296301 1 2.64292715301999 1 2.69279370307697 1 2.74266025313395 1 2.79252680319093 1 2.84239335324791 1 2.89225990330489 1 2.94212645336187 1 2.99199300341885 1 3.04185955347583 1 3.09172610353282 1 3.1415926535898 1 3.19145920364678 1 3.24132575370376 1 3.29119230376074 1 3.34105885381772 1 3.3909254038747 1 3.44079195393168 1 3.49065850398866 1 3.54052505404564 1 3.59039160410263 1 3.64025815415961 1 3.69012470421659 1 3.73999125427357 1 3.78985780433055 1 3.83972435438753 1 3.88959090444451 1 3.93945745450149 1 3.98932400455847 1 4.03919055461546 1 4.08905710467244 1 4.13892365472942 1 4.1887902047864 1 4.23865675484338 1 4.28852330490036 1 4.33838985495734 1 4.38825640501432 1 4.4381229550713 1 4.48798950512828 1 4.53785605518527 1 4.58772260524225 1 4.63758915529923 1 4.68745570535621 1 4.73732225541319 1 4.78718880547017 1 4.83705535552715 1 4.88692190558413 1 4.93678845564111 1 4.9866550056981 1 5.03652155575508 1 5.08638810581206 1 5.13625465586904 1 5.18612120592602 1 5.235987755983 1 5.28585430603998 1 5.33572085609696 1 5.38558740615394 1 5.43545395621092 1 5.48532050626791 1 5.53518705632489 1 5.58505360638187 1 5.63492015643885 1 5.68478670649583 1 5.73465325655281 1 5.78451980660979 1 5.83438635666677 1 5.88425290672375 1 5.93411945678073 1 5.98398600683772 1 6.0338525568947 1 6.08371910695168 1 6.13358565700866 1 6.18345220706564 1 6.23331875712262 1 6.28318530717959 1 1 128 129 2 129 130 2 1 129 3 2 130 4 130 131 4 3 130 5 131 132 5 4 131 6 132 133 6 133 134 6 5 132 7 6 134 8 134 135 8 135 136 8 7 134 9 8 136 10 136 137 10 137 138 10 9 136 11 138 139 11 10 138 12 11 139 13 12 139 13 139 140 13 140 141 14 13 141 15 14 141 15 141 142 15 142 143 16 15 143 17 16 143 17 143 144 18 17 144 18 144 145 19 18 145 19 145 146 20 19 146 20 146 147 21 20 147 21 147 148 22 21 148 22 148 149 23 22 149 23 149 150 24 150 151 24 23 150 25 151 152 25 24 151 26 152 153 26 153 154 26 25 152 27 26 154 28 154 155 28 27 154 29 155 156 29 28 155 30 156 157 30 29 156 31 157 158 31 30 157 32 158 159 32 31 158 33 159 160 33 32 159 34 160 161 34 33 160 35 161 162 35 34 161 36 162 163 36 35 162 37 163 164 37 36 163 38 37 164 38 164 165 39 38 165 39 165 166 40 39 166 40 166 167 41 40 167 41 167 168 42 41 168 42 168 169 42 169 170 43 42 170 44 43 170 44 170 171 45 44 171 45 171 172 46 45 172 46 172 173 46 173 174 47 46 174 48 47 174 48 174 175 49 48 175 49 175 176 49 176 177 50 49 177 51 50 177 51 177 178 52 51 178 52 178 179 52 179 180 53 52 180 53 180 181 54 53 181 54 181 182 55 54 182 56 55 182 56 182 183 57 56 183 57 183 184 57 184 185 58 57 185 59 185 186 59 186 187 59 58 185 60 59 187 61 187 188 61 60 187 62 188 189 62 189 190 62 61 188 63 62 190 64 63 190 64 190 191 65 64 191 65 191 192 65 192 193 66 65 193 67 66 193 67 193 194 68 67 194 68 194 195 68 195 196 69 68 196 70 69 196 70 196 197 70 197 198 71 70 198 72 71 198 72 198 199 72 199 200 73 72 200 74 73 200 74 200 201 75 202 203 75 74 201 75 201 202 76 75 203 77 203 204 77 76 203 78 204 205 78 205 206 78 77 204 79 78 206 80 206 207 80 79 206 81 207 208 81 80 207 82 208 209 82 81 208 83 209 210 83 210 211 83 82 209 84 83 211 85 211 212 85 84 211 86 212 213 86 85 212 87 213 214 87 214 215 87 86 213 88 87 215 88 215 216 89 88 216 90 89 216 90 216 217 91 90 217 91 217 218 92 91 218 92 218 219 93 219 220 93 92 219 94 220 221 94 93 220 95 221 222 95 222 223 95 94 221 96 95 223 97 223 224 97 96 223 98 224 225 98 225 226 98 97 224 99 98 226 100 226 227 100 227 228 100 99 226 101 100 228 101 228 229 102 101 229 103 229 230 103 102 229 104 230 231 104 231 232 104 103 230 105 104 232 106 232 233 106 105 232 107 233 234 107 234 235 107 106 233 108 107 235 109 235 236 109 108 235 110 236 237 110 109 236 111 237 238 111 238 239 111 110 237 112 111 239 113 112 239 113 239 240 114 113 240 114 240 241 114 241 242 115 114 242 116 115 242 116 242 243 117 116 243 117 243 244 117 244 245 118 117 245 118 245 246 119 118 246 120 119 246 120 246 247 120 247 248 121 120 248 121 248 249 122 121 249 123 122 249 123 249 250 123 250 251 124 123 251 125 251 252 125 124 251 126 252 253 126 125 252 127 253 254 127 126 253 
254 252 1 0 0.000512849698654497
1.65 8 13 1.64794892001122 8.08224571134015 13 1.64180077935291 8.1642869468831 13 1.63157086327146 8.24591973919069 13 1.6172846049501 8.32694113627901 13 1.59897752227798 8.40714970618899 13 1.57669512954713 8.48634603777799 13 1.55049282429675 8.56433323648735 13 1.52043574958617 8.64091741385325 13 1.48659863203899 8.71590816954397 13 1.44906559606088 8.78911906472518 13 1.40792995469306 8.86036808557617 13 1.36329397762139 8.92947809580498 13 1.31526863691782 8.99627727703704 13 1.26397333114631 9.06059955598279 13 1.20953558851921 9.12228501732202 13 1.15209074984202 9.18118030127854 13 1.09178163203482 9.23713898489676 13 1.02875817306691 9.29002194607225 13 0.963177059187404 9.33969770943116 13 0.895201335378503 9.38604277319877 13 0.825000000000001 9.42894191624432 13 0.752747584632719 9.46828848453892 13 0.67862372016551 9.50398465631426 13 0.602812690204552 9.53594168526294 13 0.52550297291528 9.56408012117577 13 0.446886772435959 9.58833000746752 13 0.36715954102792 9.60863105510001 13 0.286519493150436 9.62493279247014 13 0.205167112668351 9.63719469089028 13 0.123304654417601 9.64538626534895 13 0.0411356413678212 9.64948715030135 13 -0.0411356413678192 9.64948715030135 13 -0.123304654417599 9.64538626534895 13 -0.205167112668349 9.63719469089028 13 -0.286519493150434 9.62493279247014 13 -0.367159541027918 9.60863105510001 13 -0.446886772435957 9.58833000746752 13 -0.525502972915278 9.56408012117577 13 -0.602812690204551 9.53594168526294 13 -0.678623720165508 9.50398465631426 13 -0.752747584632718 9.46828848453892 13 -0.824999999999999 9.42894191624432 13 -0.895201335378502 9.38604277319877 13 -0.963177059187403 9.33969770943116 13 -1.02875817306691 9.29002194607225 13 -1.09178163203482 9.23713898489676 13 -1.15209074984202 9.18118030127853 13 -1.20953558851921 9.12228501732202 13 -1.26397333114631 9.06059955598279 13 -1.31526863691782 8.99627727703704 13 -1.36329397762139 8.92947809580497 13 -1.40792995469306 8.86036808557617 13 -1.44906559606088 8.78911906472517 13 -1.48659863203899 8.71590816954397 13 -1.52043574958617 8.64091741385324 13 -1.55049282429675 8.56433323648735 13 -1.57669512954713 8.48634603777799 13 -1.59897752227798 8.40714970618898 13 -1.6172846049501 8.326941136279 13 -1.63157086327146 8.24591973919068 13 -1.64180077935291 8.16428694688309 13 -1.64794892001122 8.08224571134014 13 -1.65 7.99999999999999 13 -1.64794892001122 7.91775428865984 13 -1.64180077935291 7.8357130531169 13 -1.63157086327146 7.75408026080931 13 -1.6172846049501 7.67305886372099 13 -1.59897752227798 7.59285029381101 13 -1.57669512954713 7.513653962222 13 -1.55049282429675 7.43566676351264 13 -1.52043574958617 7.35908258614675 13 -1.48659863203899 7.28409183045602 13 -1.44906559606087 7.21088093527482 13 -1.40792995469305 7.13963191442382 13 -1.36329397762139 7.07052190419502 13 -1.31526863691782 7.00372272296295 13 -1.26397333114631 6.9394004440172 13 -1.20953558851921 6.87771498267798 13 -1.15209074984201 6.81881969872146 13 -1.09178163203481 6.76286101510323 13 -1.0287581730669 6.70997805392774 13 -0.963177059187394 6.66030229056883 13 -0.895201335378493 6.61395722680122 13 -0.824999999999989 6.57105808375567 13 -0.752747584632708 6.53171151546107 13 -0.678623720165497 6.49601534368573 13 -0.602812690204539 6.46405831473706 13 -0.525502972915266 6.43591987882423 13 -0.446886772435945 6.41166999253248 13 -0.367159541027905 6.39136894489999 13 -0.286519493150421 6.37506720752985 13 -0.205167112668336 6.36280530910971 13 -0.123304654417585 6.35461373465105 13 -0.0411356413678046 6.35051284969865 13 0.0411356413678362 6.35051284969865 13 0.123304654417616 6.35461373465105 13 0.205167112668367 6.36280530910972 13 0.286519493150452 6.37506720752986 13 0.367159541027936 6.39136894489999 13 0.446886772435975 6.41166999253248 13 0.525502972915296 6.43591987882424 13 0.602812690204569 6.46405831473707 13 0.678623720165526 6.49601534368575 13 0.752747584632736 6.53171151546108 13 0.825000000000017 6.57105808375569 13 0.895201335378519 6.61395722680124 13 0.963177059187419 6.66030229056885 13 1.02875817306693 6.70997805392776 13 1.09178163203483 6.76286101510325 13 1.15209074984203 6.81881969872148 13 1.20953558851923 6.877714982678 13 1.26397333114633 6.93940044401723 13 1.31526863691784 7.00372272296298 13 1.3632939776214 7.07052190419504 13 1.40792995469307 7.13963191442385 13 1.44906559606089 7.21088093527484 13 1.486598632039 7.28409183045605 13 1.52043574958618 7.35908258614678 13 1.55049282429676 7.43566676351267 13 1.57669512954714 7.51365396222203 13 1.59897752227798 7.59285029381104 13 1.6172846049501 7.67305886372102 13 1.63157086327147 7.75408026080934 13 1.64180077935291 7.83571305311693 13 1.64794892001122 7.91775428865988 13 1.65 8 13 1.65 8 0 1.64794892001122 8.08224571134015 0 1.64180077935291 8.1642869468831 0 1.63157086327146 8.24591973919069 0 1.6172846049501 8.32694113627901 0 1.59897752227798 8.40714970618899 0 1.57669512954713 8.48634603777799 0 1.55049282429675 8.56433323648735 0 1.52043574958617 8.64091741385325 0 1.48659863203899 8.71590816954397 0 1.44906559606088 8.78911906472518 0 1.40792995469306 8.86036808557617 0 1.36329397762139 8.92947809580498 0 1.31526863691782 8.99627727703704 0 1.26397333114631 9.06059955598279 0 1.20953558851921 9.12228501732202 0 1.15209074984202 9.18118030127854 0 1.09178163203482 9.23713898489676 0 1.02875817306691 9.29002194607225 0 0.963177059187404 9.33969770943116 0 0.895201335378503 9.38604277319877 0 0.825000000000001 9.42894191624432 0 0.752747584632719 9.46828848453892 0 0.67862372016551 9.50398465631426 0 0.602812690204552 9.53594168526294 0 0.52550297291528 9.56408012117577 0 0.446886772435959 9.58833000746752 0 0.36715954102792 9.60863105510001 0 0.286519493150436 9.62493279247014 0 0.205167112668351 9.63719469089028 0 0.123304654417601 9.64538626534895 0 0.0411356413678212 9.64948715030135 0 -0.0411356413678192 9.64948715030135 0 -0.123304654417599 9.64538626534895 0 -0.205167112668349 9.63719469089028 0 -0.286519493150434 9.62493279247014 0 -0.367159541027918 9.60863105510001 0 -0.446886772435957 9.58833000746752 0 -0.525502972915278 9.56408012117577 0 -0.602812690204551 9.53594168526294 0 -0.678623720165508 9.50398465631426 0 -0.752747584632718 9.46828848453892 0 -0.824999999999999 9.42894191624432 0 -0.895201335378502 9.38604277319877 0 -0.963177059187403 9.33969770943116 0 -1.02875817306691 9.29002194607225 0 -1.09178163203482 9.23713898489676 0 -1.15209074984202 9.18118030127853 0 -1.20953558851921 9.12228501732202 0 -1.26397333114631 9.06059955598279 0 -1.31526863691782 8.99627727703704 0 -1.36329397762139 8.92947809580497 0 -1.40792995469306 8.86036808557617 0 -1.44906559606088 8.78911906472517 0 -1.48659863203899 8.71590816954397 0 -1.52043574958617 8.64091741385324 0 -1.55049282429675 8.56433323648735 0 -1.57669512954713 8.48634603777799 0 -1.59897752227798 8.40714970618898 0 -1.6172846049501 8.326941136279 0 -1.63157086327146 8.24591973919068 0 -1.64180077935291 8.16428694688309 0 -1.64794892001122 8.08224571134014 0 -1.65 7.99999999999999 0 -1.64794892001122 7.91775428865984 0 -1.64180077935291 7.8357130531169 0 -1.63157086327146 7.75408026080931 0 -1.6172846049501 7.67305886372099 0 -1.59897752227798 7.59285029381101 0 -1.57669512954713 7.513653962222 0 -1.55049282429675 7.43566676351264 0 -1.52043574958617 7.35908258614675 0 -1.48659863203899 7.28409183045602 0 -1.44906559606087 7.21088093527482 0 -1.40792995469305 7.13963191442382 0 -1.36329397762139 7.07052190419502 0 -1.31526863691782 7.00372272296295 0 -1.26397333114631 6.9394004440172 0 -1.20953558851921 6.87771498267798 0 -1.15209074984201 6.81881969872146 0 -1.09178163203481 6.76286101510323 0 -1.0287581730669 6.70997805392774 0 -0.963177059187394 6.66030229056883 0 -0.895201335378493 6.61395722680122 0 -0.824999999999989 6.57105808375567 0 -0.752747584632708 6.53171151546107 0 -0.678623720165497 6.49601534368573 0 -0.602812690204539 6.46405831473706 0 -0.525502972915266 6.43591987882423 0 -0.446886772435945 6.41166999253248 0 -0.367159541027905 6.39136894489999 0 -0.286519493150421 6.37506720752985 0 -0.205167112668336 6.36280530910971 0 -0.123304654417585 6.35461373465105 0 -0.0411356413678046 6.35051284969865 0 0.0411356413678362 6.35051284969865 0 0.123304654417616 6.35461373465105 0 0.205167112668367 6.36280530910972 0 0.286519493150452 6.37506720752986 0 0.367159541027936 6.39136894489999 0 0.446886772435975 6.41166999253248 0 0.525502972915296 6.43591987882424 0 0.602812690204569 6.46405831473707 0 0.678623720165526 6.49601534368575 0 0.752747584632736 6.53171151546108 0 0.825000000000017 6.57105808375569 0 0.895201335378519 6.61395722680124 0 0.963177059187419 6.66030229056885 0 1.02875817306693 6.70997805392776 0 1.09178163203483 6.76286101510325 0 1.15209074984203 6.81881969872148 0 1.20953558851923 6.877714982678 0 1.26397333114633 6.93940044401723 0 1.31526863691784 7.00372272296298 0 1.3632939776214 7.07052190419504 0 1.40792995469307 7.13963191442385 0 1.44906559606089 7.21088093527484 0 1.486598632039 7.28409183045605 0 1.52043574958618 7.35908258614678 0 1.55049282429676 7.43566676351267 0 1.57669512954714 7.51365396222203 0 1.59897752227798 7.59285029381104 0 1.6172846049501 7.67305886372102 0 1.63157086327147 7.75408026080934 0 1.64180077935291 7.83571305311693 0 1.64794892001122 7.91775428865988 0 1.65 8 0 0 14 0.0498665500569808 14 0.0997331001139617 14 0.149599650170943 14 0.199466200227923 14 0.249332750284904 14 0.299199300341885 14 0.349065850398866 14 0.398932400455847 14 0.448798950512828 14 0.498665500569808 14 0.548532050626789 14 0.59839860068377 14 0.648265150740751 14 0.698131700797732 14 0.747998250854712 14 0.797864800911693 14 0.847731350968674 14 0.897597901025655 14 0.947464451082636 14 0.997331001139617 14 1.0471975511966 14 1.09706410125358 14 1.14693065131056 14 1.19679720136754 14 1.24666375142452 14 1.2965303014815 14 1.34639685153848 14 1.39626340159546 14 1.44612995165244 14 1.49599650170942 14 1.54586305176641 14 1.59572960182339 14 1.64559615188037 14 1.69546270193735 14 1.74532925199433 14 1.79519580205131 14 1.84506235210829 14 1.89492890216527 14 1.94479545222225 14 1.99466200227923 14 2.04452855233621 14 2.09439510239319 14 2.14426165245018 14 2.19412820250716 14 2.24399475256414 14 2.29386130262112 14 2.3437278526781 14 2.39359440273508 14 2.44346095279206 14 2.49332750284904 14 2.54319405290602 14 2.59306060296301 14 2.64292715301999 14 2.69279370307697 14 2.74266025313395 14 2.79252680319093 14 2.84239335324791 14 2.89225990330489 14 2.94212645336187 14 2.99199300341885 14 3.04185955347583 14 3.09172610353282 14 3.1415926535898 14 3.19145920364678 14 3.24132575370376 14 3.29119230376074 14 3.34105885381772 14 3.3909254038747 14 3.44079195393168 14 3.49065850398866 14 3.54052505404564 14 3.59039160410263 14 3.64025815415961 14 3.69012470421659 14 3.73999125427357 14 3.78985780433055 14 3.83972435438753 14 3.88959090444451 14 3.93945745450149 14 3.98932400455847 14 4.03919055461546 14 4.08905710467244 14 4.13892365472942 14 4.1887902047864 14 4.23865675484338 14 4.28852330490036 14 4.33838985495734 14 4.38825640501432 14 4.4381229550713 14 4.48798950512828 14 4.53785605518527 14 4.58772260524225 14 4.63758915529923 14 4.68745570535621 14 4.73732225541319 14 4.78718880547017 14 4.83705535552715 14 4.88692190558413 14 4.93678845564111 14 4.9866550056981 14 5.03652155575508 14 5.08638810581206 14 5.13625465586904 14 5.18612120592602 14 5.235987755983 14 5.28585430603998 14 5.33572085609696 14 5.38558740615394 14 5.43545395621092 14 5.48532050626791 14 5.53518705632489 14 5.58505360638187 14 5.63492015643885 14 5.68478670649583 14 5.73465325655281 14 5.78451980660979 14 5.83438635666677 14 5.88425290672375 14 5.93411945678073 14 5.98398600683772 14 6.0338525568947 14 6.08371910695168 14 6.13358565700866 14 6.18345220706564 14 6.23331875712262 14 6.28318530717959 14 0 1 0.0498665500569808 1 0.0997331001139617 1 0.149599650170943 1 0.199466200227923 1 0.249332750284904 1 0.299199300341885 1 0.349065850398866 1 0.398932400455847 1 0.448798950512828 1 0.498665500569808 1 0.548532050626789 1 0.59839860068377 1 0.648265150740751 1 0.698131700797732 1 0.747998250854712 1 0.797864800911693 1 0.847731350968674 1 0.897597901025655 1 0.947464451082636 1 0.997331001139617 1 1.0471975511966 1 1.09706410125358 1 1.14693065131056 1 1.19679720136754 1 1.24666375142452 1 1.2965303014815 1 1.34639685153848 1 1.39626340159546 1 1.44612995165244 1 1.49599650170942 1 1.54586305176641 1 1.59572960182339 1 1.64559615188037 1 1.69546270193735 1 1.74532925199433 1 1.79519580205131 1 1.84506235210829 1 1.89492890216527 1 1.94479545222225 1 1.99466200227923 1 2.04452855233621 1 2.09439510239319 1 2.14426165245018 1 2.19412820250716 1 2.24399475256414 1 2.29386130262112 1 2.3437278526781 1 2.39359440273508 1 2.44346095279206 1 2.49332750284904 1 2.54319405290602 1 2.59306060296301 1 2.64292715301999 1 2.69279370307697 1 2.74266025313395 1 2.79252680319093 1 2.84239335324791 1 2.89225990330489 1 2.94212645336187 1 2.99199300341885 1 3.04185955347583 1 3.09172610353282 1 3.1415926535898 1 3.19145920364678 1 3.24132575370376 1 3.29119230376074 1 3.34105885381772 1 3.3909254038747 1 3.44079195393168 1 3.49065850398866 1 3.54052505404564 1 3.59039160410263 1 3.64025815415961 1 3.69012470421659 1 3.73999125427357 1 3.78985780433055 1 3.83972435438753 1 3.88959090444451 1 3.93945745450149 1 3.98932400455847 1 4.03919055461546 1 4.08905710467244 1 4.13892365472942 1 4.1887902047864 1 4.23865675484338 1 4.28852330490036 1 4.33838985495734 1 4.38825640501432 1 4.4381229550713 1 4.48798950512828 1 4.53785605518527 1 4.58772260524225 1 4.63758915529923 1 4.68745570535621 1 4.73732225541319 1 4.78718880547017 1 4.83705535552715 1 4.88692190558413 1 4.93678845564111 1 4.9866550056981 1 5.03652155575508 1 5.08638810581206 1 5.13625465586904 1 5.18612120592602 1 5.235987755983 1 5.28585430603998 1 5.33572085609696 1 5.38558740615394 1 5.43545395621092 1 5.48532050626791 1 5.53518705632489 1 5.58505360638187 1 5.63492015643885 1 5.68478670649583 1 5.73465325655281 1 5.78451980660979 1 5.83438635666677 1 5.88425290672375 1 5.93411945678073 1 5.98398600683772 1 6.0338525568947 1 6.08371910695168 1 6.13358565700866 1 6.18345220706564 1 6.23331875712262 1 6.28318530717959 1 1 128 129 2 129 130 2 1 129 3 2 130 4 130 131 4 3 130 5 131 132 5 4 131 6 132 133 6 133 134 6 5 132 7 6 134 8 134 135 8 135 136 8 7 134 9 8 136 10 136 137 10 137 138 10 9 136 11 138 139 11 10 138 12 11 139 13 12 139 13 139 140 13 140 141 14 13 141 15 14 141 15 141 142 15 142 143 16 15 143 17 16 143 17 143 144 18 17 144 18 144 145 19 18 145 19 145 146 20 19 146 20 146 147 21 20 147 21 147 148 22 21 148 22 148 149 23 22 149 23 149 150 24 150 151 24 23 150 25 151 152 25 24 151 26 152 153 26 153 154 26 25 152 27 26 154 28 154 155 28 27 154 29 155 156 29 28 155 30 156 157 30 29 156 31 157 158 31 30 157 32 158 159 32 31 158 33 159 160 33 32 159 34 160 161 34 33 160 35 161 162 35 34 161 36 162 163 36 35 162 37 163 164 37 36 163 38 37 164 38 164 165 39 38 165 39 165 166 40 39 166 40 166 167 41 40 167 41 167 168 42 41 168 42 168 169 42 169 170 43 42 170 44 43 170 44 170 171 45 44 171 45 171 172 46 45 172 46 172 173 46 173 174 47 46 174 48 47 174 48 174 175 49 48 175 49 175 176 49 176 177 50 49 177 51 50 177 51 177 178 52 51 178 52 178 179 52 179 180 53 52 180 53 180 181 54 53 181 54 181 182 55 54 182 56 55 182 56 182 183 57 56 183 57 183 184 57 184 185 58 57 185 59 185 186 59 186 187 59 58 185 60 59 187 61 187 188 61 60 187 62 188 189 62 189 190 62 61 188 63 62 190 64 63 190 64 190 191 65 64 191 65 191 192 65 192 193 66 65 193 67 66 193 67 193 194 68 67 194 68 194 195 68 195 196 69 68 196 70 69 196 70 196 197 70 197 198 71 70 198 72 71 198 72 198 199 72 199 200 73 72 200 74 73 200 74 200 201 75 202 203 75 74 201 75 201 202 76 75 203 77 203 204 77 76 203 78 204 205 78 205 206 78 77 204 79 78 206 80 206 207 80 79 206 81 207 208 81 80 207 82 208 209 82 81 208 83 209 210 83 210 211 83 82 209 84 83 211 85 211 212 85 84 211 86 212 213 86 85 212 87 213 214 87 214 215 87 86 213 88 87 215 88 215 216 89 88 216 90 89 216 90 216 217 91 90 217 91 217 218 92 91 218 92 218 219 93 219 220 93 92 219 94 220 221 94 93 220 95 221 222 95 222 223 95 94 221 96 95 223 97 223 224 97 96 223 98 224 225 98 225 226 98 97 224 99 98 226 100 226 227 100 227 228 100 99 226 101 100 228 101 228 229 102 101 229 103 229 230 103 102 229 104 230 231 104 231 232 104 103 230 105 104 232 106 232 233 106 105 232 107 233 234 107 234 235 107 106 233 108 107 235 109 235 236 109 108 235 110 236 237 110 109 236 111 237 238 111 238 239 111 110 237 112 111 239 113 112 239 113 239 240 114 113 240 114 240 241 114 241 242 115 114 242 116 115 242 116 242 243 117 116 243 117 243 244 117 244 245 118 117 245 118 245 246 119 118 246 120 119 246 120 246 247 120 247 248 121 120 248 121 248 249 122 121 249 123 122 249 123 249 250 123 250 251 124 123 251 125 251 252 125 124 251 126 252 253 126 125 252 127 253 254 127 126 253 
254 252 1 0 0.000528390598616555
26.7 8 13 26.6978867660722 8.08473800562319 13 26.6915523181212 8.16926533921289 13 26.6810124045827 8.2533718524995 13 26.6662932293425 8.33684844343898 13 26.6474313865894 8.4194875760735 13 26.6244737698364 8.50108379649854 13 26.597477455336 8.58143424365364 13 26.5665095601797 8.66033915366698 13 26.5316470754341 8.73760235649985 13 26.4929766747294 8.81303176365624 13 26.4505944987747 8.88643984574515 13 26.4046059163372 8.95764409870816 13 26.355125262279 9.02646749755331 13 26.3022755533023 9.09273893646712 13 26.2461881821107 9.15629365421056 13 26.1870025907463 9.21697364374152 13 26.1248659239147 9.27462804504515 13 26.0599326631598 9.32911352019565 13 25.9923642427991 9.38029460971696 13 25.9223286485718 9.42804406935631 13 25.85 9.47224318643354 13 25.7755581175004 9.5127820749795 13 25.699188075322 9.54955994892984 13 25.6210797414229 9.58248537269515 13 25.5414273054279 9.61147648848412 13 25.4604287958431 9.63646121981502 13 25.3782855877257 9.6573774507091 13 25.2952019020338 9.67417318012075 13 25.2113842979007 9.68680665122029 13 25.1270411590969 9.69524645520801 13 25.0423821759547 9.69947160940139 13 24.9576178240453 9.69947160940139 13 24.8729588409031 9.69524645520801 13 24.7886157020993 9.68680665122029 13 24.7047980979662 9.67417318012075 13 24.6217144122743 9.6573774507091 13 24.5395712041569 9.63646121981502 13 24.4585726945721 9.61147648848412 13 24.3789202585771 9.58248537269515 13 24.300811924678 9.54955994892985 13 24.2244418824996 9.5127820749795 13 24.15 9.47224318643355 13 24.0776713514282 9.42804406935631 13 24.0076357572009 9.38029460971696 13 23.9400673368402 9.32911352019565 13 23.8751340760853 9.27462804504515 13 23.8129974092537 9.21697364374152 13 23.7538118178893 9.15629365421056 13 23.6977244466977 9.09273893646712 13 23.644874737721 9.02646749755331 13 23.5953940836628 8.95764409870816 13 23.5494055012253 8.88643984574514 13 23.5070233252706 8.81303176365624 13 23.4683529245659 8.73760235649985 13 23.4334904398203 8.66033915366698 13 23.402522544664 8.58143424365363 13 23.3755262301636 8.50108379649853 13 23.3525686134106 8.41948757607349 13 23.3337067706575 8.33684844343897 13 23.3189875954173 8.25337185249949 13 23.3084476818788 8.16926533921288 13 23.3021132339278 8.08473800562318 13 23.3 7.99999999999999 13 23.3021132339278 7.91526199437681 13 23.3084476818788 7.83073466078711 13 23.3189875954173 7.7466281475005 13 23.3337067706575 7.66315155656102 13 23.3525686134106 7.58051242392649 13 23.3755262301636 7.49891620350146 13 23.402522544664 7.41856575634636 13 23.4334904398203 7.33966084633301 13 23.4683529245659 7.26239764350014 13 23.5070233252706 7.18696823634375 13 23.5494055012253 7.11356015425485 13 23.5953940836628 7.04235590129183 13 23.644874737721 6.97353250244668 13 23.6977244466977 6.90726106353288 13 23.7538118178893 6.84370634578943 13 23.8129974092537 6.78302635625847 13 23.8751340760853 6.72537195495484 13 23.9400673368402 6.67088647980434 13 24.0076357572009 6.61970539028304 13 24.0776713514282 6.57195593064368 13 24.15 6.52775681356645 13 24.2244418824996 6.4872179250205 13 24.300811924678 6.45044005107015 13 24.3789202585771 6.41751462730485 13 24.4585726945722 6.38852351151587 13 24.5395712041569 6.36353878018498 13 24.6217144122743 6.3426225492909 13 24.7047980979662 6.32582681987924 13 24.7886157020993 6.31319334877971 13 24.8729588409031 6.30475354479199 13 24.9576178240453 6.30052839059861 13 25.0423821759547 6.30052839059861 13 25.1270411590969 6.30475354479199 13 25.2113842979007 6.31319334877971 13 25.2952019020338 6.32582681987925 13 25.3782855877258 6.3426225492909 13 25.4604287958431 6.36353878018498 13 25.5414273054279 6.38852351151588 13 25.6210797414229 6.41751462730486 13 25.6991880753221 6.45044005107016 13 25.7755581175004 6.48721792502051 13 25.85 6.52775681356646 13 25.9223286485718 6.5719559306437 13 25.9923642427992 6.61970539028306 13 26.0599326631599 6.67088647980436 13 26.1248659239147 6.72537195495487 13 26.1870025907463 6.78302635625849 13 26.2461881821107 6.84370634578945 13 26.3022755533023 6.9072610635329 13 26.355125262279 6.97353250244671 13 26.4046059163372 7.04235590129186 13 26.4505944987747 7.11356015425487 13 26.4929766747294 7.18696823634378 13 26.5316470754341 7.26239764350017 13 26.5665095601797 7.33966084633304 13 26.5974774553361 7.41856575634639 13 26.6244737698364 7.49891620350149 13 26.6474313865894 7.58051242392652 13 26.6662932293425 7.66315155656105 13 26.6810124045827 7.74662814750053 13 26.6915523181212 7.83073466078714 13 26.6978867660722 7.91526199437684 13 26.7 8 13 26.7 8 0 26.6978867660722 8.08473800562319 0 26.6915523181212 8.16926533921289 0 26.6810124045827 8.2533718524995 0 26.6662932293425 8.33684844343898 0 26.6474313865894 8.4194875760735 0 26.6244737698364 8.50108379649854 0 26.597477455336 8.58143424365364 0 26.5665095601797 8.66033915366698 0 26.5316470754341 8.73760235649985 0 26.4929766747294 8.81303176365624 0 26.4505944987747 8.88643984574515 0 26.4046059163372 8.95764409870816 0 26.355125262279 9.02646749755331 0 26.3022755533023 9.09273893646712 0 26.2461881821107 9.15629365421056 0 26.1870025907463 9.21697364374152 0 26.1248659239147 9.27462804504515 0 26.0599326631598 9.32911352019565 0 25.9923642427991 9.38029460971696 0 25.9223286485718 9.42804406935631 0 25.85 9.47224318643354 0 25.7755581175004 9.5127820749795 0 25.699188075322 9.54955994892984 0 25.6210797414229 9.58248537269515 0 25.5414273054279 9.61147648848412 0 25.4604287958431 9.63646121981502 0 25.3782855877257 9.6573774507091 0 25.2952019020338 9.67417318012075 0 25.2113842979007 9.68680665122029 0 25.1270411590969 9.69524645520801 0 25.0423821759547 9.69947160940139 0 24.9576178240453 9.69947160940139 0 24.8729588409031 9.69524645520801 0 24.7886157020993 9.68680665122029 0 24.7047980979662 9.67417318012075 0 24.6217144122743 9.6573774507091 0 24.5395712041569 9.63646121981502 0 24.4585726945721 9.61147648848412 0 24.3789202585771 9.58248537269515 0 24.300811924678 9.54955994892985 0 24.2244418824996 9.5127820749795 0 24.15 9.47224318643355 0 24.0776713514282 9.42804406935631 0 24.0076357572009 9.38029460971696 0 23.9400673368402 9.32911352019565 0 23.8751340760853 9.27462804504515 0 23.8129974092537 9.21697364374152 0 23.7538118178893 9.15629365421056 0 23.6977244466977 9.09273893646712 0 23.644874737721 9.02646749755331 0 23.5953940836628 8.95764409870816 0 23.5494055012253 8.88643984574514 0 23.5070233252706 8.81303176365624 0 23.4683529245659 8.73760235649985 0 23.4334904398203 8.66033915366698 0 23.402522544664 8.58143424365363 0 23.3755262301636 8.50108379649853 0 23.3525686134106 8.41948757607349 0 23.3337067706575 8.33684844343897 0 23.3189875954173 8.25337185249949 0 23.3084476818788 8.16926533921288 0 23.3021132339278 8.08473800562318 0 23.3 7.99999999999999 0 23.3021132339278 7.91526199437681 0 23.3084476818788 7.83073466078711 0 23.3189875954173 7.7466281475005 0 23.3337067706575 7.66315155656102 0 23.3525686134106 7.58051242392649 0 23.3755262301636 7.49891620350146 0 23.402522544664 7.41856575634636 0 23.4334904398203 7.33966084633301 0 23.4683529245659 7.26239764350014 0 23.5070233252706 7.18696823634375 0 23.5494055012253 7.11356015425485 0 23.5953940836628 7.04235590129183 0 23.644874737721 6.97353250244668 0 23.6977244466977 6.90726106353288 0 23.7538118178893 6.84370634578943 0 23.8129974092537 6.78302635625847 0 23.8751340760853 6.72537195495484 0 23.9400673368402 6.67088647980434 0 24.0076357572009 6.61970539028304 0 24.0776713514282 6.57195593064368 0 24.15 6.52775681356645 0 24.2244418824996 6.4872179250205 0 24.300811924678 6.45044005107015 0 24.3789202585771 6.41751462730485 0 24.4585726945722 6.38852351151587 0 24.5395712041569 6.36353878018498 0 24.6217144122743 6.3426225492909 0 24.7047980979662 6.32582681987924 0 24.7886157020993 6.31319334877971 0 24.8729588409031 6.30475354479199 0 24.9576178240453 6.30052839059861 0 25.0423821759547 6.30052839059861 0 25.1270411590969 6.30475354479199 0 25.2113842979007 6.31319334877971 0 25.2952019020338 6.32582681987925 0 25.3782855877258 6.3426225492909 0 25.4604287958431 6.36353878018498 0 25.5414273054279 6.38852351151588 0 25.6210797414229 6.41751462730486 0 25.6991880753221 6.45044005107016 0 25.7755581175004 6.48721792502051 0 25.85 6.52775681356646 0 25.9223286485718 6.5719559306437 0 25.9923642427992 6.61970539028306 0 26.0599326631599 6.67088647980436 0 26.1248659239147 6.72537195495487 0 26.1870025907463 6.78302635625849 0 26.2461881821107 6.84370634578945 0 26.3022755533023 6.9072610635329 0 26.355125262279 6.97353250244671 0 26.4046059163372 7.04235590129186 0 26.4505944987747 7.11356015425487 0 26.4929766747294 7.18696823634378 0 26.5316470754341 7.26239764350017 0 26.5665095601797 7.33966084633304 0 26.5974774553361 7.41856575634639 0 26.6244737698364 7.49891620350149 0 26.6474313865894 7.58051242392652 0 26.6662932293425 7.66315155656105 0 26.6810124045827 7.74662814750053 0 26.6915523181212 7.83073466078714 0 26.6978867660722 7.91526199437684 0 26.7 8 0 0 14 0.0498665500569808 14 0.0997331001139617 14 0.149599650170943 14 0.199466200227923 14 0.249332750284904 14 0.299199300341885 14 0.349065850398866 14 0.398932400455847 14 0.448798950512828 14 0.498665500569808 14 0.548532050626789 14 0.59839860068377 14 0.648265150740751 14 0.698131700797732 14 0.747998250854712 14 0.797864800911693 14 0.847731350968674 14 0.897597901025655 14 0.947464451082636 14 0.997331001139617 14 1.0471975511966 14 1.09706410125358 14 1.14693065131056 14 1.19679720136754 14 1.24666375142452 14 1.2965303014815 14 1.34639685153848 14 1.39626340159546 14 1.44612995165244 14 1.49599650170942 14 1.54586305176641 14 1.59572960182339 14 1.64559615188037 14 1.69546270193735 14 1.74532925199433 14 1.79519580205131 14 1.84506235210829 14 1.89492890216527 14 1.94479545222225 14 1.99466200227923 14 2.04452855233621 14 2.09439510239319 14 2.14426165245018 14 2.19412820250716 14 2.24399475256414 14 2.29386130262112 14 2.3437278526781 14 2.39359440273508 14 2.44346095279206 14 2.49332750284904 14 2.54319405290602 14 2.59306060296301 14 2.64292715301999 14 2.69279370307697 14 2.74266025313395 14 2.79252680319093 14 2.84239335324791 14 2.89225990330489 14 2.94212645336187 14 2.99199300341885 14 3.04185955347583 14 3.09172610353282 14 3.1415926535898 14 3.19145920364678 14 3.24132575370376 14 3.29119230376074 14 3.34105885381772 14 3.3909254038747 14 3.44079195393168 14 3.49065850398866 14 3.54052505404564 14 3.59039160410263 14 3.64025815415961 14 3.69012470421659 14 3.73999125427357 14 3.78985780433055 14 3.83972435438753 14 3.88959090444451 14 3.93945745450149 14 3.98932400455847 14 4.03919055461546 14 4.08905710467244 14 4.13892365472942 14 4.1887902047864 14 4.23865675484338 14 4.28852330490036 14 4.33838985495734 14 4.38825640501432 14 4.4381229550713 14 4.48798950512828 14 4.53785605518527 14 4.58772260524225 14 4.63758915529923 14 4.68745570535621 14 4.73732225541319 14 4.78718880547017 14 4.83705535552715 14 4.88692190558413 14 4.93678845564111 14 4.9866550056981 14 5.03652155575508 14 5.08638810581206 14 5.13625465586904 14 5.18612120592602 14 5.235987755983 14 5.28585430603998 14 5.33572085609696 14 5.38558740615394 14 5.43545395621092 14 5.48532050626791 14 5.53518705632489 14 5.58505360638187 14 5.63492015643885 14 5.68478670649583 14 5.73465325655281 14 5.78451980660979 14 5.83438635666677 14 5.88425290672375 14 5.93411945678073 14 5.98398600683772 14 6.0338525568947 14 6.08371910695168 14 6.13358565700866 14 6.18345220706564 14 6.23331875712262 14 6.28318530717959 14 0 1 0.0498665500569808 1 0.0997331001139617 1 0.149599650170943 1 0.199466200227923 1 0.249332750284904 1 0.299199300341885 1 0.349065850398866 1 0.398932400455847 1 0.448798950512828 1 0.498665500569808 1 0.548532050626789 1 0.59839860068377 1 0.648265150740751 1 0.698131700797732 1 0.747998250854712 1 0.797864800911693 1 0.847731350968674 1 0.897597901025655 1 0.947464451082636 1 0.997331001139617 1 1.0471975511966 1 1.09706410125358 1 1.14693065131056 1 1.19679720136754 1 1.24666375142452 1 1.2965303014815 1 1.34639685153848 1 1.39626340159546 1 1.44612995165244 1 1.49599650170942 1 1.54586305176641 1 1.59572960182339 1 1.64559615188037 1 1.69546270193735 1 1.74532925199433 1 1.79519580205131 1 1.84506235210829 1 1.89492890216527 1 1.94479545222225 1 1.99466200227923 1 2.04452855233621 1 2.09439510239319 1 2.14426165245018 1 2.19412820250716 1 2.24399475256414 1 2.29386130262112 1 2.3437278526781 1 2.39359440273508 1 2.44346095279206 1 2.49332750284904 1 2.54319405290602 1 2.59306060296301 1 2.64292715301999 1 2.69279370307697 1 2.74266025313395 1 2.79252680319093 1 2.84239335324791 1 2.89225990330489 1 2.94212645336187 1 2.99199300341885 1 3.04185955347583 1 3.09172610353282 1 3.1415926535898 1 3.19145920364678 1 3.24132575370376 1 3.29119230376074 1 3.34105885381772 1 3.3909254038747 1 3.44079195393168 1 3.49065850398866 1 3.54052505404564 1 3.59039160410263 1 3.64025815415961 1 3.69012470421659 1 3.73999125427357 1 3.78985780433055 1 3.83972435438753 1 3.88959090444451 1 3.93945745450149 1 3.98932400455847 1 4.03919055461546 1 4.08905710467244 1 4.13892365472942 1 4.1887902047864 1 4.23865675484338 1 4.28852330490036 1 4.33838985495734 1 4.38825640501432 1 4.4381229550713 1 4.48798950512828 1 4.53785605518527 1 4.58772260524225 1 4.63758915529923 1 4.68745570535621 1 4.73732225541319 1 4.78718880547017 1 4.83705535552715 1 4.88692190558413 1 4.93678845564111 1 4.9866550056981 1 5.03652155575508 1 5.08638810581206 1 5.13625465586904 1 5.18612120592602 1 5.235987755983 1 5.28585430603998 1 5.33572085609696 1 5.38558740615394 1 5.43545395621092 1 5.48532050626791 1 5.53518705632489 1 5.58505360638187 1 5.63492015643885 1 5.68478670649583 1 5.73465325655281 1 5.78451980660979 1 5.83438635666677 1 5.88425290672375 1 5.93411945678073 1 5.98398600683772 1 6.0338525568947 1 6.08371910695168 1 6.13358565700866 1 6.18345220706564 1 6.23331875712262 1 6.28318530717959 1 1 128 129 2 129 130 2 1 129 3 2 130 4 130 131 4 3 130 5 131 132 5 4 131 6 132 133 6 133 134 6 5 132 7 6 134 8 134 135 8 135 136 8 7 134 9 8 136 10 136 137 10 137 138 10 9 136 11 138 139 11 10 138 12 11 139 13 12 139 13 139 140 13 140 141 14 13 141 15 14 141 15 141 142 15 142 143 16 15 143 17 16 143 17 143 144 18 17 144 18 144 145 19 18 145 19 145 146 20 19 146 20 146 147 21 20 147 21 147 148 22 21 148 22 148 149 23 22 149 23 149 150 24 150 151 24 23 150 25 151 152 25 24 151 26 152 153 26 153 154 26 25 152 27 26 154 28 154 155 28 27 154 29 155 156 29 28 155 30 156 157 30 29 156 31 157 158 31 30 157 32 158 159 32 31 158 33 159 160 33 32 159 34 160 161 34 33 160 35 161 162 35 34 161 36 162 163 36 35 162 37 163 164 37 36 163 38 37 164 38 164 165 39 38 165 39 165 166 40 39 166 40 166 167 41 40 167 41 167 168 42 41 168 42 168 169 42 169 170 43 42 170 44 43 170 44 170 171 45 44 171 45 171 172 46 45 172 46 172 173 46 173 174 47 46 174 48 47 174 48 174 175 49 48 175 49 175 176 49 176 177 50 49 177 51 50 177 51 177 178 52 51 178 52 178 179 52 179 180 53 52 180 53 180 181 54 53 181 54 181 182 55 54 182 56 55 182 56 182 183 57 56 183 57 183 184 57 184 185 58 57 185 59 185 186 59 186 187 59 58 185 60 59 187 61 187 188 61 60 187 62 188 189 62 189 190 62 61 188 63 62 190 64 63 190 64 190 191 65 64 191 65 191 192 65 192 193 66 65 193 67 66 193 67 193 194 68 67 194 68 194 195 68 195 196 69 68 196 70 69 196 70 196 197 70 197 198 71 70 198 72 71 198 72 198 199 72 199 200 73 72 200 74 73 200 74 200 201 75 202 203 75 74 201 75 201 202 76 75 203 77 203 204 77 76 203 78 204 205 78 205 206 78 77 204 79 78 206 80 206 207 80 79 206 81 207 208 81 80 207 82 208 209 82 81 208 83 209 210 83 210 211 83 82 209 84 83 211 85 211 212 85 84 211 86 212 213 86 85 212 87 213 214 87 214 215 87 86 213 88 87 215 88 215 216 89 88 216 90 89 216 90 216 217 91 90 217 91 217 218 92 91 218 92 218 219 93 219 220 93 92 219 94 220 221 94 93 220 95 221 222 95 222 223 95 94 221 96 95 223 97 223 224 97 96 223 98 224 225 98 225 226 98 97 224 99 98 226 100 226 227 100 227 228 100 99 226 101 100 228 101 228 229 102 101 229 103 229 230 103 102 229 104 230 231 104 231 232 104 103 230 105 104 232 106 232 233 106 105 232 107 233 234 107 234 235 107 106 233 108 107 235 109 235 236 109 108 235 110 236 237 110 109 236 111 237 238 111 238 239 111 110 237 112 111 239 113 112 239 113 239 240 114 113 240 114 240 241 114 241 242 115 114 242 116 115 242 116 242 243 117 116 243 117 243 244 117 244 245 118 117 245 118 245 246 119 118 246 120 119 246 120 246 247 120 247 248 121 120 248 121 248 249 122 121 249 123 122 249 123 249 250 123 250 251 124 123 251 125 251 252 125 124 251 126 252 253 126 125 252 127 253 254 127 126 253 
252 252 1 0 7.32410687763558e-15
28.1 8 13 28.0961464557787 8.15452224554816 13 28.0845954036327 8.30866032444703 13 28.0653755612979 8.46203102514614 13 28.0385347123305 8.61425304391813 13 28.0041395873101 8.76494793283991 13 27.962275697937 8.9137410406738 13 27.9130471244363 9.06026244430957 13 27.8565762567983 9.20414786845155 13 27.7930034904975 9.34503959126443 13 27.7224868774477 9.48258733372609 13 27.6452017330597 9.61644913047644 13 27.5613402003796 9.74629217999723 13 27.4711107723911 9.87179367200898 13 27.3747377736688 9.99264159002827 13 27.2724608026725 10.1085354870898 13 27.1645341360668 10.2191872327051 13 27.0512260965503 10.3243217292 13 26.9328183857621 10.4236775956509 13 26.8096053839278 10.5170078177192 13 26.6818934179839 10.6040803617674 13 26.55 10.6846787517318 13 26.4142530377948 10.7586026073156 13 26.2749900197049 10.8256681421662 13 26.1325571755358 10.885708620797 13 25.9873086157802 10.9385747731181 13 25.8396054512433 10.984135165545 13 25.6898148952646 11.0222765277637 13 25.5383093507675 11.0529040343378 13 25.3854654844072 11.0759415404605 13 25.2316632901179 11.0913317712617 13 25.077285144388 11.0990364642025 13 24.922714855612 11.0990364642025 13 24.7683367098821 11.0913317712617 13 24.6145345155928 11.0759415404605 13 24.4616906492325 11.0529040343378 13 24.3101851047354 11.0222765277637 13 24.1603945487567 10.984135165545 13 24.0126913842198 10.9385747731181 13 23.8674428244642 10.885708620797 13 23.7250099802951 10.8256681421662 13 23.5857469622052 10.7586026073156 13 23.45 10.6846787517318 13 23.3181065820161 10.6040803617674 13 23.1903946160722 10.5170078177192 13 23.0671816142379 10.4236775956509 13 22.9487739034497 10.3243217292 13 22.8354658639332 10.2191872327051 13 22.7275391973275 10.1085354870898 13 22.6252622263312 9.99264159002827 13 22.5288892276089 9.87179367200898 13 22.4386597996204 9.74629217999723 13 22.3547982669403 9.61644913047644 13 22.2775131225523 9.48258733372608 13 22.2069965095025 9.34503959126443 13 22.1434237432017 9.20414786845155 13 22.0869528755637 9.06026244430957 13 22.037724302063 8.9137410406738 13 21.9958604126899 8.7649479328399 13 21.9614652876695 8.61425304391812 13 21.9346244387021 8.46203102514613 13 21.9154045963673 8.30866032444702 13 21.9038535442213 8.15452224554815 13 21.9 7.99999999999999 13 21.9038535442213 7.84547775445183 13 21.9154045963673 7.69133967555296 13 21.9346244387021 7.53796897485385 13 21.9614652876695 7.38574695608185 13 21.9958604126899 7.23505206716008 13 22.037724302063 7.08625895932618 13 22.0869528755637 6.93973755569041 13 22.1434237432017 6.79585213154843 13 22.2069965095025 6.65496040873556 13 22.2775131225523 6.5174126662739 13 22.3547982669403 6.38355086952354 13 22.4386597996204 6.25370782000276 13 22.5288892276089 6.12820632799101 13 22.6252622263312 6.00735840997171 13 22.7275391973276 5.89146451291013 13 22.8354658639332 5.78081276729486 13 22.9487739034498 5.67567827080001 13 23.0671816142379 5.57632240434909 13 23.1903946160722 5.48299218228083 13 23.3181065820162 5.3959196382326 13 23.45 5.31532124826823 13 23.5857469622052 5.24139739268444 13 23.7250099802951 5.1743318578338 13 23.8674428244642 5.11429137920296 13 24.0126913842198 5.06142522688188 13 24.1603945487567 5.01586483445496 13 24.3101851047355 4.97772347223634 13 24.4616906492325 4.94709596566215 13 24.6145345155928 4.92405845953946 13 24.7683367098821 4.90866822873834 13 24.922714855612 4.90096353579747 13 25.0772851443881 4.90096353579747 13 25.2316632901179 4.90866822873834 13 25.3854654844072 4.92405845953947 13 25.5383093507675 4.94709596566216 13 25.6898148952646 4.97772347223635 13 25.8396054512433 5.01586483445497 13 25.9873086157803 5.0614252268819 13 26.1325571755359 5.11429137920298 13 26.2749900197049 5.17433185783383 13 26.4142530377948 5.24139739268446 13 26.55 5.31532124826826 13 26.6818934179839 5.39591963823263 13 26.8096053839279 5.48299218228087 13 26.9328183857621 5.57632240434913 13 27.0512260965503 5.67567827080005 13 27.1645341360669 5.7808127672949 13 27.2724608026725 5.89146451291018 13 27.3747377736689 6.00735840997176 13 27.4711107723911 6.12820632799105 13 27.5613402003796 6.25370782000281 13 27.6452017330597 6.38355086952359 13 27.7224868774477 6.51741266627395 13 27.7930034904975 6.65496040873561 13 27.8565762567983 6.79585213154849 13 27.9130471244363 6.93973755569047 13 27.962275697937 7.08625895932624 13 28.0041395873102 7.23505206716013 13 28.0385347123305 7.38574695608191 13 28.0653755612979 7.53796897485391 13 28.0845954036328 7.69133967555302 13 28.0961464557787 7.84547775445189 13 26.7 8 13 26.6978867660722 8.08473800562319 13 26.6915523181212 8.16926533921289 13 26.6810124045827 8.2533718524995 13 26.6662932293425 8.33684844343898 13 26.6474313865894 8.4194875760735 13 26.6244737698364 8.50108379649854 13 26.597477455336 8.58143424365364 13 26.5665095601797 8.66033915366698 13 26.5316470754341 8.73760235649985 13 26.4929766747294 8.81303176365624 13 26.4505944987747 8.88643984574515 13 26.4046059163372 8.95764409870816 13 26.355125262279 9.02646749755331 13 26.3022755533023 9.09273893646712 13 26.2461881821107 9.15629365421056 13 26.1870025907463 9.21697364374152 13 26.1248659239147 9.27462804504515 13 26.0599326631598 9.32911352019565 13 25.9923642427991 9.38029460971696 13 25.9223286485718 9.42804406935631 13 25.85 9.47224318643354 13 25.7755581175004 9.5127820749795 13 25.699188075322 9.54955994892984 13 25.6210797414229 9.58248537269515 13 25.5414273054279 9.61147648848412 13 25.4604287958431 9.63646121981502 13 25.3782855877257 9.6573774507091 13 25.2952019020338 9.67417318012075 13 25.2113842979007 9.68680665122029 13 25.1270411590969 9.69524645520801 13 25.0423821759547 9.69947160940139 13 24.9576178240453 9.69947160940139 13 24.8729588409031 9.69524645520801 13 24.7886157020993 9.68680665122029 13 24.7047980979662 9.67417318012075 13 24.6217144122743 9.6573774507091 13 24.5395712041569 9.63646121981502 13 24.4585726945721 9.61147648848412 13 24.3789202585771 9.58248537269515 13 24.300811924678 9.54955994892985 13 24.2244418824996 9.5127820749795 13 24.15 9.47224318643355 13 24.0776713514282 9.42804406935631 13 24.0076357572009 9.38029460971696 13 23.9400673368402 9.32911352019565 13 23.8751340760853 9.27462804504515 13 23.8129974092537 9.21697364374152 13 23.7538118178893 9.15629365421056 13 23.6977244466977 9.09273893646712 13 23.644874737721 9.02646749755331 13 23.5953940836628 8.95764409870816 13 23.5494055012253 8.88643984574514 13 23.5070233252706 8.81303176365624 13 23.4683529245659 8.73760235649985 13 23.4334904398203 8.66033915366698 13 23.402522544664 8.58143424365363 13 23.3755262301636 8.50108379649853 13 23.3525686134106 8.41948757607349 13 23.3337067706575 8.33684844343897 13 23.3189875954173 8.25337185249949 13 23.3084476818788 8.16926533921288 13 23.3021132339278 8.08473800562318 13 23.3 7.99999999999999 13 23.3021132339278 7.91526199437681 13 23.3084476818788 7.83073466078711 13 23.3189875954173 7.7466281475005 13 23.3337067706575 7.66315155656102 13 23.3525686134106 7.58051242392649 13 23.3755262301636 7.49891620350146 13 23.402522544664 7.41856575634636 13 23.4334904398203 7.33966084633301 13 23.4683529245659 7.26239764350014 13 23.5070233252706 7.18696823634375 13 23.5494055012253 7.11356015425485 13 23.5953940836628 7.04235590129183 13 23.644874737721 6.97353250244668 13 23.6977244466977 6.90726106353288 13 23.7538118178893 6.84370634578943 13 23.8129974092537 6.78302635625847 13 23.8751340760853 6.72537195495484 13 23.9400673368402 6.67088647980434 13 24.0076357572009 6.61970539028304 13 24.0776713514282 6.57195593064368 13 24.15 6.52775681356645 13 24.2244418824996 6.4872179250205 13 24.300811924678 6.45044005107015 13 24.3789202585771 6.41751462730485 13 24.4585726945722 6.38852351151587 13 24.5395712041569 6.36353878018498 13 24.6217144122743 6.3426225492909 13 24.7047980979662 6.32582681987924 13 24.7886157020993 6.31319334877971 13 24.8729588409031 6.30475354479199 13 24.9576178240453 6.30052839059861 13 25.0423821759547 6.30052839059861 13 25.1270411590969 6.30475354479199 13 25.2113842979007 6.31319334877971 13 25.2952019020338 6.32582681987925 13 25.3782855877258 6.3426225492909 13 25.4604287958431 6.36353878018498 13 25.5414273054279 6.38852351151588 13 25.6210797414229 6.41751462730486 13 25.6991880753221 6.45044005107016 13 25.7755581175004 6.48721792502051 13 25.85 6.52775681356646 13 25.9223286485718 6.5719559306437 13 25.9923642427992 6.61970539028306 13 26.0599326631599 6.67088647980436 13 26.1248659239147 6.72537195495487 13 26.1870025907463 6.78302635625849 13 26.2461881821107 6.84370634578945 13 26.3022755533023 6.9072610635329 13 26.355125262279 6.97353250244671 13 26.4046059163372 7.04235590129186 13 26.4505944987747 7.11356015425487 13 26.4929766747294 7.18696823634378 13 26.5316470754341 7.26239764350017 13 26.5665095601797 7.33966084633304 13 26.5974774553361 7.41856575634639 13 26.6244737698364 7.49891620350149 13 26.6474313865894 7.58051242392652 13 26.6662932293425 7.66315155656105 13 26.6810124045827 7.74662814750053 13 26.6915523181212 7.83073466078714 13 26.6978867660722 7.91526199437684 13 3.1 -8.88178419700125e-16 3.09614645577866 0.154522245548161 3.08459540363275 0.308660324447032 3.0653755612979 0.462031025146141 3.03853471233049 0.614253043918133 3.00413958731014 0.76494793283991 2.96227569793704 0.913741040673804 2.91304712443632 1.06026244430957 2.85657625679826 1.20414786845155 2.7930034904975 1.34503959126443 2.72248687744771 1.48258733372609 2.64520173305968 1.61644913047645 2.56134020037959 1.74629217999723 2.47111077239106 1.87179367200898 2.37473777366883 1.99264159002827 2.27246080267246 2.10853548708985 2.16453413606683 2.21918723270513 2.05122609655027 2.32432172919998 1.93281838576208 2.42367759565089 1.80960538392785 2.51700781771916 1.68189341798386 2.60408036176739 1.55 2.68467875173176 1.41425303779481 2.75860260731555 1.2749900197049 2.82566814216619 1.13255717553583 2.88570862079703 0.987308615780224 2.93857477311811 0.839605451243318 2.98413516554504 0.689814895264576 3.02227652776365 0.538309350767486 3.05290403433785 0.385465484407206 3.07594154046054 0.231663290117917 3.09133177126166 0.077285144388028 3.09903646420253 -0.077285144388024 3.09903646420253 -0.231663290117913 3.09133177126166 -0.385465484407202 3.07594154046054 -0.538309350767482 3.05290403433785 -0.689814895264573 3.02227652776365 -0.839605451243314 2.98413516554504 -0.98730861578022 2.93857477311811 -1.13255717553582 2.88570862079704 -1.27499001970489 2.82566814216619 -1.4142530377948 2.75860260731555 -1.55 2.68467875173176 -1.68189341798385 2.60408036176739 -1.80960538392785 2.51700781771916 -1.93281838576207 2.42367759565089 -2.05122609655027 2.32432172919998 -2.16453413606683 2.21918723270513 -2.27246080267246 2.10853548708985 -2.37473777366883 1.99264159002827 -2.47111077239106 1.87179367200898 -2.56134020037959 1.74629217999723 -2.64520173305969 1.61644913047644 -2.72248687744771 1.48258733372608 -2.7930034904975 1.34503959126443 -2.85657625679827 1.20414786845155 -2.91304712443632 1.06026244430957 -2.96227569793704 0.913741040673797 -3.00413958731014 0.764947932839903 -3.03853471233049 0.614253043918125 -3.0653755612979 0.462031025146132 -3.08459540363275 0.308660324447022 -3.09614645577866 0.154522245548151 -3.1 -1.06581410364015e-14 -3.09614645577866 -0.154522245548173 -3.08459540363274 -0.308660324447044 -3.0653755612979 -0.462031025146153 -3.03853471233048 -0.614253043918146 -3.00413958731014 -0.764947932839924 -2.96227569793703 -0.913741040673817 -2.91304712443631 -1.06026244430959 -2.85657625679826 -1.20414786845157 -2.79300349049749 -1.34503959126445 -2.7224868774477 -1.4825873337261 -2.64520173305967 -1.61644913047646 -2.56134020037958 -1.74629217999724 -2.47111077239105 -1.871793672009 -2.37473777366882 -1.99264159002829 -2.27246080267245 -2.10853548708987 -2.16453413606681 -2.21918723270514 -2.05122609655025 -2.32432172919999 -1.93281838576206 -2.42367759565091 -1.80960538392783 -2.51700781771917 -1.68189341798384 -2.60408036176741 -1.54999999999998 -2.68467875173177 -1.41425303779478 -2.75860260731556 -1.27499001970487 -2.8256681421662 -1.1325571755358 -2.88570862079704 -0.987308615780198 -2.93857477311812 -0.839605451243291 -2.98413516554505 -0.689814895264549 -3.02227652776366 -0.538309350767457 -3.05290403433785 -0.385465484407176 -3.07594154046054 -0.231663290117886 -3.09133177126166 -0.0772851443879965 -3.09903646420253 0.077285144388056 -3.09903646420253 0.231663290117946 -3.09133177126166 0.385465484407235 -3.07594154046053 0.538309350767515 -3.05290403433784 0.689814895264607 -3.02227652776365 0.839605451243348 -2.98413516554503 0.987308615780254 -2.9385747731181 1.13255717553586 -2.88570862079702 1.27499001970493 -2.82566814216617 1.41425303779484 -2.75860260731554 1.55000000000003 -2.68467875173174 1.68189341798389 -2.60408036176737 1.80960538392788 -2.51700781771913 1.9328183857621 -2.42367759565087 2.05122609655029 -2.32432172919995 2.16453413606686 -2.2191872327051 2.27246080267249 -2.10853548708982 2.37473777366886 -1.99264159002824 2.47111077239109 -1.87179367200895 2.56134020037961 -1.74629217999719 2.64520173305971 -1.61644913047641 2.72248687744773 -1.48258733372605 2.79300349049752 -1.34503959126439 2.85657625679828 -1.20414786845151 2.91304712443633 -1.06026244430953 2.96227569793705 -0.91374104067376 3.00413958731015 -0.764947932839866 3.0385347123305 -0.614253043918088 3.06537556129791 -0.462031025146095 3.08459540363275 -0.308660324446985 3.09614645577866 -0.154522245548113 1.7 -4.44089209850063e-16 1.69788676607217 0.0847380056231852 1.69155231812118 0.169265339212888 1.68101240458272 0.253371852499496 1.66629322934252 0.336848443438976 1.64743138658943 0.419487576073499 1.62447376983644 0.501083796498537 1.59747745533604 0.581434243653637 1.56650956017969 0.660339153666981 1.53164707543411 0.737602356499849 1.49297667472939 0.813031763656241 1.45059449877466 0.886439845745147 1.40460591633719 0.957644098708157 1.35512526227897 1.02646749755331 1.30227555330226 1.09273893646712 1.24618818211071 1.15629365421056 1.18700259074632 1.21697364374152 1.12486592391466 1.27462804504515 1.05993266315985 1.32911352019565 0.992364242799143 1.38029460971696 0.922328648571791 1.42804406935631 0.850000000000001 1.47224318643355 0.775558117500378 1.5127820749795 0.69918807532204 1.54955994892984 0.621079741422872 1.58248537269515 0.541427305427864 1.61147648848412 0.460428795843109 1.63646121981502 0.378285587725735 1.6573774507091 0.295201902033782 1.67417318012075 0.211384297900726 1.68680665122029 0.127041159096922 1.69524645520801 0.0423821759547249 1.69947160940139 -0.0423821759547227 1.69947160940139 -0.12704115909692 1.69524645520801 -0.211384297900723 1.68680665122029 -0.295201902033781 1.67417318012075 -0.378285587725733 1.6573774507091 -0.460428795843107 1.63646121981502 -0.541427305427862 1.61147648848412 -0.62107974142287 1.58248537269515 -0.699188075322038 1.54955994892985 -0.775558117500376 1.5127820749795 -0.849999999999999 1.47224318643355 -0.92232864857179 1.42804406935631 -0.992364242799142 1.38029460971696 -1.05993266315985 1.32911352019565 -1.12486592391466 1.27462804504515 -1.18700259074632 1.21697364374152 -1.24618818211071 1.15629365421056 -1.30227555330226 1.09273893646712 -1.35512526227897 1.02646749755331 -1.40460591633719 0.957644098708156 -1.45059449877467 0.886439845745145 -1.49297667472939 0.813031763656239 -1.53164707543411 0.737602356499846 -1.56650956017969 0.660339153666978 -1.59747745533605 0.581434243653633 -1.62447376983644 0.501083796498533 -1.64743138658943 0.419487576073495 -1.66629322934253 0.336848443438972 -1.68101240458272 0.253371852499492 -1.69155231812118 0.169265339212883 -1.69788676607217 0.0847380056231799 -1.7 -5.77315972805081e-15 -1.69788676607217 -0.0847380056231914 -1.69155231812118 -0.169265339212895 -1.68101240458272 -0.253371852499503 -1.66629322934252 -0.336848443438983 -1.64743138658943 -0.419487576073506 -1.62447376983644 -0.501083796498545 -1.59747745533604 -0.581434243653645 -1.56650956017969 -0.660339153666989 -1.53164707543411 -0.737602356499857 -1.49297667472938 -0.813031763656249 -1.45059449877466 -0.886439845745155 -1.40460591633719 -0.957644098708165 -1.35512526227896 -1.02646749755332 -1.30227555330226 -1.09273893646712 -1.2461881821107 -1.15629365421057 -1.18700259074632 -1.21697364374153 -1.12486592391465 -1.27462804504516 -1.05993266315984 -1.32911352019566 -0.992364242799133 -1.38029460971696 -0.922328648571781 -1.42804406935632 -0.849999999999989 -1.47224318643355 -0.775558117500365 -1.5127820749795 -0.699188075322027 -1.54955994892985 -0.621079741422859 -1.58248537269515 -0.54142730542785 -1.61147648848413 -0.460428795843095 -1.63646121981502 -0.37828558772572 -1.6573774507091 -0.295201902033767 -1.67417318012076 -0.211384297900709 -1.68680665122029 -0.127041159096906 -1.69524645520801 -0.0423821759547076 -1.69947160940139 0.0423821759547405 -1.69947160940139 0.127041159096938 -1.69524645520801 0.211384297900742 -1.68680665122029 0.295201902033799 -1.67417318012075 0.378285587725752 -1.6573774507091 0.460428795843126 -1.63646121981502 0.541427305427881 -1.61147648848412 0.621079741422889 -1.58248537269514 0.699188075322057 -1.54955994892984 0.775558117500394 -1.51278207497949 0.850000000000017 -1.47224318643354 0.922328648571808 -1.4280440693563 0.99236424279916 -1.38029460971694 1.05993266315986 -1.32911352019564 1.12486592391468 -1.27462804504513 1.18700259074634 -1.21697364374151 1.24618818211072 -1.15629365421055 1.30227555330228 -1.0927389364671 1.35512526227898 -1.02646749755329 1.4046059163372 -0.957644098708139 1.45059449877468 -0.886439845745127 1.4929766747294 -0.813031763656221 1.53164707543412 -0.737602356499827 1.5665095601797 -0.660339153666959 1.59747745533605 -0.581434243653614 1.62447376983645 -0.501083796498513 1.64743138658944 -0.419487576073475 1.66629322934253 -0.336848443438951 1.68101240458272 -0.253371852499471 1.69155231812119 -0.169265339212862 1.69788676607217 -0.0847380056231586 205 80 206 205 79 80 207 206 80 207 80 81 204 79 205 204 78 79 208 207 81 208 81 82 203 78 204 203 77 78 209 82 83 209 208 82 202 77 203 202 76 77 210 209 83 210 83 84 201 76 202 201 75 76 211 210 84 211 84 85 200 75 201 200 74 75 212 211 85 212 85 86 199 74 200 199 73 74 213 86 87 213 212 86 198 73 199 198 72 73 214 213 87 214 87 88 197 72 198 197 71 72 215 88 89 215 214 88 196 70 71 196 71 197 216 215 89 216 89 90 195 70 196 195 69 70 217 216 90 217 90 91 194 67 68 194 68 69 194 69 195 218 217 91 218 91 92 193 67 194 219 92 93 219 218 92 192 66 67 192 67 193 220 219 93 220 93 94 220 94 95 191 65 66 191 66 192 221 220 95 190 64 65 190 65 191 222 221 95 222 95 96 222 96 97 189 64 190 189 63 64 223 222 97 188 63 189 188 62 63 224 223 97 224 97 98 187 62 188 187 61 62 225 224 98 225 98 99 186 61 187 186 60 61 226 225 99 226 99 100 185 60 186 185 59 60 227 101 102 227 226 100 227 100 101 184 59 185 184 58 59 228 227 102 183 58 184 183 57 58 229 102 103 229 228 102 182 56 57 182 57 183 230 103 104 230 229 103 181 56 182 181 55 56 231 104 105 231 230 104 180 55 181 180 54 55 232 105 106 232 231 105 179 53 54 179 54 180 233 106 107 233 232 106 178 52 53 178 53 179 234 107 108 234 233 107 177 51 52 177 52 178 235 108 109 235 234 108 176 50 51 176 51 177 49 50 176 236 109 110 236 235 109 175 49 176 237 110 111 237 236 110 48 175 174 48 49 175 238 237 111 112 238 111 239 238 112 47 48 174 47 174 173 113 239 112 46 47 173 46 173 172 114 239 113 114 240 239 45 46 172 45 172 171 115 240 114 115 241 240 44 45 171 44 170 169 44 171 170 116 241 115 116 242 241 116 243 242 43 44 169 117 243 116 42 43 169 42 169 168 118 244 243 118 243 117 41 167 166 41 168 167 41 42 168 119 245 244 119 244 118 40 41 166 120 246 245 120 245 119 39 40 166 39 166 165 121 247 246 121 246 120 38 39 165 38 165 164 122 248 247 122 247 121 37 38 164 37 164 163 123 248 122 123 249 248 36 37 163 36 163 162 124 250 249 124 249 123 35 162 161 35 36 162 125 251 250 125 252 251 125 250 124 34 161 160 34 35 161 126 252 125 33 159 158 33 160 159 33 34 160 1 127 252 1 252 126 32 33 158 2 128 127 2 129 128 2 127 1 31 157 156 31 158 157 31 32 158 3 129 2 30 31 156 4 130 129 4 129 3 29 156 155 29 30 156 5 131 130 5 130 4 28 29 155 28 154 153 28 155 154 6 132 131 6 133 132 6 131 5 27 28 153 27 153 152 7 133 6 26 27 152 8 133 7 8 134 133 25 26 152 25 151 150 25 152 151 9 135 134 9 134 8 24 25 150 24 150 149 10 135 9 10 136 135 10 137 136 23 24 149 11 137 10 22 23 149 22 149 148 12 138 137 12 137 11 21 22 148 21 148 147 13 139 138 13 138 12 20 21 147 20 146 145 20 147 146 14 139 13 14 140 139 14 141 140 19 20 145 15 141 14 18 19 145 18 145 144 16 142 141 16 141 15 17 143 142 17 144 143 17 142 16 17 18 144 
254 252 1 0 0.00096353579747334
28.1 8 16 28.0961464557787 8.15452224554816 16 28.0845954036327 8.30866032444703 16 28.0653755612979 8.46203102514614 16 28.0385347123305 8.61425304391813 16 28.0041395873101 8.76494793283991 16 27.962275697937 8.9137410406738 16 27.9130471244363 9.06026244430957 16 27.8565762567983 9.20414786845155 16 27.7930034904975 9.34503959126443 16 27.7224868774477 9.48258733372609 16 27.6452017330597 9.61644913047644 16 27.5613402003796 9.74629217999723 16 27.4711107723911 9.87179367200898 16 27.3747377736688 9.99264159002827 16 27.2724608026725 10.1085354870898 16 27.1645341360668 10.2191872327051 16 27.0512260965503 10.3243217292 16 26.9328183857621 10.4236775956509 16 26.8096053839278 10.5170078177192 16 26.6818934179839 10.6040803617674 16 26.55 10.6846787517318 16 26.4142530377948 10.7586026073156 16 26.2749900197049 10.8256681421662 16 26.1325571755358 10.885708620797 16 25.9873086157802 10.9385747731181 16 25.8396054512433 10.984135165545 16 25.6898148952646 11.0222765277637 16 25.5383093507675 11.0529040343378 16 25.3854654844072 11.0759415404605 16 25.2316632901179 11.0913317712617 16 25.077285144388 11.0990364642025 16 24.922714855612 11.0990364642025 16 24.7683367098821 11.0913317712617 16 24.6145345155928 11.0759415404605 16 24.4616906492325 11.0529040343378 16 24.3101851047354 11.0222765277637 16 24.1603945487567 10.984135165545 16 24.0126913842198 10.9385747731181 16 23.8674428244642 10.885708620797 16 23.7250099802951 10.8256681421662 16 23.5857469622052 10.7586026073156 16 23.45 10.6846787517318 16 23.3181065820161 10.6040803617674 16 23.1903946160722 10.5170078177192 16 23.0671816142379 10.4236775956509 16 22.9487739034497 10.3243217292 16 22.8354658639332 10.2191872327051 16 22.7275391973275 10.1085354870898 16 22.6252622263312 9.99264159002827 16 22.5288892276089 9.87179367200898 16 22.4386597996204 9.74629217999723 16 22.3547982669403 9.61644913047644 16 22.2775131225523 9.48258733372608 16 22.2069965095025 9.34503959126443 16 22.1434237432017 9.20414786845155 16 22.0869528755637 9.06026244430957 16 22.037724302063 8.9137410406738 16 21.9958604126899 8.7649479328399 16 21.9614652876695 8.61425304391812 16 21.9346244387021 8.46203102514613 16 21.9154045963673 8.30866032444702 16 21.9038535442213 8.15452224554815 16 21.9 7.99999999999999 16 21.9038535442213 7.84547775445183 16 21.9154045963673 7.69133967555296 16 21.9346244387021 7.53796897485385 16 21.9614652876695 7.38574695608185 16 21.9958604126899 7.23505206716008 16 22.037724302063 7.08625895932618 16 22.0869528755637 6.93973755569041 16 22.1434237432017 6.79585213154843 16 22.2069965095025 6.65496040873556 16 22.2775131225523 6.5174126662739 16 22.3547982669403 6.38355086952354 16 22.4386597996204 6.25370782000276 16 22.5288892276089 6.12820632799101 16 22.6252622263312 6.00735840997171 16 22.7275391973276 5.89146451291013 16 22.8354658639332 5.78081276729486 16 22.9487739034498 5.67567827080001 16 23.0671816142379 5.57632240434909 16 23.1903946160722 5.48299218228083 16 23.3181065820162 5.3959196382326 16 23.45 5.31532124826823 16 23.5857469622052 5.24139739268444 16 23.7250099802951 5.1743318578338 16 23.8674428244642 5.11429137920296 16 24.0126913842198 5.06142522688188 16 24.1603945487567 5.01586483445496 16 24.3101851047355 4.97772347223634 16 24.4616906492325 4.94709596566215 16 24.6145345155928 4.92405845953946 16 24.7683367098821 4.90866822873834 16 24.922714855612 4.90096353579747 16 25.0772851443881 4.90096353579747 16 25.2316632901179 4.90866822873834 16 25.3854654844072 4.92405845953947 16 25.5383093507675 4.94709596566216 16 25.6898148952646 4.97772347223635 16 25.8396054512433 5.01586483445497 16 25.9873086157803 5.0614252268819 16 26.1325571755359 5.11429137920298 16 26.2749900197049 5.17433185783383 16 26.4142530377948 5.24139739268446 16 26.55 5.31532124826826 16 26.6818934179839 5.39591963823263 16 26.8096053839279 5.48299218228087 16 26.9328183857621 5.57632240434913 16 27.0512260965503 5.67567827080005 16 27.1645341360669 5.7808127672949 16 27.2724608026725 5.89146451291018 16 27.3747377736689 6.00735840997176 16 27.4711107723911 6.12820632799105 16 27.5613402003796 6.25370782000281 16 27.6452017330597 6.38355086952359 16 27.7224868774477 6.51741266627395 16 27.7930034904975 6.65496040873561 16 27.8565762567983 6.79585213154849 16 27.9130471244363 6.93973755569047 16 27.962275697937 7.08625895932624 16 28.0041395873102 7.23505206716013 16 28.0385347123305 7.38574695608191 16 28.0653755612979 7.53796897485391 16 28.0845954036328 7.69133967555302 16 28.0961464557787 7.84547775445189 16 28.1 8 16 28.1 8 13 28.0961464557787 8.15452224554816 13 28.0845954036327 8.30866032444703 13 28.0653755612979 8.46203102514614 13 28.0385347123305 8.61425304391813 13 28.0041395873101 8.76494793283991 13 27.962275697937 8.9137410406738 13 27.9130471244363 9.06026244430957 13 27.8565762567983 9.20414786845155 13 27.7930034904975 9.34503959126443 13 27.7224868774477 9.48258733372609 13 27.6452017330597 9.61644913047644 13 27.5613402003796 9.74629217999723 13 27.4711107723911 9.87179367200898 13 27.3747377736688 9.99264159002827 13 27.2724608026725 10.1085354870898 13 27.1645341360668 10.2191872327051 13 27.0512260965503 10.3243217292 13 26.9328183857621 10.4236775956509 13 26.8096053839278 10.5170078177192 13 26.6818934179839 10.6040803617674 13 26.55 10.6846787517318 13 26.4142530377948 10.7586026073156 13 26.2749900197049 10.8256681421662 13 26.1325571755358 10.885708620797 13 25.9873086157802 10.9385747731181 13 25.8396054512433 10.984135165545 13 25.6898148952646 11.0222765277637 13 25.5383093507675 11.0529040343378 13 25.3854654844072 11.0759415404605 13 25.2316632901179 11.0913317712617 13 25.077285144388 11.0990364642025 13 24.922714855612 11.0990364642025 13 24.7683367098821 11.0913317712617 13 24.6145345155928 11.0759415404605 13 24.4616906492325 11.0529040343378 13 24.3101851047354 11.0222765277637 13 24.1603945487567 10.984135165545 13 24.0126913842198 10.9385747731181 13 23.8674428244642 10.885708620797 13 23.7250099802951 10.8256681421662 13 23.5857469622052 10.7586026073156 13 23.45 10.6846787517318 13 23.3181065820161 10.6040803617674 13 23.1903946160722 10.5170078177192 13 23.0671816142379 10.4236775956509 13 22.9487739034497 10.3243217292 13 22.8354658639332 10.2191872327051 13 22.7275391973275 10.1085354870898 13 22.6252622263312 9.99264159002827 13 22.5288892276089 9.87179367200898 13 22.4386597996204 9.74629217999723 13 22.3547982669403 9.61644913047644 13 22.2775131225523 9.48258733372608 13 22.2069965095025 9.34503959126443 13 22.1434237432017 9.20414786845155 13 22.0869528755637 9.06026244430957 13 22.037724302063 8.9137410406738 13 21.9958604126899 8.7649479328399 13 21.9614652876695 8.61425304391812 13 21.9346244387021 8.46203102514613 13 21.9154045963673 8.30866032444702 13 21.9038535442213 8.15452224554815 13 21.9 7.99999999999999 13 21.9038535442213 7.84547775445183 13 21.9154045963673 7.69133967555296 13 21.9346244387021 7.53796897485385 13 21.9614652876695 7.38574695608185 13 21.9958604126899 7.23505206716008 13 22.037724302063 7.08625895932618 13 22.0869528755637 6.93973755569041 13 22.1434237432017 6.79585213154843 13 22.2069965095025 6.65496040873556 13 22.2775131225523 6.5174126662739 13 22.3547982669403 6.38355086952354 13 22.4386597996204 6.25370782000276 13 22.5288892276089 6.12820632799101 13 22.6252622263312 6.00735840997171 13 22.7275391973276 5.89146451291013 13 22.8354658639332 5.78081276729486 13 22.9487739034498 5.67567827080001 13 23.0671816142379 5.57632240434909 13 23.1903946160722 5.48299218228083 13 23.3181065820162 5.3959196382326 13 23.45 5.31532124826823 13 23.5857469622052 5.24139739268444 13 23.7250099802951 5.1743318578338 13 23.8674428244642 5.11429137920296 13 24.0126913842198 5.06142522688188 13 24.1603945487567 5.01586483445496 13 24.3101851047355 4.97772347223634 13 24.4616906492325 4.94709596566215 13 24.6145345155928 4.92405845953946 13 24.7683367098821 4.90866822873834 13 24.922714855612 4.90096353579747 13 25.0772851443881 4.90096353579747 13 25.2316632901179 4.90866822873834 13 25.3854654844072 4.92405845953947 13 25.5383093507675 4.94709596566216 13 25.6898148952646 4.97772347223635 13 25.8396054512433 5.01586483445497 13 25.9873086157803 5.0614252268819 13 26.1325571755359 5.11429137920298 13 26.2749900197049 5.17433185783383 13 26.4142530377948 5.24139739268446 13 26.55 5.31532124826826 13 26.6818934179839 5.39591963823263 13 26.8096053839279 5.48299218228087 13 26.9328183857621 5.57632240434913 13 27.0512260965503 5.67567827080005 13 27.1645341360669 5.7808127672949 13 27.2724608026725 5.89146451291018 13 27.3747377736689 6.00735840997176 13 27.4711107723911 6.12820632799105 13 27.5613402003796 6.25370782000281 13 27.6452017330597 6.38355086952359 13 27.7224868774477 6.51741266627395 13 27.7930034904975 6.65496040873561 13 27.8565762567983 6.79585213154849 13 27.9130471244363 6.93973755569047 13 27.962275697937 7.08625895932624 13 28.0041395873102 7.23505206716013 13 28.0385347123305 7.38574695608191 13 28.0653755612979 7.53796897485391 13 28.0845954036328 7.69133967555302 13 28.0961464557787 7.84547775445189 13 28.1 8 13 0 3 0.0498665500569808 3 0.0997331001139617 3 0.149599650170943 3 0.199466200227923 3 0.249332750284904 3 0.299199300341885 3 0.349065850398866 3 0.398932400455847 3 0.448798950512828 3 0.498665500569808 3 0.548532050626789 3 0.59839860068377 3 0.648265150740751 3 0.698131700797732 3 0.747998250854712 3 0.797864800911693 3 0.847731350968674 3 0.897597901025655 3 0.947464451082636 3 0.997331001139616 3 1.0471975511966 3 1.09706410125358 3 1.14693065131056 3 1.19679720136754 3 1.24666375142452 3 1.2965303014815 3 1.34639685153848 3 1.39626340159546 3 1.44612995165244 3 1.49599650170942 3 1.54586305176641 3 1.59572960182339 3 1.64559615188037 3 1.69546270193735 3 1.74532925199433 3 1.79519580205131 3 1.84506235210829 3 1.89492890216527 3 1.94479545222225 3 1.99466200227923 3 2.04452855233621 3 2.09439510239319 3 2.14426165245018 3 2.19412820250716 3 2.24399475256414 3 2.29386130262112 3 2.3437278526781 3 2.39359440273508 3 2.44346095279206 3 2.49332750284904 3 2.54319405290602 3 2.59306060296301 3 2.64292715301999 3 2.69279370307697 3 2.74266025313395 3 2.79252680319093 3 2.84239335324791 3 2.89225990330489 3 2.94212645336187 3 2.99199300341885 3 3.04185955347583 3 3.09172610353282 3 3.1415926535898 3 3.19145920364678 3 3.24132575370376 3 3.29119230376074 3 3.34105885381772 3 3.3909254038747 3 3.44079195393168 3 3.49065850398866 3 3.54052505404564 3 3.59039160410263 3 3.64025815415961 3 3.69012470421659 3 3.73999125427357 3 3.78985780433055 3 3.83972435438753 3 3.88959090444451 3 3.93945745450149 3 3.98932400455847 3 4.03919055461546 3 4.08905710467244 3 4.13892365472942 3 4.1887902047864 3 4.23865675484338 3 4.28852330490036 3 4.33838985495734 3 4.38825640501432 3 4.4381229550713 3 4.48798950512828 3 4.53785605518527 3 4.58772260524225 3 4.63758915529923 3 4.68745570535621 3 4.73732225541319 3 4.78718880547017 3 4.83705535552715 3 4.88692190558413 3 4.93678845564111 3 4.9866550056981 3 5.03652155575508 3 5.08638810581206 3 5.13625465586904 3 5.18612120592602 3 5.235987755983 3 5.28585430603998 3 5.33572085609696 3 5.38558740615394 3 5.43545395621092 3 5.48532050626791 3 5.53518705632489 3 5.58505360638187 3 5.63492015643885 3 5.68478670649583 3 5.73465325655281 3 5.78451980660979 3 5.83438635666677 3 5.88425290672375 3 5.93411945678073 3 5.98398600683772 3 6.0338525568947 3 6.08371910695168 3 6.13358565700866 3 6.18345220706564 3 6.23331875712262 3 6.28318530717959 3 0 0 0.0498665500569808 0 0.0997331001139617 0 0.149599650170943 0 0.199466200227923 0 0.249332750284904 0 0.299199300341885 0 0.349065850398866 0 0.398932400455847 0 0.448798950512828 0 0.498665500569808 0 0.548532050626789 0 0.59839860068377 0 0.648265150740751 0 0.698131700797732 0 0.747998250854712 0 0.797864800911693 0 0.847731350968674 0 0.897597901025655 0 0.947464451082636 0 0.997331001139616 0 1.0471975511966 0 1.09706410125358 0 1.14693065131056 0 1.19679720136754 0 1.24666375142452 0 1.2965303014815 0 1.34639685153848 0 1.39626340159546 0 1.44612995165244 0 1.49599650170942 0 1.54586305176641 0 1.59572960182339 0 1.64559615188037 0 1.69546270193735 0 1.74532925199433 0 1.79519580205131 0 1.84506235210829 0 1.89492890216527 0 1.94479545222225 0 1.99466200227923 0 2.04452855233621 0 2.09439510239319 0 2.14426165245018 0 2.19412820250716 0 2.24399475256414 0 2.29386130262112 0 2.3437278526781 0 2.39359440273508 0 2.44346095279206 0 2.49332750284904 0 2.54319405290602 0 2.59306060296301 0 2.64292715301999 0 2.69279370307697 0 2.74266025313395 0 2.79252680319093 0 2.84239335324791 0 2.89225990330489 0 2.94212645336187 0 2.99199300341885 0 3.04185955347583 0 3.09172610353282 0 3.1415926535898 0 3.19145920364678 0 3.24132575370376 0 3.29119230376074 0 3.34105885381772 0 3.3909254038747 0 3.44079195393168 0 3.49065850398866 0 3.54052505404564 0 3.59039160410263 0 3.64025815415961 0 3.69012470421659 0 3.73999125427357 0 3.78985780433055 0 3.83972435438753 0 3.88959090444451 0 3.93945745450149 0 3.98932400455847 0 4.03919055461546 0 4.08905710467244 0 4.13892365472942 0 4.1887902047864 0 4.23865675484338 0 4.28852330490036 0 4.33838985495734 0 4.38825640501432 0 4.4381229550713 0 4.48798950512828 0 4.53785605518527 0 4.58772260524225 0 4.63758915529923 0 4.68745570535621 0 4.73732225541319 0 4.78718880547017 0 4.83705535552715 0 4.88692190558413 0 4.93678845564111 0 4.9866550056981 0 5.03652155575508 0 5.08638810581206 0 5.13625465586904 0 5.18612120592602 0 5.235987755983 0 5.28585430603998 0 5.33572085609696 0 5.38558740615394 0 5.43545395621092 0 5.48532050626791 0 5.53518705632489 0 5.58505360638187 0 5.63492015643885 0 5.68478670649583 0 5.73465325655281 0 5.78451980660979 0 5.83438635666677 0 5.88425290672375 0 5.93411945678073 0 5.98398600683772 0 6.0338525568947 0 6.08371910695168 0 6.13358565700866 0 6.18345220706564 0 6.23331875712262 0 6.28318530717959 0 2 1 128 2 128 129 3 129 130 3 130 131 3 2 129 4 3 131 5 131 132 5 132 133 5 4 131 6 133 134 6 5 133 7 6 134 8 134 135 8 7 134 9 135 136 9 136 137 9 8 135 10 9 137 11 137 138 11 10 137 12 11 138 12 138 139 13 12 139 13 139 140 14 13 140 14 140 141 15 14 141 15 141 142 16 15 142 16 142 143 17 16 143 17 143 144 18 17 144 18 144 145 19 18 145 19 145 146 20 19 146 20 146 147 21 20 147 21 147 148 21 148 149 22 21 149 23 22 149 23 149 150 23 150 151 24 23 151 25 151 152 25 152 153 25 24 151 26 25 153 27 153 154 27 26 153 28 154 155 28 155 156 28 27 154 29 156 157 29 28 156 30 29 157 31 157 158 31 158 159 31 30 157 32 31 159 33 159 160 33 160 161 33 32 159 34 33 161 35 161 162 35 162 163 35 34 161 36 35 163 37 36 163 37 163 164 38 37 164 38 164 165 39 38 165 39 165 166 40 39 166 40 166 167 41 40 167 41 167 168 41 168 169 42 41 169 43 42 169 43 169 170 44 43 170 44 170 171 45 44 171 45 171 172 46 45 172 46 172 173 47 46 173 47 173 174 48 47 174 48 174 175 49 48 175 49 175 176 50 49 176 50 176 177 51 50 177 51 177 178 52 51 178 52 178 179 53 52 179 53 179 180 54 53 180 54 180 181 55 54 181 55 181 182 56 55 182 56 182 183 57 56 183 57 183 184 58 57 184 58 184 185 59 185 186 59 58 185 60 186 187 60 59 186 61 187 188 61 60 187 62 188 189 62 61 188 63 62 189 63 189 190 64 63 190 64 190 191 65 64 191 65 191 192 66 65 192 66 192 193 67 66 193 67 193 194 68 67 194 68 194 195 69 68 195 69 195 196 70 69 196 70 196 197 71 70 197 71 197 198 72 71 198 72 198 199 73 72 199 73 199 200 74 73 200 74 200 201 75 74 201 75 201 202 76 202 203 76 75 202 77 203 204 77 76 203 78 204 205 78 77 204 79 205 206 79 78 205 80 206 207 80 79 206 81 207 208 81 80 207 82 208 209 82 81 208 83 209 210 83 82 209 84 210 211 84 83 210 85 211 212 85 84 211 86 212 213 86 85 212 87 213 214 87 86 213 88 214 215 88 87 214 89 88 215 89 215 216 90 89 216 90 216 217 91 90 217 91 217 218 92 91 218 92 218 219 93 219 220 93 92 219 94 220 221 94 221 222 94 93 220 95 94 222 96 222 223 96 95 222 97 223 224 97 96 223 98 224 225 98 97 224 99 225 226 99 98 225 100 226 227 100 227 228 100 99 226 101 100 228 102 228 229 102 101 228 103 229 230 103 102 229 104 230 231 104 231 232 104 103 230 105 104 232 106 232 233 106 105 232 107 233 234 107 106 233 108 234 235 108 235 236 108 107 234 109 108 236 110 236 237 110 237 238 110 109 236 111 110 238 112 238 239 112 111 238 113 112 239 113 239 240 114 113 240 114 240 241 115 114 241 115 241 242 116 115 242 116 242 243 117 116 243 117 243 244 118 117 244 118 244 245 119 118 245 119 245 246 120 119 246 120 246 247 121 120 247 121 247 248 122 121 248 122 248 249 123 122 249 123 249 250 124 123 250 124 250 251 125 251 252 125 124 251 126 125 252 126 252 253 127 253 254 127 126 253 
252 252 1 0 1.83102671940889e-15
3.1 8 13 3.09614645577866 8.15452224554816 13 3.08459540363274 8.30866032444703 13 3.0653755612979 8.46203102514614 13 3.03853471233049 8.61425304391813 13 3.00413958731014 8.76494793283991 13 2.96227569793704 8.9137410406738 13 2.91304712443632 9.06026244430957 13 2.85657625679826 9.20414786845155 13 2.7930034904975 9.34503959126443 13 2.72248687744771 9.48258733372609 13 2.64520173305968 9.61644913047644 13 2.56134020037958 9.74629217999723 13 2.47111077239106 9.87179367200898 13 2.37473777366883 9.99264159002827 13 2.27246080267246 10.1085354870898 13 2.16453413606683 10.2191872327051 13 2.05122609655026 10.3243217292 13 1.93281838576207 10.4236775956509 13 1.80960538392785 10.5170078177192 13 1.68189341798385 10.6040803617674 13 1.55 10.6846787517318 13 1.41425303779481 10.7586026073156 13 1.2749900197049 10.8256681421662 13 1.13255717553583 10.885708620797 13 0.987308615780223 10.9385747731181 13 0.839605451243317 10.984135165545 13 0.689814895264576 11.0222765277637 13 0.538309350767486 11.0529040343378 13 0.385465484407206 11.0759415404605 13 0.231663290117917 11.0913317712617 13 0.0772851443880278 11.0990364642025 13 -0.077285144388024 11.0990364642025 13 -0.231663290117913 11.0913317712617 13 -0.385465484407202 11.0759415404605 13 -0.538309350767482 11.0529040343378 13 -0.689814895264573 11.0222765277637 13 -0.839605451243314 10.984135165545 13 -0.987308615780219 10.9385747731181 13 -1.13255717553582 10.885708620797 13 -1.27499001970489 10.8256681421662 13 -1.4142530377948 10.7586026073156 13 -1.55 10.6846787517318 13 -1.68189341798385 10.6040803617674 13 -1.80960538392785 10.5170078177192 13 -1.93281838576207 10.4236775956509 13 -2.05122609655026 10.3243217292 13 -2.16453413606683 10.2191872327051 13 -2.27246080267246 10.1085354870898 13 -2.37473777366883 9.99264159002827 13 -2.47111077239106 9.87179367200898 13 -2.56134020037959 9.74629217999723 13 -2.64520173305968 9.61644913047644 13 -2.72248687744771 9.48258733372608 13 -2.7930034904975 9.34503959126443 13 -2.85657625679827 9.20414786845155 13 -2.91304712443632 9.06026244430957 13 -2.96227569793704 8.9137410406738 13 -3.00413958731014 8.7649479328399 13 -3.03853471233049 8.61425304391812 13 -3.0653755612979 8.46203102514613 13 -3.08459540363275 8.30866032444702 13 -3.09614645577866 8.15452224554815 13 -3.1 7.99999999999999 13 -3.09614645577866 7.84547775445183 13 -3.08459540363274 7.69133967555296 13 -3.0653755612979 7.53796897485385 13 -3.03853471233048 7.38574695608185 13 -3.00413958731014 7.23505206716008 13 -2.96227569793703 7.08625895932618 13 -2.91304712443631 6.93973755569041 13 -2.85657625679826 6.79585213154843 13 -2.79300349049749 6.65496040873556 13 -2.7224868774477 6.5174126662739 13 -2.64520173305967 6.38355086952354 13 -2.56134020037957 6.25370782000276 13 -2.47111077239105 6.12820632799101 13 -2.37473777366882 6.00735840997171 13 -2.27246080267245 5.89146451291013 13 -2.16453413606681 5.78081276729486 13 -2.05122609655025 5.67567827080001 13 -1.93281838576206 5.57632240434909 13 -1.80960538392783 5.48299218228083 13 -1.68189341798383 5.3959196382326 13 -1.54999999999998 5.31532124826823 13 -1.41425303779478 5.24139739268444 13 -1.27499001970487 5.1743318578338 13 -1.1325571755358 5.11429137920296 13 -0.987308615780197 5.06142522688188 13 -0.839605451243291 5.01586483445496 13 -0.689814895264548 4.97772347223634 13 -0.538309350767457 4.94709596566215 13 -0.385465484407176 4.92405845953946 13 -0.231663290117886 4.90866822873834 13 -0.0772851443879965 4.90096353579747 13 0.0772851443880559 4.90096353579747 13 0.231663290117946 4.90866822873834 13 0.385465484407235 4.92405845953947 13 0.538309350767515 4.94709596566216 13 0.689814895264606 4.97772347223635 13 0.839605451243348 5.01586483445497 13 0.987308615780254 5.0614252268819 13 1.13255717553586 5.11429137920298 13 1.27499001970493 5.17433185783383 13 1.41425303779484 5.24139739268446 13 1.55000000000003 5.31532124826826 13 1.68189341798388 5.39591963823263 13 1.80960538392788 5.48299218228087 13 1.9328183857621 5.57632240434913 13 2.05122609655029 5.67567827080005 13 2.16453413606685 5.7808127672949 13 2.27246080267249 5.89146451291018 13 2.37473777366886 6.00735840997176 13 2.47111077239108 6.12820632799105 13 2.56134020037961 6.25370782000281 13 2.6452017330597 6.38355086952359 13 2.72248687744773 6.51741266627395 13 2.79300349049752 6.65496040873561 13 2.85657625679828 6.79585213154849 13 2.91304712443633 6.93973755569047 13 2.96227569793705 7.08625895932624 13 3.00413958731015 7.23505206716013 13 3.0385347123305 7.38574695608191 13 3.06537556129791 7.53796897485391 13 3.08459540363275 7.69133967555302 13 3.09614645577866 7.84547775445189 13 1.65 8 13 1.64794892001122 8.08224571134015 13 1.64180077935291 8.1642869468831 13 1.63157086327146 8.24591973919069 13 1.6172846049501 8.32694113627901 13 1.59897752227798 8.40714970618899 13 1.57669512954713 8.48634603777799 13 1.55049282429675 8.56433323648735 13 1.52043574958617 8.64091741385325 13 1.48659863203899 8.71590816954397 13 1.44906559606088 8.78911906472518 13 1.40792995469306 8.86036808557617 13 1.36329397762139 8.92947809580498 13 1.31526863691782 8.99627727703704 13 1.26397333114631 9.06059955598279 13 1.20953558851921 9.12228501732202 13 1.15209074984202 9.18118030127854 13 1.09178163203482 9.23713898489676 13 1.02875817306691 9.29002194607225 13 0.963177059187404 9.33969770943116 13 0.895201335378503 9.38604277319877 13 0.825000000000001 9.42894191624432 13 0.752747584632719 9.46828848453892 13 0.67862372016551 9.50398465631426 13 0.602812690204552 9.53594168526294 13 0.52550297291528 9.56408012117577 13 0.446886772435959 9.58833000746752 13 0.36715954102792 9.60863105510001 13 0.286519493150436 9.62493279247014 13 0.205167112668351 9.63719469089028 13 0.123304654417601 9.64538626534895 13 0.0411356413678212 9.64948715030135 13 -0.0411356413678192 9.64948715030135 13 -0.123304654417599 9.64538626534895 13 -0.205167112668349 9.63719469089028 13 -0.286519493150434 9.62493279247014 13 -0.367159541027918 9.60863105510001 13 -0.446886772435957 9.58833000746752 13 -0.525502972915278 9.56408012117577 13 -0.602812690204551 9.53594168526294 13 -0.678623720165508 9.50398465631426 13 -0.752747584632718 9.46828848453892 13 -0.824999999999999 9.42894191624432 13 -0.895201335378502 9.38604277319877 13 -0.963177059187403 9.33969770943116 13 -1.02875817306691 9.29002194607225 13 -1.09178163203482 9.23713898489676 13 -1.15209074984202 9.18118030127853 13 -1.20953558851921 9.12228501732202 13 -1.26397333114631 9.06059955598279 13 -1.31526863691782 8.99627727703704 13 -1.36329397762139 8.92947809580497 13 -1.40792995469306 8.86036808557617 13 -1.44906559606088 8.78911906472517 13 -1.48659863203899 8.71590816954397 13 -1.52043574958617 8.64091741385324 13 -1.55049282429675 8.56433323648735 13 -1.57669512954713 8.48634603777799 13 -1.59897752227798 8.40714970618898 13 -1.6172846049501 8.326941136279 13 -1.63157086327146 8.24591973919068 13 -1.64180077935291 8.16428694688309 13 -1.64794892001122 8.08224571134014 13 -1.65 7.99999999999999 13 -1.64794892001122 7.91775428865984 13 -1.64180077935291 7.8357130531169 13 -1.63157086327146 7.75408026080931 13 -1.6172846049501 7.67305886372099 13 -1.59897752227798 7.59285029381101 13 -1.57669512954713 7.513653962222 13 -1.55049282429675 7.43566676351264 13 -1.52043574958617 7.35908258614675 13 -1.48659863203899 7.28409183045602 13 -1.44906559606087 7.21088093527482 13 -1.40792995469305 7.13963191442382 13 -1.36329397762139 7.07052190419502 13 -1.31526863691782 7.00372272296295 13 -1.26397333114631 6.9394004440172 13 -1.20953558851921 6.87771498267798 13 -1.15209074984201 6.81881969872146 13 -1.09178163203481 6.76286101510323 13 -1.0287581730669 6.70997805392774 13 -0.963177059187394 6.66030229056883 13 -0.895201335378493 6.61395722680122 13 -0.824999999999989 6.57105808375567 13 -0.752747584632708 6.53171151546107 13 -0.678623720165497 6.49601534368573 13 -0.602812690204539 6.46405831473706 13 -0.525502972915266 6.43591987882423 13 -0.446886772435945 6.41166999253248 13 -0.367159541027905 6.39136894489999 13 -0.286519493150421 6.37506720752985 13 -0.205167112668336 6.36280530910971 13 -0.123304654417585 6.35461373465105 13 -0.0411356413678046 6.35051284969865 13 0.0411356413678362 6.35051284969865 13 0.123304654417616 6.35461373465105 13 0.205167112668367 6.36280530910972 13 0.286519493150452 6.37506720752986 13 0.367159541027936 6.39136894489999 13 0.446886772435975 6.41166999253248 13 0.525502972915296 6.43591987882424 13 0.602812690204569 6.46405831473707 13 0.678623720165526 6.49601534368575 13 0.752747584632736 6.53171151546108 13 0.825000000000017 6.57105808375569 13 0.895201335378519 6.61395722680124 13 0.963177059187419 6.66030229056885 13 1.02875817306693 6.70997805392776 13 1.09178163203483 6.76286101510325 13 1.15209074984203 6.81881969872148 13 1.20953558851923 6.877714982678 13 1.26397333114633 6.93940044401723 13 1.31526863691784 7.00372272296298 13 1.3632939776214 7.07052190419504 13 1.40792995469307 7.13963191442385 13 1.44906559606089 7.21088093527484 13 1.486598632039 7.28409183045605 13 1.52043574958618 7.35908258614678 13 1.55049282429676 7.43566676351267 13 1.57669512954714 7.51365396222203 13 1.59897752227798 7.59285029381104 13 1.6172846049501 7.67305886372102 13 1.63157086327147 7.75408026080934 13 1.64180077935291 7.83571305311693 13 1.64794892001122 7.91775428865988 13 3.1 -8.88178419700125e-16 3.09614645577866 0.154522245548161 3.08459540363274 0.308660324447032 3.0653755612979 0.462031025146141 3.03853471233049 0.614253043918132 3.00413958731014 0.76494793283991 2.96227569793704 0.913741040673803 2.91304712443632 1.06026244430957 2.85657625679826 1.20414786845155 2.7930034904975 1.34503959126443 2.72248687744771 1.48258733372609 2.64520173305968 1.61644913047644 2.56134020037958 1.74629217999723 2.47111077239106 1.87179367200898 2.37473777366883 1.99264159002827 2.27246080267246 2.10853548708985 2.16453413606683 2.21918723270513 2.05122609655026 2.32432172919998 1.93281838576207 2.42367759565089 1.80960538392785 2.51700781771915 1.68189341798385 2.60408036176739 1.55 2.68467875173176 1.41425303779481 2.75860260731555 1.2749900197049 2.82566814216619 1.13255717553583 2.88570862079703 0.987308615780223 2.93857477311811 0.839605451243317 2.98413516554504 0.689814895264576 3.02227652776365 0.538309350767486 3.05290403433784 0.385465484407206 3.07594154046053 0.231663290117917 3.09133177126166 0.0772851443880276 3.09903646420253 -0.077285144388024 3.09903646420253 -0.231663290117913 3.09133177126166 -0.385465484407202 3.07594154046053 -0.538309350767482 3.05290403433785 -0.689814895264572 3.02227652776365 -0.839605451243314 2.98413516554504 -0.987308615780219 2.93857477311811 -1.13255717553582 2.88570862079703 -1.27499001970489 2.82566814216619 -1.4142530377948 2.75860260731555 -1.55 2.68467875173176 -1.68189341798385 2.60408036176739 -1.80960538392785 2.51700781771916 -1.93281838576207 2.42367759565089 -2.05122609655026 2.32432172919998 -2.16453413606683 2.21918723270513 -2.27246080267246 2.10853548708985 -2.37473777366883 1.99264159002827 -2.47111077239106 1.87179367200898 -2.56134020037959 1.74629217999723 -2.64520173305968 1.61644913047644 -2.72248687744771 1.48258733372608 -2.7930034904975 1.34503959126443 -2.85657625679827 1.20414786845155 -2.91304712443632 1.06026244430957 -2.96227569793704 0.913741040673796 -3.00413958731014 0.764947932839903 -3.03853471233049 0.614253043918124 -3.0653755612979 0.462031025146132 -3.08459540363275 0.308660324447022 -3.09614645577866 0.154522245548151 -3.1 -1.06581410364015e-14 -3.09614645577866 -0.154522245548173 -3.08459540363274 -0.308660324447044 -3.0653755612979 -0.462031025146153 -3.03853471233048 -0.614253043918145 -3.00413958731014 -0.764947932839923 -2.96227569793703 -0.913741040673817 -2.91304712443631 -1.06026244430959 -2.85657625679826 -1.20414786845157 -2.79300349049749 -1.34503959126444 -2.7224868774477 -1.4825873337261 -2.64520173305967 -1.61644913047646 -2.56134020037957 -1.74629217999724 -2.47111077239105 -1.87179367200899 -2.37473777366882 -1.99264159002829 -2.27246080267245 -2.10853548708986 -2.16453413606681 -2.21918723270514 -2.05122609655025 -2.32432172919999 -1.93281838576206 -2.42367759565091 -1.80960538392783 -2.51700781771917 -1.68189341798383 -2.6040803617674 -1.54999999999998 -2.68467875173177 -1.41425303779478 -2.75860260731556 -1.27499001970487 -2.8256681421662 -1.1325571755358 -2.88570862079704 -0.987308615780198 -2.93857477311812 -0.83960545124329 -2.98413516554504 -0.689814895264548 -3.02227652776366 -0.538309350767457 -3.05290403433785 -0.385465484407176 -3.07594154046054 -0.231663290117886 -3.09133177126166 -0.0772851443879965 -3.09903646420253 0.077285144388056 -3.09903646420253 0.231663290117946 -3.09133177126166 0.385465484407235 -3.07594154046053 0.538309350767515 -3.05290403433784 0.689814895264606 -3.02227652776365 0.839605451243348 -2.98413516554503 0.987308615780254 -2.9385747731181 1.13255717553586 -2.88570862079702 1.27499001970493 -2.82566814216617 1.41425303779484 -2.75860260731554 1.55000000000003 -2.68467875173174 1.68189341798388 -2.60408036176737 1.80960538392788 -2.51700781771913 1.9328183857621 -2.42367759565087 2.05122609655029 -2.32432172919995 2.16453413606685 -2.2191872327051 2.27246080267249 -2.10853548708982 2.37473777366886 -1.99264159002824 2.47111077239109 -1.87179367200895 2.56134020037961 -1.74629217999719 2.64520173305971 -1.61644913047641 2.72248687744773 -1.48258733372605 2.79300349049752 -1.34503959126439 2.85657625679828 -1.20414786845151 2.91304712443633 -1.06026244430953 2.96227569793705 -0.91374104067376 3.00413958731015 -0.764947932839866 3.03853471233049 -0.614253043918087 3.06537556129791 -0.462031025146094 3.08459540363275 -0.308660324446984 3.09614645577866 -0.154522245548113 1.65 -4.44089209850063e-16 1.64794892001122 0.0822457113401502 1.64180077935291 0.164286946883097 1.63157086327146 0.245919739190688 1.6172846049501 0.326941136279006 1.59897752227798 0.407149706188985 1.57669512954713 0.486346037777992 1.55049282429675 0.564333236487353 1.52043574958617 0.640917413853246 1.48659863203899 0.715908169543971 1.44906559606088 0.789119064725175 1.40792995469306 0.860368085576172 1.36329397762139 0.929478095804976 1.31526863691782 0.996277277037037 1.26397333114631 1.06059955598279 1.20953558851921 1.12228501732202 1.15209074984202 1.18118030127854 1.09178163203482 1.23713898489676 1.02875817306691 1.29002194607225 0.963177059187404 1.33969770943116 0.895201335378503 1.38604277319877 0.825000000000001 1.42894191624432 0.752747584632719 1.46828848453892 0.67862372016551 1.50398465631426 0.602812690204552 1.53594168526294 0.52550297291528 1.56408012117577 0.446886772435959 1.58833000746752 0.367159541027919 1.60863105510001 0.286519493150436 1.62493279247014 0.205167112668351 1.63719469089028 0.123304654417601 1.64538626534895 0.0411356413678212 1.64948715030135 -0.041135641367819 1.64948715030135 -0.123304654417599 1.64538626534895 -0.205167112668349 1.63719469089028 -0.286519493150434 1.62493279247014 -0.367159541027918 1.60863105510001 -0.446886772435957 1.58833000746752 -0.525502972915278 1.56408012117577 -0.602812690204551 1.53594168526294 -0.678623720165508 1.50398465631426 -0.752747584632718 1.46828848453892 -0.824999999999999 1.42894191624432 -0.895201335378502 1.38604277319877 -0.963177059187403 1.33969770943116 -1.02875817306691 1.29002194607225 -1.09178163203482 1.23713898489676 -1.15209074984202 1.18118030127854 -1.20953558851921 1.12228501732202 -1.26397333114631 1.06059955598279 -1.31526863691782 0.996277277037037 -1.36329397762139 0.929478095804975 -1.40792995469306 0.86036808557617 -1.44906559606088 0.789119064725173 -1.48659863203899 0.715908169543968 -1.52043574958617 0.640917413853244 -1.55049282429675 0.56433323648735 -1.57669512954713 0.486346037777988 -1.59897752227798 0.407149706188981 -1.6172846049501 0.326941136279002 -1.63157086327146 0.245919739190683 -1.64180077935291 0.164286946883093 -1.64794892001122 0.0822457113401449 -1.65 -5.77315972805081e-15 -1.64794892001122 -0.0822457113401565 -1.64180077935291 -0.164286946883104 -1.63157086327146 -0.245919739190694 -1.6172846049501 -0.326941136279013 -1.59897752227798 -0.407149706188992 -1.57669512954713 -0.486346037777999 -1.55049282429675 -0.564333236487361 -1.52043574958617 -0.640917413853254 -1.48659863203899 -0.715908169543979 -1.44906559606087 -0.789119064725183 -1.40792995469305 -0.86036808557618 -1.36329397762139 -0.929478095804984 -1.31526863691782 -0.996277277037045 -1.26397333114631 -1.0605995559828 -1.20953558851921 -1.12228501732202 -1.15209074984201 -1.18118030127854 -1.09178163203481 -1.23713898489677 -1.0287581730669 -1.29002194607226 -0.963177059187394 -1.33969770943117 -0.895201335378493 -1.38604277319878 -0.824999999999989 -1.42894191624433 -0.752747584632707 -1.46828848453893 -0.678623720165497 -1.50398465631427 -0.602812690204539 -1.53594168526294 -0.525502972915266 -1.56408012117577 -0.446886772435945 -1.58833000746752 -0.367159541027905 -1.60863105510001 -0.286519493150421 -1.62493279247015 -0.205167112668335 -1.63719469089029 -0.123304654417585 -1.64538626534895 -0.0411356413678048 -1.64948715030135 0.0411356413678363 -1.64948715030135 0.123304654417616 -1.64538626534895 0.205167112668367 -1.63719469089028 0.286519493150452 -1.62493279247014 0.367159541027936 -1.60863105510001 0.446886772435975 -1.58833000746752 0.525502972915296 -1.56408012117576 0.602812690204569 -1.53594168526293 0.678623720165526 -1.50398465631425 0.752747584632736 -1.46828848453891 0.825000000000017 -1.42894191624431 0.895201335378519 -1.38604277319876 0.963177059187419 -1.33969770943115 1.02875817306693 -1.29002194607224 1.09178163203483 -1.23713898489675 1.15209074984203 -1.18118030127852 1.20953558851923 -1.122285017322 1.26397333114633 -1.06059955598277 1.31526863691784 -0.99627727703702 1.3632939776214 -0.929478095804958 1.40792995469307 -0.860368085576153 1.44906559606089 -0.789119064725155 1.486598632039 -0.71590816954395 1.52043574958618 -0.640917413853225 1.55049282429676 -0.564333236487331 1.57669512954714 -0.486346037777969 1.59897752227798 -0.407149706188961 1.6172846049501 -0.326941136278982 1.63157086327147 -0.245919739190663 1.64180077935292 -0.164286946883072 1.64794892001122 -0.0822457113401245 205 79 80 205 80 206 207 80 81 207 206 80 204 79 205 204 78 79 208 207 81 208 81 82 203 78 204 203 77 78 209 208 82 209 82 83 202 77 203 202 76 77 210 209 83 210 83 84 201 76 202 201 75 76 211 210 84 211 84 85 200 75 201 200 74 75 212 211 85 212 85 86 199 74 200 199 73 74 213 212 86 213 86 87 198 73 199 198 72 73 214 213 87 214 87 88 197 72 198 197 71 72 215 88 89 215 214 88 196 70 71 196 71 197 216 215 89 216 89 90 195 70 196 195 69 70 217 216 90 217 90 91 217 91 92 194 68 69 194 69 195 218 217 92 193 68 194 193 67 68 219 218 92 219 92 93 192 67 193 192 66 67 220 93 94 220 219 93 191 66 192 191 65 66 221 220 94 221 94 95 190 65 191 190 64 65 222 221 95 222 95 96 189 64 190 189 63 64 223 96 97 223 222 96 188 63 189 188 61 62 188 62 63 224 223 97 224 97 98 187 61 188 225 224 98 225 98 99 186 60 61 186 61 187 226 225 99 226 99 100 185 59 60 185 60 186 227 101 102 227 226 100 227 100 101 184 59 185 184 58 59 228 227 102 183 58 184 183 57 58 229 102 103 229 228 102 182 57 183 182 56 57 230 103 104 230 229 103 181 56 182 181 55 56 231 104 105 231 230 104 180 54 55 180 55 181 232 105 106 232 231 105 179 53 54 179 54 180 233 106 107 233 107 108 233 232 106 178 53 179 178 52 53 234 233 108 177 51 52 177 52 178 235 108 109 235 234 108 176 50 51 176 51 177 236 109 110 236 235 109 175 49 50 175 50 176 237 110 111 237 236 110 48 175 174 48 49 175 112 238 237 112 237 111 47 48 174 47 173 172 47 174 173 113 238 112 113 239 238 46 47 172 114 239 113 114 240 239 45 46 172 45 172 171 115 240 114 115 241 240 44 45 171 44 171 170 116 241 115 116 242 241 43 44 170 43 170 169 117 243 242 117 242 116 42 43 169 42 169 168 118 244 243 118 243 117 41 168 167 41 42 168 119 245 244 119 246 245 119 244 118 40 167 166 40 41 167 120 246 119 39 40 166 39 165 164 39 166 165 121 246 120 121 247 246 38 39 164 122 248 247 122 247 121 37 38 164 37 164 163 123 249 248 123 248 122 36 162 161 36 163 162 36 37 163 124 249 123 124 250 249 124 251 250 35 36 161 35 161 160 125 252 251 125 251 124 34 35 160 126 252 125 33 160 159 33 34 160 1 127 252 1 252 126 32 158 157 32 159 158 32 33 159 2 128 127 2 127 1 31 32 157 3 129 128 3 128 2 30 156 155 30 157 156 30 31 157 4 130 129 4 131 130 4 129 3 29 30 155 29 155 154 5 131 4 28 29 154 6 132 131 6 131 5 27 28 154 27 153 152 27 154 153 7 133 132 7 132 6 26 27 152 26 152 151 8 134 133 8 135 134 8 133 7 25 26 151 9 136 135 9 135 8 24 25 151 24 151 150 10 136 9 23 24 150 23 150 149 11 136 10 11 137 136 22 23 149 22 149 148 12 137 11 12 138 137 21 22 148 21 148 147 13 138 12 13 139 138 20 21 147 20 147 146 14 140 139 14 139 13 19 20 146 19 146 145 15 140 14 15 141 140 18 144 143 18 145 144 18 19 145 16 142 141 16 141 15 17 18 143 17 143 142 17 142 16 
254 252 1 0 0.000963535797470908
3.1 8 16 3.09614645577866 8.15452224554816 16 3.08459540363274 8.30866032444703 16 3.0653755612979 8.46203102514614 16 3.03853471233049 8.61425304391813 16 3.00413958731014 8.76494793283991 16 2.96227569793704 8.9137410406738 16 2.91304712443632 9.06026244430957 16 2.85657625679826 9.20414786845155 16 2.7930034904975 9.34503959126443 16 2.72248687744771 9.48258733372609 16 2.64520173305968 9.61644913047644 16 2.56134020037958 9.74629217999723 16 2.47111077239106 9.87179367200898 16 2.37473777366883 9.99264159002827 16 2.27246080267246 10.1085354870898 16 2.16453413606683 10.2191872327051 16 2.05122609655026 10.3243217292 16 1.93281838576207 10.4236775956509 16 1.80960538392785 10.5170078177192 16 1.68189341798385 10.6040803617674 16 1.55 10.6846787517318 16 1.41425303779481 10.7586026073156 16 1.2749900197049 10.8256681421662 16 1.13255717553583 10.885708620797 16 0.987308615780223 10.9385747731181 16 0.839605451243317 10.984135165545 16 0.689814895264576 11.0222765277637 16 0.538309350767486 11.0529040343378 16 0.385465484407206 11.0759415404605 16 0.231663290117917 11.0913317712617 16 0.0772851443880278 11.0990364642025 16 -0.077285144388024 11.0990364642025 16 -0.231663290117913 11.0913317712617 16 -0.385465484407202 11.0759415404605 16 -0.538309350767482 11.0529040343378 16 -0.689814895264573 11.0222765277637 16 -0.839605451243314 10.984135165545 16 -0.987308615780219 10.9385747731181 16 -1.13255717553582 10.885708620797 16 -1.27499001970489 10.8256681421662 16 -1.4142530377948 10.7586026073156 16 -1.55 10.6846787517318 16 -1.68189341798385 10.6040803617674 16 -1.80960538392785 10.5170078177192 16 -1.93281838576207 10.4236775956509 16 -2.05122609655026 10.3243217292 16 -2.16453413606683 10.2191872327051 16 -2.27246080267246 10.1085354870898 16 -2.37473777366883 9.99264159002827 16 -2.47111077239106 9.87179367200898 16 -2.56134020037959 9.74629217999723 16 -2.64520173305968 9.61644913047644 16 -2.72248687744771 9.48258733372608 16 -2.7930034904975 9.34503959126443 16 -2.85657625679827 9.20414786845155 16 -2.91304712443632 9.06026244430957 16 -2.96227569793704 8.9137410406738 16 -3.00413958731014 8.7649479328399 16 -3.03853471233049 8.61425304391812 16 -3.0653755612979 8.46203102514613 16 -3.08459540363275 8.30866032444702 16 -3.09614645577866 8.15452224554815 16 -3.1 7.99999999999999 16 -3.09614645577866 7.84547775445183 16 -3.08459540363274 7.69133967555296 16 -3.0653755612979 7.53796897485385 16 -3.03853471233048 7.38574695608185 16 -3.00413958731014 7.23505206716008 16 -2.96227569793703 7.08625895932618 16 -2.91304712443631 6.93973755569041 16 -2.85657625679826 6.79585213154843 16 -2.79300349049749 6.65496040873556 16 -2.7224868774477 6.5174126662739 16 -2.64520173305967 6.38355086952354 16 -2.56134020037957 6.25370782000276 16 -2.47111077239105 6.12820632799101 16 -2.37473777366882 6.00735840997171 16 -2.27246080267245 5.89146451291013 16 -2.16453413606681 5.78081276729486 16 -2.05122609655025 5.67567827080001 16 -1.93281838576206 5.57632240434909 16 -1.80960538392783 5.48299218228083 16 -1.68189341798383 5.3959196382326 16 -1.54999999999998 5.31532124826823 16 -1.41425303779478 5.24139739268444 16 -1.27499001970487 5.1743318578338 16 -1.1325571755358 5.11429137920296 16 -0.987308615780197 5.06142522688188 16 -0.839605451243291 5.01586483445496 16 -0.689814895264548 4.97772347223634 16 -0.538309350767457 4.94709596566215 16 -0.385465484407176 4.92405845953946 16 -0.231663290117886 4.90866822873834 16 -0.0772851443879965 4.90096353579747 16 0.0772851443880559 4.90096353579747 16 0.231663290117946 4.90866822873834 16 0.385465484407235 4.92405845953947 16 0.538309350767515 4.94709596566216 16 0.689814895264606 4.97772347223635 16 0.839605451243348 5.01586483445497 16 0.987308615780254 5.0614252268819 16 1.13255717553586 5.11429137920298 16 1.27499001970493 5.17433185783383 16 1.41425303779484 5.24139739268446 16 1.55000000000003 5.31532124826826 16 1.68189341798388 5.39591963823263 16 1.80960538392788 5.48299218228087 16 1.9328183857621 5.57632240434913 16 2.05122609655029 5.67567827080005 16 2.16453413606685 5.7808127672949 16 2.27246080267249 5.89146451291018 16 2.37473777366886 6.00735840997176 16 2.47111077239108 6.12820632799105 16 2.56134020037961 6.25370782000281 16 2.6452017330597 6.38355086952359 16 2.72248687744773 6.51741266627395 16 2.79300349049752 6.65496040873561 16 2.85657625679828 6.79585213154849 16 2.91304712443633 6.93973755569047 16 2.96227569793705 7.08625895932624 16 3.00413958731015 7.23505206716013 16 3.0385347123305 7.38574695608191 16 3.06537556129791 7.53796897485391 16 3.08459540363275 7.69133967555302 16 3.09614645577866 7.84547775445189 16 3.1 8 16 3.1 8 13 3.09614645577866 8.15452224554816 13 3.08459540363274 8.30866032444703 13 3.0653755612979 8.46203102514614 13 3.03853471233049 8.61425304391813 13 3.00413958731014 8.76494793283991 13 2.96227569793704 8.9137410406738 13 2.91304712443632 9.06026244430957 13 2.85657625679826 9.20414786845155 13 2.7930034904975 9.34503959126443 13 2.72248687744771 9.48258733372609 13 2.64520173305968 9.61644913047644 13 2.56134020037958 9.74629217999723 13 2.47111077239106 9.87179367200898 13 2.37473777366883 9.99264159002827 13 2.27246080267246 10.1085354870898 13 2.16453413606683 10.2191872327051 13 2.05122609655026 10.3243217292 13 1.93281838576207 10.4236775956509 13 1.80960538392785 10.5170078177192 13 1.68189341798385 10.6040803617674 13 1.55 10.6846787517318 13 1.41425303779481 10.7586026073156 13 1.2749900197049 10.8256681421662 13 1.13255717553583 10.885708620797 13 0.987308615780223 10.9385747731181 13 0.839605451243317 10.984135165545 13 0.689814895264576 11.0222765277637 13 0.538309350767486 11.0529040343378 13 0.385465484407206 11.0759415404605 13 0.231663290117917 11.0913317712617 13 0.0772851443880278 11.0990364642025 13 -0.077285144388024 11.0990364642025 13 -0.231663290117913 11.0913317712617 13 -0.385465484407202 11.0759415404605 13 -0.538309350767482 11.0529040343378 13 -0.689814895264573 11.0222765277637 13 -0.839605451243314 10.984135165545 13 -0.987308615780219 10.9385747731181 13 -1.13255717553582 10.885708620797 13 -1.27499001970489 10.8256681421662 13 -1.4142530377948 10.7586026073156 13 -1.55 10.6846787517318 13 -1.68189341798385 10.6040803617674 13 -1.80960538392785 10.5170078177192 13 -1.93281838576207 10.4236775956509 13 -2.05122609655026 10.3243217292 13 -2.16453413606683 10.2191872327051 13 -2.27246080267246 10.1085354870898 13 -2.37473777366883 9.99264159002827 13 -2.47111077239106 9.87179367200898 13 -2.56134020037959 9.74629217999723 13 -2.64520173305968 9.61644913047644 13 -2.72248687744771 9.48258733372608 13 -2.7930034904975 9.34503959126443 13 -2.85657625679827 9.20414786845155 13 -2.91304712443632 9.06026244430957 13 -2.96227569793704 8.9137410406738 13 -3.00413958731014 8.7649479328399 13 -3.03853471233049 8.61425304391812 13 -3.0653755612979 8.46203102514613 13 -3.08459540363275 8.30866032444702 13 -3.09614645577866 8.15452224554815 13 -3.1 7.99999999999999 13 -3.09614645577866 7.84547775445183 13 -3.08459540363274 7.69133967555296 13 -3.0653755612979 7.53796897485385 13 -3.03853471233048 7.38574695608185 13 -3.00413958731014 7.23505206716008 13 -2.96227569793703 7.08625895932618 13 -2.91304712443631 6.93973755569041 13 -2.85657625679826 6.79585213154843 13 -2.79300349049749 6.65496040873556 13 -2.7224868774477 6.5174126662739 13 -2.64520173305967 6.38355086952354 13 -2.56134020037957 6.25370782000276 13 -2.47111077239105 6.12820632799101 13 -2.37473777366882 6.00735840997171 13 -2.27246080267245 5.89146451291013 13 -2.16453413606681 5.78081276729486 13 -2.05122609655025 5.67567827080001 13 -1.93281838576206 5.57632240434909 13 -1.80960538392783 5.48299218228083 13 -1.68189341798383 5.3959196382326 13 -1.54999999999998 5.31532124826823 13 -1.41425303779478 5.24139739268444 13 -1.27499001970487 5.1743318578338 13 -1.1325571755358 5.11429137920296 13 -0.987308615780197 5.06142522688188 13 -0.839605451243291 5.01586483445496 13 -0.689814895264548 4.97772347223634 13 -0.538309350767457 4.94709596566215 13 -0.385465484407176 4.92405845953946 13 -0.231663290117886 4.90866822873834 13 -0.0772851443879965 4.90096353579747 13 0.0772851443880559 4.90096353579747 13 0.231663290117946 4.90866822873834 13 0.385465484407235 4.92405845953947 13 0.538309350767515 4.94709596566216 13 0.689814895264606 4.97772347223635 13 0.839605451243348 5.01586483445497 13 0.987308615780254 5.0614252268819 13 1.13255717553586 5.11429137920298 13 1.27499001970493 5.17433185783383 13 1.41425303779484 5.24139739268446 13 1.55000000000003 5.31532124826826 13 1.68189341798388 5.39591963823263 13 1.80960538392788 5.48299218228087 13 1.9328183857621 5.57632240434913 13 2.05122609655029 5.67567827080005 13 2.16453413606685 5.7808127672949 13 2.27246080267249 5.89146451291018 13 2.37473777366886 6.00735840997176 13 2.47111077239108 6.12820632799105 13 2.56134020037961 6.25370782000281 13 2.6452017330597 6.38355086952359 13 2.72248687744773 6.51741266627395 13 2.79300349049752 6.65496040873561 13 2.85657625679828 6.79585213154849 13 2.91304712443633 6.93973755569047 13 2.96227569793705 7.08625895932624 13 3.00413958731015 7.23505206716013 13 3.0385347123305 7.38574695608191 13 3.06537556129791 7.53796897485391 13 3.08459540363275 7.69133967555302 13 3.09614645577866 7.84547775445189 13 3.1 8 13 0 3 0.0498665500569808 3 0.0997331001139617 3 0.149599650170943 3 0.199466200227923 3 0.249332750284904 3 0.299199300341885 3 0.349065850398866 3 0.398932400455847 3 0.448798950512828 3 0.498665500569808 3 0.548532050626789 3 0.59839860068377 3 0.648265150740751 3 0.698131700797732 3 0.747998250854712 3 0.797864800911693 3 0.847731350968674 3 0.897597901025655 3 0.947464451082636 3 0.997331001139616 3 1.0471975511966 3 1.09706410125358 3 1.14693065131056 3 1.19679720136754 3 1.24666375142452 3 1.2965303014815 3 1.34639685153848 3 1.39626340159546 3 1.44612995165244 3 1.49599650170942 3 1.54586305176641 3 1.59572960182339 3 1.64559615188037 3 1.69546270193735 3 1.74532925199433 3 1.79519580205131 3 1.84506235210829 3 1.89492890216527 3 1.94479545222225 3 1.99466200227923 3 2.04452855233621 3 2.09439510239319 3 2.14426165245018 3 2.19412820250716 3 2.24399475256414 3 2.29386130262112 3 2.3437278526781 3 2.39359440273508 3 2.44346095279206 3 2.49332750284904 3 2.54319405290602 3 2.59306060296301 3 2.64292715301999 3 2.69279370307697 3 2.74266025313395 3 2.79252680319093 3 2.84239335324791 3 2.89225990330489 3 2.94212645336187 3 2.99199300341885 3 3.04185955347583 3 3.09172610353282 3 3.1415926535898 3 3.19145920364678 3 3.24132575370376 3 3.29119230376074 3 3.34105885381772 3 3.3909254038747 3 3.44079195393168 3 3.49065850398866 3 3.54052505404564 3 3.59039160410263 3 3.64025815415961 3 3.69012470421659 3 3.73999125427357 3 3.78985780433055 3 3.83972435438753 3 3.88959090444451 3 3.93945745450149 3 3.98932400455847 3 4.03919055461546 3 4.08905710467244 3 4.13892365472942 3 4.1887902047864 3 4.23865675484338 3 4.28852330490036 3 4.33838985495734 3 4.38825640501432 3 4.4381229550713 3 4.48798950512828 3 4.53785605518527 3 4.58772260524225 3 4.63758915529923 3 4.68745570535621 3 4.73732225541319 3 4.78718880547017 3 4.83705535552715 3 4.88692190558413 3 4.93678845564111 3 4.9866550056981 3 5.03652155575508 3 5.08638810581206 3 5.13625465586904 3 5.18612120592602 3 5.235987755983 3 5.28585430603998 3 5.33572085609696 3 5.38558740615394 3 5.43545395621092 3 5.48532050626791 3 5.53518705632489 3 5.58505360638187 3 5.63492015643885 3 5.68478670649583 3 5.73465325655281 3 5.78451980660979 3 5.83438635666677 3 5.88425290672375 3 5.93411945678073 3 5.98398600683772 3 6.0338525568947 3 6.08371910695168 3 6.13358565700866 3 6.18345220706564 3 6.23331875712262 3 6.28318530717959 3 0 0 0.0498665500569808 0 0.0997331001139617 0 0.149599650170943 0 0.199466200227923 0 0.249332750284904 0 0.299199300341885 0 0.349065850398866 0 0.398932400455847 0 0.448798950512828 0 0.498665500569808 0 0.548532050626789 0 0.59839860068377 0 0.648265150740751 0 0.698131700797732 0 0.747998250854712 0 0.797864800911693 0 0.847731350968674 0 0.897597901025655 0 0.947464451082636 0 0.997331001139616 0 1.0471975511966 0 1.09706410125358 0 1.14693065131056 0 1.19679720136754 0 1.24666375142452 0 1.2965303014815 0 1.34639685153848 0 1.39626340159546 0 1.44612995165244 0 1.49599650170942 0 1.54586305176641 0 1.59572960182339 0 1.64559615188037 0 1.69546270193735 0 1.74532925199433 0 1.79519580205131 0 1.84506235210829 0 1.89492890216527 0 1.94479545222225 0 1.99466200227923 0 2.04452855233621 0 2.09439510239319 0 2.14426165245018 0 2.19412820250716 0 2.24399475256414 0 2.29386130262112 0 2.3437278526781 0 2.39359440273508 0 2.44346095279206 0 2.49332750284904 0 2.54319405290602 0 2.59306060296301 0 2.64292715301999 0 2.69279370307697 0 2.74266025313395 0 2.79252680319093 0 2.84239335324791 0 2.89225990330489 0 2.94212645336187 0 2.99199300341885 0 3.04185955347583 0 3.09172610353282 0 3.1415926535898 0 3.19145920364678 0 3.24132575370376 0 3.29119230376074 0 3.34105885381772 0 3.3909254038747 0 3.44079195393168 0 3.49065850398866 0 3.54052505404564 0 3.59039160410263 0 3.64025815415961 0 3.69012470421659 0 3.73999125427357 0 3.78985780433055 0 3.83972435438753 0 3.88959090444451 0 3.93945745450149 0 3.98932400455847 0 4.03919055461546 0 4.08905710467244 0 4.13892365472942 0 4.1887902047864 0 4.23865675484338 0 4.28852330490036 0 4.33838985495734 0 4.38825640501432 0 4.4381229550713 0 4.48798950512828 0 4.53785605518527 0 4.58772260524225 0 4.63758915529923 0 4.68745570535621 0 4.73732225541319 0 4.78718880547017 0 4.83705535552715 0 4.88692190558413 0 4.93678845564111 0 4.9866550056981 0 5.03652155575508 0 5.08638810581206 0 5.13625465586904 0 5.18612120592602 0 5.235987755983 0 5.28585430603998 0 5.33572085609696 0 5.38558740615394 0 5.43545395621092 0 5.48532050626791 0 5.53518705632489 0 5.58505360638187 0 5.63492015643885 0 5.68478670649583 0 5.73465325655281 0 5.78451980660979 0 5.83438635666677 0 5.88425290672375 0 5.93411945678073 0 5.98398600683772 0 6.0338525568947 0 6.08371910695168 0 6.13358565700866 0 6.18345220706564 0 6.23331875712262 0 6.28318530717959 0 2 1 128 2 128 129 3 129 130 3 130 131 3 2 129 4 3 131 5 131 132 5 132 133 5 4 131 6 133 134 6 5 133 7 6 134 8 134 135 8 7 134 9 135 136 9 136 137 9 8 135 10 9 137 11 137 138 11 10 137 12 11 138 12 138 139 13 12 139 13 139 140 14 13 140 14 140 141 15 14 141 15 141 142 16 15 142 16 142 143 17 16 143 17 143 144 18 17 144 18 144 145 19 18 145 19 145 146 20 19 146 20 146 147 21 20 147 21 147 148 21 148 149 22 21 149 23 22 149 23 149 150 23 150 151 24 23 151 25 151 152 25 152 153 25 24 151 26 25 153 27 153 154 27 26 153 28 154 155 28 155 156 28 27 154 29 156 157 29 28 156 30 29 157 31 157 158 31 158 159 31 30 157 32 31 159 33 159 160 33 160 161 33 32 159 34 33 161 35 161 162 35 162 163 35 34 161 36 35 163 37 36 163 37 163 164 38 37 164 38 164 165 39 38 165 39 165 166 40 39 166 40 166 167 41 40 167 41 167 168 41 168 169 42 41 169 43 42 169 43 169 170 44 43 170 44 170 171 45 44 171 45 171 172 46 45 172 46 172 173 47 46 173 47 173 174 48 47 174 48 174 175 49 48 175 49 175 176 50 49 176 50 176 177 51 50 177 51 177 178 52 51 178 52 178 179 53 52 179 53 179 180 54 53 180 54 180 181 55 54 181 55 181 182 56 55 182 56 182 183 57 56 183 57 183 184 58 57 184 58 184 185 59 185 186 59 58 185 60 186 187 60 59 186 61 187 188 61 60 187 62 188 189 62 61 188 63 62 189 63 189 190 64 63 190 64 190 191 65 64 191 65 191 192 66 65 192 66 192 193 67 66 193 67 193 194 68 67 194 68 194 195 69 68 195 69 195 196 70 69 196 70 196 197 71 70 197 71 197 198 72 71 198 72 198 199 73 72 199 73 199 200 74 73 200 74 200 201 75 74 201 75 201 202 76 202 203 76 75 202 77 203 204 77 76 203 78 204 205 78 77 204 79 205 206 79 78 205 80 206 207 80 79 206 81 207 208 81 80 207 82 208 209 82 81 208 83 209 210 83 82 209 84 210 211 84 83 210 85 211 212 85 84 211 86 212 213 86 85 212 87 213 214 87 86 213 88 214 215 88 87 214 89 88 215 89 215 216 90 89 216 90 216 217 91 90 217 91 217 218 92 91 218 92 218 219 93 219 220 93 92 219 94 220 221 94 221 222 94 93 220 95 94 222 96 222 223 96 95 222 97 223 224 97 96 223 98 224 225 98 97 224 99 225 226 99 98 225 100 226 227 100 227 228 100 99 226 101 100 228 102 228 229 102 101 228 103 229 230 103 102 229 104 230 231 104 231 232 104 103 230 105 104 232 106 232 233 106 105 232 107 233 234 107 106 233 108 234 235 108 235 236 108 107 234 109 108 236 110 236 237 110 237 238 110 109 236 111 110 238 112 238 239 112 111 238 113 112 239 113 239 240 114 113 240 114 240 241 115 114 241 115 241 242 116 115 242 116 242 243 117 116 243 117 243 244 118 117 244 118 244 245 119 118 245 119 245 246 120 119 246 120 246 247 121 120 247 121 247 248 122 121 248 122 248 249 123 122 249 123 249 250 124 123 250 124 250 251 125 251 252 125 124 251 126 125 252 126 252 253 127 253 254 127 126 253 
252 252 1 0 3.97205464519564e-15
-21.9 8 13 -21.9038535442213 8.15452224554816 13 -21.9154045963673 8.30866032444703 13 -21.9346244387021 8.46203102514614 13 -21.9614652876695 8.61425304391813 13 -21.9958604126899 8.76494793283991 13 -22.037724302063 8.9137410406738 13 -22.0869528755637 9.06026244430957 13 -22.1434237432017 9.20414786845155 13 -22.2069965095025 9.34503959126443 13 -22.2775131225523 9.48258733372609 13 -22.3547982669403 9.61644913047644 13 -22.4386597996204 9.74629217999723 13 -22.5288892276089 9.87179367200898 13 -22.6252622263312 9.99264159002827 13 -22.7275391973275 10.1085354870898 13 -22.8354658639332 10.2191872327051 13 -22.9487739034497 10.3243217292 13 -23.0671816142379 10.4236775956509 13 -23.1903946160722 10.5170078177192 13 -23.3181065820161 10.6040803617674 13 -23.45 10.6846787517318 13 -23.5857469622052 10.7586026073156 13 -23.7250099802951 10.8256681421662 13 -23.8674428244642 10.885708620797 13 -24.0126913842198 10.9385747731181 13 -24.1603945487567 10.984135165545 13 -24.3101851047354 11.0222765277637 13 -24.4616906492325 11.0529040343378 13 -24.6145345155928 11.0759415404605 13 -24.7683367098821 11.0913317712617 13 -24.922714855612 11.0990364642025 13 -25.077285144388 11.0990364642025 13 -25.2316632901179 11.0913317712617 13 -25.3854654844072 11.0759415404605 13 -25.5383093507675 11.0529040343378 13 -25.6898148952646 11.0222765277637 13 -25.8396054512433 10.984135165545 13 -25.9873086157802 10.9385747731181 13 -26.1325571755358 10.885708620797 13 -26.2749900197049 10.8256681421662 13 -26.4142530377948 10.7586026073156 13 -26.55 10.6846787517318 13 -26.6818934179839 10.6040803617674 13 -26.8096053839278 10.5170078177192 13 -26.9328183857621 10.4236775956509 13 -27.0512260965503 10.3243217292 13 -27.1645341360668 10.2191872327051 13 -27.2724608026725 10.1085354870898 13 -27.3747377736688 9.99264159002827 13 -27.4711107723911 9.87179367200898 13 -27.5613402003796 9.74629217999723 13 -27.6452017330597 9.61644913047644 13 -27.7224868774477 9.48258733372608 13 -27.7930034904975 9.34503959126443 13 -27.8565762567983 9.20414786845155 13 -27.9130471244363 9.06026244430957 13 -27.962275697937 8.9137410406738 13 -28.0041395873101 8.7649479328399 13 -28.0385347123305 8.61425304391812 13 -28.0653755612979 8.46203102514613 13 -28.0845954036327 8.30866032444702 13 -28.0961464557787 8.15452224554815 13 -28.1 7.99999999999999 13 -28.0961464557787 7.84547775445183 13 -28.0845954036327 7.69133967555296 13 -28.0653755612979 7.53796897485385 13 -28.0385347123305 7.38574695608185 13 -28.0041395873101 7.23505206716008 13 -27.962275697937 7.08625895932618 13 -27.9130471244363 6.93973755569041 13 -27.8565762567983 6.79585213154843 13 -27.7930034904975 6.65496040873556 13 -27.7224868774477 6.5174126662739 13 -27.6452017330597 6.38355086952354 13 -27.5613402003796 6.25370782000276 13 -27.4711107723911 6.12820632799101 13 -27.3747377736688 6.00735840997171 13 -27.2724608026724 5.89146451291013 13 -27.1645341360668 5.78081276729486 13 -27.0512260965502 5.67567827080001 13 -26.9328183857621 5.57632240434909 13 -26.8096053839278 5.48299218228083 13 -26.6818934179838 5.3959196382326 13 -26.55 5.31532124826823 13 -26.4142530377948 5.24139739268444 13 -26.2749900197049 5.1743318578338 13 -26.1325571755358 5.11429137920296 13 -25.9873086157802 5.06142522688188 13 -25.8396054512433 5.01586483445496 13 -25.6898148952645 4.97772347223634 13 -25.5383093507675 4.94709596566215 13 -25.3854654844072 4.92405845953946 13 -25.2316632901179 4.90866822873834 13 -25.077285144388 4.90096353579747 13 -24.9227148556119 4.90096353579747 13 -24.7683367098821 4.90866822873834 13 -24.6145345155928 4.92405845953947 13 -24.4616906492325 4.94709596566216 13 -24.3101851047354 4.97772347223635 13 -24.1603945487567 5.01586483445497 13 -24.0126913842197 5.0614252268819 13 -23.8674428244641 5.11429137920298 13 -23.7250099802951 5.17433185783383 13 -23.5857469622052 5.24139739268446 13 -23.45 5.31532124826826 13 -23.3181065820161 5.39591963823263 13 -23.1903946160721 5.48299218228087 13 -23.0671816142379 5.57632240434913 13 -22.9487739034497 5.67567827080005 13 -22.8354658639331 5.7808127672949 13 -22.7275391973275 5.89146451291018 13 -22.6252622263311 6.00735840997176 13 -22.5288892276089 6.12820632799105 13 -22.4386597996204 6.25370782000281 13 -22.3547982669403 6.38355086952359 13 -22.2775131225523 6.51741266627395 13 -22.2069965095025 6.65496040873561 13 -22.1434237432017 6.79585213154849 13 -22.0869528755637 6.93973755569047 13 -22.037724302063 7.08625895932624 13 -21.9958604126898 7.23505206716013 13 -21.9614652876695 7.38574695608191 13 -21.9346244387021 7.53796897485391 13 -21.9154045963672 7.69133967555302 13 -21.9038535442213 7.84547775445189 13 -23.4 8 13 -23.4019889260497 8.07975341705712 13 -23.4079507594154 8.15930855455331 13 -23.4178706780398 8.23846762588188 13 -23.4317240194423 8.31703382911904 13 -23.4494763420335 8.39481183630447 13 -23.4710835107422 8.47160827905745 13 -23.4964918067425 8.54723222932107 13 -23.5256380610073 8.62149567403951 13 -23.5584498113561 8.69421398258809 13 -23.5948454826076 8.76520636579411 13 -23.6347345893886 8.8342963254072 13 -23.6780179610944 8.9013120929018 13 -23.7245879884433 8.96608705652076 13 -23.7743288910096 9.02846017549846 13 -23.8271170050723 9.08827638043347 13 -23.8828210910623 9.14538695881555 13 -23.941302659845 9.19964992474837 13 -24.002416317026 9.25093037194885 13 -24.0660101244243 9.29910080914537 13 -24.1319259778148 9.34404147704123 13 -24.2 9.3856406460551 13 -24.2700629482349 9.42379489409835 13 -24.341940634991 9.45840936369868 13 -24.4154543610138 9.48939799783073 13 -24.4904213595973 9.51668375386741 13 -24.5666552509712 9.54019879512002 13 -24.6439665056699 9.55988465949092 13 -24.7221629157329 9.57569240481953 13 -24.801050072564 9.58758273056027 13 -24.8804318502617 9.59552607548989 13 -24.9601108932191 9.59950269120131 13 -25.0398891067809 9.59950269120131 13 -25.1195681497383 9.59552607548989 13 -25.198949927436 9.58758273056027 13 -25.2778370842671 9.57569240481953 13 -25.3560334943301 9.55988465949092 13 -25.4333447490288 9.54019879512002 13 -25.5095786404027 9.51668375386741 13 -25.5845456389862 9.48939799783073 13 -25.658059365009 9.45840936369868 13 -25.7299370517651 9.42379489409835 13 -25.8 9.3856406460551 13 -25.8680740221852 9.34404147704123 13 -25.9339898755757 9.29910080914537 13 -25.997583682974 9.25093037194885 13 -26.058697340155 9.19964992474837 13 -26.1171789089377 9.14538695881555 13 -26.1728829949277 9.08827638043347 13 -26.2256711089904 9.02846017549846 13 -26.2754120115567 8.96608705652076 13 -26.3219820389056 8.90131209290179 13 -26.3652654106114 8.83429632540719 13 -26.4051545173924 8.76520636579411 13 -26.4415501886439 8.69421398258809 13 -26.4743619389927 8.62149567403951 13 -26.5035081932575 8.54723222932107 13 -26.5289164892578 8.47160827905744 13 -26.5505236579665 8.39481183630447 13 -26.5682759805577 8.31703382911903 13 -26.5821293219602 8.23846762588187 13 -26.5920492405846 8.1593085545533 13 -26.5980110739503 8.07975341705711 13 -26.6 7.99999999999999 13 -26.5980110739503 7.92024658294288 13 -26.5920492405846 7.84069144544669 13 -26.5821293219602 7.76153237411811 13 -26.5682759805577 7.68296617088096 13 -26.5505236579665 7.60518816369552 13 -26.5289164892578 7.52839172094255 13 -26.5035081932575 7.45276777067892 13 -26.4743619389927 7.37850432596048 13 -26.4415501886439 7.3057860174119 13 -26.4051545173924 7.23479363420588 13 -26.3652654106114 7.1657036745928 13 -26.3219820389056 7.0986879070982 13 -26.2754120115567 7.03391294347923 13 -26.2256711089904 6.97153982450153 13 -26.1728829949277 6.91172361956652 13 -26.1171789089377 6.85461304118444 13 -26.058697340155 6.80035007525162 13 -25.997583682974 6.74906962805115 13 -25.9339898755757 6.70089919085462 13 -25.8680740221852 6.65595852295876 13 -25.8 6.61435935394489 13 -25.729937051765 6.57620510590164 13 -25.658059365009 6.54159063630132 13 -25.5845456389862 6.51060200216927 13 -25.5095786404027 6.48331624613258 13 -25.4333447490288 6.45980120487998 13 -25.3560334943301 6.44011534050908 13 -25.2778370842671 6.42430759518046 13 -25.198949927436 6.41241726943972 13 -25.1195681497383 6.40447392451011 13 -25.0398891067809 6.40049730879869 13 -24.9601108932191 6.40049730879869 13 -24.8804318502617 6.40447392451011 13 -24.801050072564 6.41241726943973 13 -24.7221629157329 6.42430759518047 13 -24.6439665056699 6.44011534050909 13 -24.5666552509712 6.45980120487999 13 -24.4904213595973 6.48331624613259 13 -24.4154543610138 6.51060200216928 13 -24.341940634991 6.54159063630133 13 -24.2700629482349 6.57620510590166 13 -24.2 6.61435935394491 13 -24.1319259778148 6.65595852295878 13 -24.0660101244243 6.70089919085464 13 -24.002416317026 6.74906962805116 13 -23.941302659845 6.80035007525164 13 -23.8828210910623 6.85461304118446 13 -23.8271170050723 6.91172361956654 13 -23.7743288910096 6.97153982450155 13 -23.7245879884433 7.03391294347925 13 -23.6780179610944 7.09868790709822 13 -23.6347345893885 7.16570367459282 13 -23.5948454826076 7.23479363420591 13 -23.5584498113561 7.30578601741193 13 -23.5256380610073 7.37850432596051 13 -23.4964918067425 7.45276777067895 13 -23.4710835107422 7.52839172094258 13 -23.4494763420335 7.60518816369555 13 -23.4317240194423 7.68296617088099 13 -23.4178706780398 7.76153237411815 13 -23.4079507594154 7.84069144544672 13 -23.4019889260497 7.92024658294291 13 3.1 -8.88178419700125e-16 3.09614645577866 0.154522245548161 3.08459540363275 0.308660324447032 3.0653755612979 0.462031025146141 3.03853471233049 0.614253043918133 3.00413958731014 0.76494793283991 2.96227569793704 0.913741040673804 2.91304712443632 1.06026244430957 2.85657625679826 1.20414786845155 2.7930034904975 1.34503959126443 2.72248687744771 1.48258733372609 2.64520173305968 1.61644913047645 2.56134020037959 1.74629217999723 2.47111077239106 1.87179367200898 2.37473777366883 1.99264159002827 2.27246080267246 2.10853548708985 2.16453413606683 2.21918723270513 2.05122609655027 2.32432172919998 1.93281838576208 2.42367759565089 1.80960538392785 2.51700781771916 1.68189341798386 2.60408036176739 1.55 2.68467875173176 1.41425303779481 2.75860260731555 1.2749900197049 2.82566814216619 1.13255717553583 2.88570862079703 0.987308615780224 2.93857477311811 0.839605451243318 2.98413516554504 0.689814895264576 3.02227652776365 0.538309350767486 3.05290403433785 0.385465484407206 3.07594154046054 0.231663290117917 3.09133177126166 0.077285144388028 3.09903646420253 -0.077285144388024 3.09903646420253 -0.231663290117913 3.09133177126166 -0.385465484407202 3.07594154046054 -0.538309350767482 3.05290403433785 -0.689814895264573 3.02227652776365 -0.839605451243314 2.98413516554504 -0.98730861578022 2.93857477311811 -1.13255717553582 2.88570862079704 -1.27499001970489 2.82566814216619 -1.4142530377948 2.75860260731555 -1.55 2.68467875173176 -1.68189341798385 2.60408036176739 -1.80960538392785 2.51700781771916 -1.93281838576207 2.42367759565089 -2.05122609655027 2.32432172919998 -2.16453413606683 2.21918723270513 -2.27246080267246 2.10853548708985 -2.37473777366883 1.99264159002827 -2.47111077239106 1.87179367200898 -2.56134020037959 1.74629217999723 -2.64520173305969 1.61644913047644 -2.72248687744771 1.48258733372608 -2.7930034904975 1.34503959126443 -2.85657625679827 1.20414786845155 -2.91304712443632 1.06026244430957 -2.96227569793704 0.913741040673797 -3.00413958731014 0.764947932839903 -3.03853471233049 0.614253043918125 -3.0653755612979 0.462031025146132 -3.08459540363275 0.308660324447022 -3.09614645577866 0.154522245548151 -3.1 -1.06581410364015e-14 -3.09614645577866 -0.154522245548173 -3.08459540363274 -0.308660324447044 -3.0653755612979 -0.462031025146153 -3.03853471233048 -0.614253043918146 -3.00413958731014 -0.764947932839924 -2.96227569793703 -0.913741040673817 -2.91304712443631 -1.06026244430959 -2.85657625679826 -1.20414786845157 -2.79300349049749 -1.34503959126445 -2.7224868774477 -1.4825873337261 -2.64520173305967 -1.61644913047646 -2.56134020037958 -1.74629217999724 -2.47111077239105 -1.871793672009 -2.37473777366882 -1.99264159002829 -2.27246080267245 -2.10853548708987 -2.16453413606681 -2.21918723270514 -2.05122609655025 -2.32432172919999 -1.93281838576206 -2.42367759565091 -1.80960538392783 -2.51700781771917 -1.68189341798384 -2.60408036176741 -1.54999999999998 -2.68467875173177 -1.41425303779478 -2.75860260731556 -1.27499001970487 -2.8256681421662 -1.1325571755358 -2.88570862079704 -0.987308615780198 -2.93857477311812 -0.839605451243291 -2.98413516554505 -0.689814895264549 -3.02227652776366 -0.538309350767457 -3.05290403433785 -0.385465484407176 -3.07594154046054 -0.231663290117886 -3.09133177126166 -0.0772851443879965 -3.09903646420253 0.077285144388056 -3.09903646420253 0.231663290117946 -3.09133177126166 0.385465484407235 -3.07594154046053 0.538309350767515 -3.05290403433784 0.689814895264607 -3.02227652776365 0.839605451243348 -2.98413516554503 0.987308615780254 -2.9385747731181 1.13255717553586 -2.88570862079702 1.27499001970493 -2.82566814216617 1.41425303779484 -2.75860260731554 1.55000000000003 -2.68467875173174 1.68189341798389 -2.60408036176737 1.80960538392788 -2.51700781771913 1.9328183857621 -2.42367759565087 2.05122609655029 -2.32432172919995 2.16453413606686 -2.2191872327051 2.27246080267249 -2.10853548708982 2.37473777366886 -1.99264159002824 2.47111077239109 -1.87179367200895 2.56134020037961 -1.74629217999719 2.64520173305971 -1.61644913047641 2.72248687744773 -1.48258733372605 2.79300349049752 -1.34503959126439 2.85657625679828 -1.20414786845151 2.91304712443633 -1.06026244430953 2.96227569793705 -0.91374104067376 3.00413958731015 -0.764947932839866 3.0385347123305 -0.614253043918088 3.06537556129791 -0.462031025146095 3.08459540363275 -0.308660324446985 3.09614645577866 -0.154522245548113 1.6 -4.44089209850063e-16 1.59801107395028 0.0797534170571153 1.59204924058464 0.159308554553307 1.58212932196021 0.238467625881879 1.56827598055767 0.317033829119036 1.55052365796652 0.39481183630447 1.52891648925783 0.471608279057447 1.50350819325745 0.54723222932107 1.47436193899265 0.621495674039512 1.44155018864387 0.694213982588093 1.40515451739237 0.765206365794109 1.36526541061145 0.834296325407197 1.32198203890559 0.901312092901795 1.27541201155668 0.966087056520764 1.22567110899037 1.02846017549846 1.17288299492772 1.08827638043347 1.11717890893772 1.14538695881555 1.05869734015498 1.19964992474837 0.997583682973974 1.25093037194885 0.933989875575664 1.29910080914537 0.868074022185215 1.34404147704123 0.800000000000001 1.3856406460551 0.729937051765061 1.42379489409835 0.658059365008979 1.45840936369868 0.584545638986233 1.48939799783073 0.509578640402696 1.51668375386741 0.433344749028809 1.54019879512002 0.356033494330104 1.55988465949092 0.277837084267089 1.57569240481953 0.198949927435977 1.58758273056028 0.11956814973828 1.59552607548989 0.0398891067809175 1.59950269120131 -0.0398891067809157 1.59950269120131 -0.119568149738278 1.59552607548989 -0.198949927435975 1.58758273056028 -0.277837084267087 1.57569240481953 -0.356033494330102 1.55988465949092 -0.433344749028807 1.54019879512002 -0.509578640402694 1.51668375386741 -0.584545638986231 1.48939799783073 -0.658059365008977 1.45840936369868 -0.729937051765059 1.42379489409835 -0.799999999999999 1.3856406460551 -0.868074022185215 1.34404147704123 -0.933989875575663 1.29910080914537 -0.997583682973973 1.25093037194885 -1.05869734015498 1.19964992474837 -1.11717890893772 1.14538695881555 -1.17288299492772 1.08827638043347 -1.22567110899037 1.02846017549846 -1.27541201155668 0.966087056520763 -1.32198203890559 0.901312092901794 -1.36526541061145 0.834296325407195 -1.40515451739237 0.765206365794107 -1.44155018864387 0.69421398258809 -1.47436193899265 0.621495674039509 -1.50350819325745 0.547232229321067 -1.52891648925783 0.471608279057443 -1.55052365796653 0.394811836304466 -1.56827598055767 0.317033829119032 -1.58212932196021 0.238467625881875 -1.59204924058464 0.159308554553302 -1.59801107395028 0.0797534170571104 -1.6 -5.32907051820075e-15 -1.59801107395028 -0.0797534170571215 -1.59204924058464 -0.159308554553313 -1.5821293219602 -0.238467625881885 -1.56827598055767 -0.317033829119043 -1.55052365796652 -0.394811836304477 -1.52891648925782 -0.471608279057454 -1.50350819325745 -0.547232229321077 -1.47436193899265 -0.621495674039519 -1.44155018864387 -0.694213982588101 -1.40515451739236 -0.765206365794117 -1.36526541061144 -0.834296325407204 -1.32198203890559 -0.901312092901803 -1.27541201155667 -0.966087056520772 -1.22567110899036 -1.02846017549847 -1.17288299492772 -1.08827638043348 -1.11717890893771 -1.14538695881556 -1.05869734015497 -1.19964992474838 -0.997583682973965 -1.25093037194885 -0.933989875575655 -1.29910080914538 -0.868074022185205 -1.34404147704124 -0.79999999999999 -1.38564064605511 -0.72993705176505 -1.42379489409836 -0.658059365008967 -1.45840936369868 -0.58454563898622 -1.48939799783073 -0.509578640402682 -1.51668375386742 -0.433344749028795 -1.54019879512002 -0.356033494330089 -1.55988465949092 -0.277837084267075 -1.57569240481954 -0.198949927435962 -1.58758273056028 -0.119568149738264 -1.59552607548989 -0.0398891067809015 -1.59950269120131 0.0398891067809322 -1.59950269120131 0.119568149738295 -1.59552607548989 0.198949927435992 -1.58758273056027 0.277837084267105 -1.57569240481953 0.35603349433012 -1.55988465949091 0.433344749028825 -1.54019879512001 0.509578640402712 -1.51668375386741 0.584545638986249 -1.48939799783072 0.658059365008995 -1.45840936369867 0.729937051765077 -1.42379489409834 0.800000000000016 -1.38564064605509 0.868074022185231 -1.34404147704122 0.93398987557568 -1.29910080914536 0.997583682973989 -1.25093037194884 1.05869734015499 -1.19964992474836 1.11717890893773 -1.14538695881554 1.17288299492774 -1.08827638043346 1.22567110899038 -1.02846017549845 1.27541201155669 -0.966087056520747 1.3219820389056 -0.901312092901778 1.36526541061146 -0.834296325407178 1.40515451739238 -0.76520636579409 1.44155018864388 -0.694213982588073 1.47436193899266 -0.621495674039491 1.50350819325746 -0.547232229321049 1.52891648925783 -0.471608279057425 1.55052365796653 -0.394811836304447 1.56827598055767 -0.317033829119013 1.58212932196021 -0.238467625881855 1.59204924058464 -0.159308554553282 1.59801107395028 -0.0797534170570908 205 79 80 205 80 206 207 80 81 207 206 80 204 79 205 204 78 79 208 207 81 208 81 82 203 78 204 203 77 78 209 208 82 209 82 83 202 77 203 202 76 77 210 209 83 210 83 84 201 76 202 201 75 76 211 210 84 211 84 85 200 75 201 200 74 75 212 211 85 212 85 86 199 74 200 199 73 74 213 212 86 213 86 87 198 73 199 198 72 73 214 213 87 214 87 88 197 72 198 197 71 72 215 88 89 215 214 88 196 70 71 196 71 197 216 215 89 216 89 90 195 70 196 195 69 70 217 216 90 217 90 91 194 68 69 194 69 195 218 217 91 218 91 92 193 67 68 193 68 194 219 218 92 219 92 93 192 66 67 192 67 193 220 93 94 220 219 93 191 65 66 191 66 192 221 220 94 221 94 95 190 65 191 190 64 65 222 221 95 222 95 96 189 64 190 189 63 64 223 222 96 223 96 97 188 63 189 188 62 63 224 223 97 224 97 98 187 62 188 187 61 62 225 224 98 225 98 99 186 60 61 186 61 187 226 225 99 226 99 100 185 60 186 185 59 60 227 226 100 227 100 101 184 59 185 184 58 59 228 101 102 228 227 101 183 58 184 183 57 58 229 102 103 229 228 102 182 57 183 182 56 57 230 103 104 230 229 103 181 55 56 181 56 182 231 104 105 231 230 104 180 55 181 180 54 55 232 105 106 232 231 105 179 53 54 179 54 180 233 106 107 233 232 106 178 52 53 178 53 179 234 107 108 234 233 107 177 51 52 177 52 178 235 108 109 235 234 108 176 50 51 176 51 177 49 50 176 236 109 110 236 235 109 175 49 176 237 110 111 237 236 110 174 49 175 48 49 174 173 48 174 112 237 111 112 238 237 47 48 173 113 238 112 113 239 238 46 47 173 46 173 172 114 239 113 114 240 239 45 46 172 45 171 170 45 172 171 115 240 114 115 241 240 115 242 241 44 45 170 116 242 115 43 44 170 43 170 169 117 242 116 117 243 242 42 169 168 42 43 169 118 244 243 118 243 117 41 168 167 41 42 168 119 245 244 119 244 118 40 167 166 40 41 167 120 246 245 120 245 119 39 40 166 39 165 164 39 166 165 121 247 246 121 246 120 38 39 164 122 247 121 122 248 247 37 38 164 37 164 163 123 248 122 123 249 248 36 163 162 36 37 163 124 250 249 124 251 250 124 249 123 35 162 161 35 36 162 125 251 124 34 160 159 34 161 160 34 35 161 126 252 251 126 251 125 33 34 159 1 127 252 1 252 126 32 33 159 32 159 158 2 128 127 2 129 128 2 127 1 31 32 158 31 157 156 31 158 157 3 129 2 30 31 156 4 130 129 4 129 3 29 30 156 29 156 155 5 131 130 5 132 131 5 130 4 28 29 155 28 155 154 6 132 5 27 28 154 27 153 152 27 154 153 7 132 6 7 133 132 7 134 133 26 27 152 8 134 7 25 152 151 25 26 152 9 134 8 9 135 134 24 25 151 24 151 150 10 136 135 10 135 9 23 24 150 23 149 148 23 150 149 11 137 136 11 138 137 11 136 10 22 23 148 12 138 11 12 139 138 21 22 148 21 148 147 13 139 12 20 21 147 20 146 145 20 147 146 14 139 13 14 140 139 19 20 145 15 140 14 15 141 140 18 19 145 18 145 144 16 142 141 16 141 15 17 143 142 17 144 143 17 142 16 17 18 144 
254 252 1 0 0.00096353579747334
-21.9 8 16 -21.9038535442213 8.15452224554816 16 -21.9154045963673 8.30866032444703 16 -21.9346244387021 8.46203102514614 16 -21.9614652876695 8.61425304391813 16 -21.9958604126899 8.76494793283991 16 -22.037724302063 8.9137410406738 16 -22.0869528755637 9.06026244430957 16 -22.1434237432017 9.20414786845155 16 -22.2069965095025 9.34503959126443 16 -22.2775131225523 9.48258733372609 16 -22.3547982669403 9.61644913047644 16 -22.4386597996204 9.74629217999723 16 -22.5288892276089 9.87179367200898 16 -22.6252622263312 9.99264159002827 16 -22.7275391973275 10.1085354870898 16 -22.8354658639332 10.2191872327051 16 -22.9487739034497 10.3243217292 16 -23.0671816142379 10.4236775956509 16 -23.1903946160722 10.5170078177192 16 -23.3181065820161 10.6040803617674 16 -23.45 10.6846787517318 16 -23.5857469622052 10.7586026073156 16 -23.7250099802951 10.8256681421662 16 -23.8674428244642 10.885708620797 16 -24.0126913842198 10.9385747731181 16 -24.1603945487567 10.984135165545 16 -24.3101851047354 11.0222765277637 16 -24.4616906492325 11.0529040343378 16 -24.6145345155928 11.0759415404605 16 -24.7683367098821 11.0913317712617 16 -24.922714855612 11.0990364642025 16 -25.077285144388 11.0990364642025 16 -25.2316632901179 11.0913317712617 16 -25.3854654844072 11.0759415404605 16 -25.5383093507675 11.0529040343378 16 -25.6898148952646 11.0222765277637 16 -25.8396054512433 10.984135165545 16 -25.9873086157802 10.9385747731181 16 -26.1325571755358 10.885708620797 16 -26.2749900197049 10.8256681421662 16 -26.4142530377948 10.7586026073156 16 -26.55 10.6846787517318 16 -26.6818934179839 10.6040803617674 16 -26.8096053839278 10.5170078177192 16 -26.9328183857621 10.4236775956509 16 -27.0512260965503 10.3243217292 16 -27.1645341360668 10.2191872327051 16 -27.2724608026725 10.1085354870898 16 -27.3747377736688 9.99264159002827 16 -27.4711107723911 9.87179367200898 16 -27.5613402003796 9.74629217999723 16 -27.6452017330597 9.61644913047644 16 -27.7224868774477 9.48258733372608 16 -27.7930034904975 9.34503959126443 16 -27.8565762567983 9.20414786845155 16 -27.9130471244363 9.06026244430957 16 -27.962275697937 8.9137410406738 16 -28.0041395873101 8.7649479328399 16 -28.0385347123305 8.61425304391812 16 -28.0653755612979 8.46203102514613 16 -28.0845954036327 8.30866032444702 16 -28.0961464557787 8.15452224554815 16 -28.1 7.99999999999999 16 -28.0961464557787 7.84547775445183 16 -28.0845954036327 7.69133967555296 16 -28.0653755612979 7.53796897485385 16 -28.0385347123305 7.38574695608185 16 -28.0041395873101 7.23505206716008 16 -27.962275697937 7.08625895932618 16 -27.9130471244363 6.93973755569041 16 -27.8565762567983 6.79585213154843 16 -27.7930034904975 6.65496040873556 16 -27.7224868774477 6.5174126662739 16 -27.6452017330597 6.38355086952354 16 -27.5613402003796 6.25370782000276 16 -27.4711107723911 6.12820632799101 16 -27.3747377736688 6.00735840997171 16 -27.2724608026724 5.89146451291013 16 -27.1645341360668 5.78081276729486 16 -27.0512260965502 5.67567827080001 16 -26.9328183857621 5.57632240434909 16 -26.8096053839278 5.48299218228083 16 -26.6818934179838 5.3959196382326 16 -26.55 5.31532124826823 16 -26.4142530377948 5.24139739268444 16 -26.2749900197049 5.1743318578338 16 -26.1325571755358 5.11429137920296 16 -25.9873086157802 5.06142522688188 16 -25.8396054512433 5.01586483445496 16 -25.6898148952645 4.97772347223634 16 -25.5383093507675 4.94709596566215 16 -25.3854654844072 4.92405845953946 16 -25.2316632901179 4.90866822873834 16 -25.077285144388 4.90096353579747 16 -24.9227148556119 4.90096353579747 16 -24.7683367098821 4.90866822873834 16 -24.6145345155928 4.92405845953947 16 -24.4616906492325 4.94709596566216 16 -24.3101851047354 4.97772347223635 16 -24.1603945487567 5.01586483445497 16 -24.0126913842197 5.0614252268819 16 -23.8674428244641 5.11429137920298 16 -23.7250099802951 5.17433185783383 16 -23.5857469622052 5.24139739268446 16 -23.45 5.31532124826826 16 -23.3181065820161 5.39591963823263 16 -23.1903946160721 5.48299218228087 16 -23.0671816142379 5.57632240434913 16 -22.9487739034497 5.67567827080005 16 -22.8354658639331 5.7808127672949 16 -22.7275391973275 5.89146451291018 16 -22.6252622263311 6.00735840997176 16 -22.5288892276089 6.12820632799105 16 -22.4386597996204 6.25370782000281 16 -22.3547982669403 6.38355086952359 16 -22.2775131225523 6.51741266627395 16 -22.2069965095025 6.65496040873561 16 -22.1434237432017 6.79585213154849 16 -22.0869528755637 6.93973755569047 16 -22.037724302063 7.08625895932624 16 -21.9958604126898 7.23505206716013 16 -21.9614652876695 7.38574695608191 16 -21.9346244387021 7.53796897485391 16 -21.9154045963672 7.69133967555302 16 -21.9038535442213 7.84547775445189 16 -21.9 8 16 -21.9 8 13 -21.9038535442213 8.15452224554816 13 -21.9154045963673 8.30866032444703 13 -21.9346244387021 8.46203102514614 13 -21.9614652876695 8.61425304391813 13 -21.9958604126899 8.76494793283991 13 -22.037724302063 8.9137410406738 13 -22.0869528755637 9.06026244430957 13 -22.1434237432017 9.20414786845155 13 -22.2069965095025 9.34503959126443 13 -22.2775131225523 9.48258733372609 13 -22.3547982669403 9.61644913047644 13 -22.4386597996204 9.74629217999723 13 -22.5288892276089 9.87179367200898 13 -22.6252622263312 9.99264159002827 13 -22.7275391973275 10.1085354870898 13 -22.8354658639332 10.2191872327051 13 -22.9487739034497 10.3243217292 13 -23.0671816142379 10.4236775956509 13 -23.1903946160722 10.5170078177192 13 -23.3181065820161 10.6040803617674 13 -23.45 10.6846787517318 13 -23.5857469622052 10.7586026073156 13 -23.7250099802951 10.8256681421662 13 -23.8674428244642 10.885708620797 13 -24.0126913842198 10.9385747731181 13 -24.1603945487567 10.984135165545 13 -24.3101851047354 11.0222765277637 13 -24.4616906492325 11.0529040343378 13 -24.6145345155928 11.0759415404605 13 -24.7683367098821 11.0913317712617 13 -24.922714855612 11.0990364642025 13 -25.077285144388 11.0990364642025 13 -25.2316632901179 11.0913317712617 13 -25.3854654844072 11.0759415404605 13 -25.5383093507675 11.0529040343378 13 -25.6898148952646 11.0222765277637 13 -25.8396054512433 10.984135165545 13 -25.9873086157802 10.9385747731181 13 -26.1325571755358 10.885708620797 13 -26.2749900197049 10.8256681421662 13 -26.4142530377948 10.7586026073156 13 -26.55 10.6846787517318 13 -26.6818934179839 10.6040803617674 13 -26.8096053839278 10.5170078177192 13 -26.9328183857621 10.4236775956509 13 -27.0512260965503 10.3243217292 13 -27.1645341360668 10.2191872327051 13 -27.2724608026725 10.1085354870898 13 -27.3747377736688 9.99264159002827 13 -27.4711107723911 9.87179367200898 13 -27.5613402003796 9.74629217999723 13 -27.6452017330597 9.61644913047644 13 -27.7224868774477 9.48258733372608 13 -27.7930034904975 9.34503959126443 13 -27.8565762567983 9.20414786845155 13 -27.9130471244363 9.06026244430957 13 -27.962275697937 8.9137410406738 13 -28.0041395873101 8.7649479328399 13 -28.0385347123305 8.61425304391812 13 -28.0653755612979 8.46203102514613 13 -28.0845954036327 8.30866032444702 13 -28.0961464557787 8.15452224554815 13 -28.1 7.99999999999999 13 -28.0961464557787 7.84547775445183 13 -28.0845954036327 7.69133967555296 13 -28.0653755612979 7.53796897485385 13 -28.0385347123305 7.38574695608185 13 -28.0041395873101 7.23505206716008 13 -27.962275697937 7.08625895932618 13 -27.9130471244363 6.93973755569041 13 -27.8565762567983 6.79585213154843 13 -27.7930034904975 6.65496040873556 13 -27.7224868774477 6.5174126662739 13 -27.6452017330597 6.38355086952354 13 -27.5613402003796 6.25370782000276 13 -27.4711107723911 6.12820632799101 13 -27.3747377736688 6.00735840997171 13 -27.2724608026724 5.89146451291013 13 -27.1645341360668 5.78081276729486 13 -27.0512260965502 5.67567827080001 13 -26.9328183857621 5.57632240434909 13 -26.8096053839278 5.48299218228083 13 -26.6818934179838 5.3959196382326 13 -26.55 5.31532124826823 13 -26.4142530377948 5.24139739268444 13 -26.2749900197049 5.1743318578338 13 -26.1325571755358 5.11429137920296 13 -25.9873086157802 5.06142522688188 13 -25.8396054512433 5.01586483445496 13 -25.6898148952645 4.97772347223634 13 -25.5383093507675 4.94709596566215 13 -25.3854654844072 4.92405845953946 13 -25.2316632901179 4.90866822873834 13 -25.077285144388 4.90096353579747 13 -24.9227148556119 4.90096353579747 13 -24.7683367098821 4.90866822873834 13 -24.6145345155928 4.92405845953947 13 -24.4616906492325 4.94709596566216 13 -24.3101851047354 4.97772347223635 13 -24.1603945487567 5.01586483445497 13 -24.0126913842197 5.0614252268819 13 -23.8674428244641 5.11429137920298 13 -23.7250099802951 5.17433185783383 13 -23.5857469622052 5.24139739268446 13 -23.45 5.31532124826826 13 -23.3181065820161 5.39591963823263 13 -23.1903946160721 5.48299218228087 13 -23.0671816142379 5.57632240434913 13 -22.9487739034497 5.67567827080005 13 -22.8354658639331 5.7808127672949 13 -22.7275391973275 5.89146451291018 13 -22.6252622263311 6.00735840997176 13 -22.5288892276089 6.12820632799105 13 -22.4386597996204 6.25370782000281 13 -22.3547982669403 6.38355086952359 13 -22.2775131225523 6.51741266627395 13 -22.2069965095025 6.65496040873561 13 -22.1434237432017 6.79585213154849 13 -22.0869528755637 6.93973755569047 13 -22.037724302063 7.08625895932624 13 -21.9958604126898 7.23505206716013 13 -21.9614652876695 7.38574695608191 13 -21.9346244387021 7.53796897485391 13 -21.9154045963672 7.69133967555302 13 -21.9038535442213 7.84547775445189 13 -21.9 8 13 0 3 0.0498665500569808 3 0.0997331001139617 3 0.149599650170943 3 0.199466200227923 3 0.249332750284904 3 0.299199300341885 3 0.349065850398866 3 0.398932400455847 3 0.448798950512828 3 0.498665500569808 3 0.548532050626789 3 0.59839860068377 3 0.648265150740751 3 0.698131700797732 3 0.747998250854712 3 0.797864800911693 3 0.847731350968674 3 0.897597901025655 3 0.947464451082636 3 0.997331001139616 3 1.0471975511966 3 1.09706410125358 3 1.14693065131056 3 1.19679720136754 3 1.24666375142452 3 1.2965303014815 3 1.34639685153848 3 1.39626340159546 3 1.44612995165244 3 1.49599650170942 3 1.54586305176641 3 1.59572960182339 3 1.64559615188037 3 1.69546270193735 3 1.74532925199433 3 1.79519580205131 3 1.84506235210829 3 1.89492890216527 3 1.94479545222225 3 1.99466200227923 3 2.04452855233621 3 2.09439510239319 3 2.14426165245018 3 2.19412820250716 3 2.24399475256414 3 2.29386130262112 3 2.3437278526781 3 2.39359440273508 3 2.44346095279206 3 2.49332750284904 3 2.54319405290602 3 2.59306060296301 3 2.64292715301999 3 2.69279370307697 3 2.74266025313395 3 2.79252680319093 3 2.84239335324791 3 2.89225990330489 3 2.94212645336187 3 2.99199300341885 3 3.04185955347583 3 3.09172610353282 3 3.1415926535898 3 3.19145920364678 3 3.24132575370376 3 3.29119230376074 3 3.34105885381772 3 3.3909254038747 3 3.44079195393168 3 3.49065850398866 3 3.54052505404564 3 3.59039160410263 3 3.64025815415961 3 3.69012470421659 3 3.73999125427357 3 3.78985780433055 3 3.83972435438753 3 3.88959090444451 3 3.93945745450149 3 3.98932400455847 3 4.03919055461546 3 4.08905710467244 3 4.13892365472942 3 4.1887902047864 3 4.23865675484338 3 4.28852330490036 3 4.33838985495734 3 4.38825640501432 3 4.4381229550713 3 4.48798950512828 3 4.53785605518527 3 4.58772260524225 3 4.63758915529923 3 4.68745570535621 3 4.73732225541319 3 4.78718880547017 3 4.83705535552715 3 4.88692190558413 3 4.93678845564111 3 4.9866550056981 3 5.03652155575508 3 5.08638810581206 3 5.13625465586904 3 5.18612120592602 3 5.235987755983 3 5.28585430603998 3 5.33572085609696 3 5.38558740615394 3 5.43545395621092 3 5.48532050626791 3 5.53518705632489 3 5.58505360638187 3 5.63492015643885 3 5.68478670649583 3 5.73465325655281 3 5.78451980660979 3 5.83438635666677 3 5.88425290672375 3 5.93411945678073 3 5.98398600683772 3 6.0338525568947 3 6.08371910695168 3 6.13358565700866 3 6.18345220706564 3 6.23331875712262 3 6.28318530717959 3 0 0 0.0498665500569808 0 0.0997331001139617 0 0.149599650170943 0 0.199466200227923 0 0.249332750284904 0 0.299199300341885 0 0.349065850398866 0 0.398932400455847 0 0.448798950512828 0 0.498665500569808 0 0.548532050626789 0 0.59839860068377 0 0.648265150740751 0 0.698131700797732 0 0.747998250854712 0 0.797864800911693 0 0.847731350968674 0 0.897597901025655 0 0.947464451082636 0 0.997331001139616 0 1.0471975511966 0 1.09706410125358 0 1.14693065131056 0 1.19679720136754 0 1.24666375142452 0 1.2965303014815 0 1.34639685153848 0 1.39626340159546 0 1.44612995165244 0 1.49599650170942 0 1.54586305176641 0 1.59572960182339 0 1.64559615188037 0 1.69546270193735 0 1.74532925199433 0 1.79519580205131 0 1.84506235210829 0 1.89492890216527 0 1.94479545222225 0 1.99466200227923 0 2.04452855233621 0 2.09439510239319 0 2.14426165245018 0 2.19412820250716 0 2.24399475256414 0 2.29386130262112 0 2.3437278526781 0 2.39359440273508 0 2.44346095279206 0 2.49332750284904 0 2.54319405290602 0 2.59306060296301 0 2.64292715301999 0 2.69279370307697 0 2.74266025313395 0 2.79252680319093 0 2.84239335324791 0 2.89225990330489 0 2.94212645336187 0 2.99199300341885 0 3.04185955347583 0 3.09172610353282 0 3.1415926535898 0 3.19145920364678 0 3.24132575370376 0 3.29119230376074 0 3.34105885381772 0 3.3909254038747 0 3.44079195393168 0 3.49065850398866 0 3.54052505404564 0 3.59039160410263 0 3.64025815415961 0 3.69012470421659 0 3.73999125427357 0 3.78985780433055 0 3.83972435438753 0 3.88959090444451 0 3.93945745450149 0 3.98932400455847 0 4.03919055461546 0 4.08905710467244 0 4.13892365472942 0 4.1887902047864 0 4.23865675484338 0 4.28852330490036 0 4.33838985495734 0 4.38825640501432 0 4.4381229550713 0 4.48798950512828 0 4.53785605518527 0 4.58772260524225 0 4.63758915529923 0 4.68745570535621 0 4.73732225541319 0 4.78718880547017 0 4.83705535552715 0 4.88692190558413 0 4.93678845564111 0 4.9866550056981 0 5.03652155575508 0 5.08638810581206 0 5.13625465586904 0 5.18612120592602 0 5.235987755983 0 5.28585430603998 0 5.33572085609696 0 5.38558740615394 0 5.43545395621092 0 5.48532050626791 0 5.53518705632489 0 5.58505360638187 0 5.63492015643885 0 5.68478670649583 0 5.73465325655281 0 5.78451980660979 0 5.83438635666677 0 5.88425290672375 0 5.93411945678073 0 5.98398600683772 0 6.0338525568947 0 6.08371910695168 0 6.13358565700866 0 6.18345220706564 0 6.23331875712262 0 6.28318530717959 0 2 1 128 2 128 129 3 129 130 3 130 131 3 2 129 4 3 131 5 131 132 5 132 133 5 4 131 6 133 134 6 5 133 7 6 134 8 134 135 8 7 134 9 135 136 9 136 137 9 8 135 10 9 137 11 137 138 11 10 137 12 11 138 12 138 139 13 12 139 13 139 140 14 13 140 14 140 141 15 14 141 15 141 142 16 15 142 16 142 143 17 16 143 17 143 144 18 17 144 18 144 145 19 18 145 19 145 146 20 19 146 20 146 147 21 20 147 21 147 148 21 148 149 22 21 149 23 22 149 23 149 150 23 150 151 24 23 151 25 151 152 25 152 153 25 24 151 26 25 153 27 153 154 27 26 153 28 154 155 28 155 156 28 27 154 29 156 157 29 28 156 30 29 157 31 157 158 31 158 159 31 30 157 32 31 159 33 159 160 33 160 161 33 32 159 34 33 161 35 161 162 35 162 163 35 34 161 36 35 163 37 36 163 37 163 164 38 37 164 38 164 165 39 38 165 39 165 166 40 39 166 40 166 167 41 40 167 41 167 168 41 168 169 42 41 169 43 42 169 43 169 170 44 43 170 44 170 171 45 44 171 45 171 172 46 45 172 46 172 173 47 46 173 47 173 174 48 47 174 48 174 175 49 48 175 49 175 176 50 49 176 50 176 177 51 50 177 51 177 178 52 51 178 52 178 179 53 52 179 53 179 180 54 53 180 54 180 181 55 54 181 55 181 182 56 55 182 56 182 183 57 56 183 57 183 184 58 57 184 58 184 185 59 185 186 59 58 185 60 186 187 60 59 186 61 187 188 61 60 187 62 188 189 62 61 188 63 62 189 63 189 190 64 63 190 64 190 191 65 64 191 65 191 192 66 65 192 66 192 193 67 66 193 67 193 194 68 67 194 68 194 195 69 68 195 69 195 196 70 69 196 70 196 197 71 70 197 71 197 198 72 71 198 72 198 199 73 72 199 73 199 200 74 73 200 74 200 201 75 74 201 75 201 202 76 202 203 76 75 202 77 203 204 77 76 203 78 204 205 78 77 204 79 205 206 79 78 205 80 206 207 80 79 206 81 207 208 81 80 207 82 208 209 82 81 208 83 209 210 83 82 209 84 210 211 84 83 210 85 211 212 85 84 211 86 212 213 86 85 212 87 213 214 87 86 213 88 214 215 88 87 214 89 88 215 89 215 216 90 89 216 90 216 217 91 90 217 91 217 218 92 91 218 92 218 219 93 219 220 93 92 219 94 220 221 94 221 222 94 93 220 95 94 222 96 222 223 96 95 222 97 223 224 97 96 223 98 224 225 98 97 224 99 225 226 99 98 225 100 226 227 100 227 228 100 99 226 101 100 228 102 228 229 102 101 228 103 229 230 103 102 229 104 230 231 104 231 232 104 103 230 105 104 232 106 232 233 106 105 232 107 233 234 107 106 233 108 234 235 108 235 236 108 107 234 109 108 236 110 236 237 110 237 238 110 109 236 111 110 238 112 238 239 112 111 238 113 112 239 113 239 240 114 113 240 114 240 241 115 114 241 115 241 242 116 115 242 116 242 243 117 116 243 117 243 244 118 117 244 118 244 245 119 118 245 119 245 246 120 119 246 120 246 247 121 120 247 121 247 248 122 121 248 122 248 249 123 122 249 123 249 250 124 123 250 124 250 251 125 251 252 125 124 251 126 125 252 126 252 253 127 253 254 127 126 253 
38 36 1 0 2.74078966175208e-14
27.0493901531919 -2.39999999999996 3.49 22.9506098468081 -2.39999999999999 3.49 26.9684311179638 -2.30138911641543 3.49 26.8827319865317 -2.20686858627417 3.49 26.7924991273705 -2.1166660204903 3.49 26.6979498264342 -2.03099863206951 3.49 26.5993117639185 -1.95007271304761 3.49 26.4968224659941 -1.87408313772731 3.49 26.3907287328298 -1.80321289340962 3.49 26.2812860442831 -1.73763263974985 3.49 26.1687579446905 -1.67750029779921 3.49 26.0534154082368 -1.62296066972184 3.49 25.935536186434 -1.57414509010276 3.49 25.8154041392793 -1.53117110968657 3.49 25.693308551704 -1.4941422123085 3.49 25.5695434369585 -1.46314756569928 3.49 25.4444068286114 -1.4382618067641 3.49 25.3182000628674 -1.41954486185262 3.49 25.191227052932 -1.40704180245286 3.49 25.0637935571715 -1.4007827366564 3.49 24.9362064428284 -1.4007827366564 3.49 24.8087729470679 -1.40704180245286 3.49 24.6817999371326 -1.41954486185263 3.49 24.5555931713885 -1.43826180676411 3.49 24.4304565630415 -1.46314756569929 3.49 24.306691448296 -1.49414221230851 3.49 24.1845958607207 -1.53117110968659 3.49 24.064463813566 -1.57414509010277 3.49 23.9465845917631 -1.62296066972186 3.49 23.8312420553094 -1.67750029779923 3.49 23.7187139557168 -1.73763263974987 3.49 23.6092712671702 -1.80321289340964 3.49 23.5031775340059 -1.87408313772733 3.49 23.4006882360815 -1.95007271304763 3.49 23.3020501735658 -2.03099863206954 3.49 23.2075008726294 -2.11666602049032 3.49 23.1172680134683 -2.2068685862742 3.49 23.0315688820362 -2.30138911641545 3.49 2.04939015319192 1.6 -2.04939015319192 1.6 1.96843111796376 1.69861088358457 1.8827319865317 1.79313141372583 1.79249912737054 1.8833339795097 1.69794982643418 1.96900136793049 1.59931176391847 2.04992728695239 1.49682246599409 2.12591686227269 1.39072873282977 2.19678710659038 1.28128604428315 2.26236736025015 1.16875794469054 2.32249970220079 1.05341540823684 2.37703933027816 0.935536186433989 2.42585490989724 0.815404139279279 2.46882889031343 0.693308551703985 2.5058577876915 0.569543436958507 2.53685243430072 0.44440682861142 2.5617381932359 0.318200062867373 2.58045513814738 0.191227052932041 2.59295819754714 0.063793557171516 2.5992172633436 -0.0637935571715555 2.5992172633436 -0.19122705293208 2.59295819754714 -0.318200062867412 2.58045513814737 -0.444406828611459 2.5617381932359 -0.569543436958546 2.53685243430071 -0.693308551704023 2.50585778769149 -0.815404139279317 2.46882889031341 -0.935536186434026 2.42585490989723 -1.05341540823687 2.37703933027814 -1.16875794469058 2.32249970220077 -1.28128604428318 2.26236736025013 -1.3907287328298 2.19678710659036 -1.49682246599412 2.12591686227267 -1.5993117639185 2.04992728695237 -1.69794982643421 1.96900136793047 -1.79249912737057 1.88333397950968 -1.88273198653173 1.7931314137258 -1.96843111796378 1.69861088358455 34 35 36 34 36 37 34 37 38 34 38 2 30 31 32 30 32 33 28 29 30 28 30 33 24 25 26 23 26 27 23 27 28 23 24 26 21 22 23 18 19 20 17 20 21 17 33 34 17 34 2 17 28 33 17 21 23 17 23 28 17 18 20 14 15 16 14 16 17 11 12 13 11 13 14 11 14 17 9 10 11 8 9 11 6 8 11 6 7 8 6 11 17 4 2 1 4 1 3 4 5 6 4 6 17 4 17 2 
252 252 1 0 7.17533971441876e-15
30.65 -4 9.7 30.6429766048869 -3.71837074601706 9.7 30.6219238808145 -3.43744166673364 9.7 30.586894168172 -3.15791119610461 9.7 30.5379745563443 -2.8804742909234 9.7 30.4752866671943 -2.60582070304984 9.7 30.3989863526917 -2.33463326457839 9.7 30.3092633074404 -2.06758619020997 9.7 30.2063405970678 -1.80534340104797 9.7 30.0904741036487 -1.5485568739858 9.7 29.9619518895418 -1.29786502078955 9.7 29.8210934812217 -1.05389110090584 9.7 29.6682490748854 -0.817241671940536 9.7 29.5037986658095 -0.588505081661053 9.7 29.3281511036222 -0.368250005271053 9.7 29.1417430758385 -0.157024031594306 9.7 28.9450380221863 0.0446476983174087 9.7 28.7385249824223 0.236263796767697 9.7 28.5227173805018 0.417347875944368 9.7 28.2981517481266 0.587449732294588 9.7 28.0653863908415 0.746146465801858 9.7 27.825 0.893043531382077 9.7 27.5775902140454 1.0277757197848 9.7 27.323772132688 1.15000806556095 9.7 27.0641767876701 1.25943667983975 9.7 26.799449573922 1.35578950584429 9.7 26.530248645008 1.43882699526757 9.7 26.2572432768532 1.5083427038273 9.7 25.9811122038182 1.56416380451898 9.7 25.7025419312583 1.60615151729097 9.7 25.4222250287633 1.63420145407367 9.7 25.1408584083201 1.64824387830461 9.7 24.8591415916799 1.64824387830461 9.7 24.5777749712367 1.63420145407367 9.7 24.2974580687417 1.60615151729097 9.7 24.0188877961818 1.56416380451898 9.7 23.7427567231468 1.5083427038273 9.7 23.469751354992 1.43882699526757 9.7 23.200550426078 1.3557895058443 9.7 22.9358232123299 1.25943667983976 9.7 22.6762278673121 1.15000806556096 9.7 22.4224097859546 1.0277757197848 9.7 22.175 0.89304353138208 9.7 21.9346136091585 0.746146465801861 9.7 21.7018482518734 0.58744973229459 9.7 21.4772826194982 0.417347875944369 9.7 21.2614750175777 0.236263796767698 9.7 21.0549619778137 0.0446476983174078 9.7 20.8582569241615 -0.157024031594307 9.7 20.6718488963778 -0.368250005271055 9.7 20.4962013341905 -0.588505081661056 9.7 20.3317509251146 -0.81724167194054 9.7 20.1789065187783 -1.05389110090584 9.7 20.0380481104582 -1.29786502078956 9.7 19.9095258963513 -1.54855687398581 9.7 19.7936594029322 -1.80534340104798 9.7 19.6907366925596 -2.06758619020998 9.7 19.6010136473083 -2.3346332645784 9.7 19.5247133328057 -2.60582070304985 9.7 19.4620254436557 -2.88047429092342 9.7 19.413105831828 -3.15791119610463 9.7 19.3780761191855 -3.43744166673365 9.7 19.3570233951131 -3.71837074601708 9.7 19.35 -4.00000000000002 9.7 19.3570233951131 -4.28162925398296 9.7 19.3780761191855 -4.56255833326639 9.7 19.413105831828 -4.84208880389541 9.7 19.4620254436557 -5.11952570907662 9.7 19.5247133328057 -5.39417929695018 9.7 19.6010136473083 -5.66536673542163 9.7 19.6907366925596 -5.93241380979005 9.7 19.7936594029322 -6.19465659895205 9.7 19.9095258963513 -6.45144312601423 9.7 20.0380481104582 -6.70213497921048 9.7 20.1789065187783 -6.94610889909419 9.7 20.3317509251146 -7.18275832805949 9.7 20.4962013341905 -7.41149491833897 9.7 20.6718488963778 -7.63174999472897 9.7 20.8582569241615 -7.84297596840572 9.7 21.0549619778137 -8.04464769831744 9.7 21.2614750175778 -8.23626379676772 9.7 21.4772826194982 -8.41734787594439 9.7 21.7018482518735 -8.58744973229461 9.7 21.9346136091585 -8.74614646580188 9.7 22.175 -8.8930435313821 9.7 22.4224097859547 -9.02777571978482 9.7 22.6762278673121 -9.15000806556097 9.7 22.9358232123299 -9.25943667983977 9.7 23.200550426078 -9.35578950584431 9.7 23.4697513549921 -9.43882699526758 9.7 23.7427567231469 -9.50834270382731 9.7 24.0188877961819 -9.56416380451898 9.7 24.2974580687418 -9.60615151729098 9.7 24.5777749712368 -9.63420145407367 9.7 24.8591415916799 -9.64824387830461 9.7 25.1408584083202 -9.64824387830461 9.7 25.4222250287634 -9.63420145407366 9.7 25.7025419312583 -9.60615151729096 9.7 25.9811122038182 -9.56416380451897 9.7 26.2572432768532 -9.50834270382729 9.7 26.530248645008 -9.43882699526755 9.7 26.7994495739221 -9.35578950584427 9.7 27.0641767876702 -9.25943667983973 9.7 27.323772132688 -9.15000806556093 9.7 27.5775902140454 -9.02777571978477 9.7 27.8250000000001 -8.89304353138204 9.7 28.0653863908416 -8.74614646580182 9.7 28.2981517481266 -8.58744973229455 9.7 28.5227173805019 -8.41734787594433 9.7 28.7385249824223 -8.23626379676765 9.7 28.9450380221864 -8.04464769831736 9.7 29.1417430758386 -7.84297596840564 9.7 29.3281511036223 -7.63174999472889 9.7 29.5037986658096 -7.41149491833889 9.7 29.6682490748854 -7.1827583280594 9.7 29.8210934812217 -6.9461088990941 9.7 29.9619518895418 -6.70213497921038 9.7 30.0904741036487 -6.45144312601413 9.7 30.2063405970678 -6.19465659895195 9.7 30.3092633074404 -5.93241380978995 9.7 30.3989863526917 -5.66536673542153 9.7 30.4752866671943 -5.39417929695008 9.7 30.5379745563443 -5.11952570907651 9.7 30.586894168172 -4.8420888038953 9.7 30.6219238808145 -4.56255833326628 9.7 30.6429766048869 -4.28162925398285 9.7 27.6 -4 9.7 27.5967679951692 -3.87040069728219 9.7 27.58708001595 -3.74112359885088 9.7 27.5709601481853 -3.61249010794195 9.7 27.5484484684062 -3.48482002768157 9.7 27.5196009441956 -3.35843076600524 9.7 27.484489295044 -3.23363654653165 9.7 27.4432008140434 -3.11074762735326 9.7 27.3958381508631 -2.99006952968579 9.7 27.3425190565463 -2.87190227829435 9.7 27.2833760907626 -2.75653965558457 9.7 27.2185562922436 -2.64426847121331 9.7 27.1482208132216 -2.53536784903458 9.7 27.0725445187796 -2.43010853315376 9.7 26.9917155521093 -2.328752214815 9.7 26.9059348667575 -2.23155088179561 9.7 26.8154157270238 -2.13874619192473 9.7 26.7203831777518 -2.05056887228389 9.7 26.6210734848327 -1.96723814558312 9.7 26.5177335478105 -1.88896118513877 9.7 26.410620286051 -1.81593259980799 9.7 26.3 -1.74833395016046 9.7 26.1861477091182 -1.68633329709018 9.7 26.0693464681396 -1.63008478398965 9.7 25.9498866633526 -1.57972825352507 9.7 25.8280652906544 -1.53538889996546 9.7 25.7041852171718 -1.49717695792997 9.7 25.5785544282864 -1.46518742832726 9.7 25.451485261934 -1.43949984216826 9.7 25.3232936320835 -1.42017806283955 9.7 25.1942982433247 -1.40727012732893 9.7 25.064819798519 -1.40080812679788 9.7 24.935180201481 -1.40080812679788 9.7 24.8057017566753 -1.40727012732893 9.7 24.6767063679165 -1.42017806283955 9.7 24.548514738066 -1.43949984216826 9.7 24.4214455717136 -1.46518742832726 9.7 24.2958147828282 -1.49717695792997 9.7 24.1719347093456 -1.53538889996546 9.7 24.0501133366474 -1.57972825352507 9.7 23.9306535318604 -1.63008478398965 9.7 23.8138522908818 -1.68633329709018 9.7 23.7 -1.74833395016046 9.7 23.589379713949 -1.81593259980799 9.7 23.4822664521895 -1.88896118513877 9.7 23.3789265151673 -1.96723814558312 9.7 23.2796168222482 -2.05056887228389 9.7 23.1845842729762 -2.13874619192473 9.7 23.0940651332425 -2.23155088179561 9.7 23.0082844478907 -2.328752214815 9.7 22.9274554812204 -2.43010853315376 9.7 22.8517791867784 -2.53536784903458 9.7 22.7814437077564 -2.64426847121331 9.7 22.7166239092374 -2.75653965558458 9.7 22.6574809434537 -2.87190227829435 9.7 22.6041618491369 -2.9900695296858 9.7 22.5567991859566 -3.11074762735327 9.7 22.515510704956 -3.23363654653165 9.7 22.4803990558044 -3.35843076600524 9.7 22.4515515315938 -3.48482002768157 9.7 22.4290398518147 -3.61249010794195 9.7 22.41291998405 -3.74112359885088 9.7 22.4032320048308 -3.8704006972822 9.7 22.4 -4.00000000000001 9.7 22.4032320048308 -4.12959930271782 9.7 22.41291998405 -4.25887640114913 9.7 22.4290398518147 -4.38750989205806 9.7 22.4515515315938 -4.51517997231844 9.7 22.4803990558044 -4.64156923399477 9.7 22.515510704956 -4.76636345346836 9.7 22.5567991859566 -4.88925237264675 9.7 22.6041618491369 -5.00993047031422 9.7 22.6574809434537 -5.12809772170566 9.7 22.7166239092374 -5.24346034441544 9.7 22.7814437077564 -5.35573152878671 9.7 22.8517791867784 -5.46463215096543 9.7 22.9274554812204 -5.56989146684625 9.7 23.0082844478907 -5.67124778518501 9.7 23.0940651332425 -5.7684491182044 9.7 23.1845842729762 -5.86125380807528 9.7 23.2796168222482 -5.94943112771612 9.7 23.3789265151673 -6.03276185441689 9.7 23.4822664521896 -6.11103881486124 9.7 23.589379713949 -6.18406740019202 9.7 23.7 -6.25166604983955 9.7 23.8138522908818 -6.31366670290983 9.7 23.9306535318604 -6.36991521601036 9.7 24.0501133366474 -6.42027174647494 9.7 24.1719347093456 -6.46461110003455 9.7 24.2958147828282 -6.50282304207004 9.7 24.4214455717136 -6.53481257167275 9.7 24.548514738066 -6.56050015783175 9.7 24.6767063679166 -6.57982193716045 9.7 24.8057017566753 -6.59272987267107 9.7 24.935180201481 -6.59919187320212 9.7 25.064819798519 -6.59919187320212 9.7 25.1942982433247 -6.59272987267107 9.7 25.3232936320835 -6.57982193716044 9.7 25.451485261934 -6.56050015783174 9.7 25.5785544282864 -6.53481257167274 9.7 25.7041852171718 -6.50282304207002 9.7 25.8280652906544 -6.46461110003453 9.7 25.9498866633527 -6.42027174647492 9.7 26.0693464681396 -6.36991521601034 9.7 26.1861477091182 -6.3136667029098 9.7 26.3 -6.25166604983953 9.7 26.410620286051 -6.18406740019199 9.7 26.5177335478105 -6.11103881486121 9.7 26.6210734848327 -6.03276185441686 9.7 26.7203831777519 -5.94943112771609 9.7 26.8154157270238 -5.86125380807525 9.7 26.9059348667576 -5.76844911820437 9.7 26.9917155521094 -5.67124778518498 9.7 27.0725445187796 -5.56989146684621 9.7 27.1482208132216 -5.46463215096539 9.7 27.2185562922436 -5.35573152878666 9.7 27.2833760907626 -5.2434603444154 9.7 27.3425190565463 -5.12809772170562 9.7 27.3958381508631 -5.00993047031417 9.7 27.4432008140434 -4.8892523726467 9.7 27.484489295044 -4.76636345346831 9.7 27.5196009441956 -4.64156923399473 9.7 27.5484484684062 -4.5151799723184 9.7 27.5709601481853 -4.38750989205801 9.7 27.58708001595 -4.25887640114908 9.7 27.5967679951692 -4.12959930271777 9.7 5.65 -1.77635683940025e-15 5.64297660488691 0.281629253982939 5.62192388081452 0.562558333266364 5.58689416817198 0.842088803895385 5.53797455634427 1.1195257090766 5.47528666719429 1.39417929695016 5.39898635269169 1.66536673542161 5.30926330744038 1.93241380979003 5.2063405970678 2.19465659895202 5.09047410364867 2.4514431260142 4.96195188954179 2.70213497921045 4.82109348122168 2.94610889909416 4.66824907488537 3.18275832805946 4.50379866580951 3.41149491833895 4.32815110362223 3.63174999472895 4.14174307583852 3.84297596840569 3.94503802218631 4.04464769831741 3.73852498242226 4.2362637967677 3.52271738050185 4.41734787594437 3.29815174812656 4.58744973229459 3.06538639084154 4.74614646580186 2.825 4.89304353138208 2.57759021404537 5.0277757197848 2.32377213268796 5.15000806556095 2.06417678767013 5.25943667983975 1.79944957392202 5.35578950584429 1.53024864500798 5.43882699526756 1.25724327685318 5.5083427038273 0.981112203818159 5.56416380451897 0.702541931258294 5.60615151729097 0.4222250287633 5.63420145407367 0.140858408320115 5.64824387830461 -0.140858408320108 5.64824387830461 -0.422225028763293 5.63420145407367 -0.702541931258287 5.60615151729097 -0.981112203818152 5.56416380451897 -1.25724327685317 5.5083427038273 -1.53024864500797 5.43882699526757 -1.79944957392201 5.3557895058443 -2.06417678767013 5.25943667983976 -2.32377213268795 5.15000806556095 -2.57759021404537 5.0277757197848 -2.825 4.89304353138208 -3.06538639084154 4.74614646580186 -3.29815174812656 4.58744973229459 -3.52271738050184 4.41734787594437 -3.73852498242226 4.2362637967677 -3.94503802218631 4.04464769831741 -4.14174307583852 3.84297596840569 -4.32815110362223 3.63174999472894 -4.50379866580951 3.41149491833894 -4.66824907488537 3.18275832805946 -4.82109348122168 2.94610889909416 -4.96195188954179 2.70213497921044 -5.09047410364867 2.45144312601419 -5.20634059706781 2.19465659895202 -5.30926330744038 1.93241380979002 -5.3989863526917 1.6653667354216 -5.47528666719429 1.39417929695015 -5.53797455634427 1.11952570907658 -5.58689416817198 0.842088803895369 -5.62192388081452 0.562558333266347 -5.64297660488691 0.281629253982921 -5.65 -1.95399252334028e-14 -5.64297660488691 -0.28162925398296 -5.62192388081451 -0.562558333266385 -5.58689416817197 -0.842088803895408 -5.53797455634427 -1.11952570907662 -5.47528666719428 -1.39417929695018 -5.39898635269169 -1.66536673542163 -5.30926330744037 -1.93241380979005 -5.20634059706779 -2.19465659895205 -5.09047410364865 -2.45144312601423 -4.96195188954178 -2.70213497921047 -4.82109348122166 -2.94610889909419 -4.66824907488535 -3.18275832805949 -4.50379866580949 -3.41149491833897 -4.3281511036222 -3.63174999472897 -4.14174307583849 -3.84297596840572 -3.94503802218628 -4.04464769831743 -3.73852498242223 -4.23626379676772 -3.52271738050181 -4.41734787594439 -3.29815174812653 -4.58744973229461 -3.06538639084151 -4.74614646580188 -2.82499999999996 -4.8930435313821 -2.57759021404533 -5.02777571978482 -2.32377213268791 -5.15000806556097 -2.06417678767009 -5.25943667983977 -1.79944957392197 -5.35578950584431 -1.53024864500793 -5.43882699526758 -1.25724327685313 -5.50834270382731 -0.981112203818107 -5.56416380451898 -0.70254193125824 -5.60615151729098 -0.422225028763244 -5.63420145407367 -0.140858408320058 -5.64824387830461 0.140858408320167 -5.64824387830461 0.422225028763353 -5.63420145407366 0.702541931258348 -5.60615151729096 0.981112203818213 -5.56416380451896 1.25724327685323 -5.50834270382729 1.53024864500804 -5.43882699526755 1.79944957392207 -5.35578950584427 2.06417678767019 -5.25943667983973 2.32377213268801 -5.15000806556093 2.57759021404543 -5.02777571978477 2.82500000000006 -4.89304353138204 3.0653863908416 -4.74614646580182 3.29815174812662 -4.58744973229455 3.5227173805019 -4.41734787594432 3.73852498242231 -4.23626379676765 3.94503802218636 -4.04464769831736 4.14174307583857 -3.84297596840564 4.32815110362227 -3.63174999472889 4.50379866580956 -3.41149491833889 4.66824907488541 -3.1827583280594 4.82109348122172 -2.9461088990941 4.96195188954183 -2.70213497921038 5.0904741036487 -2.45144312601413 5.20634059706783 -2.19465659895195 5.30926330744041 -1.93241380978995 5.39898635269172 -1.66536673542153 5.47528666719431 -1.39417929695008 5.53797455634429 -1.11952570907651 5.58689416817199 -0.842088803895301 5.62192388081452 -0.562558333266278 5.64297660488691 -0.281629253982851 2.6 -8.88178419700125e-16 2.5967679951692 0.129599302717812 2.58708001595005 0.258876401149124 2.57096014818534 0.387509892058054 2.54844846840622 0.515179972318434 2.5196009441956 0.641569233994764 2.48448929504397 0.766363453468351 2.44320081404336 0.889252372646739 2.39583815086306 1.00993047031421 2.34251905654629 1.12809772170565 2.2833760907626 1.24346034441543 2.21855629224361 1.3557315287867 2.14822081322159 1.46463215096542 2.0725445187796 1.56989146684624 1.99171555210934 1.671247785185 1.90593486675755 1.76844911820439 1.81541572702379 1.86125380807527 1.72038317775184 1.94943112771611 1.62107348483271 2.03276185441688 1.51773354781045 2.11103881486123 1.41062028605098 2.18406740019201 1.3 2.25166604983954 1.18614770911823 2.31366670290982 1.06934646813959 2.36991521601035 0.949886663352629 2.42027174647493 0.828065290654381 2.46461110003454 0.704185217171815 2.50282304207003 0.578554428286419 2.53481257167274 0.45148526193402 2.56050015783174 0.323293632083463 2.57982193716045 0.194298243324704 2.59272987267107 0.0648197985189913 2.59919187320212 -0.0648197985189878 2.59919187320212 -0.194298243324702 2.59272987267107 -0.32329363208346 2.57982193716045 -0.451485261934018 2.56050015783174 -0.578554428286416 2.53481257167274 -0.704185217171812 2.50282304207003 -0.828065290654378 2.46461110003455 -0.949886663352626 2.42027174647493 -1.06934646813959 2.36991521601035 -1.18614770911822 2.31366670290982 -1.3 2.25166604983954 -1.41062028605097 2.18406740019201 -1.51773354781045 2.11103881486123 -1.62107348483271 2.03276185441688 -1.72038317775184 1.94943112771611 -1.81541572702379 1.86125380807527 -1.90593486675755 1.76844911820439 -1.99171555210935 1.671247785185 -2.0725445187796 1.56989146684624 -2.14822081322159 1.46463215096542 -2.21855629224361 1.35573152878669 -2.2833760907626 1.24346034441542 -2.34251905654629 1.12809772170565 -2.39583815086306 1.0099304703142 -2.44320081404337 0.889252372646734 -2.48448929504397 0.766363453468346 -2.51960094419561 0.641569233994757 -2.54844846840622 0.515179972318427 -2.57096014818534 0.387509892058047 -2.58708001595005 0.258876401149116 -2.5967679951692 0.129599302717804 -2.6 -8.88178419700125e-15 -2.5967679951692 -0.129599302717822 -2.58708001595004 -0.258876401149133 -2.57096014818533 -0.387509892058064 -2.54844846840621 -0.515179972318444 -2.5196009441956 -0.641569233994775 -2.48448929504396 -0.766363453468363 -2.44320081404336 -0.889252372646751 -2.39583815086306 -1.00993047031422 -2.34251905654629 -1.12809772170566 -2.28337609076259 -1.24346034441544 -2.2185562922436 -1.35573152878671 -2.14822081322158 -1.46463215096543 -2.07254451877959 -1.56989146684625 -1.99171555210933 -1.67124778518502 -1.90593486675754 -1.7684491182044 -1.81541572702378 -1.86125380807528 -1.72038317775182 -1.94943112771612 -1.62107348483269 -2.03276185441689 -1.51773354781044 -2.11103881486124 -1.41062028605096 -2.18406740019202 -1.29999999999998 -2.25166604983955 -1.18614770911821 -2.31366670290983 -1.06934646813957 -2.36991521601036 -0.949886663352608 -2.42027174647494 -0.82806529065436 -2.46461110003455 -0.704185217171792 -2.50282304207004 -0.578554428286395 -2.53481257167275 -0.451485261933996 -2.56050015783175 -0.323293632083439 -2.57982193716045 -0.194298243324679 -2.59272987267107 -0.0648197985189647 -2.59919187320212 0.0648197985190144 -2.59919187320212 0.194298243324729 -2.59272987267107 0.323293632083487 -2.57982193716045 0.451485261934045 -2.56050015783174 0.578554428286444 -2.53481257167274 0.70418521717184 -2.50282304207003 0.828065290654407 -2.46461110003453 0.949886663352654 -2.42027174647492 1.06934646813962 -2.36991521601034 1.18614770911825 -2.31366670290981 1.30000000000003 -2.25166604983953 1.410620286051 -2.18406740019199 1.51773354781048 -2.11103881486121 1.62107348483273 -2.03276185441686 1.72038317775186 -1.94943112771609 1.81541572702381 -1.86125380807525 1.90593486675757 -1.76844911820437 1.99171555210937 -1.67124778518498 2.07254451877962 -1.56989146684622 2.14822081322161 -1.46463215096539 2.21855629224362 -1.35573152878667 2.28337609076261 -1.2434603444154 2.34251905654631 -1.12809772170562 2.39583815086308 -1.00993047031417 2.44320081404338 -0.889252372646704 2.48448929504398 -0.766363453468315 2.51960094419561 -0.641569233994726 2.54844846840622 -0.515179972318396 2.57096014818534 -0.387509892058015 2.58708001595005 -0.258876401149084 2.5967679951692 -0.129599302717772 206 79 80 205 79 206 207 80 81 207 206 80 204 79 205 204 78 79 208 207 81 208 81 82 208 82 83 203 78 204 203 77 78 209 208 83 202 77 203 202 76 77 210 209 83 210 83 84 201 76 202 201 75 76 211 84 85 211 210 84 200 75 201 200 74 75 212 211 85 212 85 86 199 74 200 199 73 74 213 86 87 213 212 86 198 73 199 198 72 73 214 213 87 214 87 88 197 72 198 197 71 72 215 214 88 215 88 89 196 70 71 196 71 197 216 215 89 216 89 90 216 90 91 195 70 196 195 69 70 217 216 91 194 68 69 194 69 195 218 217 91 218 91 92 193 67 68 193 68 194 219 218 92 219 92 93 192 67 193 192 66 67 220 219 93 220 93 94 220 94 95 191 66 192 191 65 66 221 220 95 221 95 96 190 65 191 190 64 65 222 221 96 222 96 97 189 64 190 189 62 63 189 63 64 223 222 97 223 97 98 188 62 189 224 223 98 187 62 188 187 60 61 187 61 62 225 224 98 225 98 99 186 60 187 226 225 99 226 99 100 226 100 101 185 60 186 185 59 60 227 226 101 184 59 185 184 58 59 228 101 102 228 227 101 183 58 184 183 57 58 229 102 103 229 228 102 182 57 183 182 55 56 182 56 57 230 103 104 230 229 103 181 55 182 231 104 105 231 230 104 180 55 181 180 53 54 180 54 55 232 105 106 232 231 105 179 53 180 233 106 107 233 232 106 178 52 53 178 53 179 234 107 108 234 233 107 177 51 52 177 52 178 235 108 109 235 109 110 235 234 108 176 50 51 176 51 177 236 235 110 175 49 50 175 50 176 237 110 111 237 236 110 174 49 175 48 49 174 112 237 111 112 238 237 47 48 174 47 174 173 113 238 112 113 239 238 113 240 239 46 47 173 46 173 172 114 240 113 45 46 172 45 172 171 115 240 114 115 241 240 44 45 171 44 171 170 116 242 241 116 241 115 116 243 242 43 44 170 43 169 168 43 170 169 117 243 116 42 43 168 118 244 243 118 243 117 41 168 167 41 42 168 119 245 244 119 244 118 40 41 167 40 166 165 40 167 166 120 246 245 120 245 119 39 40 165 39 165 164 121 247 246 121 246 120 38 39 164 38 164 163 122 247 121 122 248 247 37 38 163 123 249 248 123 250 249 123 248 122 36 163 162 36 37 163 124 250 123 35 162 161 35 36 162 125 251 250 125 250 124 34 161 160 34 35 161 126 252 251 126 251 125 33 160 159 33 34 160 1 127 252 1 252 126 32 159 158 32 33 159 2 128 127 2 129 128 2 127 1 31 32 158 31 157 156 31 158 157 3 129 2 30 156 155 30 31 156 4 130 129 4 131 130 4 129 3 29 155 154 29 30 155 5 131 4 28 29 154 28 154 153 6 131 5 6 132 131 27 28 153 7 132 6 7 133 132 7 134 133 26 27 153 26 152 151 26 153 152 8 134 7 25 26 151 9 135 134 9 136 135 9 134 8 24 25 151 24 151 150 10 137 136 10 136 9 23 24 150 23 150 149 11 137 10 22 23 149 22 149 148 12 137 11 12 138 137 12 139 138 21 22 148 21 148 147 13 139 12 20 21 147 20 147 146 14 139 13 14 140 139 19 20 146 19 146 145 15 140 14 15 141 140 15 142 141 18 145 144 18 19 145 16 142 15 17 143 142 17 144 143 17 18 144 17 142 16 
254 252 1 0 0.00175612169539178
30.65 -4 16 30.6429766048869 -3.71837074601706 16 30.6219238808145 -3.43744166673364 16 30.586894168172 -3.15791119610461 16 30.5379745563443 -2.8804742909234 16 30.4752866671943 -2.60582070304984 16 30.3989863526917 -2.33463326457839 16 30.3092633074404 -2.06758619020997 16 30.2063405970678 -1.80534340104797 16 30.0904741036487 -1.5485568739858 16 29.9619518895418 -1.29786502078955 16 29.8210934812217 -1.05389110090584 16 29.6682490748854 -0.817241671940536 16 29.5037986658095 -0.588505081661053 16 29.3281511036222 -0.368250005271053 16 29.1417430758385 -0.157024031594306 16 28.9450380221863 0.0446476983174087 16 28.7385249824223 0.236263796767697 16 28.5227173805018 0.417347875944368 16 28.2981517481266 0.587449732294588 16 28.0653863908415 0.746146465801858 16 27.825 0.893043531382077 16 27.5775902140454 1.0277757197848 16 27.323772132688 1.15000806556095 16 27.0641767876701 1.25943667983975 16 26.799449573922 1.35578950584429 16 26.530248645008 1.43882699526757 16 26.2572432768532 1.5083427038273 16 25.9811122038182 1.56416380451898 16 25.7025419312583 1.60615151729097 16 25.4222250287633 1.63420145407367 16 25.1408584083201 1.64824387830461 16 24.8591415916799 1.64824387830461 16 24.5777749712367 1.63420145407367 16 24.2974580687417 1.60615151729097 16 24.0188877961818 1.56416380451898 16 23.7427567231468 1.5083427038273 16 23.469751354992 1.43882699526757 16 23.200550426078 1.3557895058443 16 22.9358232123299 1.25943667983976 16 22.6762278673121 1.15000806556096 16 22.4224097859546 1.0277757197848 16 22.175 0.89304353138208 16 21.9346136091585 0.746146465801861 16 21.7018482518734 0.58744973229459 16 21.4772826194982 0.417347875944369 16 21.2614750175777 0.236263796767698 16 21.0549619778137 0.0446476983174078 16 20.8582569241615 -0.157024031594307 16 20.6718488963778 -0.368250005271055 16 20.4962013341905 -0.588505081661056 16 20.3317509251146 -0.81724167194054 16 20.1789065187783 -1.05389110090584 16 20.0380481104582 -1.29786502078956 16 19.9095258963513 -1.54855687398581 16 19.7936594029322 -1.80534340104798 16 19.6907366925596 -2.06758619020998 16 19.6010136473083 -2.3346332645784 16 19.5247133328057 -2.60582070304985 16 19.4620254436557 -2.88047429092342 16 19.413105831828 -3.15791119610463 16 19.3780761191855 -3.43744166673365 16 19.3570233951131 -3.71837074601708 16 19.35 -4.00000000000002 16 19.3570233951131 -4.28162925398296 16 19.3780761191855 -4.56255833326639 16 19.413105831828 -4.84208880389541 16 19.4620254436557 -5.11952570907662 16 19.5247133328057 -5.39417929695018 16 19.6010136473083 -5.66536673542163 16 19.6907366925596 -5.93241380979005 16 19.7936594029322 -6.19465659895205 16 19.9095258963513 -6.45144312601423 16 20.0380481104582 -6.70213497921048 16 20.1789065187783 -6.94610889909419 16 20.3317509251146 -7.18275832805949 16 20.4962013341905 -7.41149491833897 16 20.6718488963778 -7.63174999472897 16 20.8582569241615 -7.84297596840572 16 21.0549619778137 -8.04464769831744 16 21.2614750175778 -8.23626379676772 16 21.4772826194982 -8.41734787594439 16 21.7018482518735 -8.58744973229461 16 21.9346136091585 -8.74614646580188 16 22.175 -8.8930435313821 16 22.4224097859547 -9.02777571978482 16 22.6762278673121 -9.15000806556097 16 22.9358232123299 -9.25943667983977 16 23.200550426078 -9.35578950584431 16 23.4697513549921 -9.43882699526758 16 23.7427567231469 -9.50834270382731 16 24.0188877961819 -9.56416380451898 16 24.2974580687418 -9.60615151729098 16 24.5777749712368 -9.63420145407367 16 24.8591415916799 -9.64824387830461 16 25.1408584083202 -9.64824387830461 16 25.4222250287634 -9.63420145407366 16 25.7025419312583 -9.60615151729096 16 25.9811122038182 -9.56416380451897 16 26.2572432768532 -9.50834270382729 16 26.530248645008 -9.43882699526755 16 26.7994495739221 -9.35578950584427 16 27.0641767876702 -9.25943667983973 16 27.323772132688 -9.15000806556093 16 27.5775902140454 -9.02777571978477 16 27.8250000000001 -8.89304353138204 16 28.0653863908416 -8.74614646580182 16 28.2981517481266 -8.58744973229455 16 28.5227173805019 -8.41734787594433 16 28.7385249824223 -8.23626379676765 16 28.9450380221864 -8.04464769831736 16 29.1417430758386 -7.84297596840564 16 29.3281511036223 -7.63174999472889 16 29.5037986658096 -7.41149491833889 16 29.6682490748854 -7.1827583280594 16 29.8210934812217 -6.9461088990941 16 29.9619518895418 -6.70213497921038 16 30.0904741036487 -6.45144312601413 16 30.2063405970678 -6.19465659895195 16 30.3092633074404 -5.93241380978995 16 30.3989863526917 -5.66536673542153 16 30.4752866671943 -5.39417929695008 16 30.5379745563443 -5.11952570907651 16 30.586894168172 -4.8420888038953 16 30.6219238808145 -4.56255833326628 16 30.6429766048869 -4.28162925398285 16 30.65 -4 16 30.65 -4 9.7 30.6429766048869 -3.71837074601706 9.7 30.6219238808145 -3.43744166673364 9.7 30.586894168172 -3.15791119610461 9.7 30.5379745563443 -2.8804742909234 9.7 30.4752866671943 -2.60582070304984 9.7 30.3989863526917 -2.33463326457839 9.7 30.3092633074404 -2.06758619020997 9.7 30.2063405970678 -1.80534340104797 9.7 30.0904741036487 -1.5485568739858 9.7 29.9619518895418 -1.29786502078955 9.7 29.8210934812217 -1.05389110090584 9.7 29.6682490748854 -0.817241671940536 9.7 29.5037986658095 -0.588505081661053 9.7 29.3281511036222 -0.368250005271053 9.7 29.1417430758385 -0.157024031594306 9.7 28.9450380221863 0.0446476983174087 9.7 28.7385249824223 0.236263796767697 9.7 28.5227173805018 0.417347875944368 9.7 28.2981517481266 0.587449732294588 9.7 28.0653863908415 0.746146465801858 9.7 27.825 0.893043531382077 9.7 27.5775902140454 1.0277757197848 9.7 27.323772132688 1.15000806556095 9.7 27.0641767876701 1.25943667983975 9.7 26.799449573922 1.35578950584429 9.7 26.530248645008 1.43882699526757 9.7 26.2572432768532 1.5083427038273 9.7 25.9811122038182 1.56416380451898 9.7 25.7025419312583 1.60615151729097 9.7 25.4222250287633 1.63420145407367 9.7 25.1408584083201 1.64824387830461 9.7 24.8591415916799 1.64824387830461 9.7 24.5777749712367 1.63420145407367 9.7 24.2974580687417 1.60615151729097 9.7 24.0188877961818 1.56416380451898 9.7 23.7427567231468 1.5083427038273 9.7 23.469751354992 1.43882699526757 9.7 23.200550426078 1.3557895058443 9.7 22.9358232123299 1.25943667983976 9.7 22.6762278673121 1.15000806556096 9.7 22.4224097859546 1.0277757197848 9.7 22.175 0.89304353138208 9.7 21.9346136091585 0.746146465801861 9.7 21.7018482518734 0.58744973229459 9.7 21.4772826194982 0.417347875944369 9.7 21.2614750175777 0.236263796767698 9.7 21.0549619778137 0.0446476983174078 9.7 20.8582569241615 -0.157024031594307 9.7 20.6718488963778 -0.368250005271055 9.7 20.4962013341905 -0.588505081661056 9.7 20.3317509251146 -0.81724167194054 9.7 20.1789065187783 -1.05389110090584 9.7 20.0380481104582 -1.29786502078956 9.7 19.9095258963513 -1.54855687398581 9.7 19.7936594029322 -1.80534340104798 9.7 19.6907366925596 -2.06758619020998 9.7 19.6010136473083 -2.3346332645784 9.7 19.5247133328057 -2.60582070304985 9.7 19.4620254436557 -2.88047429092342 9.7 19.413105831828 -3.15791119610463 9.7 19.3780761191855 -3.43744166673365 9.7 19.3570233951131 -3.71837074601708 9.7 19.35 -4.00000000000002 9.7 19.3570233951131 -4.28162925398296 9.7 19.3780761191855 -4.56255833326639 9.7 19.413105831828 -4.84208880389541 9.7 19.4620254436557 -5.11952570907662 9.7 19.5247133328057 -5.39417929695018 9.7 19.6010136473083 -5.66536673542163 9.7 19.6907366925596 -5.93241380979005 9.7 19.7936594029322 -6.19465659895205 9.7 19.9095258963513 -6.45144312601423 9.7 20.0380481104582 -6.70213497921048 9.7 20.1789065187783 -6.94610889909419 9.7 20.3317509251146 -7.18275832805949 9.7 20.4962013341905 -7.41149491833897 9.7 20.6718488963778 -7.63174999472897 9.7 20.8582569241615 -7.84297596840572 9.7 21.0549619778137 -8.04464769831744 9.7 21.2614750175778 -8.23626379676772 9.7 21.4772826194982 -8.41734787594439 9.7 21.7018482518735 -8.58744973229461 9.7 21.9346136091585 -8.74614646580188 9.7 22.175 -8.8930435313821 9.7 22.4224097859547 -9.02777571978482 9.7 22.6762278673121 -9.15000806556097 9.7 22.9358232123299 -9.25943667983977 9.7 23.200550426078 -9.35578950584431 9.7 23.4697513549921 -9.43882699526758 9.7 23.7427567231469 -9.50834270382731 9.7 24.0188877961819 -9.56416380451898 9.7 24.2974580687418 -9.60615151729098 9.7 24.5777749712368 -9.63420145407367 9.7 24.8591415916799 -9.64824387830461 9.7 25.1408584083202 -9.64824387830461 9.7 25.4222250287634 -9.63420145407366 9.7 25.7025419312583 -9.60615151729096 9.7 25.9811122038182 -9.56416380451897 9.7 26.2572432768532 -9.50834270382729 9.7 26.530248645008 -9.43882699526755 9.7 26.7994495739221 -9.35578950584427 9.7 27.0641767876702 -9.25943667983973 9.7 27.323772132688 -9.15000806556093 9.7 27.5775902140454 -9.02777571978477 9.7 27.8250000000001 -8.89304353138204 9.7 28.0653863908416 -8.74614646580182 9.7 28.2981517481266 -8.58744973229455 9.7 28.5227173805019 -8.41734787594433 9.7 28.7385249824223 -8.23626379676765 9.7 28.9450380221864 -8.04464769831736 9.7 29.1417430758386 -7.84297596840564 9.7 29.3281511036223 -7.63174999472889 9.7 29.5037986658096 -7.41149491833889 9.7 29.6682490748854 -7.1827583280594 9.7 29.8210934812217 -6.9461088990941 9.7 29.9619518895418 -6.70213497921038 9.7 30.0904741036487 -6.45144312601413 9.7 30.2063405970678 -6.19465659895195 9.7 30.3092633074404 -5.93241380978995 9.7 30.3989863526917 -5.66536673542153 9.7 30.4752866671943 -5.39417929695008 9.7 30.5379745563443 -5.11952570907651 9.7 30.586894168172 -4.8420888038953 9.7 30.6219238808145 -4.56255833326628 9.7 30.6429766048869 -4.28162925398285 9.7 30.65 -4 9.7 0 6.3 0.0498665500569808 6.3 0.0997331001139617 6.3 0.149599650170943 6.3 0.199466200227923 6.3 0.249332750284904 6.3 0.299199300341885 6.3 0.349065850398866 6.3 0.398932400455847 6.3 0.448798950512828 6.3 0.498665500569808 6.3 0.548532050626789 6.3 0.59839860068377 6.3 0.648265150740751 6.3 0.698131700797732 6.3 0.747998250854712 6.3 0.797864800911693 6.3 0.847731350968674 6.3 0.897597901025655 6.3 0.947464451082636 6.3 0.997331001139617 6.3 1.0471975511966 6.3 1.09706410125358 6.3 1.14693065131056 6.3 1.19679720136754 6.3 1.24666375142452 6.3 1.2965303014815 6.3 1.34639685153848 6.3 1.39626340159546 6.3 1.44612995165244 6.3 1.49599650170942 6.3 1.54586305176641 6.3 1.59572960182339 6.3 1.64559615188037 6.3 1.69546270193735 6.3 1.74532925199433 6.3 1.79519580205131 6.3 1.84506235210829 6.3 1.89492890216527 6.3 1.94479545222225 6.3 1.99466200227923 6.3 2.04452855233621 6.3 2.09439510239319 6.3 2.14426165245018 6.3 2.19412820250716 6.3 2.24399475256414 6.3 2.29386130262112 6.3 2.3437278526781 6.3 2.39359440273508 6.3 2.44346095279206 6.3 2.49332750284904 6.3 2.54319405290602 6.3 2.59306060296301 6.3 2.64292715301999 6.3 2.69279370307697 6.3 2.74266025313395 6.3 2.79252680319093 6.3 2.84239335324791 6.3 2.89225990330489 6.3 2.94212645336187 6.3 2.99199300341885 6.3 3.04185955347583 6.3 3.09172610353282 6.3 3.1415926535898 6.3 3.19145920364678 6.3 3.24132575370376 6.3 3.29119230376074 6.3 3.34105885381772 6.3 3.3909254038747 6.3 3.44079195393168 6.3 3.49065850398866 6.3 3.54052505404564 6.3 3.59039160410263 6.3 3.64025815415961 6.3 3.69012470421659 6.3 3.73999125427357 6.3 3.78985780433055 6.3 3.83972435438753 6.3 3.88959090444451 6.3 3.93945745450149 6.3 3.98932400455847 6.3 4.03919055461546 6.3 4.08905710467244 6.3 4.13892365472942 6.3 4.1887902047864 6.3 4.23865675484338 6.3 4.28852330490036 6.3 4.33838985495734 6.3 4.38825640501432 6.3 4.4381229550713 6.3 4.48798950512828 6.3 4.53785605518527 6.3 4.58772260524225 6.3 4.63758915529923 6.3 4.68745570535621 6.3 4.73732225541319 6.3 4.78718880547017 6.3 4.83705535552715 6.3 4.88692190558413 6.3 4.93678845564111 6.3 4.9866550056981 6.3 5.03652155575508 6.3 5.08638810581206 6.3 5.13625465586904 6.3 5.18612120592602 6.3 5.235987755983 6.3 5.28585430603998 6.3 5.33572085609696 6.3 5.38558740615394 6.3 5.43545395621092 6.3 5.48532050626791 6.3 5.53518705632489 6.3 5.58505360638187 6.3 5.63492015643885 6.3 5.68478670649583 6.3 5.73465325655281 6.3 5.78451980660979 6.3 5.83438635666677 6.3 5.88425290672375 6.3 5.93411945678073 6.3 5.98398600683772 6.3 6.0338525568947 6.3 6.08371910695168 6.3 6.13358565700866 6.3 6.18345220706564 6.3 6.23331875712262 6.3 6.28318530717959 6.3 0 0 0.0498665500569808 0 0.0997331001139617 0 0.149599650170943 0 0.199466200227923 0 0.249332750284904 0 0.299199300341885 0 0.349065850398866 0 0.398932400455847 0 0.448798950512828 0 0.498665500569808 0 0.548532050626789 0 0.59839860068377 0 0.648265150740751 0 0.698131700797732 0 0.747998250854712 0 0.797864800911693 0 0.847731350968674 0 0.897597901025655 0 0.947464451082636 0 0.997331001139617 0 1.0471975511966 0 1.09706410125358 0 1.14693065131056 0 1.19679720136754 0 1.24666375142452 0 1.2965303014815 0 1.34639685153848 0 1.39626340159546 0 1.44612995165244 0 1.49599650170942 0 1.54586305176641 0 1.59572960182339 0 1.64559615188037 0 1.69546270193735 0 1.74532925199433 0 1.79519580205131 0 1.84506235210829 0 1.89492890216527 0 1.94479545222225 0 1.99466200227923 0 2.04452855233621 0 2.09439510239319 0 2.14426165245018 0 2.19412820250716 0 2.24399475256414 0 2.29386130262112 0 2.3437278526781 0 2.39359440273508 0 2.44346095279206 0 2.49332750284904 0 2.54319405290602 0 2.59306060296301 0 2.64292715301999 0 2.69279370307697 0 2.74266025313395 0 2.79252680319093 0 2.84239335324791 0 2.89225990330489 0 2.94212645336187 0 2.99199300341885 0 3.04185955347583 0 3.09172610353282 0 3.1415926535898 0 3.19145920364678 0 3.24132575370376 0 3.29119230376074 0 3.34105885381772 0 3.3909254038747 0 3.44079195393168 0 3.49065850398866 0 3.54052505404564 0 3.59039160410263 0 3.64025815415961 0 3.69012470421659 0 3.73999125427357 0 3.78985780433055 0 3.83972435438753 0 3.88959090444451 0 3.93945745450149 0 3.98932400455847 0 4.03919055461546 0 4.08905710467244 0 4.13892365472942 0 4.1887902047864 0 4.23865675484338 0 4.28852330490036 0 4.33838985495734 0 4.38825640501432 0 4.4381229550713 0 4.48798950512828 0 4.53785605518527 0 4.58772260524225 0 4.63758915529923 0 4.68745570535621 0 4.73732225541319 0 4.78718880547017 0 4.83705535552715 0 4.88692190558413 0 4.93678845564111 0 4.9866550056981 0 5.03652155575508 0 5.08638810581206 0 5.13625465586904 0 5.18612120592602 0 5.235987755983 0 5.28585430603998 0 5.33572085609696 0 5.38558740615394 0 5.43545395621092 0 5.48532050626791 0 5.53518705632489 0 5.58505360638187 0 5.63492015643885 0 5.68478670649583 0 5.73465325655281 0 5.78451980660979 0 5.83438635666677 0 5.88425290672375 0 5.93411945678073 0 5.98398600683772 0 6.0338525568947 0 6.08371910695168 0 6.13358565700866 0 6.18345220706564 0 6.23331875712262 0 6.28318530717959 0 2 1 128 2 128 129 3 129 130 3 2 129 4 130 131 4 131 132 4 3 130 5 4 132 6 132 133 6 5 132 7 133 134 7 6 133 8 134 135 8 135 136 8 7 134 9 8 136 10 136 137 10 9 136 11 137 138 11 10 137 12 11 138 12 138 139 13 12 139 13 139 140 14 13 140 14 140 141 15 14 141 15 141 142 16 15 142 16 142 143 17 16 143 17 143 144 18 17 144 18 144 145 19 18 145 19 145 146 20 19 146 20 146 147 20 147 148 21 20 148 22 21 148 22 148 149 22 149 150 23 22 150 23 150 151 24 151 152 24 23 151 25 24 152 26 25 152 26 152 153 27 153 154 27 154 155 27 26 153 28 27 155 29 155 156 29 28 155 30 156 157 30 29 156 31 157 158 31 30 157 32 158 159 32 31 158 33 159 160 33 32 159 34 160 161 34 161 162 34 33 160 35 34 162 36 162 163 36 35 162 37 163 164 37 36 163 38 37 164 38 164 165 38 165 166 39 38 166 40 39 166 40 166 167 40 167 168 41 40 168 42 41 168 42 168 169 43 42 169 43 169 170 43 170 171 44 43 171 45 44 171 45 171 172 45 172 173 46 45 173 46 173 174 47 46 174 48 47 174 48 174 175 49 48 175 49 175 176 50 49 176 50 176 177 51 50 177 51 177 178 52 51 178 52 178 179 53 52 179 53 179 180 53 180 181 54 53 181 55 54 181 55 181 182 56 55 182 56 182 183 57 56 183 57 183 184 58 57 184 58 184 185 58 185 186 59 58 186 60 186 187 60 59 186 61 187 188 61 60 187 62 188 189 62 61 188 63 62 189 63 189 190 64 63 190 64 190 191 65 64 191 65 191 192 66 65 192 66 192 193 67 66 193 67 193 194 68 67 194 68 194 195 69 68 195 69 195 196 70 69 196 70 196 197 71 70 197 71 197 198 72 71 198 72 198 199 73 72 199 73 199 200 74 73 200 74 200 201 75 74 201 75 201 202 76 202 203 76 75 202 77 203 204 77 76 203 78 204 205 78 77 204 79 205 206 79 78 205 80 206 207 80 79 206 81 207 208 81 80 207 82 208 209 82 81 208 83 209 210 83 82 209 84 210 211 84 83 210 85 211 212 85 84 211 86 212 213 86 85 212 87 213 214 87 86 213 88 214 215 88 87 214 89 88 215 89 215 216 90 89 216 90 216 217 91 90 217 91 217 218 92 91 218 92 218 219 93 219 220 93 92 219 94 220 221 94 93 220 95 221 222 95 94 221 96 222 223 96 95 222 97 223 224 97 96 223 98 224 225 98 97 224 99 225 226 99 98 225 100 226 227 100 99 226 101 227 228 101 100 227 102 228 229 102 101 228 103 229 230 103 102 229 104 230 231 104 103 230 105 231 232 105 104 231 106 232 233 106 105 232 107 233 234 107 106 233 108 234 235 108 107 234 109 235 236 109 108 235 110 236 237 110 109 236 111 237 238 111 110 237 112 238 239 112 111 238 113 112 239 113 239 240 114 113 240 114 240 241 115 114 241 115 241 242 116 115 242 116 242 243 117 116 243 117 243 244 118 117 244 118 244 245 119 118 245 119 245 246 120 119 246 120 246 247 121 120 247 121 247 248 122 121 248 122 248 249 123 122 249 123 249 250 124 123 250 124 250 251 125 124 251 125 251 252 126 252 253 126 125 252 126 253 254 127 126 254 
38 36 1 0 2.4693915844512e-14
2.02484567313167 -2.45000000000001 3.49 -2.02484567313169 -2.45000000000004 3.49 1.94551991658262 -2.35153032961466 3.49 1.86141036467721 -2.25711404438723 3.49 1.77272383250913 -2.16698330240716 3.49 1.67967838940634 -2.0813597241376 3.49 1.5825028227253 -2.00045384747777 3.49 1.48143607529084 -1.92446461007603 3.49 1.37672665786503 -1.85357886016658 3.49 1.26863203808958 -1.78797089713253 3.49 1.15741800740447 -1.72780204292498 3.49 1.0433580274993 -1.67322024539219 3.49 0.926732557904497 -1.62435971449384 3.49 0.807828366375617 -1.58134059229521 3.49 0.68693782376656 -1.54426865755253 3.49 0.564358185125416 -1.51323506561598 3.49 0.440390858780682 -1.48831612428984 3.49 0.315340665215076 -1.46957310620091 3.49 0.189515087549275 -1.45705209813665 3.49 0.0632235154785592 -1.45078388772342 3.49 -0.0632235154785872 -1.45078388772342 3.49 -0.189515087549303 -1.45705209813666 3.49 -0.315340665215104 -1.46957310620091 3.49 -0.44039085878071 -1.48831612428984 3.49 -0.564358185125443 -1.51323506561599 3.49 -0.686937823766587 -1.54426865755254 3.49 -0.807828366375643 -1.58134059229522 3.49 -0.926732557904523 -1.62435971449385 3.49 -1.04335802749933 -1.6732202453922 3.49 -1.15741800740449 -1.727802042925 3.49 -1.2686320380896 -1.78797089713254 3.49 -1.37672665786505 -1.8535788601666 3.49 -1.48143607529087 -1.92446461007604 3.49 -1.58250282272532 -2.00045384747778 3.49 -1.67967838940636 -2.08135972413762 3.49 -1.77272383250915 -2.16698330240718 3.49 -1.86141036467723 -2.25711404438724 3.49 -1.94551991658264 -2.35153032961468 3.49 2.02484567313166 1.55 -2.02484567313166 1.55 1.94551991658262 1.64846967038534 1.86141036467721 1.74288595561277 1.77272383250913 1.83301669759284 1.67967838940634 1.9186402758624 1.5825028227253 1.99954615252223 1.48143607529084 2.07553538992397 1.37672665786503 2.14642113983342 1.26863203808958 2.21202910286747 1.15741800740447 2.27219795707502 1.0433580274993 2.32677975460781 0.926732557904497 2.37564028550616 0.807828366375617 2.41865940770479 0.68693782376656 2.45573134244747 0.564358185125416 2.48676493438402 0.440390858780682 2.51168387571016 0.315340665215076 2.53042689379909 0.189515087549275 2.54294790186335 0.0632235154785592 2.54921611227658 -0.0632235154785872 2.54921611227658 -0.189515087549303 2.54294790186334 -0.315340665215104 2.53042689379909 -0.440390858780709 2.51168387571016 -0.564358185125443 2.48676493438401 -0.686937823766587 2.45573134244746 -0.807828366375643 2.41865940770478 -0.926732557904522 2.37564028550615 -1.04335802749933 2.3267797546078 -1.15741800740449 2.272197957075 -1.2686320380896 2.21202910286746 -1.37672665786505 2.1464211398334 -1.48143607529087 2.07553538992396 -1.58250282272532 1.99954615252222 -1.67967838940636 1.91864027586238 -1.77272383250915 1.83301669759282 -1.86141036467723 1.74288595561276 -1.94551991658264 1.64846967038532 36 37 38 36 38 2 32 33 34 29 30 31 29 31 32 25 26 27 22 23 24 22 24 25 22 27 28 22 28 29 22 25 27 17 18 19 17 19 20 17 20 21 16 21 22 16 34 35 16 35 36 16 32 34 16 29 32 16 22 29 16 17 21 13 14 15 13 15 16 10 11 12 10 12 13 10 13 16 9 10 16 7 8 9 3 2 1 3 36 2 5 3 4 5 6 7 5 7 9 5 36 3 5 16 36 5 9 16 
252 252 1 0 1.83102671940889e-15
5.6 -4 9.7 5.59303875882596 -3.7208630403001 9.7 5.57217234204625 -3.44242005906343 9.7 5.53745262686072 -3.16536330941342 9.7 5.48896593195184 -2.89038159808337 9.7 5.42683280288284 -2.61815857293436 9.7 5.35120771240239 -2.34937102329894 9.7 5.26227867640109 -2.08468719737626 9.7 5.16026678647428 -1.82476514086171 9.7 5.04542566025355 -1.57025106094167 9.7 4.91804081087328 -1.32177771972062 9.7 4.77842893714007 -1.07996286107481 9.7 4.62693713616957 -0.845407674843717 9.7 4.46394204044837 -0.618695302177327 9.7 4.28984888146628 -0.400389385755381 9.7 4.10509048224703 -0.191032668482852 9.7 3.91012618128201 0.00885435585442274 9.7 3.70544069054241 0.19877473661931 9.7 3.49154289040891 0.378256301820966 9.7 3.26896456451482 0.546852832008795 9.7 3.03825907764825 0.704145169644319 9.7 2.8 0.849742261192855 9.7 2.55477968117771 0.983282129344223 9.7 2.30320777753143 1.10443277294537 9.7 2.04590973645181 1.21289299240754 9.7 1.78352524140943 1.30839313853594 9.7 1.51670662160083 1.39069578292007 9.7 1.24611723015536 1.45959630821821 9.7 0.972429794934813 1.51492341686836 9.7 0.69632474602592 1.55653955696096 9.7 0.418488524083979 1.58434126421461 9.7 0.139611873733211 1.59825941920457 9.7 -0.139611873733205 1.59825941920457 9.7 -0.418488524083972 1.58434126421461 9.7 -0.696324746025913 1.55653955696096 9.7 -0.972429794934806 1.51492341686837 9.7 -1.24611723015536 1.45959630821821 9.7 -1.51670662160082 1.39069578292007 9.7 -1.78352524140943 1.30839313853594 9.7 -2.04590973645181 1.21289299240755 9.7 -2.30320777753142 1.10443277294537 9.7 -2.55477968117771 0.983282129344226 9.7 -2.8 0.849742261192858 9.7 -3.03825907764825 0.704145169644321 9.7 -3.26896456451482 0.546852832008796 9.7 -3.49154289040891 0.378256301820967 9.7 -3.70544069054241 0.198774736619311 9.7 -3.91012618128201 0.00885435585442185 9.7 -4.10509048224703 -0.191032668482854 9.7 -4.28984888146628 -0.400389385755383 9.7 -4.46394204044837 -0.61869530217733 9.7 -4.62693713616957 -0.845407674843722 9.7 -4.77842893714007 -1.07996286107482 9.7 -4.91804081087328 -1.32177771972063 9.7 -5.04542566025355 -1.57025106094168 9.7 -5.16026678647429 -1.82476514086172 9.7 -5.26227867640109 -2.08468719737627 9.7 -5.35120771240239 -2.34937102329895 9.7 -5.42683280288284 -2.61815857293437 9.7 -5.48896593195185 -2.89038159808339 9.7 -5.53745262686072 -3.16536330941344 9.7 -5.57217234204625 -3.44242005906344 9.7 -5.59303875882597 -3.72086304030011 9.7 -5.6 -4.00000000000002 9.7 -5.59303875882596 -4.27913695969992 9.7 -5.57217234204625 -4.55757994093659 9.7 -5.53745262686072 -4.8346366905866 9.7 -5.48896593195184 -5.10961840191665 9.7 -5.42683280288283 -5.38184142706567 9.7 -5.35120771240238 -5.65062897670109 9.7 -5.26227867640108 -5.91531280262377 9.7 -5.16026678647427 -6.17523485913832 9.7 -5.04542566025353 -6.42974893905835 9.7 -4.91804081087326 -6.67822228027941 9.7 -4.77842893714006 -6.92003713892522 9.7 -4.62693713616955 -7.15459232515631 9.7 -4.46394204044835 -7.3813046978227 9.7 -4.28984888146625 -7.59961061424465 9.7 -4.105090482247 -7.80896733151717 9.7 -3.91012618128198 -8.00885435585445 9.7 -3.70544069054238 -8.19877473661934 9.7 -3.49154289040888 -8.37825630182099 9.7 -3.26896456451479 -8.54685283200882 9.7 -3.03825907764822 -8.70414516964434 9.7 -2.79999999999996 -8.84974226119288 9.7 -2.55477968117767 -8.98328212934424 9.7 -2.30320777753138 -9.10443277294539 9.7 -2.04590973645177 -9.21289299240756 9.7 -1.78352524140939 -9.30839313853595 9.7 -1.51670662160078 -9.39069578292008 9.7 -1.24611723015531 -9.45959630821822 9.7 -0.972429794934761 -9.51492341686837 9.7 -0.696324746025866 -9.55653955696097 9.7 -0.418488524083924 -9.58434126421461 9.7 -0.139611873733155 -9.59825941920457 9.7 0.139611873733262 -9.59825941920457 9.7 0.418488524084031 -9.5843412642146 9.7 0.696324746025973 -9.55653955696096 9.7 0.972429794934866 -9.51492341686835 9.7 1.24611723015542 -9.4595963082182 9.7 1.51670662160089 -9.39069578292005 9.7 1.78352524140949 -9.30839313853592 9.7 2.04590973645187 -9.21289299240752 9.7 2.30320777753148 -9.10443277294534 9.7 2.55477968117777 -8.98328212934419 9.7 2.80000000000006 -8.84974226119282 9.7 3.03825907764831 -8.70414516964428 9.7 3.26896456451488 -8.54685283200876 9.7 3.49154289040896 -8.37825630182092 9.7 3.70544069054246 -8.19877473661927 9.7 3.91012618128206 -8.00885435585437 9.7 4.10509048224708 -7.8089673315171 9.7 4.28984888146632 -7.59961061424456 9.7 4.46394204044841 -7.38130469782261 9.7 4.62693713616961 -7.15459232515622 9.7 4.77842893714011 -6.92003713892512 9.7 4.91804081087332 -6.67822228027931 9.7 5.04542566025358 -6.42974893905826 9.7 5.16026678647431 -6.17523485913822 9.7 5.26227867640111 -5.91531280262367 9.7 5.35120771240241 -5.65062897670099 9.7 5.42683280288286 -5.38184142706556 9.7 5.48896593195186 -5.10961840191654 9.7 5.53745262686073 -4.83463669058649 9.7 5.57217234204626 -4.55757994093649 9.7 5.59303875882597 -4.27913695969982 9.7 2.55 -4 9.7 2.54683014910825 -3.87289299156522 9.7 2.53732847718177 -3.74610199118067 9.7 2.52151860687408 -3.61994222125076 9.7 2.49943984401379 -3.49472733484154 9.7 2.47114707988415 -3.37076863588975 9.7 2.43671065475466 -3.24837430525219 9.7 2.39621618300407 -3.12784863451954 9.7 2.34976434026954 -3.00949126949953 9.7 2.29747061315117 -2.89359646525023 9.7 2.23946501209408 -2.78045235451564 9.7 2.175891748162 -2.67034023138228 9.7 2.10690887450579 -2.56353385193776 9.7 2.03268789341845 -2.46029875367003 9.7 1.95341332995339 -2.36089159529933 9.7 1.86928227316606 -2.26555951868416 9.7 1.78050388611949 -2.17453953438772 9.7 1.68729888587199 -2.08805793243228 9.7 1.58989899473977 -2.00632971970652 9.7 1.48854636419871 -1.92955808542457 9.7 1.38349297285769 -1.85793389596553 9.7 1.275 -1.79163522034968 9.7 1.16333717625057 -1.73082688753076 9.7 1.04878211298306 -1.67566007660523 9.7 0.931619612134308 -1.62627194095728 9.7 0.812140958141796 -1.58278526727381 9.7 0.690643193764664 -1.54530817027747 9.7 0.567428381588603 -1.51393382393635 9.7 0.442802853050674 -1.48874022981887 9.7 0.317076446851089 -1.46979002316956 9.7 0.190561738645383 -1.45713031718799 9.7 0.0635732639320874 -1.45079258589792 9.7 -0.0635732639320842 -1.45079258589792 9.7 -0.19056173864538 -1.45713031718799 9.7 -0.317076446851085 -1.46979002316956 9.7 -0.442802853050671 -1.48874022981887 9.7 -0.5674283815886 -1.51393382393635 9.7 -0.690643193764661 -1.54530817027747 9.7 -0.812140958141793 -1.58278526727381 9.7 -0.931619612134305 -1.62627194095728 9.7 -1.04878211298306 -1.67566007660523 9.7 -1.16333717625056 -1.73082688753075 9.7 -1.275 -1.79163522034968 9.7 -1.38349297285769 -1.85793389596553 9.7 -1.48854636419871 -1.92955808542457 9.7 -1.58989899473977 -2.00632971970652 9.7 -1.68729888587199 -2.08805793243228 9.7 -1.78050388611949 -2.17453953438772 9.7 -1.86928227316606 -2.26555951868416 9.7 -1.95341332995339 -2.36089159529933 9.7 -2.03268789341845 -2.46029875367003 9.7 -2.10690887450579 -2.56353385193777 9.7 -2.175891748162 -2.67034023138228 9.7 -2.23946501209408 -2.78045235451564 9.7 -2.29747061315117 -2.89359646525023 9.7 -2.34976434026954 -3.00949126949953 9.7 -2.39621618300407 -3.12784863451955 9.7 -2.43671065475466 -3.2483743052522 9.7 -2.47114707988415 -3.37076863588976 9.7 -2.49943984401379 -3.49472733484154 9.7 -2.52151860687408 -3.61994222125076 9.7 -2.53732847718177 -3.74610199118068 9.7 -2.54683014910825 -3.87289299156523 9.7 -2.55 -4.00000000000001 9.7 -2.54683014910825 -4.12710700843479 9.7 -2.53732847718177 -4.25389800881934 9.7 -2.52151860687408 -4.38005777874926 9.7 -2.49943984401378 -4.50527266515847 9.7 -2.47114707988415 -4.62923136411026 9.7 -2.43671065475466 -4.75162569474782 9.7 -2.39621618300406 -4.87215136548047 9.7 -2.34976434026953 -4.99050873050048 9.7 -2.29747061315116 -5.10640353474979 9.7 -2.23946501209408 -5.21954764548437 9.7 -2.17589174816199 -5.32965976861773 9.7 -2.10690887450578 -5.43646614806225 9.7 -2.03268789341844 -5.53970124632998 9.7 -1.95341332995338 -5.63910840470069 9.7 -1.86928227316605 -5.73444048131586 9.7 -1.78050388611947 -5.82546046561229 9.7 -1.68729888587198 -5.91194206756773 9.7 -1.58989899473976 -5.99367028029349 9.7 -1.4885463641987 -6.07044191457544 9.7 -1.38349297285767 -6.14206610403448 9.7 -1.27499999999998 -6.20836477965033 9.7 -1.16333717625055 -6.26917311246925 9.7 -1.04878211298304 -6.32433992339477 9.7 -0.931619612134288 -6.37372805904273 9.7 -0.812140958141775 -6.41721473272619 9.7 -0.690643193764642 -6.45469182972254 9.7 -0.56742838158858 -6.48606617606366 9.7 -0.44280285305065 -6.51125977018113 9.7 -0.317076446851064 -6.53020997683044 9.7 -0.190561738645358 -6.54286968281201 9.7 -0.0635732639320616 -6.54920741410208 9.7 0.0635732639321105 -6.54920741410208 9.7 0.190561738645407 -6.54286968281201 9.7 0.317076446851113 -6.53020997683044 9.7 0.442802853050698 -6.51125977018113 9.7 0.567428381588628 -6.48606617606364 9.7 0.690643193764689 -6.45469182972252 9.7 0.812140958141821 -6.41721473272618 9.7 0.931619612134333 -6.37372805904271 9.7 1.04878211298309 -6.32433992339475 9.7 1.16333717625059 -6.26917311246923 9.7 1.27500000000003 -6.2083647796503 9.7 1.38349297285771 -6.14206610403445 9.7 1.48854636419874 -6.07044191457542 9.7 1.5898989947398 -5.99367028029346 9.7 1.68729888587202 -5.9119420675677 9.7 1.78050388611951 -5.82546046561226 9.7 1.86928227316608 -5.73444048131582 9.7 1.95341332995342 -5.63910840470065 9.7 2.03268789341847 -5.53970124632994 9.7 2.10690887450581 -5.43646614806221 9.7 2.17589174816201 -5.32965976861769 9.7 2.2394650120941 -5.21954764548433 9.7 2.29747061315118 -5.10640353474974 9.7 2.34976434026955 -4.99050873050044 9.7 2.39621618300408 -4.87215136548042 9.7 2.43671065475467 -4.75162569474777 9.7 2.47114707988416 -4.62923136411021 9.7 2.49943984401379 -4.50527266515843 9.7 2.52151860687408 -4.38005777874921 9.7 2.53732847718178 -4.25389800881929 9.7 2.54683014910825 -4.12710700843474 9.7 5.6 -1.77635683940025e-15 5.59303875882596 0.279136959699904 5.57217234204625 0.557579940936574 5.53745262686072 0.834636690586577 5.48896593195184 1.10961840191663 5.42683280288284 1.38184142706564 5.35120771240239 1.65062897670106 5.26227867640109 1.91531280262375 5.16026678647428 2.17523485913829 5.04542566025355 2.42974893905833 4.91804081087328 2.67822228027938 4.77842893714007 2.92003713892519 4.62693713616957 3.15459232515628 4.46394204044837 3.38130469782267 4.28984888146628 3.59961061424462 4.10509048224703 3.80896733151715 3.91012618128201 4.00885435585442 3.70544069054241 4.19877473661931 3.49154289040891 4.37825630182097 3.26896456451482 4.54685283200879 3.03825907764825 4.70414516964432 2.8 4.84974226119285 2.55477968117772 4.98328212934422 2.30320777753143 5.10443277294537 2.04590973645181 5.21289299240754 1.78352524140943 5.30839313853594 1.51670662160083 5.39069578292007 1.24611723015536 5.45959630821821 0.972429794934813 5.51492341686837 0.69632474602592 5.55653955696096 0.418488524083979 5.58434126421461 0.139611873733211 5.59825941920457 -0.139611873733204 5.59825941920457 -0.418488524083972 5.58434126421461 -0.696324746025913 5.55653955696096 -0.972429794934806 5.51492341686837 -1.24611723015536 5.45959630821821 -1.51670662160082 5.39069578292007 -1.78352524140943 5.30839313853594 -2.04590973645181 5.21289299240754 -2.30320777753142 5.10443277294537 -2.55477968117771 4.98328212934423 -2.8 4.84974226119286 -3.03825907764825 4.70414516964432 -3.26896456451482 4.5468528320088 -3.49154289040891 4.37825630182097 -3.70544069054241 4.19877473661931 -3.91012618128201 4.00885435585442 -4.10509048224703 3.80896733151715 -4.28984888146628 3.59961061424462 -4.46394204044837 3.38130469782267 -4.62693713616957 3.15459232515628 -4.77842893714007 2.92003713892518 -4.91804081087328 2.67822228027937 -5.04542566025355 2.42974893905832 -5.16026678647429 2.17523485913828 -5.26227867640109 1.91531280262373 -5.35120771240239 1.65062897670105 -5.42683280288284 1.38184142706563 -5.48896593195185 1.10961840191661 -5.53745262686072 0.834636690586561 -5.57217234204625 0.557579940936556 -5.59303875882597 0.279136959699886 -5.6 -1.95399252334028e-14 -5.59303875882596 -0.279136959699924 -5.57217234204625 -0.557579940936595 -5.53745262686072 -0.834636690586599 -5.48896593195184 -1.10961840191665 -5.42683280288283 -1.38184142706567 -5.35120771240238 -1.65062897670109 -5.26227867640108 -1.91531280262377 -5.16026678647427 -2.17523485913832 -5.04542566025353 -2.42974893905835 -4.91804081087326 -2.67822228027941 -4.77842893714006 -2.92003713892522 -4.62693713616955 -3.15459232515631 -4.46394204044835 -3.3813046978227 -4.28984888146625 -3.59961061424465 -4.105090482247 -3.80896733151717 -3.91012618128198 -4.00885435585445 -3.70544069054238 -4.19877473661934 -3.49154289040888 -4.37825630182099 -3.26896456451479 -4.54685283200882 -3.03825907764822 -4.70414516964434 -2.79999999999996 -4.84974226119288 -2.55477968117767 -4.98328212934424 -2.30320777753138 -5.10443277294539 -2.04590973645177 -5.21289299240756 -1.78352524140939 -5.30839313853595 -1.51670662160078 -5.39069578292008 -1.24611723015531 -5.45959630821822 -0.972429794934761 -5.51492341686837 -0.696324746025867 -5.55653955696097 -0.418488524083924 -5.58434126421461 -0.139611873733155 -5.59825941920457 0.139611873733262 -5.59825941920457 0.418488524084031 -5.58434126421461 0.696324746025973 -5.55653955696096 0.972429794934866 -5.51492341686835 1.24611723015542 -5.4595963082182 1.51670662160089 -5.39069578292005 1.78352524140949 -5.30839313853592 2.04590973645187 -5.21289299240752 2.30320777753148 -5.10443277294534 2.55477968117777 -4.98328212934419 2.80000000000006 -4.84974226119282 3.03825907764831 -4.70414516964428 3.26896456451488 -4.54685283200876 3.49154289040896 -4.37825630182092 3.70544069054247 -4.19877473661927 3.91012618128206 -4.00885435585437 4.10509048224708 -3.8089673315171 4.28984888146632 -3.59961061424456 4.46394204044841 -3.38130469782261 4.62693713616961 -3.15459232515622 4.77842893714011 -2.92003713892512 4.91804081087332 -2.67822228027931 5.04542566025358 -2.42974893905825 5.16026678647431 -2.17523485913822 5.26227867640111 -1.91531280262367 5.35120771240241 -1.65062897670099 5.42683280288286 -1.38184142706556 5.48896593195186 -1.10961840191654 5.53745262686073 -0.834636690586493 5.57217234204626 -0.557579940936487 5.59303875882597 -0.279136959699817 2.55 -8.88178419700125e-16 2.54683014910825 0.127107008434778 2.53732847718177 0.253898008819332 2.52151860687408 0.380057778749245 2.49943984401379 0.505272665158464 2.47114707988415 0.629231364110248 2.43671065475466 0.751625694747806 2.39621618300407 0.872151365480455 2.34976434026954 0.990508730500472 2.29747061315117 1.10640353474977 2.23946501209408 1.21954764548436 2.175891748162 1.32965976861772 2.10690887450579 1.43646614806224 2.03268789341845 1.53970124632997 1.95341332995339 1.63910840470067 1.86928227316606 1.73444048131584 1.78050388611949 1.82546046561228 1.68729888587199 1.91194206756772 1.58989899473977 1.99367028029348 1.48854636419872 2.07044191457543 1.38349297285769 2.14206610403447 1.275 2.20836477965032 1.16333717625057 2.26917311246924 1.04878211298306 2.32433992339477 0.931619612134308 2.37372805904272 0.812140958141796 2.41721473272619 0.690643193764664 2.45469182972253 0.567428381588603 2.48606617606365 0.442802853050674 2.51125977018113 0.317076446851089 2.53020997683044 0.190561738645384 2.54286968281201 0.0635732639320876 2.54920741410208 -0.0635732639320841 2.54920741410208 -0.19056173864538 2.54286968281201 -0.317076446851085 2.53020997683044 -0.44280285305067 2.51125977018113 -0.5674283815886 2.48606617606365 -0.690643193764661 2.45469182972253 -0.812140958141793 2.41721473272619 -0.931619612134305 2.37372805904272 -1.04878211298306 2.32433992339477 -1.16333717625056 2.26917311246925 -1.275 2.20836477965032 -1.38349297285769 2.14206610403447 -1.48854636419871 2.07044191457543 -1.58989899473977 1.99367028029348 -1.68729888587199 1.91194206756772 -1.78050388611949 1.82546046561228 -1.86928227316606 1.73444048131584 -1.95341332995339 1.63910840470067 -2.03268789341845 1.53970124632997 -2.10690887450579 1.43646614806223 -2.175891748162 1.32965976861772 -2.23946501209408 1.21954764548436 -2.29747061315117 1.10640353474977 -2.34976434026954 0.990508730500467 -2.39621618300407 0.87215136548045 -2.43671065475466 0.7516256947478 -2.47114707988415 0.629231364110243 -2.49943984401379 0.505272665158457 -2.52151860687408 0.380057778749237 -2.53732847718177 0.253898008819324 -2.54683014910825 0.12710700843477 -2.55 -8.88178419700125e-15 -2.54683014910825 -0.127107008434787 -2.53732847718177 -0.253898008819342 -2.52151860687408 -0.380057778749255 -2.49943984401378 -0.505272665158475 -2.47114707988415 -0.62923136411026 -2.43671065475466 -0.751625694747817 -2.39621618300406 -0.872151365480467 -2.34976434026953 -0.990508730500483 -2.29747061315116 -1.10640353474979 -2.23946501209408 -1.21954764548437 -2.17589174816199 -1.32965976861773 -2.10690887450578 -1.43646614806225 -2.03268789341844 -1.53970124632998 -1.95341332995338 -1.63910840470069 -1.86928227316605 -1.73444048131586 -1.78050388611947 -1.82546046561229 -1.68729888587198 -1.91194206756773 -1.58989899473976 -1.99367028029349 -1.4885463641987 -2.07044191457544 -1.38349297285767 -2.14206610403448 -1.27499999999998 -2.20836477965033 -1.16333717625055 -2.26917311246925 -1.04878211298304 -2.32433992339477 -0.931619612134288 -2.37372805904273 -0.812140958141775 -2.41721473272619 -0.690643193764642 -2.45469182972254 -0.56742838158858 -2.48606617606365 -0.44280285305065 -2.51125977018113 -0.317076446851064 -2.53020997683044 -0.190561738645358 -2.54286968281201 -0.0635732639320619 -2.54920741410208 0.0635732639321107 -2.54920741410208 0.190561738645407 -2.54286968281201 0.317076446851113 -2.53020997683044 0.442802853050698 -2.51125977018113 0.567428381588628 -2.48606617606364 0.690643193764689 -2.45469182972252 0.812140958141821 -2.41721473272618 0.931619612134334 -2.37372805904271 1.04878211298309 -2.32433992339475 1.16333717625059 -2.26917311246923 1.27500000000003 -2.2083647796503 1.38349297285771 -2.14206610403445 1.48854636419874 -2.07044191457542 1.5898989947398 -1.99367028029346 1.68729888587202 -1.9119420675677 1.78050388611951 -1.82546046561226 1.86928227316608 -1.73444048131582 1.95341332995342 -1.63910840470065 2.03268789341847 -1.53970124632994 2.10690887450581 -1.43646614806221 2.17589174816201 -1.32965976861769 2.2394650120941 -1.21954764548433 2.29747061315118 -1.10640353474974 2.34976434026955 -0.990508730500438 2.39621618300408 -0.872151365480421 2.43671065475467 -0.75162569474777 2.47114707988416 -0.629231364110212 2.49943984401379 -0.505272665158427 2.52151860687408 -0.380057778749206 2.53732847718178 -0.253898008819293 2.54683014910825 -0.127107008434738 206 79 80 205 79 206 207 80 81 207 206 80 204 79 205 204 78 79 208 207 81 208 81 82 203 78 204 203 77 78 209 208 82 209 82 83 202 77 203 202 76 77 210 209 83 210 83 84 201 76 202 201 75 76 211 84 85 211 210 84 200 75 201 200 74 75 212 211 85 212 85 86 212 86 87 199 74 200 199 73 74 213 212 87 198 73 199 198 72 73 214 213 87 214 87 88 197 71 72 197 72 198 215 214 88 215 88 89 196 71 197 196 70 71 216 215 89 216 89 90 195 69 70 195 70 196 217 216 90 217 90 91 217 91 92 194 68 69 194 69 195 218 217 92 193 67 68 193 68 194 219 92 93 219 218 92 192 67 193 192 66 67 220 93 94 220 94 95 220 219 93 191 66 192 191 65 66 221 220 95 190 65 191 190 64 65 222 221 95 222 95 96 222 96 97 189 64 190 189 63 64 223 222 97 188 63 189 188 62 63 224 223 97 224 97 98 187 60 61 187 61 62 187 62 188 225 224 98 225 98 99 186 60 187 226 225 99 226 99 100 185 60 186 185 59 60 227 226 100 227 100 101 184 59 185 184 58 59 228 101 102 228 227 101 183 58 184 183 57 58 229 102 103 229 103 104 229 228 102 182 57 183 182 56 57 230 229 104 181 55 56 181 56 182 231 104 105 231 230 104 180 53 54 180 54 55 180 55 181 232 105 106 232 231 105 179 53 180 233 106 107 233 232 106 178 52 53 178 53 179 234 107 108 234 233 107 177 51 52 177 52 178 235 108 109 235 234 108 176 50 51 176 51 177 236 109 110 236 235 109 175 49 50 175 50 176 237 110 111 237 236 110 174 49 175 48 49 174 112 238 237 112 237 111 239 238 112 47 48 174 47 174 173 113 239 112 46 47 173 46 173 172 114 239 113 114 240 239 45 46 172 45 171 170 45 172 171 115 240 114 115 241 240 44 45 170 44 170 169 116 242 241 116 243 242 116 241 115 43 44 169 43 169 168 117 243 116 42 43 168 118 244 243 118 243 117 41 168 167 41 42 168 119 245 244 119 244 118 40 41 167 40 167 166 120 246 245 120 245 119 39 40 166 39 166 165 121 247 246 121 246 120 38 39 165 38 164 163 38 165 164 122 247 121 122 248 247 37 163 162 37 38 163 123 248 122 123 249 248 36 37 162 124 250 249 124 249 123 35 162 161 35 36 162 125 251 250 125 250 124 34 35 161 34 160 159 34 161 160 126 252 251 126 127 252 126 251 125 33 34 159 1 127 126 32 159 158 32 33 159 2 128 127 2 127 1 31 32 158 31 157 156 31 158 157 3 129 128 3 128 2 30 156 155 30 31 156 4 130 129 4 129 3 29 30 155 5 131 130 5 132 131 5 130 4 28 154 153 28 155 154 28 29 155 6 132 5 6 133 132 27 28 153 27 153 152 7 133 6 26 27 152 8 134 133 8 133 7 25 26 152 25 151 150 25 152 151 9 135 134 9 134 8 24 25 150 24 150 149 10 135 9 10 136 135 10 137 136 23 24 149 11 137 10 22 23 149 22 149 148 12 137 11 12 138 137 21 22 148 21 148 147 13 138 12 13 139 138 20 21 147 20 147 146 14 139 13 14 140 139 19 20 146 19 146 145 15 140 14 15 141 140 18 144 143 18 145 144 18 19 145 16 142 141 16 141 15 17 18 143 17 143 142 17 142 16 
254 252 1 0 0.00174058079543125
5.6 -4 16 5.59303875882596 -3.7208630403001 16 5.57217234204625 -3.44242005906343 16 5.53745262686072 -3.16536330941342 16 5.48896593195184 -2.89038159808337 16 5.42683280288284 -2.61815857293436 16 5.35120771240239 -2.34937102329894 16 5.26227867640109 -2.08468719737626 16 5.16026678647428 -1.82476514086171 16 5.04542566025355 -1.57025106094167 16 4.91804081087328 -1.32177771972062 16 4.77842893714007 -1.07996286107481 16 4.62693713616957 -0.845407674843717 16 4.46394204044837 -0.618695302177327 16 4.28984888146628 -0.400389385755381 16 4.10509048224703 -0.191032668482852 16 3.91012618128201 0.00885435585442274 16 3.70544069054241 0.19877473661931 16 3.49154289040891 0.378256301820966 16 3.26896456451482 0.546852832008795 16 3.03825907764825 0.704145169644319 16 2.8 0.849742261192855 16 2.55477968117771 0.983282129344223 16 2.30320777753143 1.10443277294537 16 2.04590973645181 1.21289299240754 16 1.78352524140943 1.30839313853594 16 1.51670662160083 1.39069578292007 16 1.24611723015536 1.45959630821821 16 0.972429794934813 1.51492341686836 16 0.69632474602592 1.55653955696096 16 0.418488524083979 1.58434126421461 16 0.139611873733211 1.59825941920457 16 -0.139611873733205 1.59825941920457 16 -0.418488524083972 1.58434126421461 16 -0.696324746025913 1.55653955696096 16 -0.972429794934806 1.51492341686837 16 -1.24611723015536 1.45959630821821 16 -1.51670662160082 1.39069578292007 16 -1.78352524140943 1.30839313853594 16 -2.04590973645181 1.21289299240755 16 -2.30320777753142 1.10443277294537 16 -2.55477968117771 0.983282129344226 16 -2.8 0.849742261192858 16 -3.03825907764825 0.704145169644321 16 -3.26896456451482 0.546852832008796 16 -3.49154289040891 0.378256301820967 16 -3.70544069054241 0.198774736619311 16 -3.91012618128201 0.00885435585442185 16 -4.10509048224703 -0.191032668482854 16 -4.28984888146628 -0.400389385755383 16 -4.46394204044837 -0.61869530217733 16 -4.62693713616957 -0.845407674843722 16 -4.77842893714007 -1.07996286107482 16 -4.91804081087328 -1.32177771972063 16 -5.04542566025355 -1.57025106094168 16 -5.16026678647429 -1.82476514086172 16 -5.26227867640109 -2.08468719737627 16 -5.35120771240239 -2.34937102329895 16 -5.42683280288284 -2.61815857293437 16 -5.48896593195185 -2.89038159808339 16 -5.53745262686072 -3.16536330941344 16 -5.57217234204625 -3.44242005906344 16 -5.59303875882597 -3.72086304030011 16 -5.6 -4.00000000000002 16 -5.59303875882596 -4.27913695969992 16 -5.57217234204625 -4.55757994093659 16 -5.53745262686072 -4.8346366905866 16 -5.48896593195184 -5.10961840191665 16 -5.42683280288283 -5.38184142706567 16 -5.35120771240238 -5.65062897670109 16 -5.26227867640108 -5.91531280262377 16 -5.16026678647427 -6.17523485913832 16 -5.04542566025353 -6.42974893905835 16 -4.91804081087326 -6.67822228027941 16 -4.77842893714006 -6.92003713892522 16 -4.62693713616955 -7.15459232515631 16 -4.46394204044835 -7.3813046978227 16 -4.28984888146625 -7.59961061424465 16 -4.105090482247 -7.80896733151717 16 -3.91012618128198 -8.00885435585445 16 -3.70544069054238 -8.19877473661934 16 -3.49154289040888 -8.37825630182099 16 -3.26896456451479 -8.54685283200882 16 -3.03825907764822 -8.70414516964434 16 -2.79999999999996 -8.84974226119288 16 -2.55477968117767 -8.98328212934424 16 -2.30320777753138 -9.10443277294539 16 -2.04590973645177 -9.21289299240756 16 -1.78352524140939 -9.30839313853595 16 -1.51670662160078 -9.39069578292008 16 -1.24611723015531 -9.45959630821822 16 -0.972429794934761 -9.51492341686837 16 -0.696324746025866 -9.55653955696097 16 -0.418488524083924 -9.58434126421461 16 -0.139611873733155 -9.59825941920457 16 0.139611873733262 -9.59825941920457 16 0.418488524084031 -9.5843412642146 16 0.696324746025973 -9.55653955696096 16 0.972429794934866 -9.51492341686835 16 1.24611723015542 -9.4595963082182 16 1.51670662160089 -9.39069578292005 16 1.78352524140949 -9.30839313853592 16 2.04590973645187 -9.21289299240752 16 2.30320777753148 -9.10443277294534 16 2.55477968117777 -8.98328212934419 16 2.80000000000006 -8.84974226119282 16 3.03825907764831 -8.70414516964428 16 3.26896456451488 -8.54685283200876 16 3.49154289040896 -8.37825630182092 16 3.70544069054246 -8.19877473661927 16 3.91012618128206 -8.00885435585437 16 4.10509048224708 -7.8089673315171 16 4.28984888146632 -7.59961061424456 16 4.46394204044841 -7.38130469782261 16 4.62693713616961 -7.15459232515622 16 4.77842893714011 -6.92003713892512 16 4.91804081087332 -6.67822228027931 16 5.04542566025358 -6.42974893905826 16 5.16026678647431 -6.17523485913822 16 5.26227867640111 -5.91531280262367 16 5.35120771240241 -5.65062897670099 16 5.42683280288286 -5.38184142706556 16 5.48896593195186 -5.10961840191654 16 5.53745262686073 -4.83463669058649 16 5.57217234204626 -4.55757994093649 16 5.59303875882597 -4.27913695969982 16 5.6 -4 16 5.6 -4 9.7 5.59303875882596 -3.7208630403001 9.7 5.57217234204625 -3.44242005906343 9.7 5.53745262686072 -3.16536330941342 9.7 5.48896593195184 -2.89038159808337 9.7 5.42683280288284 -2.61815857293436 9.7 5.35120771240239 -2.34937102329894 9.7 5.26227867640109 -2.08468719737626 9.7 5.16026678647428 -1.82476514086171 9.7 5.04542566025355 -1.57025106094167 9.7 4.91804081087328 -1.32177771972062 9.7 4.77842893714007 -1.07996286107481 9.7 4.62693713616957 -0.845407674843717 9.7 4.46394204044837 -0.618695302177327 9.7 4.28984888146628 -0.400389385755381 9.7 4.10509048224703 -0.191032668482852 9.7 3.91012618128201 0.00885435585442274 9.7 3.70544069054241 0.19877473661931 9.7 3.49154289040891 0.378256301820966 9.7 3.26896456451482 0.546852832008795 9.7 3.03825907764825 0.704145169644319 9.7 2.8 0.849742261192855 9.7 2.55477968117771 0.983282129344223 9.7 2.30320777753143 1.10443277294537 9.7 2.04590973645181 1.21289299240754 9.7 1.78352524140943 1.30839313853594 9.7 1.51670662160083 1.39069578292007 9.7 1.24611723015536 1.45959630821821 9.7 0.972429794934813 1.51492341686836 9.7 0.69632474602592 1.55653955696096 9.7 0.418488524083979 1.58434126421461 9.7 0.139611873733211 1.59825941920457 9.7 -0.139611873733205 1.59825941920457 9.7 -0.418488524083972 1.58434126421461 9.7 -0.696324746025913 1.55653955696096 9.7 -0.972429794934806 1.51492341686837 9.7 -1.24611723015536 1.45959630821821 9.7 -1.51670662160082 1.39069578292007 9.7 -1.78352524140943 1.30839313853594 9.7 -2.04590973645181 1.21289299240755 9.7 -2.30320777753142 1.10443277294537 9.7 -2.55477968117771 0.983282129344226 9.7 -2.8 0.849742261192858 9.7 -3.03825907764825 0.704145169644321 9.7 -3.26896456451482 0.546852832008796 9.7 -3.49154289040891 0.378256301820967 9.7 -3.70544069054241 0.198774736619311 9.7 -3.91012618128201 0.00885435585442185 9.7 -4.10509048224703 -0.191032668482854 9.7 -4.28984888146628 -0.400389385755383 9.7 -4.46394204044837 -0.61869530217733 9.7 -4.62693713616957 -0.845407674843722 9.7 -4.77842893714007 -1.07996286107482 9.7 -4.91804081087328 -1.32177771972063 9.7 -5.04542566025355 -1.57025106094168 9.7 -5.16026678647429 -1.82476514086172 9.7 -5.26227867640109 -2.08468719737627 9.7 -5.35120771240239 -2.34937102329895 9.7 -5.42683280288284 -2.61815857293437 9.7 -5.48896593195185 -2.89038159808339 9.7 -5.53745262686072 -3.16536330941344 9.7 -5.57217234204625 -3.44242005906344 9.7 -5.59303875882597 -3.72086304030011 9.7 -5.6 -4.00000000000002 9.7 -5.59303875882596 -4.27913695969992 9.7 -5.57217234204625 -4.55757994093659 9.7 -5.53745262686072 -4.8346366905866 9.7 -5.48896593195184 -5.10961840191665 9.7 -5.42683280288283 -5.38184142706567 9.7 -5.35120771240238 -5.65062897670109 9.7 -5.26227867640108 -5.91531280262377 9.7 -5.16026678647427 -6.17523485913832 9.7 -5.04542566025353 -6.42974893905835 9.7 -4.91804081087326 -6.67822228027941 9.7 -4.77842893714006 -6.92003713892522 9.7 -4.62693713616955 -7.15459232515631 9.7 -4.46394204044835 -7.3813046978227 9.7 -4.28984888146625 -7.59961061424465 9.7 -4.105090482247 -7.80896733151717 9.7 -3.91012618128198 -8.00885435585445 9.7 -3.70544069054238 -8.19877473661934 9.7 -3.49154289040888 -8.37825630182099 9.7 -3.26896456451479 -8.54685283200882 9.7 -3.03825907764822 -8.70414516964434 9.7 -2.79999999999996 -8.84974226119288 9.7 -2.55477968117767 -8.98328212934424 9.7 -2.30320777753138 -9.10443277294539 9.7 -2.04590973645177 -9.21289299240756 9.7 -1.78352524140939 -9.30839313853595 9.7 -1.51670662160078 -9.39069578292008 9.7 -1.24611723015531 -9.45959630821822 9.7 -0.972429794934761 -9.51492341686837 9.7 -0.696324746025866 -9.55653955696097 9.7 -0.418488524083924 -9.58434126421461 9.7 -0.139611873733155 -9.59825941920457 9.7 0.139611873733262 -9.59825941920457 9.7 0.418488524084031 -9.5843412642146 9.7 0.696324746025973 -9.55653955696096 9.7 0.972429794934866 -9.51492341686835 9.7 1.24611723015542 -9.4595963082182 9.7 1.51670662160089 -9.39069578292005 9.7 1.78352524140949 -9.30839313853592 9.7 2.04590973645187 -9.21289299240752 9.7 2.30320777753148 -9.10443277294534 9.7 2.55477968117777 -8.98328212934419 9.7 2.80000000000006 -8.84974226119282 9.7 3.03825907764831 -8.70414516964428 9.7 3.26896456451488 -8.54685283200876 9.7 3.49154289040896 -8.37825630182092 9.7 3.70544069054246 -8.19877473661927 9.7 3.91012618128206 -8.00885435585437 9.7 4.10509048224708 -7.8089673315171 9.7 4.28984888146632 -7.59961061424456 9.7 4.46394204044841 -7.38130469782261 9.7 4.62693713616961 -7.15459232515622 9.7 4.77842893714011 -6.92003713892512 9.7 4.91804081087332 -6.67822228027931 9.7 5.04542566025358 -6.42974893905826 9.7 5.16026678647431 -6.17523485913822 9.7 5.26227867640111 -5.91531280262367 9.7 5.35120771240241 -5.65062897670099 9.7 5.42683280288286 -5.38184142706556 9.7 5.48896593195186 -5.10961840191654 9.7 5.53745262686073 -4.83463669058649 9.7 5.57217234204626 -4.55757994093649 9.7 5.59303875882597 -4.27913695969982 9.7 5.6 -4 9.7 0 6.3 0.0498665500569808 6.3 0.0997331001139617 6.3 0.149599650170943 6.3 0.199466200227923 6.3 0.249332750284904 6.3 0.299199300341885 6.3 0.349065850398866 6.3 0.398932400455847 6.3 0.448798950512828 6.3 0.498665500569808 6.3 0.548532050626789 6.3 0.59839860068377 6.3 0.648265150740751 6.3 0.698131700797732 6.3 0.747998250854712 6.3 0.797864800911693 6.3 0.847731350968674 6.3 0.897597901025655 6.3 0.947464451082636 6.3 0.997331001139617 6.3 1.0471975511966 6.3 1.09706410125358 6.3 1.14693065131056 6.3 1.19679720136754 6.3 1.24666375142452 6.3 1.2965303014815 6.3 1.34639685153848 6.3 1.39626340159546 6.3 1.44612995165244 6.3 1.49599650170942 6.3 1.54586305176641 6.3 1.59572960182339 6.3 1.64559615188037 6.3 1.69546270193735 6.3 1.74532925199433 6.3 1.79519580205131 6.3 1.84506235210829 6.3 1.89492890216527 6.3 1.94479545222225 6.3 1.99466200227923 6.3 2.04452855233621 6.3 2.09439510239319 6.3 2.14426165245018 6.3 2.19412820250716 6.3 2.24399475256414 6.3 2.29386130262112 6.3 2.3437278526781 6.3 2.39359440273508 6.3 2.44346095279206 6.3 2.49332750284904 6.3 2.54319405290602 6.3 2.59306060296301 6.3 2.64292715301999 6.3 2.69279370307697 6.3 2.74266025313395 6.3 2.79252680319093 6.3 2.84239335324791 6.3 2.89225990330489 6.3 2.94212645336187 6.3 2.99199300341885 6.3 3.04185955347583 6.3 3.09172610353282 6.3 3.1415926535898 6.3 3.19145920364678 6.3 3.24132575370376 6.3 3.29119230376074 6.3 3.34105885381772 6.3 3.3909254038747 6.3 3.44079195393168 6.3 3.49065850398866 6.3 3.54052505404564 6.3 3.59039160410263 6.3 3.64025815415961 6.3 3.69012470421659 6.3 3.73999125427357 6.3 3.78985780433055 6.3 3.83972435438753 6.3 3.88959090444451 6.3 3.93945745450149 6.3 3.98932400455847 6.3 4.03919055461546 6.3 4.08905710467244 6.3 4.13892365472942 6.3 4.1887902047864 6.3 4.23865675484338 6.3 4.28852330490036 6.3 4.33838985495734 6.3 4.38825640501432 6.3 4.4381229550713 6.3 4.48798950512828 6.3 4.53785605518527 6.3 4.58772260524225 6.3 4.63758915529923 6.3 4.68745570535621 6.3 4.73732225541319 6.3 4.78718880547017 6.3 4.83705535552715 6.3 4.88692190558413 6.3 4.93678845564111 6.3 4.9866550056981 6.3 5.03652155575508 6.3 5.08638810581206 6.3 5.13625465586904 6.3 5.18612120592602 6.3 5.235987755983 6.3 5.28585430603998 6.3 5.33572085609696 6.3 5.38558740615394 6.3 5.43545395621092 6.3 5.48532050626791 6.3 5.53518705632489 6.3 5.58505360638187 6.3 5.63492015643885 6.3 5.68478670649583 6.3 5.73465325655281 6.3 5.78451980660979 6.3 5.83438635666677 6.3 5.88425290672375 6.3 5.93411945678073 6.3 5.98398600683772 6.3 6.0338525568947 6.3 6.08371910695168 6.3 6.13358565700866 6.3 6.18345220706564 6.3 6.23331875712262 6.3 6.28318530717959 6.3 0 0 0.0498665500569808 0 0.0997331001139617 0 0.149599650170943 0 0.199466200227923 0 0.249332750284904 0 0.299199300341885 0 0.349065850398866 0 0.398932400455847 0 0.448798950512828 0 0.498665500569808 0 0.548532050626789 0 0.59839860068377 0 0.648265150740751 0 0.698131700797732 0 0.747998250854712 0 0.797864800911693 0 0.847731350968674 0 0.897597901025655 0 0.947464451082636 0 0.997331001139617 0 1.0471975511966 0 1.09706410125358 0 1.14693065131056 0 1.19679720136754 0 1.24666375142452 0 1.2965303014815 0 1.34639685153848 0 1.39626340159546 0 1.44612995165244 0 1.49599650170942 0 1.54586305176641 0 1.59572960182339 0 1.64559615188037 0 1.69546270193735 0 1.74532925199433 0 1.79519580205131 0 1.84506235210829 0 1.89492890216527 0 1.94479545222225 0 1.99466200227923 0 2.04452855233621 0 2.09439510239319 0 2.14426165245018 0 2.19412820250716 0 2.24399475256414 0 2.29386130262112 0 2.3437278526781 0 2.39359440273508 0 2.44346095279206 0 2.49332750284904 0 2.54319405290602 0 2.59306060296301 0 2.64292715301999 0 2.69279370307697 0 2.74266025313395 0 2.79252680319093 0 2.84239335324791 0 2.89225990330489 0 2.94212645336187 0 2.99199300341885 0 3.04185955347583 0 3.09172610353282 0 3.1415926535898 0 3.19145920364678 0 3.24132575370376 0 3.29119230376074 0 3.34105885381772 0 3.3909254038747 0 3.44079195393168 0 3.49065850398866 0 3.54052505404564 0 3.59039160410263 0 3.64025815415961 0 3.69012470421659 0 3.73999125427357 0 3.78985780433055 0 3.83972435438753 0 3.88959090444451 0 3.93945745450149 0 3.98932400455847 0 4.03919055461546 0 4.08905710467244 0 4.13892365472942 0 4.1887902047864 0 4.23865675484338 0 4.28852330490036 0 4.33838985495734 0 4.38825640501432 0 4.4381229550713 0 4.48798950512828 0 4.53785605518527 0 4.58772260524225 0 4.63758915529923 0 4.68745570535621 0 4.73732225541319 0 4.78718880547017 0 4.83705535552715 0 4.88692190558413 0 4.93678845564111 0 4.9866550056981 0 5.03652155575508 0 5.08638810581206 0 5.13625465586904 0 5.18612120592602 0 5.235987755983 0 5.28585430603998 0 5.33572085609696 0 5.38558740615394 0 5.43545395621092 0 5.48532050626791 0 5.53518705632489 0 5.58505360638187 0 5.63492015643885 0 5.68478670649583 0 5.73465325655281 0 5.78451980660979 0 5.83438635666677 0 5.88425290672375 0 5.93411945678073 0 5.98398600683772 0 6.0338525568947 0 6.08371910695168 0 6.13358565700866 0 6.18345220706564 0 6.23331875712262 0 6.28318530717959 0 2 1 128 2 128 129 3 129 130 3 2 129 4 130 131 4 131 132 4 3 130 5 4 132 6 132 133 6 5 132 7 133 134 7 6 133 8 134 135 8 135 136 8 7 134 9 8 136 10 136 137 10 9 136 11 137 138 11 10 137 12 11 138 12 138 139 13 12 139 13 139 140 14 13 140 14 140 141 15 14 141 15 141 142 16 15 142 16 142 143 17 16 143 17 143 144 18 17 144 18 144 145 19 18 145 19 145 146 20 19 146 20 146 147 20 147 148 21 20 148 22 21 148 22 148 149 22 149 150 23 22 150 23 150 151 24 151 152 24 23 151 25 24 152 26 25 152 26 152 153 27 153 154 27 154 155 27 26 153 28 27 155 29 155 156 29 28 155 30 156 157 30 29 156 31 157 158 31 30 157 32 158 159 32 31 158 33 159 160 33 32 159 34 160 161 34 161 162 34 33 160 35 34 162 36 162 163 36 35 162 37 163 164 37 36 163 38 37 164 38 164 165 38 165 166 39 38 166 40 39 166 40 166 167 40 167 168 41 40 168 42 41 168 42 168 169 43 42 169 43 169 170 43 170 171 44 43 171 45 44 171 45 171 172 45 172 173 46 45 173 46 173 174 47 46 174 48 47 174 48 174 175 49 48 175 49 175 176 50 49 176 50 176 177 51 50 177 51 177 178 52 51 178 52 178 179 53 52 179 53 179 180 53 180 181 54 53 181 55 54 181 55 181 182 56 55 182 56 182 183 57 56 183 57 183 184 58 57 184 58 184 185 58 185 186 59 58 186 60 186 187 60 59 186 61 187 188 61 60 187 62 188 189 62 61 188 63 62 189 63 189 190 64 63 190 64 190 191 65 64 191 65 191 192 66 65 192 66 192 193 67 66 193 67 193 194 68 67 194 68 194 195 69 68 195 69 195 196 70 69 196 70 196 197 71 70 197 71 197 198 72 71 198 72 198 199 73 72 199 73 199 200 74 73 200 74 200 201 75 74 201 75 201 202 76 202 203 76 75 202 77 203 204 77 76 203 78 204 205 78 77 204 79 205 206 79 78 205 80 206 207 80 79 206 81 207 208 81 80 207 82 208 209 82 81 208 83 209 210 83 82 209 84 210 211 84 83 210 85 211 212 85 84 211 86 212 213 86 85 212 87 213 214 87 86 213 88 214 215 88 87 214 89 88 215 89 215 216 90 89 216 90 216 217 91 90 217 91 217 218 92 91 218 92 218 219 93 219 220 93 92 219 94 220 221 94 93 220 95 221 222 95 94 221 96 222 223 96 95 222 97 223 224 97 96 223 98 224 225 98 97 224 99 225 226 99 98 225 100 226 227 100 99 226 101 227 228 101 100 227 102 228 229 102 101 228 103 229 230 103 102 229 104 230 231 104 103 230 105 231 232 105 104 231 106 232 233 106 105 232 107 233 234 107 106 233 108 234 235 108 107 234 109 235 236 109 108 235 110 236 237 110 109 236 111 237 238 111 110 237 112 238 239 112 111 238 113 112 239 113 239 240 114 113 240 114 240 241 115 114 241 115 241 242 116 115 242 116 242 243 117 116 243 117 243 244 118 117 244 118 244 245 119 118 245 119 245 246 120 119 246 120 246 247 121 120 247 121 247 248 122 121 248 122 248 249 123 122 249 123 249 250 124 123 250 124 250 251 125 124 251 125 251 252 126 252 253 126 125 252 126 253 254 127 126 254 
38 36 1 0 1.45468875648895e-14
-22.9875388202502 -2.47499999999997 3.49 -27.0124611797498 -2.47500000000002 3.49 -23.0660382708308 -2.37660324316298 3.49 -23.1493438157137 -2.28224079465053 3.49 -23.2372484320304 -2.19214715487663 3.49 -23.3295336677458 -2.10654621582541 3.49 -23.4259701845338 -2.02565070465647 3.49 -23.526318327707 -1.94966165505598 3.49 -23.630328721783 -1.87876790764722 3.49 -23.7377428902082 -1.81314564070213 3.49 -23.848293897699 -1.75295793232022 3.49 -23.9617070136031 -1.69835435516258 3.49 -24.0777003946339 -1.64947060474847 3.49 -24.1959857852797 -1.60642816223794 3.49 -24.3162692341486 -1.56933399253861 3.49 -24.4382518244683 -1.53828027848685 3.49 -24.5616304169243 -1.51334419176395 3.49 -24.6860984029934 -1.4945877011165 3.49 -24.8113464668965 -1.48205741835768 3.49 -24.9370633542809 -1.47578448253212 3.49 -25.0629366457192 -1.47578448253212 3.49 -25.1886535331036 -1.48205741835769 3.49 -25.3139015970067 -1.49458770111651 3.49 -25.4383695830757 -1.51334419176396 3.49 -25.5617481755318 -1.53828027848687 3.49 -25.6837307658514 -1.56933399253863 3.49 -25.8040142147204 -1.60642816223796 3.49 -25.9222996053662 -1.64947060474849 3.49 -26.0382929863969 -1.6983543551626 3.49 -26.1517061023011 -1.75295793232025 3.49 -26.2622571097918 -1.81314564070217 3.49 -26.3696712782171 -1.87876790764725 3.49 -26.473681672293 -1.94966165505602 3.49 -26.5740298154662 -2.02565070465651 3.49 -26.6704663322543 -2.10654621582545 3.49 -26.7627515679697 -2.19214715487668 3.49 -26.8506561842864 -2.28224079465058 3.49 -26.9339617291692 -2.37660324316303 3.49 2.01246117974981 1.525 -2.01246117974981 1.525 1.93396172916918 1.62339675683702 1.85065618428631 1.71775920534947 1.76275156796961 1.80785284512337 1.67046633225423 1.89345378417459 1.57402981546618 1.97434929534353 1.47368167229298 2.05033834494402 1.36967127821702 2.12123209235278 1.26225710979179 2.18685435929787 1.151706102301 2.24704206767978 1.03829298639686 2.30164564483742 0.922299605366107 2.35052939525153 0.804014214720335 2.39357183776206 0.683730765851373 2.43066600746139 0.561748175531743 2.46171972151314 0.438369583075664 2.48665580823605 0.313901597006607 2.5054122988835 0.188653533103491 2.51794258164231 0.062936645719085 2.52421551746788 -0.0629366457191507 2.52421551746788 -0.188653533103557 2.51794258164231 -0.313901597006673 2.50541229888349 -0.438369583075729 2.48665580823603 -0.561748175531807 2.46171972151313 -0.683730765851436 2.43066600746137 -0.804014214720398 2.39357183776204 -0.922299605366168 2.3505293952515 -1.03829298639692 2.3016456448374 -1.15170610230106 2.24704206767975 -1.26225710979184 2.18685435929783 -1.36967127821707 2.12123209235275 -1.47368167229303 2.05033834494398 -1.57402981546623 1.97434929534349 -1.67046633225428 1.89345378417455 -1.76275156796966 1.80785284512332 -1.85065618428635 1.71775920534942 -1.93396172916922 1.62339675683697 33 34 35 33 35 36 33 36 37 30 31 32 26 27 28 19 20 21 19 21 22 19 22 23 19 23 24 19 24 25 19 25 26 17 18 19 17 28 29 17 29 30 17 32 33 17 37 38 17 33 37 17 19 26 17 30 32 17 26 28 15 16 17 13 14 15 10 11 12 10 12 13 10 13 15 8 10 15 8 9 10 8 15 17 3 2 1 6 7 8 4 2 3 4 38 2 5 8 17 5 38 4 5 17 38 5 6 8 
252 252 1 0 7.105427357601e-15
-19.45 -4 9.7 -19.456899087235 -3.72335533458313 9.7 -19.477579196722 -3.44739845139322 9.7 -19.5119889144505 -3.17281542272223 9.7 -19.5600426924406 -2.90028890524334 9.7 -19.6216210614286 -2.63049644281887 9.7 -19.6965709278869 -2.36410878201948 9.7 -19.7847059546382 -2.10178820454254 9.7 -19.8858070241192 -1.84418688067544 9.7 -19.9996227831416 -1.59194524789755 9.7 -20.1258702677952 -1.34569041865168 9.7 -20.2642356069415 -1.10603462124379 9.7 -20.4143748025462 -0.873573677746898 9.7 -20.5759145849128 -0.648885522693601 9.7 -20.7484533406897 -0.432528766239707 9.7 -20.9315621113445 -0.225041305371398 9.7 -21.1247856596223 -0.0269389866085632 9.7 -21.3276436013374 0.161285676470923 9.7 -21.539631599684 0.339164727697565 9.7 -21.7602226190969 0.506255931723002 9.7 -21.988868235545 0.66214387348678 9.7 -22.225 0.806440991003633 9.7 -22.4680308516899 0.938788538903649 9.7 -22.7173565776251 1.05885748032979 9.7 -22.9723573147665 1.16634930497533 9.7 -23.2323990911032 1.26099677122758 9.7 -23.4968354018063 1.34256457057257 9.7 -23.7650088165425 1.41084991260912 9.7 -24.0362526139485 1.46568302921775 9.7 -24.3098924392065 1.50692759663095 9.7 -24.5852479805953 1.53448107435555 9.7 -24.8616346608537 1.54827496010453 9.7 -25.1383653391463 1.54827496010453 9.7 -25.4147520194047 1.53448107435555 9.7 -25.6901075607935 1.50692759663096 9.7 -25.9637473860515 1.46568302921775 9.7 -26.2349911834575 1.41084991260912 9.7 -26.5031645981937 1.34256457057257 9.7 -26.7676009088968 1.26099677122758 9.7 -27.0276426852335 1.16634930497534 9.7 -27.2826434223749 1.05885748032979 9.7 -27.5319691483101 0.938788538903653 9.7 -27.775 0.806440991003636 9.7 -28.011131764455 0.662143873486783 9.7 -28.2397773809031 0.506255931723004 9.7 -28.460368400316 0.339164727697566 9.7 -28.6723563986626 0.161285676470924 9.7 -28.8752143403777 -0.0269389866085641 9.7 -29.0684378886555 -0.225041305371399 9.7 -29.2515466593103 -0.43252876623971 9.7 -29.4240854150872 -0.648885522693604 9.7 -29.5856251974538 -0.873573677746903 9.7 -29.7357643930585 -1.10603462124379 9.7 -29.8741297322048 -1.34569041865169 9.7 -30.0003772168584 -1.59194524789756 9.7 -30.1141929758808 -1.84418688067545 9.7 -30.2152940453618 -2.10178820454255 9.7 -30.3034290721131 -2.36410878201949 9.7 -30.3783789385714 -2.63049644281888 9.7 -30.4399573075594 -2.90028890524336 9.7 -30.4880110855495 -3.17281542272225 9.7 -30.522420803278 -3.44739845139323 9.7 -30.543100912765 -3.72335533458315 9.7 -30.55 -4.00000000000002 9.7 -30.543100912765 -4.27664466541689 9.7 -30.522420803278 -4.5526015486068 9.7 -30.4880110855495 -4.82718457727779 9.7 -30.4399573075594 -5.09971109475668 9.7 -30.3783789385714 -5.36950355718115 9.7 -30.3034290721131 -5.63589121798054 9.7 -30.2152940453618 -5.89821179545749 9.7 -30.1141929758808 -6.15581311932458 9.7 -30.0003772168584 -6.40805475210247 9.7 -29.8741297322048 -6.65430958134834 9.7 -29.7357643930584 -6.89396537875624 9.7 -29.5856251974538 -7.12642632225313 9.7 -29.4240854150872 -7.35111447730643 9.7 -29.2515466593103 -7.56747123376032 9.7 -29.0684378886555 -7.77495869462863 9.7 -28.8752143403777 -7.97306101339146 9.7 -28.6723563986625 -8.16128567647095 9.7 -28.4603684003159 -8.33916472769759 9.7 -28.239777380903 -8.50625593172303 9.7 -28.0111317644549 -8.6621438734868 9.7 -27.775 -8.80644099100365 9.7 -27.53196914831 -8.93878853890367 9.7 -27.2826434223749 -9.0588574803298 9.7 -27.0276426852334 -9.16634930497535 9.7 -26.7676009088968 -9.2609967712276 9.7 -26.5031645981936 -9.34256457057258 9.7 -26.2349911834575 -9.41084991260913 9.7 -25.9637473860514 -9.46568302921776 9.7 -25.6901075607935 -9.50692759663096 9.7 -25.4147520194046 -9.53448107435555 9.7 -25.1383653391463 -9.54827496010453 9.7 -24.8616346608536 -9.54827496010453 9.7 -24.5852479805953 -9.53448107435555 9.7 -24.3098924392064 -9.50692759663095 9.7 -24.0362526139485 -9.46568302921774 9.7 -23.7650088165424 -9.41084991260911 9.7 -23.4968354018063 -9.34256457057255 9.7 -23.2323990911031 -9.26099677122756 9.7 -22.9723573147665 -9.16634930497531 9.7 -22.7173565776251 -9.05885748032976 9.7 -22.4680308516899 -8.93878853890362 9.7 -22.2249999999999 -8.8064409910036 9.7 -21.988868235545 -8.66214387348675 9.7 -21.7602226190969 -8.50625593172296 9.7 -21.539631599684 -8.33916472769752 9.7 -21.3276436013374 -8.16128567647088 9.7 -21.1247856596222 -7.97306101339139 9.7 -20.9315621113444 -7.77495869462855 9.7 -20.7484533406896 -7.56747123376024 9.7 -20.5759145849127 -7.35111447730634 9.7 -20.4143748025462 -7.12642632225304 9.7 -20.2642356069415 -6.89396537875615 9.7 -20.1258702677952 -6.65430958134825 9.7 -19.9996227831415 -6.40805475210238 9.7 -19.8858070241192 -6.15581311932448 9.7 -19.7847059546382 -5.89821179545739 9.7 -19.6965709278869 -5.63589121798044 9.7 -19.6216210614286 -5.36950355718105 9.7 -19.5600426924406 -5.09971109475658 9.7 -19.5119889144505 -4.82718457727769 9.7 -19.477579196722 -4.5526015486067 9.7 -19.456899087235 -4.27664466541678 9.7 -22.475 -4 9.7 -22.4781387739222 -3.87413913870674 9.7 -22.4875472922024 -3.74859118734556 9.7 -22.5032021637816 -3.62366827790516 9.7 -22.5250644681824 -3.49968098842152 9.7 -22.5530798522716 -3.37693757083201 9.7 -22.58717866539 -3.25574318461247 9.7 -22.6272761325156 -3.13639913810269 9.7 -22.6732725650272 -3.0192021394064 9.7 -22.7250536085464 -2.90444355872817 9.7 -22.7824905272402 -2.79240870398117 9.7 -22.8454405238788 -2.68337611146677 9.7 -22.9137470948521 -2.57761685338935 9.7 -22.9872404192621 -2.47539386392817 9.7 -23.0657377811246 -2.37696128554149 9.7 -23.1490440236297 -2.28256383712843 9.7 -23.2369520343327 -2.19243620561921 9.7 -23.3292432600679 -2.10680246250647 9.7 -23.4256882503067 -2.02587550676822 9.7 -23.5260472276072 -1.94985653556746 9.7 -23.630070683739 -1.8789345440443 9.7 -23.7375 -1.81328585544429 9.7 -23.8480680901833 -1.75307368275104 9.7 -23.9615000645952 -1.69844772291303 9.7 -24.0775139134749 -1.64954378467338 9.7 -24.1958212081145 -1.60648345092799 9.7 -24.3161278179389 -1.56937377645122 9.7 -24.4381346417603 -1.5383070217409 9.7 -24.561538351391 -1.51336042364417 9.7 -24.6860321457651 -1.49459600333457 9.7 -24.8113065136943 -1.48206041211752 9.7 -24.9370500033614 -1.47578481544794 9.7 -25.0629499966386 -1.47578481544794 9.7 -25.1886934863057 -1.48206041211752 9.7 -25.3139678542349 -1.49459600333457 9.7 -25.438461648609 -1.51336042364417 9.7 -25.5618653582397 -1.53830702174089 9.7 -25.6838721820611 -1.56937377645122 9.7 -25.8041787918855 -1.60648345092799 9.7 -25.9224860865251 -1.64954378467338 9.7 -26.0384999354048 -1.69844772291302 9.7 -26.1519319098167 -1.75307368275104 9.7 -26.2625 -1.81328585544429 9.7 -26.369929316261 -1.8789345440443 9.7 -26.4739527723928 -1.94985653556746 9.7 -26.5743117496933 -2.02587550676822 9.7 -26.6707567399321 -2.10680246250647 9.7 -26.7630479656673 -2.19243620561921 9.7 -26.8509559763703 -2.28256383712843 9.7 -26.9342622188754 -2.37696128554149 9.7 -27.0127595807379 -2.47539386392817 9.7 -27.0862529051479 -2.57761685338936 9.7 -27.1545594761212 -2.68337611146677 9.7 -27.2175094727598 -2.79240870398117 9.7 -27.2749463914536 -2.90444355872817 9.7 -27.3267274349728 -3.0192021394064 9.7 -27.3727238674844 -3.13639913810269 9.7 -27.41282133461 -3.25574318461247 9.7 -27.4469201477284 -3.37693757083201 9.7 -27.4749355318176 -3.49968098842153 9.7 -27.4967978362185 -3.62366827790517 9.7 -27.5124527077976 -3.74859118734557 9.7 -27.5218612260778 -3.87413913870675 9.7 -27.525 -4.00000000000001 9.7 -27.5218612260778 -4.12586086129327 9.7 -27.5124527077976 -4.25140881265445 9.7 -27.4967978362184 -4.37633172209485 9.7 -27.4749355318176 -4.50031901157849 9.7 -27.4469201477284 -4.623062429168 9.7 -27.41282133461 -4.74425681538754 9.7 -27.3727238674844 -4.86360086189732 9.7 -27.3267274349728 -4.98079786059362 9.7 -27.2749463914536 -5.09555644127185 9.7 -27.2175094727598 -5.20759129601884 9.7 -27.1545594761212 -5.31662388853325 9.7 -27.0862529051479 -5.42238314661066 9.7 -27.0127595807379 -5.52460613607184 9.7 -26.9342622188754 -5.62303871445852 9.7 -26.8509559763703 -5.71743616287158 9.7 -26.7630479656673 -5.8075637943808 9.7 -26.6707567399321 -5.89319753749354 9.7 -26.5743117496933 -5.97412449323179 9.7 -26.4739527723928 -6.05014346443255 9.7 -26.369929316261 -6.12106545595571 9.7 -26.2625 -6.18671414455572 9.7 -26.1519319098167 -6.24692631724897 9.7 -26.0384999354048 -6.30155227708698 9.7 -25.9224860865251 -6.35045621532662 9.7 -25.8041787918855 -6.39351654907201 9.7 -25.6838721820611 -6.43062622354879 9.7 -25.5618653582397 -6.46169297825911 9.7 -25.438461648609 -6.48663957635583 9.7 -25.3139678542349 -6.50540399666544 9.7 -25.1886934863057 -6.51793958788248 9.7 -25.0629499966386 -6.52421518455206 9.7 -24.9370500033613 -6.52421518455206 9.7 -24.8113065136943 -6.51793958788248 9.7 -24.6860321457651 -6.50540399666543 9.7 -24.561538351391 -6.48663957635582 9.7 -24.4381346417603 -6.4616929782591 9.7 -24.3161278179389 -6.43062622354877 9.7 -24.1958212081145 -6.393516549072 9.7 -24.0775139134748 -6.35045621532661 9.7 -23.9615000645952 -6.30155227708696 9.7 -23.8480680901832 -6.24692631724895 9.7 -23.7375 -6.18671414455569 9.7 -23.6300706837389 -6.12106545595568 9.7 -23.5260472276071 -6.05014346443252 9.7 -23.4256882503067 -5.97412449323176 9.7 -23.3292432600679 -5.89319753749351 9.7 -23.2369520343326 -5.80756379438077 9.7 -23.1490440236297 -5.71743616287155 9.7 -23.0657377811246 -5.62303871445849 9.7 -22.9872404192621 -5.5246061360718 9.7 -22.9137470948521 -5.42238314661062 9.7 -22.8454405238788 -5.3166238885332 9.7 -22.7824905272402 -5.2075912960188 9.7 -22.7250536085464 -5.0955564412718 9.7 -22.6732725650272 -4.98079786059357 9.7 -22.6272761325156 -4.86360086189728 9.7 -22.58717866539 -4.7442568153875 9.7 -22.5530798522716 -4.62306242916796 9.7 -22.5250644681824 -4.50031901157844 9.7 -22.5032021637815 -4.3763317220948 9.7 -22.4875472922024 -4.2514088126544 9.7 -22.4781387739222 -4.12586086129322 9.7 5.55 -1.77635683940025e-15 5.54310091276502 0.276644665416869 5.52242080327798 0.552601548606782 5.48801108554946 0.827184577277769 5.43995730755942 1.09971109475666 5.37837893857138 1.36950355718113 5.30342907211308 1.63589121798052 5.21529404536179 1.89821179545746 5.11419297588076 2.15581311932456 5.00037721685843 2.40805475210245 4.87412973220477 2.65430958134832 4.73576439305846 2.89396537875621 4.58562519745377 3.1264263222531 4.42408541508722 3.3511144773064 4.25154665931033 3.56747123376029 4.06843788865554 3.7749586946286 3.87521434037771 3.97306101339144 3.67235639866257 4.16128567647092 3.46036840031597 4.33916472769756 3.23977738090309 4.506255931723 3.01113176445497 4.66214387348678 2.775 4.80644099100363 2.53196914831006 4.93878853890365 2.2826434223749 5.05885748032979 2.0276426852335 5.16634930497533 1.76760090889685 5.26099677122758 1.50316459819368 5.34256457057257 1.23499118345755 5.41084991260912 0.963747386051466 5.46568302921776 0.690107560793546 5.50692759663096 0.414752019404657 5.53448107435555 0.138365339146308 5.54827496010453 -0.138365339146301 5.54827496010453 -0.414752019404651 5.53448107435555 -0.690107560793539 5.50692759663096 -0.96374738605146 5.46568302921776 -1.23499118345754 5.41084991260912 -1.50316459819367 5.34256457057257 -1.76760090889684 5.26099677122758 -2.02764268523349 5.16634930497534 -2.28264342237489 5.05885748032979 -2.53196914831005 4.93878853890365 -2.775 4.80644099100364 -3.01113176445496 4.66214387348678 -3.23977738090308 4.506255931723 -3.46036840031597 4.33916472769757 -3.67235639866257 4.16128567647092 -3.87521434037771 3.97306101339144 -4.06843788865554 3.7749586946286 -4.25154665931033 3.56747123376029 -4.42408541508722 3.3511144773064 -4.58562519745378 3.1264263222531 -4.73576439305847 2.89396537875621 -4.87412973220477 2.65430958134831 -5.00037721685843 2.40805475210244 -5.11419297588077 2.15581311932455 -5.2152940453618 1.89821179545745 -5.30342907211308 1.63589121798051 -5.37837893857139 1.36950355718112 -5.43995730755942 1.09971109475664 -5.48801108554947 0.827184577277753 -5.52242080327798 0.552601548606765 -5.54310091276502 0.276644665416852 -5.55 -1.86517468137026e-14 -5.54310091276502 -0.27664466541689 -5.52242080327798 -0.552601548606804 -5.48801108554946 -0.82718457727779 -5.43995730755941 -1.09971109475668 -5.37837893857138 -1.36950355718115 -5.30342907211307 -1.63589121798054 -5.21529404536178 -1.89821179545749 -5.11419297588075 -2.15581311932458 -5.00037721685841 -2.40805475210247 -4.87412973220475 -2.65430958134834 -4.73576439305845 -2.89396537875624 -4.58562519745375 -3.12642632225313 -4.4240854150872 -3.35111447730643 -4.25154665931031 -3.56747123376032 -4.06843788865551 -3.77495869462863 -3.87521434037768 -3.97306101339146 -3.67235639866254 -4.16128567647095 -3.46036840031594 -4.33916472769759 -3.23977738090305 -4.50625593172303 -3.01113176445493 -4.6621438734868 -2.77499999999996 -4.80644099100366 -2.53196914831002 -4.93878853890367 -2.28264342237485 -5.0588574803298 -2.02764268523345 -5.16634930497535 -1.7676009088968 -5.2609967712276 -1.50316459819363 -5.34256457057258 -1.2349911834575 -5.41084991260913 -0.963747386051415 -5.46568302921776 -0.690107560793493 -5.50692759663096 -0.414752019404603 -5.53448107435555 -0.138365339146252 -5.54827496010453 0.138365339146358 -5.54827496010453 0.414752019404709 -5.53448107435555 0.690107560793598 -5.50692759663095 0.963747386051519 -5.46568302921774 1.2349911834576 -5.41084991260911 1.50316459819374 -5.34256457057255 1.76760090889691 -5.26099677122756 2.02764268523355 -5.16634930497531 2.28264342237495 -5.05885748032976 2.53196914831011 -4.93878853890362 2.77500000000006 -4.8064409910036 3.01113176445502 -4.66214387348675 3.23977738090314 -4.50625593172297 3.46036840031602 -4.33916472769752 3.67235639866262 -4.16128567647088 3.87521434037775 -3.97306101339139 4.06843788865558 -3.77495869462855 4.25154665931037 -3.56747123376024 4.42408541508727 -3.35111447730634 4.58562519745382 -3.12642632225304 4.7357643930585 -2.89396537875615 4.87412973220481 -2.65430958134825 5.00037721685846 -2.40805475210238 5.11419297588079 -2.15581311932448 5.21529404536182 -1.89821179545739 5.3034290721131 -1.63589121798044 5.3783789385714 -1.36950355718105 5.43995730755944 -1.09971109475658 5.48801108554948 -0.827184577277685 5.52242080327799 -0.552601548606698 5.54310091276502 -0.276644665416783 2.525 -8.88178419700125e-16 2.52186122607778 0.12586086129326 2.51245270779764 0.251408812654437 2.49679783621845 0.37633172209484 2.47493553181757 0.500319011578479 2.44692014772842 0.623062429167991 2.41282133461 0.744256815387533 2.37272386748442 0.863600861897313 2.32672743497278 0.980797860593603 2.27494639145361 1.09555644127183 2.21750947275983 1.20759129601883 2.15455947612119 1.31662388853323 2.08625290514789 1.42238314661064 2.01275958073788 1.52460613607183 1.93426221887542 1.62303871445851 1.85095597637031 1.71743616287157 1.76304796566733 1.80756379438079 1.67075673993207 1.89319753749353 1.5743117496933 1.97412449323177 1.47395277239284 2.05014346443254 1.36992931626104 2.1210654559557 1.2625 2.18671414455571 1.15193190981674 2.24692631724896 1.03849993540479 2.30155227708697 0.922486086525148 2.35045621532661 0.804178791885503 2.39351654907201 0.683872182061089 2.43062622354878 0.561865358239695 2.4616929782591 0.438461648609 2.48663957635582 0.313967854234901 2.50540399666543 0.188693486305723 2.51793958788248 0.0629499966386353 2.52421518455206 -0.0629499966386327 2.52421518455206 -0.18869348630572 2.51793958788248 -0.313967854234898 2.50540399666543 -0.438461648608997 2.48663957635582 -0.561865358239691 2.4616929782591 -0.683872182061085 2.43062622354878 -0.804178791885501 2.39351654907201 -0.922486086525145 2.35045621532661 -1.03849993540479 2.30155227708697 -1.15193190981673 2.24692631724896 -1.2625 2.18671414455571 -1.36992931626104 2.1210654559557 -1.47395277239284 2.05014346443254 -1.5743117496933 1.97412449323177 -1.67075673993207 1.89319753749353 -1.76304796566733 1.80756379438079 -1.85095597637031 1.71743616287157 -1.93426221887542 1.62303871445851 -2.01275958073788 1.52460613607183 -2.08625290514789 1.42238314661064 -2.15455947612119 1.31662388853323 -2.21750947275983 1.20759129601882 -2.27494639145361 1.09555644127183 -2.32672743497278 0.980797860593599 -2.37272386748442 0.863600861897308 -2.41282133461001 0.744256815387527 -2.44692014772842 0.623062429167985 -2.47493553181757 0.500319011578473 -2.49679783621845 0.376331722094833 -2.51245270779764 0.25140881265443 -2.52186122607778 0.125860861293252 -2.525 -8.88178419700125e-15 -2.52186122607778 -0.125860861293269 -2.51245270779764 -0.251408812654446 -2.49679783621845 -0.37633172209485 -2.47493553181757 -0.500319011578489 -2.44692014772842 -0.623062429168002 -2.41282133461 -0.744256815387544 -2.37272386748441 -0.863600861897325 -2.32672743497277 -0.980797860593615 -2.2749463914536 -1.09555644127185 -2.21750947275982 -1.20759129601884 -2.15455947612118 -1.31662388853324 -2.08625290514788 -1.42238314661066 -2.01275958073787 -1.52460613607184 -1.93426221887541 -1.62303871445852 -1.8509559763703 -1.71743616287158 -1.76304796566732 -1.8075637943808 -1.67075673993206 -1.89319753749354 -1.57431174969329 -1.97412449323178 -1.47395277239283 -2.05014346443255 -1.36992931626103 -2.12106545595571 -1.26249999999998 -2.18671414455572 -1.15193190981672 -2.24692631724897 -1.03849993540478 -2.30155227708698 -0.922486086525128 -2.35045621532662 -0.804178791885483 -2.39351654907201 -0.683872182061067 -2.43062622354878 -0.561865358239672 -2.46169297825911 -0.438461648608977 -2.48663957635583 -0.313967854234877 -2.50540399666544 -0.188693486305698 -2.51793958788248 -0.0629499966386105 -2.52421518455206 0.0629499966386584 -2.52421518455206 0.188693486305746 -2.51793958788248 0.313967854234925 -2.50540399666543 0.438461648609024 -2.48663957635582 0.56186535823972 -2.4616929782591 0.683872182061114 -2.43062622354877 0.804178791885529 -2.393516549072 0.922486086525173 -2.3504562153266 1.03849993540482 -2.30155227708696 1.15193190981676 -2.24692631724894 1.26250000000003 -2.18671414455569 1.36992931626107 -2.12106545595568 1.47395277239287 -2.05014346443252 1.57431174969333 -1.97412449323175 1.67075673993209 -1.89319753749351 1.76304796566736 -1.80756379438077 1.85095597637033 -1.71743616287155 1.93426221887544 -1.62303871445849 2.0127595807379 -1.5246061360718 2.08625290514791 -1.42238314661062 2.15455947612121 -1.3166238885332 2.21750947275984 -1.2075912960188 2.27494639145362 -1.0955564412718 2.32672743497279 -0.980797860593571 2.37272386748443 -0.863600861897279 2.41282133461002 -0.744256815387498 2.44692014772843 -0.623062429167955 2.47493553181758 -0.500319011578441 2.49679783621845 -0.376331722094802 2.51245270779764 -0.251408812654399 2.52186122607778 -0.125860861293221 205 79 80 205 80 206 207 80 81 207 206 80 204 79 205 204 78 79 208 207 81 208 81 82 203 78 204 203 77 78 209 82 83 209 208 82 202 77 203 202 76 77 210 209 83 210 83 84 201 76 202 201 74 75 201 75 76 211 84 85 211 210 84 200 74 201 212 211 85 212 85 86 199 74 200 199 73 74 213 86 87 213 212 86 198 73 199 198 72 73 214 213 87 214 87 88 214 88 89 197 71 72 197 72 198 215 214 89 196 71 197 196 69 70 196 70 71 216 215 89 216 89 90 195 69 196 217 216 90 217 90 91 217 91 92 194 69 195 194 68 69 218 217 92 193 67 68 193 68 194 219 92 93 219 218 92 192 66 67 192 67 193 220 219 93 220 93 94 191 65 66 191 66 192 221 220 94 221 94 95 190 65 191 190 64 65 222 221 95 222 95 96 222 96 97 189 64 190 189 63 64 223 222 97 188 63 189 188 62 63 224 223 97 224 97 98 224 98 99 187 62 188 187 61 62 225 224 99 186 61 187 186 59 60 186 60 61 226 225 99 226 99 100 185 59 186 227 226 100 227 100 101 184 58 59 184 59 185 228 101 102 228 227 101 183 58 184 183 57 58 229 102 103 229 228 102 182 57 183 182 56 57 230 103 104 230 229 103 181 56 182 181 54 55 181 55 56 231 104 105 231 230 104 180 54 181 232 105 106 232 231 105 179 53 54 179 54 180 233 106 107 233 232 106 178 52 53 178 53 179 234 107 108 234 233 107 177 51 52 177 52 178 235 108 109 235 234 108 176 50 51 176 51 177 236 109 110 236 235 109 175 49 50 175 50 176 237 110 111 237 236 110 48 175 174 48 49 175 112 238 237 112 237 111 239 238 112 47 48 174 47 173 172 47 174 173 113 239 112 46 47 172 114 239 113 114 240 239 114 241 240 45 46 172 45 172 171 115 241 114 44 45 171 44 171 170 116 241 115 116 242 241 43 44 170 43 169 168 43 170 169 117 243 242 117 242 116 42 43 168 118 244 243 118 243 117 41 167 166 41 168 167 41 42 168 119 245 244 119 244 118 40 41 166 120 246 245 120 247 246 120 245 119 39 40 166 39 166 165 121 248 247 121 247 120 38 39 165 38 165 164 122 248 121 37 164 163 37 38 164 123 248 122 123 249 248 123 250 249 36 163 162 36 37 163 124 250 123 124 251 250 35 162 161 35 36 162 125 251 124 34 161 160 34 35 161 126 252 251 126 251 125 33 159 158 33 160 159 33 34 160 1 252 126 1 128 127 1 127 252 32 33 158 2 129 128 2 128 1 31 32 158 31 158 157 3 129 2 30 157 156 30 31 157 4 130 129 4 129 3 29 30 156 29 155 154 29 156 155 5 131 130 5 132 131 5 130 4 28 29 154 28 154 153 6 132 5 27 28 153 27 153 152 7 132 6 7 133 132 26 27 152 26 152 151 8 134 133 8 133 7 25 26 151 9 134 8 9 135 134 9 136 135 24 25 151 24 150 149 24 151 150 10 136 9 10 137 136 23 24 149 11 137 10 22 148 147 22 149 148 22 23 149 12 137 11 12 138 137 21 22 147 21 147 146 13 138 12 13 139 138 20 21 146 14 140 139 14 139 13 19 20 146 19 145 144 19 146 145 15 140 14 15 141 140 18 19 144 16 142 141 16 143 142 16 141 15 17 144 143 17 18 144 17 143 16 
254 252 1 0 0.00172503989547455
-19.45 -4 16 -19.456899087235 -3.72335533458313 16 -19.477579196722 -3.44739845139322 16 -19.5119889144505 -3.17281542272223 16 -19.5600426924406 -2.90028890524334 16 -19.6216210614286 -2.63049644281887 16 -19.6965709278869 -2.36410878201948 16 -19.7847059546382 -2.10178820454254 16 -19.8858070241192 -1.84418688067544 16 -19.9996227831416 -1.59194524789755 16 -20.1258702677952 -1.34569041865168 16 -20.2642356069415 -1.10603462124379 16 -20.4143748025462 -0.873573677746898 16 -20.5759145849128 -0.648885522693601 16 -20.7484533406897 -0.432528766239707 16 -20.9315621113445 -0.225041305371398 16 -21.1247856596223 -0.0269389866085632 16 -21.3276436013374 0.161285676470923 16 -21.539631599684 0.339164727697565 16 -21.7602226190969 0.506255931723002 16 -21.988868235545 0.66214387348678 16 -22.225 0.806440991003633 16 -22.4680308516899 0.938788538903649 16 -22.7173565776251 1.05885748032979 16 -22.9723573147665 1.16634930497533 16 -23.2323990911032 1.26099677122758 16 -23.4968354018063 1.34256457057257 16 -23.7650088165425 1.41084991260912 16 -24.0362526139485 1.46568302921775 16 -24.3098924392065 1.50692759663095 16 -24.5852479805953 1.53448107435555 16 -24.8616346608537 1.54827496010453 16 -25.1383653391463 1.54827496010453 16 -25.4147520194047 1.53448107435555 16 -25.6901075607935 1.50692759663096 16 -25.9637473860515 1.46568302921775 16 -26.2349911834575 1.41084991260912 16 -26.5031645981937 1.34256457057257 16 -26.7676009088968 1.26099677122758 16 -27.0276426852335 1.16634930497534 16 -27.2826434223749 1.05885748032979 16 -27.5319691483101 0.938788538903653 16 -27.775 0.806440991003636 16 -28.011131764455 0.662143873486783 16 -28.2397773809031 0.506255931723004 16 -28.460368400316 0.339164727697566 16 -28.6723563986626 0.161285676470924 16 -28.8752143403777 -0.0269389866085641 16 -29.0684378886555 -0.225041305371399 16 -29.2515466593103 -0.43252876623971 16 -29.4240854150872 -0.648885522693604 16 -29.5856251974538 -0.873573677746903 16 -29.7357643930585 -1.10603462124379 16 -29.8741297322048 -1.34569041865169 16 -30.0003772168584 -1.59194524789756 16 -30.1141929758808 -1.84418688067545 16 -30.2152940453618 -2.10178820454255 16 -30.3034290721131 -2.36410878201949 16 -30.3783789385714 -2.63049644281888 16 -30.4399573075594 -2.90028890524336 16 -30.4880110855495 -3.17281542272225 16 -30.522420803278 -3.44739845139323 16 -30.543100912765 -3.72335533458315 16 -30.55 -4.00000000000002 16 -30.543100912765 -4.27664466541689 16 -30.522420803278 -4.5526015486068 16 -30.4880110855495 -4.82718457727779 16 -30.4399573075594 -5.09971109475668 16 -30.3783789385714 -5.36950355718115 16 -30.3034290721131 -5.63589121798054 16 -30.2152940453618 -5.89821179545749 16 -30.1141929758808 -6.15581311932458 16 -30.0003772168584 -6.40805475210247 16 -29.8741297322048 -6.65430958134834 16 -29.7357643930584 -6.89396537875624 16 -29.5856251974538 -7.12642632225313 16 -29.4240854150872 -7.35111447730643 16 -29.2515466593103 -7.56747123376032 16 -29.0684378886555 -7.77495869462863 16 -28.8752143403777 -7.97306101339146 16 -28.6723563986625 -8.16128567647095 16 -28.4603684003159 -8.33916472769759 16 -28.239777380903 -8.50625593172303 16 -28.0111317644549 -8.6621438734868 16 -27.775 -8.80644099100365 16 -27.53196914831 -8.93878853890367 16 -27.2826434223749 -9.0588574803298 16 -27.0276426852334 -9.16634930497535 16 -26.7676009088968 -9.2609967712276 16 -26.5031645981936 -9.34256457057258 16 -26.2349911834575 -9.41084991260913 16 -25.9637473860514 -9.46568302921776 16 -25.6901075607935 -9.50692759663096 16 -25.4147520194046 -9.53448107435555 16 -25.1383653391463 -9.54827496010453 16 -24.8616346608536 -9.54827496010453 16 -24.5852479805953 -9.53448107435555 16 -24.3098924392064 -9.50692759663095 16 -24.0362526139485 -9.46568302921774 16 -23.7650088165424 -9.41084991260911 16 -23.4968354018063 -9.34256457057255 16 -23.2323990911031 -9.26099677122756 16 -22.9723573147665 -9.16634930497531 16 -22.7173565776251 -9.05885748032976 16 -22.4680308516899 -8.93878853890362 16 -22.2249999999999 -8.8064409910036 16 -21.988868235545 -8.66214387348675 16 -21.7602226190969 -8.50625593172296 16 -21.539631599684 -8.33916472769752 16 -21.3276436013374 -8.16128567647088 16 -21.1247856596222 -7.97306101339139 16 -20.9315621113444 -7.77495869462855 16 -20.7484533406896 -7.56747123376024 16 -20.5759145849127 -7.35111447730634 16 -20.4143748025462 -7.12642632225304 16 -20.2642356069415 -6.89396537875615 16 -20.1258702677952 -6.65430958134825 16 -19.9996227831415 -6.40805475210238 16 -19.8858070241192 -6.15581311932448 16 -19.7847059546382 -5.89821179545739 16 -19.6965709278869 -5.63589121798044 16 -19.6216210614286 -5.36950355718105 16 -19.5600426924406 -5.09971109475658 16 -19.5119889144505 -4.82718457727769 16 -19.477579196722 -4.5526015486067 16 -19.456899087235 -4.27664466541678 16 -19.45 -4 16 -19.45 -4 9.7 -19.456899087235 -3.72335533458313 9.7 -19.477579196722 -3.44739845139322 9.7 -19.5119889144505 -3.17281542272223 9.7 -19.5600426924406 -2.90028890524334 9.7 -19.6216210614286 -2.63049644281887 9.7 -19.6965709278869 -2.36410878201948 9.7 -19.7847059546382 -2.10178820454254 9.7 -19.8858070241192 -1.84418688067544 9.7 -19.9996227831416 -1.59194524789755 9.7 -20.1258702677952 -1.34569041865168 9.7 -20.2642356069415 -1.10603462124379 9.7 -20.4143748025462 -0.873573677746898 9.7 -20.5759145849128 -0.648885522693601 9.7 -20.7484533406897 -0.432528766239707 9.7 -20.9315621113445 -0.225041305371398 9.7 -21.1247856596223 -0.0269389866085632 9.7 -21.3276436013374 0.161285676470923 9.7 -21.539631599684 0.339164727697565 9.7 -21.7602226190969 0.506255931723002 9.7 -21.988868235545 0.66214387348678 9.7 -22.225 0.806440991003633 9.7 -22.4680308516899 0.938788538903649 9.7 -22.7173565776251 1.05885748032979 9.7 -22.9723573147665 1.16634930497533 9.7 -23.2323990911032 1.26099677122758 9.7 -23.4968354018063 1.34256457057257 9.7 -23.7650088165425 1.41084991260912 9.7 -24.0362526139485 1.46568302921775 9.7 -24.3098924392065 1.50692759663095 9.7 -24.5852479805953 1.53448107435555 9.7 -24.8616346608537 1.54827496010453 9.7 -25.1383653391463 1.54827496010453 9.7 -25.4147520194047 1.53448107435555 9.7 -25.6901075607935 1.50692759663096 9.7 -25.9637473860515 1.46568302921775 9.7 -26.2349911834575 1.41084991260912 9.7 -26.5031645981937 1.34256457057257 9.7 -26.7676009088968 1.26099677122758 9.7 -27.0276426852335 1.16634930497534 9.7 -27.2826434223749 1.05885748032979 9.7 -27.5319691483101 0.938788538903653 9.7 -27.775 0.806440991003636 9.7 -28.011131764455 0.662143873486783 9.7 -28.2397773809031 0.506255931723004 9.7 -28.460368400316 0.339164727697566 9.7 -28.6723563986626 0.161285676470924 9.7 -28.8752143403777 -0.0269389866085641 9.7 -29.0684378886555 -0.225041305371399 9.7 -29.2515466593103 -0.43252876623971 9.7 -29.4240854150872 -0.648885522693604 9.7 -29.5856251974538 -0.873573677746903 9.7 -29.7357643930585 -1.10603462124379 9.7 -29.8741297322048 -1.34569041865169 9.7 -30.0003772168584 -1.59194524789756 9.7 -30.1141929758808 -1.84418688067545 9.7 -30.2152940453618 -2.10178820454255 9.7 -30.3034290721131 -2.36410878201949 9.7 -30.3783789385714 -2.63049644281888 9.7 -30.4399573075594 -2.90028890524336 9.7 -30.4880110855495 -3.17281542272225 9.7 -30.522420803278 -3.44739845139323 9.7 -30.543100912765 -3.72335533458315 9.7 -30.55 -4.00000000000002 9.7 -30.543100912765 -4.27664466541689 9.7 -30.522420803278 -4.5526015486068 9.7 -30.4880110855495 -4.82718457727779 9.7 -30.4399573075594 -5.09971109475668 9.7 -30.3783789385714 -5.36950355718115 9.7 -30.3034290721131 -5.63589121798054 9.7 -30.2152940453618 -5.89821179545749 9.7 -30.1141929758808 -6.15581311932458 9.7 -30.0003772168584 -6.40805475210247 9.7 -29.8741297322048 -6.65430958134834 9.7 -29.7357643930584 -6.89396537875624 9.7 -29.5856251974538 -7.12642632225313 9.7 -29.4240854150872 -7.35111447730643 9.7 -29.2515466593103 -7.56747123376032 9.7 -29.0684378886555 -7.77495869462863 9.7 -28.8752143403777 -7.97306101339146 9.7 -28.6723563986625 -8.16128567647095 9.7 -28.4603684003159 -8.33916472769759 9.7 -28.239777380903 -8.50625593172303 9.7 -28.0111317644549 -8.6621438734868 9.7 -27.775 -8.80644099100365 9.7 -27.53196914831 -8.93878853890367 9.7 -27.2826434223749 -9.0588574803298 9.7 -27.0276426852334 -9.16634930497535 9.7 -26.7676009088968 -9.2609967712276 9.7 -26.5031645981936 -9.34256457057258 9.7 -26.2349911834575 -9.41084991260913 9.7 -25.9637473860514 -9.46568302921776 9.7 -25.6901075607935 -9.50692759663096 9.7 -25.4147520194046 -9.53448107435555 9.7 -25.1383653391463 -9.54827496010453 9.7 -24.8616346608536 -9.54827496010453 9.7 -24.5852479805953 -9.53448107435555 9.7 -24.3098924392064 -9.50692759663095 9.7 -24.0362526139485 -9.46568302921774 9.7 -23.7650088165424 -9.41084991260911 9.7 -23.4968354018063 -9.34256457057255 9.7 -23.2323990911031 -9.26099677122756 9.7 -22.9723573147665 -9.16634930497531 9.7 -22.7173565776251 -9.05885748032976 9.7 -22.4680308516899 -8.93878853890362 9.7 -22.2249999999999 -8.8064409910036 9.7 -21.988868235545 -8.66214387348675 9.7 -21.7602226190969 -8.50625593172296 9.7 -21.539631599684 -8.33916472769752 9.7 -21.3276436013374 -8.16128567647088 9.7 -21.1247856596222 -7.97306101339139 9.7 -20.9315621113444 -7.77495869462855 9.7 -20.7484533406896 -7.56747123376024 9.7 -20.5759145849127 -7.35111447730634 9.7 -20.4143748025462 -7.12642632225304 9.7 -20.2642356069415 -6.89396537875615 9.7 -20.1258702677952 -6.65430958134825 9.7 -19.9996227831415 -6.40805475210238 9.7 -19.8858070241192 -6.15581311932448 9.7 -19.7847059546382 -5.89821179545739 9.7 -19.6965709278869 -5.63589121798044 9.7 -19.6216210614286 -5.36950355718105 9.7 -19.5600426924406 -5.09971109475658 9.7 -19.5119889144505 -4.82718457727769 9.7 -19.477579196722 -4.5526015486067 9.7 -19.456899087235 -4.27664466541678 9.7 -19.45 -4 9.7 0 6.3 0.0498665500569808 6.3 0.0997331001139617 6.3 0.149599650170943 6.3 0.199466200227923 6.3 0.249332750284904 6.3 0.299199300341885 6.3 0.349065850398866 6.3 0.398932400455847 6.3 0.448798950512828 6.3 0.498665500569808 6.3 0.548532050626789 6.3 0.59839860068377 6.3 0.648265150740751 6.3 0.698131700797732 6.3 0.747998250854712 6.3 0.797864800911693 6.3 0.847731350968674 6.3 0.897597901025655 6.3 0.947464451082636 6.3 0.997331001139617 6.3 1.0471975511966 6.3 1.09706410125358 6.3 1.14693065131056 6.3 1.19679720136754 6.3 1.24666375142452 6.3 1.2965303014815 6.3 1.34639685153848 6.3 1.39626340159546 6.3 1.44612995165244 6.3 1.49599650170942 6.3 1.54586305176641 6.3 1.59572960182339 6.3 1.64559615188037 6.3 1.69546270193735 6.3 1.74532925199433 6.3 1.79519580205131 6.3 1.84506235210829 6.3 1.89492890216527 6.3 1.94479545222225 6.3 1.99466200227923 6.3 2.04452855233621 6.3 2.09439510239319 6.3 2.14426165245018 6.3 2.19412820250716 6.3 2.24399475256414 6.3 2.29386130262112 6.3 2.3437278526781 6.3 2.39359440273508 6.3 2.44346095279206 6.3 2.49332750284904 6.3 2.54319405290602 6.3 2.59306060296301 6.3 2.64292715301999 6.3 2.69279370307697 6.3 2.74266025313395 6.3 2.79252680319093 6.3 2.84239335324791 6.3 2.89225990330489 6.3 2.94212645336187 6.3 2.99199300341885 6.3 3.04185955347583 6.3 3.09172610353282 6.3 3.1415926535898 6.3 3.19145920364678 6.3 3.24132575370376 6.3 3.29119230376074 6.3 3.34105885381772 6.3 3.3909254038747 6.3 3.44079195393168 6.3 3.49065850398866 6.3 3.54052505404564 6.3 3.59039160410263 6.3 3.64025815415961 6.3 3.69012470421659 6.3 3.73999125427357 6.3 3.78985780433055 6.3 3.83972435438753 6.3 3.88959090444451 6.3 3.93945745450149 6.3 3.98932400455847 6.3 4.03919055461546 6.3 4.08905710467244 6.3 4.13892365472942 6.3 4.1887902047864 6.3 4.23865675484338 6.3 4.28852330490036 6.3 4.33838985495734 6.3 4.38825640501432 6.3 4.4381229550713 6.3 4.48798950512828 6.3 4.53785605518527 6.3 4.58772260524225 6.3 4.63758915529923 6.3 4.68745570535621 6.3 4.73732225541319 6.3 4.78718880547017 6.3 4.83705535552715 6.3 4.88692190558413 6.3 4.93678845564111 6.3 4.9866550056981 6.3 5.03652155575508 6.3 5.08638810581206 6.3 5.13625465586904 6.3 5.18612120592602 6.3 5.235987755983 6.3 5.28585430603998 6.3 5.33572085609696 6.3 5.38558740615394 6.3 5.43545395621092 6.3 5.48532050626791 6.3 5.53518705632489 6.3 5.58505360638187 6.3 5.63492015643885 6.3 5.68478670649583 6.3 5.73465325655281 6.3 5.78451980660979 6.3 5.83438635666677 6.3 5.88425290672375 6.3 5.93411945678073 6.3 5.98398600683772 6.3 6.0338525568947 6.3 6.08371910695168 6.3 6.13358565700866 6.3 6.18345220706564 6.3 6.23331875712262 6.3 6.28318530717959 6.3 0 0 0.0498665500569808 0 0.0997331001139617 0 0.149599650170943 0 0.199466200227923 0 0.249332750284904 0 0.299199300341885 0 0.349065850398866 0 0.398932400455847 0 0.448798950512828 0 0.498665500569808 0 0.548532050626789 0 0.59839860068377 0 0.648265150740751 0 0.698131700797732 0 0.747998250854712 0 0.797864800911693 0 0.847731350968674 0 0.897597901025655 0 0.947464451082636 0 0.997331001139617 0 1.0471975511966 0 1.09706410125358 0 1.14693065131056 0 1.19679720136754 0 1.24666375142452 0 1.2965303014815 0 1.34639685153848 0 1.39626340159546 0 1.44612995165244 0 1.49599650170942 0 1.54586305176641 0 1.59572960182339 0 1.64559615188037 0 1.69546270193735 0 1.74532925199433 0 1.79519580205131 0 1.84506235210829 0 1.89492890216527 0 1.94479545222225 0 1.99466200227923 0 2.04452855233621 0 2.09439510239319 0 2.14426165245018 0 2.19412820250716 0 2.24399475256414 0 2.29386130262112 0 2.3437278526781 0 2.39359440273508 0 2.44346095279206 0 2.49332750284904 0 2.54319405290602 0 2.59306060296301 0 2.64292715301999 0 2.69279370307697 0 2.74266025313395 0 2.79252680319093 0 2.84239335324791 0 2.89225990330489 0 2.94212645336187 0 2.99199300341885 0 3.04185955347583 0 3.09172610353282 0 3.1415926535898 0 3.19145920364678 0 3.24132575370376 0 3.29119230376074 0 3.34105885381772 0 3.3909254038747 0 3.44079195393168 0 3.49065850398866 0 3.54052505404564 0 3.59039160410263 0 3.64025815415961 0 3.69012470421659 0 3.73999125427357 0 3.78985780433055 0 3.83972435438753 0 3.88959090444451 0 3.93945745450149 0 3.98932400455847 0 4.03919055461546 0 4.08905710467244 0 4.13892365472942 0 4.1887902047864 0 4.23865675484338 0 4.28852330490036 0 4.33838985495734 0 4.38825640501432 0 4.4381229550713 0 4.48798950512828 0 4.53785605518527 0 4.58772260524225 0 4.63758915529923 0 4.68745570535621 0 4.73732225541319 0 4.78718880547017 0 4.83705535552715 0 4.88692190558413 0 4.93678845564111 0 4.9866550056981 0 5.03652155575508 0 5.08638810581206 0 5.13625465586904 0 5.18612120592602 0 5.235987755983 0 5.28585430603998 0 5.33572085609696 0 5.38558740615394 0 5.43545395621092 0 5.48532050626791 0 5.53518705632489 0 5.58505360638187 0 5.63492015643885 0 5.68478670649583 0 5.73465325655281 0 5.78451980660979 0 5.83438635666677 0 5.88425290672375 0 5.93411945678073 0 5.98398600683772 0 6.0338525568947 0 6.08371910695168 0 6.13358565700866 0 6.18345220706564 0 6.23331875712262 0 6.28318530717959 0 2 1 128 2 128 129 3 129 130 3 2 129 4 130 131 4 131 132 4 3 130 5 4 132 6 132 133 6 5 132 7 133 134 7 6 133 8 134 135 8 135 136 8 7 134 9 8 136 10 136 137 10 9 136 11 137 138 11 10 137 12 11 138 12 138 139 13 12 139 13 139 140 14 13 140 14 140 141 15 14 141 15 141 142 16 15 142 16 142 143 17 16 143 17 143 144 18 17 144 18 144 145 19 18 145 19 145 146 20 19 146 20 146 147 20 147 148 21 20 148 22 21 148 22 148 149 22 149 150 23 22 150 23 150 151 24 151 152 24 23 151 25 24 152 26 25 152 26 152 153 27 153 154 27 154 155 27 26 153 28 27 155 29 155 156 29 28 155 30 156 157 30 29 156 31 157 158 31 30 157 32 158 159 32 31 158 33 159 160 33 32 159 34 160 161 34 161 162 34 33 160 35 34 162 36 162 163 36 35 162 37 163 164 37 36 163 38 37 164 38 164 165 38 165 166 39 38 166 40 39 166 40 166 167 40 167 168 41 40 168 42 41 168 42 168 169 43 42 169 43 169 170 43 170 171 44 43 171 45 44 171 45 171 172 45 172 173 46 45 173 46 173 174 47 46 174 48 47 174 48 174 175 49 48 175 49 175 176 50 49 176 50 176 177 51 50 177 51 177 178 52 51 178 52 178 179 53 52 179 53 179 180 53 180 181 54 53 181 55 54 181 55 181 182 56 55 182 56 182 183 57 56 183 57 183 184 58 57 184 58 184 185 58 185 186 59 58 186 60 186 187 60 59 186 61 187 188 61 60 187 62 188 189 62 61 188 63 62 189 63 189 190 64 63 190 64 190 191 65 64 191 65 191 192 66 65 192 66 192 193 67 66 193 67 193 194 68 67 194 68 194 195 69 68 195 69 195 196 70 69 196 70 196 197 71 70 197 71 197 198 72 71 198 72 198 199 73 72 199 73 199 200 74 73 200 74 200 201 75 74 201 75 201 202 76 202 203 76 75 202 77 203 204 77 76 203 78 204 205 78 77 204 79 205 206 79 78 205 80 206 207 80 79 206 81 207 208 81 80 207 82 208 209 82 81 208 83 209 210 83 82 209 84 210 211 84 83 210 85 211 212 85 84 211 86 212 213 86 85 212 87 213 214 87 86 213 88 214 215 88 87 214 89 88 215 89 215 216 90 89 216 90 216 217 91 90 217 91 217 218 92 91 218 92 218 219 93 219 220 93 92 219 94 220 221 94 93 220 95 221 222 95 94 221 96 222 223 96 95 222 97 223 224 97 96 223 98 224 225 98 97 224 99 225 226 99 98 225 100 226 227 100 99 226 101 227 228 101 100 227 102 228 229 102 101 228 103 229 230 103 102 229 104 230 231 104 103 230 105 231 232 105 104 231 106 232 233 106 105 232 107 233 234 107 106 233 108 234 235 108 107 234 109 235 236 109 108 235 110 236 237 110 109 236 111 237 238 111 110 237 112 238 239 112 111 238 113 112 239 113 239 240 114 113 240 114 240 241 115 114 241 115 241 242 116 115 242 116 242 243 117 116 243 117 243 244 118 117 244 118 244 245 119 118 245 119 245 246 120 119 246 120 246 247 121 120 247 121 247 248 122 121 248 122 248 249 123 122 249 123 249 250 124 123 250 124 250 251 125 124 251 125 251 252 126 252 253 126 125 252 126 253 254 127 126 254 
254 252 1 0 0.000202031699473461
-24.35 -12.5 16 -24.3508080012077 -12.4676001743205 16 -24.3532299960125 -12.4352808997127 16 -24.3572599629537 -12.4031225269855 16 -24.3628878828984 -12.3712050069204 16 -24.3700997639511 -12.3396076915013 16 -24.378877676239 -12.3084091366329 16 -24.3891997964892 -12.2776869068383 16 -24.4010404622842 -12.2475173824214 16 -24.4143702358634 -12.2179755695736 16 -24.4291559773093 -12.1891349138961 16 -24.4453609269391 -12.1610671178033 16 -24.4629447966946 -12.1338419622586 16 -24.4818638703051 -12.1075271332884 16 -24.5020711119727 -12.0821880537037 16 -24.5235162833106 -12.0578877204489 16 -24.5461460682441 -12.0346865479812 16 -24.569904205562 -12.012642218071 16 -24.5947316287918 -11.9918095363958 16 -24.6205666130474 -11.9722402962847 16 -24.6473449284873 -11.953983149952 16 -24.675 -11.9370834875401 16 -24.7034630727204 -11.9215833242725 16 -24.7326633829651 -11.9075211959974 16 -24.7625283341618 -11.8949320633813 16 -24.7929836773364 -11.8838472249914 16 -24.823953695707 -11.8742942394825 16 -24.8553613929284 -11.8662968570818 16 -24.8871286845165 -11.8598749605421 16 -24.9191765919791 -11.8550445157099 16 -24.9514254391688 -11.8518175318322 16 -24.9837950503703 -11.8502020316995 16 -25.0162049496297 -11.8502020316995 16 -25.0485745608312 -11.8518175318322 16 -25.0808234080209 -11.8550445157099 16 -25.1128713154835 -11.8598749605421 16 -25.1446386070716 -11.8662968570818 16 -25.176046304293 -11.8742942394825 16 -25.2070163226636 -11.8838472249914 16 -25.2374716658382 -11.8949320633813 16 -25.2673366170349 -11.9075211959974 16 -25.2965369272796 -11.9215833242725 16 -25.325 -11.9370834875401 16 -25.3526550715127 -11.953983149952 16 -25.3794333869526 -11.9722402962847 16 -25.4052683712082 -11.9918095363958 16 -25.430095794438 -12.012642218071 16 -25.4538539317559 -12.0346865479812 16 -25.4764837166894 -12.0578877204489 16 -25.4979288880273 -12.0821880537037 16 -25.5181361296949 -12.1075271332884 16 -25.5370552033054 -12.1338419622586 16 -25.5546390730609 -12.1610671178033 16 -25.5708440226907 -12.1891349138961 16 -25.5856297641366 -12.2179755695736 16 -25.5989595377158 -12.2475173824214 16 -25.6108002035108 -12.2776869068383 16 -25.621122323761 -12.3084091366329 16 -25.6299002360489 -12.3396076915013 16 -25.6371121171016 -12.3712050069204 16 -25.6427400370463 -12.4031225269855 16 -25.6467700039875 -12.4352808997127 16 -25.6491919987923 -12.4676001743205 16 -25.65 -12.5 16 -25.6491919987923 -12.5323998256795 16 -25.6467700039875 -12.5647191002873 16 -25.6427400370463 -12.5968774730145 16 -25.6371121171016 -12.6287949930796 16 -25.6299002360489 -12.6603923084987 16 -25.621122323761 -12.6915908633671 16 -25.6108002035108 -12.7223130931617 16 -25.5989595377158 -12.7524826175786 16 -25.5856297641366 -12.7820244304264 16 -25.5708440226906 -12.8108650861039 16 -25.5546390730609 -12.8389328821967 16 -25.5370552033054 -12.8661580377414 16 -25.5181361296949 -12.8924728667116 16 -25.4979288880273 -12.9178119462963 16 -25.4764837166894 -12.9421122795511 16 -25.4538539317559 -12.9653134520188 16 -25.430095794438 -12.987357781929 16 -25.4052683712082 -13.0081904636042 16 -25.3794333869526 -13.0277597037153 16 -25.3526550715127 -13.046016850048 16 -25.325 -13.0629165124599 16 -25.2965369272796 -13.0784166757275 16 -25.2673366170349 -13.0924788040026 16 -25.2374716658382 -13.1050679366187 16 -25.2070163226636 -13.1161527750086 16 -25.1760463042929 -13.1257057605175 16 -25.1446386070716 -13.1337031429182 16 -25.1128713154835 -13.1401250394579 16 -25.0808234080209 -13.1449554842901 16 -25.0485745608312 -13.1481824681678 16 -25.0162049496297 -13.1497979683005 16 -24.9837950503702 -13.1497979683005 16 -24.9514254391688 -13.1481824681678 16 -24.9191765919791 -13.1449554842901 16 -24.8871286845165 -13.1401250394579 16 -24.8553613929284 -13.1337031429182 16 -24.823953695707 -13.1257057605175 16 -24.7929836773364 -13.1161527750086 16 -24.7625283341618 -13.1050679366187 16 -24.7326633829651 -13.0924788040026 16 -24.7034630727204 -13.0784166757275 16 -24.675 -13.0629165124599 16 -24.6473449284873 -13.046016850048 16 -24.6205666130474 -13.0277597037153 16 -24.5947316287918 -13.0081904636042 16 -24.569904205562 -12.987357781929 16 -24.546146068244 -12.9653134520188 16 -24.5235162833106 -12.9421122795511 16 -24.5020711119727 -12.9178119462962 16 -24.4818638703051 -12.8924728667116 16 -24.4629447966946 -12.8661580377413 16 -24.4453609269391 -12.8389328821967 16 -24.4291559773093 -12.8108650861038 16 -24.4143702358634 -12.7820244304264 16 -24.4010404622842 -12.7524826175785 16 -24.3891997964892 -12.7223130931617 16 -24.378877676239 -12.6915908633671 16 -24.3700997639511 -12.6603923084987 16 -24.3628878828984 -12.6287949930796 16 -24.3572599629537 -12.5968774730145 16 -24.3532299960125 -12.5647191002873 16 -24.3508080012077 -12.5323998256794 16 -24.35 -12.5 16 -24.35 -12.5 15.2 -24.3508080012077 -12.4676001743205 15.2 -24.3532299960125 -12.4352808997127 15.2 -24.3572599629537 -12.4031225269855 15.2 -24.3628878828984 -12.3712050069204 15.2 -24.3700997639511 -12.3396076915013 15.2 -24.378877676239 -12.3084091366329 15.2 -24.3891997964892 -12.2776869068383 15.2 -24.4010404622842 -12.2475173824214 15.2 -24.4143702358634 -12.2179755695736 15.2 -24.4291559773093 -12.1891349138961 15.2 -24.4453609269391 -12.1610671178033 15.2 -24.4629447966946 -12.1338419622586 15.2 -24.4818638703051 -12.1075271332884 15.2 -24.5020711119727 -12.0821880537037 15.2 -24.5235162833106 -12.0578877204489 15.2 -24.5461460682441 -12.0346865479812 15.2 -24.569904205562 -12.012642218071 15.2 -24.5947316287918 -11.9918095363958 15.2 -24.6205666130474 -11.9722402962847 15.2 -24.6473449284873 -11.953983149952 15.2 -24.675 -11.9370834875401 15.2 -24.7034630727204 -11.9215833242725 15.2 -24.7326633829651 -11.9075211959974 15.2 -24.7625283341618 -11.8949320633813 15.2 -24.7929836773364 -11.8838472249914 15.2 -24.823953695707 -11.8742942394825 15.2 -24.8553613929284 -11.8662968570818 15.2 -24.8871286845165 -11.8598749605421 15.2 -24.9191765919791 -11.8550445157099 15.2 -24.9514254391688 -11.8518175318322 15.2 -24.9837950503703 -11.8502020316995 15.2 -25.0162049496297 -11.8502020316995 15.2 -25.0485745608312 -11.8518175318322 15.2 -25.0808234080209 -11.8550445157099 15.2 -25.1128713154835 -11.8598749605421 15.2 -25.1446386070716 -11.8662968570818 15.2 -25.176046304293 -11.8742942394825 15.2 -25.2070163226636 -11.8838472249914 15.2 -25.2374716658382 -11.8949320633813 15.2 -25.2673366170349 -11.9075211959974 15.2 -25.2965369272796 -11.9215833242725 15.2 -25.325 -11.9370834875401 15.2 -25.3526550715127 -11.953983149952 15.2 -25.3794333869526 -11.9722402962847 15.2 -25.4052683712082 -11.9918095363958 15.2 -25.430095794438 -12.012642218071 15.2 -25.4538539317559 -12.0346865479812 15.2 -25.4764837166894 -12.0578877204489 15.2 -25.4979288880273 -12.0821880537037 15.2 -25.5181361296949 -12.1075271332884 15.2 -25.5370552033054 -12.1338419622586 15.2 -25.5546390730609 -12.1610671178033 15.2 -25.5708440226907 -12.1891349138961 15.2 -25.5856297641366 -12.2179755695736 15.2 -25.5989595377158 -12.2475173824214 15.2 -25.6108002035108 -12.2776869068383 15.2 -25.621122323761 -12.3084091366329 15.2 -25.6299002360489 -12.3396076915013 15.2 -25.6371121171016 -12.3712050069204 15.2 -25.6427400370463 -12.4031225269855 15.2 -25.6467700039875 -12.4352808997127 15.2 -25.6491919987923 -12.4676001743205 15.2 -25.65 -12.5 15.2 -25.6491919987923 -12.5323998256795 15.2 -25.6467700039875 -12.5647191002873 15.2 -25.6427400370463 -12.5968774730145 15.2 -25.6371121171016 -12.6287949930796 15.2 -25.6299002360489 -12.6603923084987 15.2 -25.621122323761 -12.6915908633671 15.2 -25.6108002035108 -12.7223130931617 15.2 -25.5989595377158 -12.7524826175786 15.2 -25.5856297641366 -12.7820244304264 15.2 -25.5708440226906 -12.8108650861039 15.2 -25.5546390730609 -12.8389328821967 15.2 -25.5370552033054 -12.8661580377414 15.2 -25.5181361296949 -12.8924728667116 15.2 -25.4979288880273 -12.9178119462963 15.2 -25.4764837166894 -12.9421122795511 15.2 -25.4538539317559 -12.9653134520188 15.2 -25.430095794438 -12.987357781929 15.2 -25.4052683712082 -13.0081904636042 15.2 -25.3794333869526 -13.0277597037153 15.2 -25.3526550715127 -13.046016850048 15.2 -25.325 -13.0629165124599 15.2 -25.2965369272796 -13.0784166757275 15.2 -25.2673366170349 -13.0924788040026 15.2 -25.2374716658382 -13.1050679366187 15.2 -25.2070163226636 -13.1161527750086 15.2 -25.1760463042929 -13.1257057605175 15.2 -25.1446386070716 -13.1337031429182 15.2 -25.1128713154835 -13.1401250394579 15.2 -25.0808234080209 -13.1449554842901 15.2 -25.0485745608312 -13.1481824681678 15.2 -25.0162049496297 -13.1497979683005 15.2 -24.9837950503702 -13.1497979683005 15.2 -24.9514254391688 -13.1481824681678 15.2 -24.9191765919791 -13.1449554842901 15.2 -24.8871286845165 -13.1401250394579 15.2 -24.8553613929284 -13.1337031429182 15.2 -24.823953695707 -13.1257057605175 15.2 -24.7929836773364 -13.1161527750086 15.2 -24.7625283341618 -13.1050679366187 15.2 -24.7326633829651 -13.0924788040026 15.2 -24.7034630727204 -13.0784166757275 15.2 -24.675 -13.0629165124599 15.2 -24.6473449284873 -13.046016850048 15.2 -24.6205666130474 -13.0277597037153 15.2 -24.5947316287918 -13.0081904636042 15.2 -24.569904205562 -12.987357781929 15.2 -24.546146068244 -12.9653134520188 15.2 -24.5235162833106 -12.9421122795511 15.2 -24.5020711119727 -12.9178119462962 15.2 -24.4818638703051 -12.8924728667116 15.2 -24.4629447966946 -12.8661580377413 15.2 -24.4453609269391 -12.8389328821967 15.2 -24.4291559773093 -12.8108650861038 15.2 -24.4143702358634 -12.7820244304264 15.2 -24.4010404622842 -12.7524826175785 15.2 -24.3891997964892 -12.7223130931617 15.2 -24.378877676239 -12.6915908633671 15.2 -24.3700997639511 -12.6603923084987 15.2 -24.3628878828984 -12.6287949930796 15.2 -24.3572599629537 -12.5968774730145 15.2 -24.3532299960125 -12.5647191002873 15.2 -24.3508080012077 -12.5323998256794 15.2 -24.35 -12.5 15.2 0 0.800000000000001 0.0498665500569808 0.800000000000001 0.0997331001139617 0.800000000000001 0.149599650170943 0.800000000000001 0.199466200227923 0.800000000000001 0.249332750284904 0.800000000000001 0.299199300341885 0.800000000000001 0.349065850398866 0.800000000000001 0.398932400455847 0.800000000000001 0.448798950512828 0.800000000000001 0.498665500569808 0.800000000000001 0.548532050626789 0.800000000000001 0.59839860068377 0.800000000000001 0.648265150740751 0.800000000000001 0.698131700797732 0.800000000000001 0.747998250854712 0.800000000000001 0.797864800911693 0.800000000000001 0.847731350968674 0.800000000000001 0.897597901025655 0.800000000000001 0.947464451082636 0.800000000000001 0.997331001139617 0.800000000000001 1.0471975511966 0.800000000000001 1.09706410125358 0.800000000000001 1.14693065131056 0.800000000000001 1.19679720136754 0.800000000000001 1.24666375142452 0.800000000000001 1.2965303014815 0.800000000000001 1.34639685153848 0.800000000000001 1.39626340159546 0.800000000000001 1.44612995165244 0.800000000000001 1.49599650170942 0.800000000000001 1.54586305176641 0.800000000000001 1.59572960182339 0.800000000000001 1.64559615188037 0.800000000000001 1.69546270193735 0.800000000000001 1.74532925199433 0.800000000000001 1.79519580205131 0.800000000000001 1.84506235210829 0.800000000000001 1.89492890216527 0.800000000000001 1.94479545222225 0.800000000000001 1.99466200227923 0.800000000000001 2.04452855233621 0.800000000000001 2.09439510239319 0.800000000000001 2.14426165245018 0.800000000000001 2.19412820250716 0.800000000000001 2.24399475256414 0.800000000000001 2.29386130262112 0.800000000000001 2.3437278526781 0.800000000000001 2.39359440273508 0.800000000000001 2.44346095279206 0.800000000000001 2.49332750284904 0.800000000000001 2.54319405290602 0.800000000000001 2.59306060296301 0.800000000000001 2.64292715301999 0.800000000000001 2.69279370307697 0.800000000000001 2.74266025313395 0.800000000000001 2.79252680319093 0.800000000000001 2.84239335324791 0.800000000000001 2.89225990330489 0.800000000000001 2.94212645336187 0.800000000000001 2.99199300341885 0.800000000000001 3.04185955347583 0.800000000000001 3.09172610353282 0.800000000000001 3.1415926535898 0.800000000000001 3.19145920364678 0.800000000000001 3.24132575370376 0.800000000000001 3.29119230376074 0.800000000000001 3.34105885381772 0.800000000000001 3.3909254038747 0.800000000000001 3.44079195393168 0.800000000000001 3.49065850398866 0.800000000000001 3.54052505404564 0.800000000000001 3.59039160410263 0.800000000000001 3.64025815415961 0.800000000000001 3.69012470421659 0.800000000000001 3.73999125427357 0.800000000000001 3.78985780433055 0.800000000000001 3.83972435438753 0.800000000000001 3.88959090444451 0.800000000000001 3.93945745450149 0.800000000000001 3.98932400455847 0.800000000000001 4.03919055461546 0.800000000000001 4.08905710467244 0.800000000000001 4.13892365472942 0.800000000000001 4.1887902047864 0.800000000000001 4.23865675484338 0.800000000000001 4.28852330490036 0.800000000000001 4.33838985495734 0.800000000000001 4.38825640501432 0.800000000000001 4.4381229550713 0.800000000000001 4.48798950512828 0.800000000000001 4.53785605518527 0.800000000000001 4.58772260524225 0.800000000000001 4.63758915529923 0.800000000000001 4.68745570535621 0.800000000000001 4.73732225541319 0.800000000000001 4.78718880547017 0.800000000000001 4.83705535552715 0.800000000000001 4.88692190558413 0.800000000000001 4.93678845564111 0.800000000000001 4.9866550056981 0.800000000000001 5.03652155575508 0.800000000000001 5.08638810581206 0.800000000000001 5.13625465586904 0.800000000000001 5.18612120592602 0.800000000000001 5.235987755983 0.800000000000001 5.28585430603998 0.800000000000001 5.33572085609696 0.800000000000001 5.38558740615394 0.800000000000001 5.43545395621092 0.800000000000001 5.48532050626791 0.800000000000001 5.53518705632489 0.800000000000001 5.58505360638187 0.800000000000001 5.63492015643885 0.800000000000001 5.68478670649583 0.800000000000001 5.73465325655281 0.800000000000001 5.78451980660979 0.800000000000001 5.83438635666677 0.800000000000001 5.88425290672375 0.800000000000001 5.93411945678073 0.800000000000001 5.98398600683772 0.800000000000001 6.0338525568947 0.800000000000001 6.08371910695168 0.800000000000001 6.13358565700866 0.800000000000001 6.18345220706564 0.800000000000001 6.23331875712262 0.800000000000001 6.28318530717959 0.800000000000001 0 0 0.0498665500569808 0 0.0997331001139617 0 0.149599650170943 0 0.199466200227923 0 0.249332750284904 0 0.299199300341885 0 0.349065850398866 0 0.398932400455847 0 0.448798950512828 0 0.498665500569808 0 0.548532050626789 0 0.59839860068377 0 0.648265150740751 0 0.698131700797732 0 0.747998250854712 0 0.797864800911693 0 0.847731350968674 0 0.897597901025655 0 0.947464451082636 0 0.997331001139617 0 1.0471975511966 0 1.09706410125358 0 1.14693065131056 0 1.19679720136754 0 1.24666375142452 0 1.2965303014815 0 1.34639685153848 0 1.39626340159546 0 1.44612995165244 0 1.49599650170942 0 1.54586305176641 0 1.59572960182339 0 1.64559615188037 0 1.69546270193735 0 1.74532925199433 0 1.79519580205131 0 1.84506235210829 0 1.89492890216527 0 1.94479545222225 0 1.99466200227923 0 2.04452855233621 0 2.09439510239319 0 2.14426165245018 0 2.19412820250716 0 2.24399475256414 0 2.29386130262112 0 2.3437278526781 0 2.39359440273508 0 2.44346095279206 0 2.49332750284904 0 2.54319405290602 0 2.59306060296301 0 2.64292715301999 0 2.69279370307697 0 2.74266025313395 0 2.79252680319093 0 2.84239335324791 0 2.89225990330489 0 2.94212645336187 0 2.99199300341885 0 3.04185955347583 0 3.09172610353282 0 3.1415926535898 0 3.19145920364678 0 3.24132575370376 0 3.29119230376074 0 3.34105885381772 0 3.3909254038747 0 3.44079195393168 0 3.49065850398866 0 3.54052505404564 0 3.59039160410263 0 3.64025815415961 0 3.69012470421659 0 3.73999125427357 0 3.78985780433055 0 3.83972435438753 0 3.88959090444451 0 3.93945745450149 0 3.98932400455847 0 4.03919055461546 0 4.08905710467244 0 4.13892365472942 0 4.1887902047864 0 4.23865675484338 0 4.28852330490036 0 4.33838985495734 0 4.38825640501432 0 4.4381229550713 0 4.48798950512828 0 4.53785605518527 0 4.58772260524225 0 4.63758915529923 0 4.68745570535621 0 4.73732225541319 0 4.78718880547017 0 4.83705535552715 0 4.88692190558413 0 4.93678845564111 0 4.9866550056981 0 5.03652155575508 0 5.08638810581206 0 5.13625465586904 0 5.18612120592602 0 5.235987755983 0 5.28585430603998 0 5.33572085609696 0 5.38558740615394 0 5.43545395621092 0 5.48532050626791 0 5.53518705632489 0 5.58505360638187 0 5.63492015643885 0 5.68478670649583 0 5.73465325655281 0 5.78451980660979 0 5.83438635666677 0 5.88425290672375 0 5.93411945678073 0 5.98398600683772 0 6.0338525568947 0 6.08371910695168 0 6.13358565700866 0 6.18345220706564 0 6.23331875712262 0 6.28318530717959 0 2 1 128 2 128 129 3 129 130 3 2 129 4 130 131 4 3 130 5 131 132 5 4 131 6 132 133 6 5 132 7 133 134 7 6 133 8 134 135 8 135 136 8 7 134 9 136 137 9 8 136 10 9 137 11 137 138 11 10 137 12 11 138 12 138 139 12 139 140 13 12 140 14 13 140 14 140 141 15 14 141 15 141 142 16 15 142 16 142 143 16 143 144 17 16 144 18 17 144 18 144 145 18 145 146 19 18 146 19 146 147 20 19 147 21 20 147 21 147 148 22 21 148 22 148 149 23 22 149 23 149 150 24 150 151 24 23 150 25 151 152 25 24 151 26 152 153 26 25 152 27 153 154 27 26 153 28 154 155 28 27 154 29 155 156 29 28 155 30 156 157 30 29 156 31 157 158 31 30 157 32 158 159 32 31 158 33 159 160 33 32 159 34 160 161 34 33 160 35 161 162 35 34 161 36 162 163 36 35 162 37 163 164 37 36 163 38 37 164 38 164 165 39 38 165 39 165 166 40 39 166 40 166 167 41 40 167 41 167 168 42 41 168 42 168 169 43 42 169 43 169 170 43 170 171 44 43 171 44 171 172 45 44 172 46 45 172 46 172 173 47 46 173 47 173 174 48 47 174 48 174 175 49 48 175 49 175 176 50 49 176 50 176 177 51 50 177 51 177 178 52 51 178 52 178 179 53 52 179 53 179 180 53 180 181 54 53 181 55 54 181 55 181 182 56 55 182 56 182 183 57 56 183 57 183 184 58 57 184 58 184 185 59 185 186 59 58 185 60 186 187 60 187 188 60 59 186 61 60 188 62 188 189 62 61 188 63 62 189 63 189 190 64 63 190 64 190 191 64 191 192 65 64 192 66 65 192 66 192 193 67 66 193 67 193 194 67 194 195 68 67 195 69 68 195 69 195 196 69 196 197 70 69 197 71 70 197 71 197 198 72 71 198 72 198 199 73 72 199 73 199 200 73 200 201 74 73 201 74 201 202 75 202 203 75 74 202 76 75 203 77 203 204 77 76 203 78 204 205 78 205 206 78 77 204 79 78 206 80 206 207 80 79 206 81 207 208 81 80 207 82 208 209 82 81 208 83 209 210 83 82 209 84 210 211 84 83 210 85 211 212 85 84 211 86 212 213 86 85 212 87 213 214 87 86 213 88 214 215 88 87 214 89 88 215 89 215 216 90 89 216 90 216 217 91 90 217 91 217 218 92 91 218 92 218 219 93 219 220 93 92 219 94 220 221 94 93 220 95 221 222 95 94 221 96 222 223 96 95 222 97 223 224 97 96 223 98 224 225 98 97 224 99 225 226 99 98 225 100 226 227 100 99 226 101 227 228 101 100 227 102 228 229 102 101 228 103 229 230 103 102 229 104 230 231 104 103 230 105 231 232 105 104 231 106 232 233 106 105 232 107 233 234 107 106 233 108 234 235 108 107 234 109 235 236 109 108 235 110 236 237 110 109 236 111 237 238 111 110 237 112 238 239 112 111 238 113 112 239 113 239 240 114 113 240 114 240 241 115 114 241 115 241 242 116 115 242 116 242 243 117 116 243 117 243 244 118 117 244 118 244 245 119 118 245 119 245 246 120 119 246 120 246 247 120 247 248 121 120 248 122 121 248 122 248 249 122 249 250 123 122 250 124 123 250 124 250 251 124 251 252 125 124 252 126 252 253 126 125 252 127 253 254 127 126 253 
254 252 1 0 0.000202031699470858
-0.6 -12.5 16 -0.600808001207701 -12.4676001743205 16 -0.603229996012489 -12.4352808997127 16 -0.607259962953666 -12.4031225269855 16 -0.612887882898447 -12.3712050069204 16 -0.620099763951099 -12.3396076915013 16 -0.628877676239009 -12.3084091366329 16 -0.63919979648916 -12.2776869068383 16 -0.651040462284235 -12.2475173824214 16 -0.664370235863428 -12.2179755695736 16 -0.679155977309351 -12.1891349138961 16 -0.695360926939099 -12.1610671178033 16 -0.712944796694603 -12.1338419622586 16 -0.7318638703051 -12.1075271332884 16 -0.752071111972664 -12.0821880537037 16 -0.773516283310613 -12.0578877204489 16 -0.796146068244053 -12.0346865479812 16 -0.819904205562041 -12.012642218071 16 -0.844731628791823 -11.9918095363958 16 -0.870566613047386 -11.9722402962847 16 -0.897344928487256 -11.953983149952 16 -0.925 -11.9370834875401 16 -0.953463072720444 -11.9215833242725 16 -0.982663382965102 -11.9075211959974 16 -1.01252833416184 -11.8949320633813 16 -1.0429836773364 -11.8838472249914 16 -1.07395369570705 -11.8742942394825 16 -1.1053613929284 -11.8662968570818 16 -1.13712868451649 -11.8598749605421 16 -1.16917659197913 -11.8550445157099 16 -1.20142543916882 -11.8518175318322 16 -1.23379505037025 -11.8502020316995 16 -1.26620494962975 -11.8502020316995 16 -1.29857456083118 -11.8518175318322 16 -1.33082340802086 -11.8550445157099 16 -1.3628713154835 -11.8598749605421 16 -1.3946386070716 -11.8662968570818 16 -1.42604630429295 -11.8742942394825 16 -1.45701632266359 -11.8838472249914 16 -1.48747166583816 -11.8949320633813 16 -1.5173366170349 -11.9075211959974 16 -1.54653692727956 -11.9215833242725 16 -1.575 -11.9370834875401 16 -1.60265507151274 -11.953983149952 16 -1.62943338695261 -11.9722402962847 16 -1.65526837120818 -11.9918095363958 16 -1.68009579443796 -12.012642218071 16 -1.70385393175595 -12.0346865479812 16 -1.72648371668939 -12.0578877204489 16 -1.74792888802734 -12.0821880537037 16 -1.7681361296949 -12.1075271332884 16 -1.7870552033054 -12.1338419622586 16 -1.8046390730609 -12.1610671178033 16 -1.82084402269065 -12.1891349138961 16 -1.83562976413657 -12.2179755695736 16 -1.84895953771577 -12.2475173824214 16 -1.86080020351084 -12.2776869068383 16 -1.87112232376099 -12.3084091366329 16 -1.8799002360489 -12.3396076915013 16 -1.88711211710155 -12.3712050069204 16 -1.89274003704633 -12.4031225269855 16 -1.89677000398751 -12.4352808997127 16 -1.8991919987923 -12.4676001743205 16 -1.9 -12.5 16 -1.8991919987923 -12.5323998256795 16 -1.89677000398751 -12.5647191002873 16 -1.89274003704633 -12.5968774730145 16 -1.88711211710155 -12.6287949930796 16 -1.8799002360489 -12.6603923084987 16 -1.87112232376099 -12.6915908633671 16 -1.86080020351084 -12.7223130931617 16 -1.84895953771576 -12.7524826175786 16 -1.83562976413657 -12.7820244304264 16 -1.82084402269065 -12.8108650861039 16 -1.8046390730609 -12.8389328821967 16 -1.78705520330539 -12.8661580377414 16 -1.7681361296949 -12.8924728667116 16 -1.74792888802733 -12.9178119462963 16 -1.72648371668938 -12.9421122795511 16 -1.70385393175594 -12.9653134520188 16 -1.68009579443796 -12.987357781929 16 -1.65526837120817 -13.0081904636042 16 -1.62943338695261 -13.0277597037153 16 -1.60265507151274 -13.046016850048 16 -1.575 -13.0629165124599 16 -1.54653692727955 -13.0784166757275 16 -1.51733661703489 -13.0924788040026 16 -1.48747166583815 -13.1050679366187 16 -1.45701632266359 -13.1161527750086 16 -1.42604630429295 -13.1257057605175 16 -1.3946386070716 -13.1337031429182 16 -1.3628713154835 -13.1401250394579 16 -1.33082340802086 -13.1449554842901 16 -1.29857456083117 -13.1481824681678 16 -1.26620494962974 -13.1497979683005 16 -1.23379505037025 -13.1497979683005 16 -1.20142543916882 -13.1481824681678 16 -1.16917659197913 -13.1449554842901 16 -1.13712868451649 -13.1401250394579 16 -1.10536139292839 -13.1337031429182 16 -1.07395369570704 -13.1257057605175 16 -1.0429836773364 -13.1161527750086 16 -1.01252833416184 -13.1050679366187 16 -0.982663382965096 -13.0924788040026 16 -0.953463072720437 -13.0784166757275 16 -0.924999999999993 -13.0629165124599 16 -0.89734492848725 -13.046016850048 16 -0.87056661304738 -13.0277597037153 16 -0.844731628791817 -13.0081904636042 16 -0.819904205562035 -12.987357781929 16 -0.796146068244047 -12.9653134520188 16 -0.773516283310607 -12.9421122795511 16 -0.752071111972659 -12.9178119462962 16 -0.731863870305095 -12.8924728667116 16 -0.712944796694598 -12.8661580377413 16 -0.695360926939094 -12.8389328821967 16 -0.679155977309347 -12.8108650861038 16 -0.664370235863424 -12.7820244304264 16 -0.651040462284231 -12.7524826175785 16 -0.639199796489156 -12.7223130931617 16 -0.628877676239006 -12.6915908633671 16 -0.620099763951097 -12.6603923084987 16 -0.612887882898445 -12.6287949930796 16 -0.607259962953665 -12.5968774730145 16 -0.603229996012488 -12.5647191002873 16 -0.6008080012077 -12.5323998256794 16 -0.6 -12.5 16 -0.6 -12.5 15.2 -0.600808001207701 -12.4676001743205 15.2 -0.603229996012489 -12.4352808997127 15.2 -0.607259962953666 -12.4031225269855 15.2 -0.612887882898447 -12.3712050069204 15.2 -0.620099763951099 -12.3396076915013 15.2 -0.628877676239009 -12.3084091366329 15.2 -0.63919979648916 -12.2776869068383 15.2 -0.651040462284235 -12.2475173824214 15.2 -0.664370235863428 -12.2179755695736 15.2 -0.679155977309351 -12.1891349138961 15.2 -0.695360926939099 -12.1610671178033 15.2 -0.712944796694603 -12.1338419622586 15.2 -0.7318638703051 -12.1075271332884 15.2 -0.752071111972664 -12.0821880537037 15.2 -0.773516283310613 -12.0578877204489 15.2 -0.796146068244053 -12.0346865479812 15.2 -0.819904205562041 -12.012642218071 15.2 -0.844731628791823 -11.9918095363958 15.2 -0.870566613047386 -11.9722402962847 15.2 -0.897344928487256 -11.953983149952 15.2 -0.925 -11.9370834875401 15.2 -0.953463072720444 -11.9215833242725 15.2 -0.982663382965102 -11.9075211959974 15.2 -1.01252833416184 -11.8949320633813 15.2 -1.0429836773364 -11.8838472249914 15.2 -1.07395369570705 -11.8742942394825 15.2 -1.1053613929284 -11.8662968570818 15.2 -1.13712868451649 -11.8598749605421 15.2 -1.16917659197913 -11.8550445157099 15.2 -1.20142543916882 -11.8518175318322 15.2 -1.23379505037025 -11.8502020316995 15.2 -1.26620494962975 -11.8502020316995 15.2 -1.29857456083118 -11.8518175318322 15.2 -1.33082340802086 -11.8550445157099 15.2 -1.3628713154835 -11.8598749605421 15.2 -1.3946386070716 -11.8662968570818 15.2 -1.42604630429295 -11.8742942394825 15.2 -1.45701632266359 -11.8838472249914 15.2 -1.48747166583816 -11.8949320633813 15.2 -1.5173366170349 -11.9075211959974 15.2 -1.54653692727956 -11.9215833242725 15.2 -1.575 -11.9370834875401 15.2 -1.60265507151274 -11.953983149952 15.2 -1.62943338695261 -11.9722402962847 15.2 -1.65526837120818 -11.9918095363958 15.2 -1.68009579443796 -12.012642218071 15.2 -1.70385393175595 -12.0346865479812 15.2 -1.72648371668939 -12.0578877204489 15.2 -1.74792888802734 -12.0821880537037 15.2 -1.7681361296949 -12.1075271332884 15.2 -1.7870552033054 -12.1338419622586 15.2 -1.8046390730609 -12.1610671178033 15.2 -1.82084402269065 -12.1891349138961 15.2 -1.83562976413657 -12.2179755695736 15.2 -1.84895953771577 -12.2475173824214 15.2 -1.86080020351084 -12.2776869068383 15.2 -1.87112232376099 -12.3084091366329 15.2 -1.8799002360489 -12.3396076915013 15.2 -1.88711211710155 -12.3712050069204 15.2 -1.89274003704633 -12.4031225269855 15.2 -1.89677000398751 -12.4352808997127 15.2 -1.8991919987923 -12.4676001743205 15.2 -1.9 -12.5 15.2 -1.8991919987923 -12.5323998256795 15.2 -1.89677000398751 -12.5647191002873 15.2 -1.89274003704633 -12.5968774730145 15.2 -1.88711211710155 -12.6287949930796 15.2 -1.8799002360489 -12.6603923084987 15.2 -1.87112232376099 -12.6915908633671 15.2 -1.86080020351084 -12.7223130931617 15.2 -1.84895953771576 -12.7524826175786 15.2 -1.83562976413657 -12.7820244304264 15.2 -1.82084402269065 -12.8108650861039 15.2 -1.8046390730609 -12.8389328821967 15.2 -1.78705520330539 -12.8661580377414 15.2 -1.7681361296949 -12.8924728667116 15.2 -1.74792888802733 -12.9178119462963 15.2 -1.72648371668938 -12.9421122795511 15.2 -1.70385393175594 -12.9653134520188 15.2 -1.68009579443796 -12.987357781929 15.2 -1.65526837120817 -13.0081904636042 15.2 -1.62943338695261 -13.0277597037153 15.2 -1.60265507151274 -13.046016850048 15.2 -1.575 -13.0629165124599 15.2 -1.54653692727955 -13.0784166757275 15.2 -1.51733661703489 -13.0924788040026 15.2 -1.48747166583815 -13.1050679366187 15.2 -1.45701632266359 -13.1161527750086 15.2 -1.42604630429295 -13.1257057605175 15.2 -1.3946386070716 -13.1337031429182 15.2 -1.3628713154835 -13.1401250394579 15.2 -1.33082340802086 -13.1449554842901 15.2 -1.29857456083117 -13.1481824681678 15.2 -1.26620494962974 -13.1497979683005 15.2 -1.23379505037025 -13.1497979683005 15.2 -1.20142543916882 -13.1481824681678 15.2 -1.16917659197913 -13.1449554842901 15.2 -1.13712868451649 -13.1401250394579 15.2 -1.10536139292839 -13.1337031429182 15.2 -1.07395369570704 -13.1257057605175 15.2 -1.0429836773364 -13.1161527750086 15.2 -1.01252833416184 -13.1050679366187 15.2 -0.982663382965096 -13.0924788040026 15.2 -0.953463072720437 -13.0784166757275 15.2 -0.924999999999993 -13.0629165124599 15.2 -0.89734492848725 -13.046016850048 15.2 -0.87056661304738 -13.0277597037153 15.2 -0.844731628791817 -13.0081904636042 15.2 -0.819904205562035 -12.987357781929 15.2 -0.796146068244047 -12.9653134520188 15.2 -0.773516283310607 -12.9421122795511 15.2 -0.752071111972659 -12.9178119462962 15.2 -0.731863870305095 -12.8924728667116 15.2 -0.712944796694598 -12.8661580377413 15.2 -0.695360926939094 -12.8389328821967 15.2 -0.679155977309347 -12.8108650861038 15.2 -0.664370235863424 -12.7820244304264 15.2 -0.651040462284231 -12.7524826175785 15.2 -0.639199796489156 -12.7223130931617 15.2 -0.628877676239006 -12.6915908633671 15.2 -0.620099763951097 -12.6603923084987 15.2 -0.612887882898445 -12.6287949930796 15.2 -0.607259962953665 -12.5968774730145 15.2 -0.603229996012488 -12.5647191002873 15.2 -0.6008080012077 -12.5323998256794 15.2 -0.6 -12.5 15.2 0 0.800000000000001 0.0498665500569808 0.800000000000001 0.0997331001139617 0.800000000000001 0.149599650170943 0.800000000000001 0.199466200227923 0.800000000000001 0.249332750284904 0.800000000000001 0.299199300341885 0.800000000000001 0.349065850398866 0.800000000000001 0.398932400455847 0.800000000000001 0.448798950512828 0.800000000000001 0.498665500569808 0.800000000000001 0.548532050626789 0.800000000000001 0.59839860068377 0.800000000000001 0.648265150740751 0.800000000000001 0.698131700797732 0.800000000000001 0.747998250854712 0.800000000000001 0.797864800911693 0.800000000000001 0.847731350968674 0.800000000000001 0.897597901025655 0.800000000000001 0.947464451082636 0.800000000000001 0.997331001139617 0.800000000000001 1.0471975511966 0.800000000000001 1.09706410125358 0.800000000000001 1.14693065131056 0.800000000000001 1.19679720136754 0.800000000000001 1.24666375142452 0.800000000000001 1.2965303014815 0.800000000000001 1.34639685153848 0.800000000000001 1.39626340159546 0.800000000000001 1.44612995165244 0.800000000000001 1.49599650170942 0.800000000000001 1.54586305176641 0.800000000000001 1.59572960182339 0.800000000000001 1.64559615188037 0.800000000000001 1.69546270193735 0.800000000000001 1.74532925199433 0.800000000000001 1.79519580205131 0.800000000000001 1.84506235210829 0.800000000000001 1.89492890216527 0.800000000000001 1.94479545222225 0.800000000000001 1.99466200227923 0.800000000000001 2.04452855233621 0.800000000000001 2.09439510239319 0.800000000000001 2.14426165245018 0.800000000000001 2.19412820250716 0.800000000000001 2.24399475256414 0.800000000000001 2.29386130262112 0.800000000000001 2.3437278526781 0.800000000000001 2.39359440273508 0.800000000000001 2.44346095279206 0.800000000000001 2.49332750284904 0.800000000000001 2.54319405290602 0.800000000000001 2.59306060296301 0.800000000000001 2.64292715301999 0.800000000000001 2.69279370307697 0.800000000000001 2.74266025313395 0.800000000000001 2.79252680319093 0.800000000000001 2.84239335324791 0.800000000000001 2.89225990330489 0.800000000000001 2.94212645336187 0.800000000000001 2.99199300341885 0.800000000000001 3.04185955347583 0.800000000000001 3.09172610353282 0.800000000000001 3.1415926535898 0.800000000000001 3.19145920364678 0.800000000000001 3.24132575370376 0.800000000000001 3.29119230376074 0.800000000000001 3.34105885381772 0.800000000000001 3.3909254038747 0.800000000000001 3.44079195393168 0.800000000000001 3.49065850398866 0.800000000000001 3.54052505404564 0.800000000000001 3.59039160410263 0.800000000000001 3.64025815415961 0.800000000000001 3.69012470421659 0.800000000000001 3.73999125427357 0.800000000000001 3.78985780433055 0.800000000000001 3.83972435438753 0.800000000000001 3.88959090444451 0.800000000000001 3.93945745450149 0.800000000000001 3.98932400455847 0.800000000000001 4.03919055461546 0.800000000000001 4.08905710467244 0.800000000000001 4.13892365472942 0.800000000000001 4.1887902047864 0.800000000000001 4.23865675484338 0.800000000000001 4.28852330490036 0.800000000000001 4.33838985495734 0.800000000000001 4.38825640501432 0.800000000000001 4.4381229550713 0.800000000000001 4.48798950512828 0.800000000000001 4.53785605518527 0.800000000000001 4.58772260524225 0.800000000000001 4.63758915529923 0.800000000000001 4.68745570535621 0.800000000000001 4.73732225541319 0.800000000000001 4.78718880547017 0.800000000000001 4.83705535552715 0.800000000000001 4.88692190558413 0.800000000000001 4.93678845564111 0.800000000000001 4.9866550056981 0.800000000000001 5.03652155575508 0.800000000000001 5.08638810581206 0.800000000000001 5.13625465586904 0.800000000000001 5.18612120592602 0.800000000000001 5.235987755983 0.800000000000001 5.28585430603998 0.800000000000001 5.33572085609696 0.800000000000001 5.38558740615394 0.800000000000001 5.43545395621092 0.800000000000001 5.48532050626791 0.800000000000001 5.53518705632489 0.800000000000001 5.58505360638187 0.800000000000001 5.63492015643885 0.800000000000001 5.68478670649583 0.800000000000001 5.73465325655281 0.800000000000001 5.78451980660979 0.800000000000001 5.83438635666677 0.800000000000001 5.88425290672375 0.800000000000001 5.93411945678073 0.800000000000001 5.98398600683772 0.800000000000001 6.0338525568947 0.800000000000001 6.08371910695168 0.800000000000001 6.13358565700866 0.800000000000001 6.18345220706564 0.800000000000001 6.23331875712262 0.800000000000001 6.28318530717959 0.800000000000001 0 0 0.0498665500569808 0 0.0997331001139617 0 0.149599650170943 0 0.199466200227923 0 0.249332750284904 0 0.299199300341885 0 0.349065850398866 0 0.398932400455847 0 0.448798950512828 0 0.498665500569808 0 0.548532050626789 0 0.59839860068377 0 0.648265150740751 0 0.698131700797732 0 0.747998250854712 0 0.797864800911693 0 0.847731350968674 0 0.897597901025655 0 0.947464451082636 0 0.997331001139617 0 1.0471975511966 0 1.09706410125358 0 1.14693065131056 0 1.19679720136754 0 1.24666375142452 0 1.2965303014815 0 1.34639685153848 0 1.39626340159546 0 1.44612995165244 0 1.49599650170942 0 1.54586305176641 0 1.59572960182339 0 1.64559615188037 0 1.69546270193735 0 1.74532925199433 0 1.79519580205131 0 1.84506235210829 0 1.89492890216527 0 1.94479545222225 0 1.99466200227923 0 2.04452855233621 0 2.09439510239319 0 2.14426165245018 0 2.19412820250716 0 2.24399475256414 0 2.29386130262112 0 2.3437278526781 0 2.39359440273508 0 2.44346095279206 0 2.49332750284904 0 2.54319405290602 0 2.59306060296301 0 2.64292715301999 0 2.69279370307697 0 2.74266025313395 0 2.79252680319093 0 2.84239335324791 0 2.89225990330489 0 2.94212645336187 0 2.99199300341885 0 3.04185955347583 0 3.09172610353282 0 3.1415926535898 0 3.19145920364678 0 3.24132575370376 0 3.29119230376074 0 3.34105885381772 0 3.3909254038747 0 3.44079195393168 0 3.49065850398866 0 3.54052505404564 0 3.59039160410263 0 3.64025815415961 0 3.69012470421659 0 3.73999125427357 0 3.78985780433055 0 3.83972435438753 0 3.88959090444451 0 3.93945745450149 0 3.98932400455847 0 4.03919055461546 0 4.08905710467244 0 4.13892365472942 0 4.1887902047864 0 4.23865675484338 0 4.28852330490036 0 4.33838985495734 0 4.38825640501432 0 4.4381229550713 0 4.48798950512828 0 4.53785605518527 0 4.58772260524225 0 4.63758915529923 0 4.68745570535621 0 4.73732225541319 0 4.78718880547017 0 4.83705535552715 0 4.88692190558413 0 4.93678845564111 0 4.9866550056981 0 5.03652155575508 0 5.08638810581206 0 5.13625465586904 0 5.18612120592602 0 5.235987755983 0 5.28585430603998 0 5.33572085609696 0 5.38558740615394 0 5.43545395621092 0 5.48532050626791 0 5.53518705632489 0 5.58505360638187 0 5.63492015643885 0 5.68478670649583 0 5.73465325655281 0 5.78451980660979 0 5.83438635666677 0 5.88425290672375 0 5.93411945678073 0 5.98398600683772 0 6.0338525568947 0 6.08371910695168 0 6.13358565700866 0 6.18345220706564 0 6.23331875712262 0 6.28318530717959 0 2 1 128 2 128 129 3 129 130 3 2 129 4 130 131 4 3 130 5 131 132 5 4 131 6 132 133 6 5 132 7 133 134 7 6 133 8 134 135 8 135 136 8 7 134 9 136 137 9 8 136 10 9 137 11 137 138 11 10 137 12 11 138 12 138 139 12 139 140 13 12 140 14 13 140 14 140 141 15 14 141 15 141 142 16 15 142 16 142 143 16 143 144 17 16 144 18 17 144 18 144 145 18 145 146 19 18 146 19 146 147 20 19 147 21 20 147 21 147 148 22 21 148 22 148 149 23 22 149 23 149 150 24 150 151 24 23 150 25 151 152 25 24 151 26 152 153 26 25 152 27 153 154 27 26 153 28 154 155 28 27 154 29 155 156 29 28 155 30 156 157 30 29 156 31 157 158 31 30 157 32 158 159 32 31 158 33 159 160 33 32 159 34 160 161 34 33 160 35 161 162 35 34 161 36 162 163 36 35 162 37 163 164 37 36 163 38 37 164 38 164 165 39 38 165 39 165 166 40 39 166 40 166 167 41 40 167 41 167 168 42 41 168 42 168 169 43 42 169 43 169 170 43 170 171 44 43 171 44 171 172 45 44 172 46 45 172 46 172 173 47 46 173 47 173 174 48 47 174 48 174 175 49 48 175 49 175 176 50 49 176 50 176 177 51 50 177 51 177 178 52 51 178 52 178 179 53 52 179 53 179 180 53 180 181 54 53 181 55 54 181 55 181 182 56 55 182 56 182 183 57 56 183 57 183 184 58 57 184 58 184 185 59 185 186 59 58 185 60 186 187 60 187 188 60 59 186 61 60 188 62 188 189 62 61 188 63 62 189 63 189 190 64 63 190 64 190 191 64 191 192 65 64 192 66 65 192 66 192 193 67 66 193 67 193 194 67 194 195 68 67 195 69 68 195 69 195 196 69 196 197 70 69 197 71 70 197 71 197 198 72 71 198 72 198 199 73 72 199 73 199 200 73 200 201 74 73 201 74 201 202 75 202 203 75 74 202 76 75 203 77 203 204 77 76 203 78 204 205 78 205 206 78 77 204 79 78 206 80 206 207 80 79 206 81 207 208 81 80 207 82 208 209 82 81 208 83 209 210 83 82 209 84 210 211 84 83 210 85 211 212 85 84 211 86 212 213 86 85 212 87 213 214 87 86 213 88 214 215 88 87 214 89 88 215 89 215 216 90 89 216 90 216 217 91 90 217 91 217 218 92 91 218 92 218 219 93 219 220 93 92 219 94 220 221 94 93 220 95 221 222 95 94 221 96 222 223 96 95 222 97 223 224 97 96 223 98 224 225 98 97 224 99 225 226 99 98 225 100 226 227 100 99 226 101 227 228 101 100 227 102 228 229 102 101 228 103 229 230 103 102 229 104 230 231 104 103 230 105 231 232 105 104 231 106 232 233 106 105 232 107 233 234 107 106 233 108 234 235 108 107 234 109 235 236 109 108 235 110 236 237 110 109 236 111 237 238 111 110 237 112 238 239 112 111 238 113 112 239 113 239 240 114 113 240 114 240 241 115 114 241 115 241 242 116 115 242 116 242 243 117 116 243 117 243 244 118 117 244 118 244 245 119 118 245 119 245 246 120 119 246 120 246 247 120 247 248 121 120 248 122 121 248 122 248 249 122 249 250 123 122 250 124 123 250 124 250 251 124 251 252 125 124 252 126 252 253 126 125 252 127 253 254 127 126 253 
254 252 1 0 0.000202031699470858
1.9 -12.5 16 1.8991919987923 -12.4676001743205 16 1.89677000398751 -12.4352808997127 16 1.89274003704633 -12.4031225269855 16 1.88711211710155 -12.3712050069204 16 1.8799002360489 -12.3396076915013 16 1.87112232376099 -12.3084091366329 16 1.86080020351084 -12.2776869068383 16 1.84895953771577 -12.2475173824214 16 1.83562976413657 -12.2179755695736 16 1.82084402269065 -12.1891349138961 16 1.8046390730609 -12.1610671178033 16 1.7870552033054 -12.1338419622586 16 1.7681361296949 -12.1075271332884 16 1.74792888802734 -12.0821880537037 16 1.72648371668939 -12.0578877204489 16 1.70385393175595 -12.0346865479812 16 1.68009579443796 -12.012642218071 16 1.65526837120818 -11.9918095363958 16 1.62943338695261 -11.9722402962847 16 1.60265507151274 -11.953983149952 16 1.575 -11.9370834875401 16 1.54653692727956 -11.9215833242725 16 1.5173366170349 -11.9075211959974 16 1.48747166583816 -11.8949320633813 16 1.4570163226636 -11.8838472249914 16 1.42604630429295 -11.8742942394825 16 1.3946386070716 -11.8662968570818 16 1.36287131548351 -11.8598749605421 16 1.33082340802087 -11.8550445157099 16 1.29857456083118 -11.8518175318322 16 1.26620494962975 -11.8502020316995 16 1.23379505037025 -11.8502020316995 16 1.20142543916882 -11.8518175318322 16 1.16917659197914 -11.8550445157099 16 1.1371286845165 -11.8598749605421 16 1.1053613929284 -11.8662968570818 16 1.07395369570705 -11.8742942394825 16 1.04298367733641 -11.8838472249914 16 1.01252833416184 -11.8949320633813 16 0.982663382965103 -11.9075211959974 16 0.953463072720445 -11.9215833242725 16 0.925 -11.9370834875401 16 0.897344928487257 -11.953983149952 16 0.870566613047387 -11.9722402962847 16 0.844731628791823 -11.9918095363958 16 0.819904205562041 -12.012642218071 16 0.796146068244052 -12.0346865479812 16 0.773516283310613 -12.0578877204489 16 0.752071111972664 -12.0821880537037 16 0.7318638703051 -12.1075271332884 16 0.712944796694603 -12.1338419622586 16 0.695360926939098 -12.1610671178033 16 0.679155977309351 -12.1891349138961 16 0.664370235863427 -12.2179755695736 16 0.651040462284235 -12.2475173824214 16 0.639199796489159 -12.2776869068383 16 0.628877676239008 -12.3084091366329 16 0.620099763951099 -12.3396076915013 16 0.612887882898446 -12.3712050069204 16 0.607259962953666 -12.4031225269855 16 0.603229996012489 -12.4352808997127 16 0.6008080012077 -12.4676001743205 16 0.6 -12.5 16 0.600808001207701 -12.5323998256795 16 0.603229996012489 -12.5647191002873 16 0.607259962953667 -12.5968774730145 16 0.612887882898447 -12.6287949930796 16 0.6200997639511 -12.6603923084987 16 0.628877676239009 -12.6915908633671 16 0.639199796489161 -12.7223130931617 16 0.651040462284236 -12.7524826175786 16 0.664370235863429 -12.7820244304264 16 0.679155977309353 -12.8108650861039 16 0.695360926939101 -12.8389328821967 16 0.712944796694605 -12.8661580377414 16 0.731863870305103 -12.8924728667116 16 0.752071111972667 -12.9178119462963 16 0.773516283310616 -12.9421122795511 16 0.796146068244056 -12.9653134520188 16 0.819904205562045 -12.987357781929 16 0.844731628791827 -13.0081904636042 16 0.87056661304739 -13.0277597037153 16 0.89734492848726 -13.046016850048 16 0.925000000000004 -13.0629165124599 16 0.953463072720449 -13.0784166757275 16 0.982663382965107 -13.0924788040026 16 1.01252833416185 -13.1050679366187 16 1.04298367733641 -13.1161527750086 16 1.07395369570705 -13.1257057605175 16 1.1053613929284 -13.1337031429182 16 1.1371286845165 -13.1401250394579 16 1.16917659197914 -13.1449554842901 16 1.20142543916883 -13.1481824681678 16 1.23379505037026 -13.1497979683005 16 1.26620494962975 -13.1497979683005 16 1.29857456083118 -13.1481824681678 16 1.33082340802087 -13.1449554842901 16 1.36287131548351 -13.1401250394579 16 1.39463860707161 -13.1337031429182 16 1.42604630429296 -13.1257057605175 16 1.4570163226636 -13.1161527750086 16 1.48747166583816 -13.1050679366187 16 1.5173366170349 -13.0924788040026 16 1.54653692727956 -13.0784166757275 16 1.57500000000001 -13.0629165124599 16 1.60265507151275 -13.046016850048 16 1.62943338695262 -13.0277597037153 16 1.65526837120818 -13.0081904636042 16 1.68009579443796 -12.987357781929 16 1.70385393175595 -12.9653134520188 16 1.72648371668939 -12.9421122795511 16 1.74792888802734 -12.9178119462962 16 1.7681361296949 -12.8924728667116 16 1.7870552033054 -12.8661580377413 16 1.80463907306091 -12.8389328821967 16 1.82084402269065 -12.8108650861038 16 1.83562976413658 -12.7820244304264 16 1.84895953771577 -12.7524826175785 16 1.86080020351084 -12.7223130931617 16 1.87112232376099 -12.6915908633671 16 1.8799002360489 -12.6603923084987 16 1.88711211710156 -12.6287949930796 16 1.89274003704634 -12.5968774730145 16 1.89677000398751 -12.5647191002873 16 1.8991919987923 -12.5323998256794 16 1.9 -12.5 16 1.9 -12.5 15.2 1.8991919987923 -12.4676001743205 15.2 1.89677000398751 -12.4352808997127 15.2 1.89274003704633 -12.4031225269855 15.2 1.88711211710155 -12.3712050069204 15.2 1.8799002360489 -12.3396076915013 15.2 1.87112232376099 -12.3084091366329 15.2 1.86080020351084 -12.2776869068383 15.2 1.84895953771577 -12.2475173824214 15.2 1.83562976413657 -12.2179755695736 15.2 1.82084402269065 -12.1891349138961 15.2 1.8046390730609 -12.1610671178033 15.2 1.7870552033054 -12.1338419622586 15.2 1.7681361296949 -12.1075271332884 15.2 1.74792888802734 -12.0821880537037 15.2 1.72648371668939 -12.0578877204489 15.2 1.70385393175595 -12.0346865479812 15.2 1.68009579443796 -12.012642218071 15.2 1.65526837120818 -11.9918095363958 15.2 1.62943338695261 -11.9722402962847 15.2 1.60265507151274 -11.953983149952 15.2 1.575 -11.9370834875401 15.2 1.54653692727956 -11.9215833242725 15.2 1.5173366170349 -11.9075211959974 15.2 1.48747166583816 -11.8949320633813 15.2 1.4570163226636 -11.8838472249914 15.2 1.42604630429295 -11.8742942394825 15.2 1.3946386070716 -11.8662968570818 15.2 1.36287131548351 -11.8598749605421 15.2 1.33082340802087 -11.8550445157099 15.2 1.29857456083118 -11.8518175318322 15.2 1.26620494962975 -11.8502020316995 15.2 1.23379505037025 -11.8502020316995 15.2 1.20142543916882 -11.8518175318322 15.2 1.16917659197914 -11.8550445157099 15.2 1.1371286845165 -11.8598749605421 15.2 1.1053613929284 -11.8662968570818 15.2 1.07395369570705 -11.8742942394825 15.2 1.04298367733641 -11.8838472249914 15.2 1.01252833416184 -11.8949320633813 15.2 0.982663382965103 -11.9075211959974 15.2 0.953463072720445 -11.9215833242725 15.2 0.925 -11.9370834875401 15.2 0.897344928487257 -11.953983149952 15.2 0.870566613047387 -11.9722402962847 15.2 0.844731628791823 -11.9918095363958 15.2 0.819904205562041 -12.012642218071 15.2 0.796146068244052 -12.0346865479812 15.2 0.773516283310613 -12.0578877204489 15.2 0.752071111972664 -12.0821880537037 15.2 0.7318638703051 -12.1075271332884 15.2 0.712944796694603 -12.1338419622586 15.2 0.695360926939098 -12.1610671178033 15.2 0.679155977309351 -12.1891349138961 15.2 0.664370235863427 -12.2179755695736 15.2 0.651040462284235 -12.2475173824214 15.2 0.639199796489159 -12.2776869068383 15.2 0.628877676239008 -12.3084091366329 15.2 0.620099763951099 -12.3396076915013 15.2 0.612887882898446 -12.3712050069204 15.2 0.607259962953666 -12.4031225269855 15.2 0.603229996012489 -12.4352808997127 15.2 0.6008080012077 -12.4676001743205 15.2 0.6 -12.5 15.2 0.600808001207701 -12.5323998256795 15.2 0.603229996012489 -12.5647191002873 15.2 0.607259962953667 -12.5968774730145 15.2 0.612887882898447 -12.6287949930796 15.2 0.6200997639511 -12.6603923084987 15.2 0.628877676239009 -12.6915908633671 15.2 0.639199796489161 -12.7223130931617 15.2 0.651040462284236 -12.7524826175786 15.2 0.664370235863429 -12.7820244304264 15.2 0.679155977309353 -12.8108650861039 15.2 0.695360926939101 -12.8389328821967 15.2 0.712944796694605 -12.8661580377414 15.2 0.731863870305103 -12.8924728667116 15.2 0.752071111972667 -12.9178119462963 15.2 0.773516283310616 -12.9421122795511 15.2 0.796146068244056 -12.9653134520188 15.2 0.819904205562045 -12.987357781929 15.2 0.844731628791827 -13.0081904636042 15.2 0.87056661304739 -13.0277597037153 15.2 0.89734492848726 -13.046016850048 15.2 0.925000000000004 -13.0629165124599 15.2 0.953463072720449 -13.0784166757275 15.2 0.982663382965107 -13.0924788040026 15.2 1.01252833416185 -13.1050679366187 15.2 1.04298367733641 -13.1161527750086 15.2 1.07395369570705 -13.1257057605175 15.2 1.1053613929284 -13.1337031429182 15.2 1.1371286845165 -13.1401250394579 15.2 1.16917659197914 -13.1449554842901 15.2 1.20142543916883 -13.1481824681678 15.2 1.23379505037026 -13.1497979683005 15.2 1.26620494962975 -13.1497979683005 15.2 1.29857456083118 -13.1481824681678 15.2 1.33082340802087 -13.1449554842901 15.2 1.36287131548351 -13.1401250394579 15.2 1.39463860707161 -13.1337031429182 15.2 1.42604630429296 -13.1257057605175 15.2 1.4570163226636 -13.1161527750086 15.2 1.48747166583816 -13.1050679366187 15.2 1.5173366170349 -13.0924788040026 15.2 1.54653692727956 -13.0784166757275 15.2 1.57500000000001 -13.0629165124599 15.2 1.60265507151275 -13.046016850048 15.2 1.62943338695262 -13.0277597037153 15.2 1.65526837120818 -13.0081904636042 15.2 1.68009579443796 -12.987357781929 15.2 1.70385393175595 -12.9653134520188 15.2 1.72648371668939 -12.9421122795511 15.2 1.74792888802734 -12.9178119462962 15.2 1.7681361296949 -12.8924728667116 15.2 1.7870552033054 -12.8661580377413 15.2 1.80463907306091 -12.8389328821967 15.2 1.82084402269065 -12.8108650861038 15.2 1.83562976413658 -12.7820244304264 15.2 1.84895953771577 -12.7524826175785 15.2 1.86080020351084 -12.7223130931617 15.2 1.87112232376099 -12.6915908633671 15.2 1.8799002360489 -12.6603923084987 15.2 1.88711211710156 -12.6287949930796 15.2 1.89274003704634 -12.5968774730145 15.2 1.89677000398751 -12.5647191002873 15.2 1.8991919987923 -12.5323998256794 15.2 1.9 -12.5 15.2 0 0.800000000000001 0.0498665500569808 0.800000000000001 0.0997331001139617 0.800000000000001 0.149599650170943 0.800000000000001 0.199466200227923 0.800000000000001 0.249332750284904 0.800000000000001 0.299199300341885 0.800000000000001 0.349065850398866 0.800000000000001 0.398932400455847 0.800000000000001 0.448798950512828 0.800000000000001 0.498665500569808 0.800000000000001 0.548532050626789 0.800000000000001 0.59839860068377 0.800000000000001 0.648265150740751 0.800000000000001 0.698131700797732 0.800000000000001 0.747998250854712 0.800000000000001 0.797864800911693 0.800000000000001 0.847731350968674 0.800000000000001 0.897597901025655 0.800000000000001 0.947464451082636 0.800000000000001 0.997331001139617 0.800000000000001 1.0471975511966 0.800000000000001 1.09706410125358 0.800000000000001 1.14693065131056 0.800000000000001 1.19679720136754 0.800000000000001 1.24666375142452 0.800000000000001 1.2965303014815 0.800000000000001 1.34639685153848 0.800000000000001 1.39626340159546 0.800000000000001 1.44612995165244 0.800000000000001 1.49599650170942 0.800000000000001 1.54586305176641 0.800000000000001 1.59572960182339 0.800000000000001 1.64559615188037 0.800000000000001 1.69546270193735 0.800000000000001 1.74532925199433 0.800000000000001 1.79519580205131 0.800000000000001 1.84506235210829 0.800000000000001 1.89492890216527 0.800000000000001 1.94479545222225 0.800000000000001 1.99466200227923 0.800000000000001 2.04452855233621 0.800000000000001 2.09439510239319 0.800000000000001 2.14426165245018 0.800000000000001 2.19412820250716 0.800000000000001 2.24399475256414 0.800000000000001 2.29386130262112 0.800000000000001 2.3437278526781 0.800000000000001 2.39359440273508 0.800000000000001 2.44346095279206 0.800000000000001 2.49332750284904 0.800000000000001 2.54319405290602 0.800000000000001 2.59306060296301 0.800000000000001 2.64292715301999 0.800000000000001 2.69279370307697 0.800000000000001 2.74266025313395 0.800000000000001 2.79252680319093 0.800000000000001 2.84239335324791 0.800000000000001 2.89225990330489 0.800000000000001 2.94212645336187 0.800000000000001 2.99199300341885 0.800000000000001 3.04185955347583 0.800000000000001 3.09172610353282 0.800000000000001 3.1415926535898 0.800000000000001 3.19145920364678 0.800000000000001 3.24132575370376 0.800000000000001 3.29119230376074 0.800000000000001 3.34105885381772 0.800000000000001 3.3909254038747 0.800000000000001 3.44079195393168 0.800000000000001 3.49065850398866 0.800000000000001 3.54052505404564 0.800000000000001 3.59039160410263 0.800000000000001 3.64025815415961 0.800000000000001 3.69012470421659 0.800000000000001 3.73999125427357 0.800000000000001 3.78985780433055 0.800000000000001 3.83972435438753 0.800000000000001 3.88959090444451 0.800000000000001 3.93945745450149 0.800000000000001 3.98932400455847 0.800000000000001 4.03919055461546 0.800000000000001 4.08905710467244 0.800000000000001 4.13892365472942 0.800000000000001 4.1887902047864 0.800000000000001 4.23865675484338 0.800000000000001 4.28852330490036 0.800000000000001 4.33838985495734 0.800000000000001 4.38825640501432 0.800000000000001 4.4381229550713 0.800000000000001 4.48798950512828 0.800000000000001 4.53785605518527 0.800000000000001 4.58772260524225 0.800000000000001 4.63758915529923 0.800000000000001 4.68745570535621 0.800000000000001 4.73732225541319 0.800000000000001 4.78718880547017 0.800000000000001 4.83705535552715 0.800000000000001 4.88692190558413 0.800000000000001 4.93678845564111 0.800000000000001 4.9866550056981 0.800000000000001 5.03652155575508 0.800000000000001 5.08638810581206 0.800000000000001 5.13625465586904 0.800000000000001 5.18612120592602 0.800000000000001 5.235987755983 0.800000000000001 5.28585430603998 0.800000000000001 5.33572085609696 0.800000000000001 5.38558740615394 0.800000000000001 5.43545395621092 0.800000000000001 5.48532050626791 0.800000000000001 5.53518705632489 0.800000000000001 5.58505360638187 0.800000000000001 5.63492015643885 0.800000000000001 5.68478670649583 0.800000000000001 5.73465325655281 0.800000000000001 5.78451980660979 0.800000000000001 5.83438635666677 0.800000000000001 5.88425290672375 0.800000000000001 5.93411945678073 0.800000000000001 5.98398600683772 0.800000000000001 6.0338525568947 0.800000000000001 6.08371910695168 0.800000000000001 6.13358565700866 0.800000000000001 6.18345220706564 0.800000000000001 6.23331875712262 0.800000000000001 6.28318530717959 0.800000000000001 0 0 0.0498665500569808 0 0.0997331001139617 0 0.149599650170943 0 0.199466200227923 0 0.249332750284904 0 0.299199300341885 0 0.349065850398866 0 0.398932400455847 0 0.448798950512828 0 0.498665500569808 0 0.548532050626789 0 0.59839860068377 0 0.648265150740751 0 0.698131700797732 0 0.747998250854712 0 0.797864800911693 0 0.847731350968674 0 0.897597901025655 0 0.947464451082636 0 0.997331001139617 0 1.0471975511966 0 1.09706410125358 0 1.14693065131056 0 1.19679720136754 0 1.24666375142452 0 1.2965303014815 0 1.34639685153848 0 1.39626340159546 0 1.44612995165244 0 1.49599650170942 0 1.54586305176641 0 1.59572960182339 0 1.64559615188037 0 1.69546270193735 0 1.74532925199433 0 1.79519580205131 0 1.84506235210829 0 1.89492890216527 0 1.94479545222225 0 1.99466200227923 0 2.04452855233621 0 2.09439510239319 0 2.14426165245018 0 2.19412820250716 0 2.24399475256414 0 2.29386130262112 0 2.3437278526781 0 2.39359440273508 0 2.44346095279206 0 2.49332750284904 0 2.54319405290602 0 2.59306060296301 0 2.64292715301999 0 2.69279370307697 0 2.74266025313395 0 2.79252680319093 0 2.84239335324791 0 2.89225990330489 0 2.94212645336187 0 2.99199300341885 0 3.04185955347583 0 3.09172610353282 0 3.1415926535898 0 3.19145920364678 0 3.24132575370376 0 3.29119230376074 0 3.34105885381772 0 3.3909254038747 0 3.44079195393168 0 3.49065850398866 0 3.54052505404564 0 3.59039160410263 0 3.64025815415961 0 3.69012470421659 0 3.73999125427357 0 3.78985780433055 0 3.83972435438753 0 3.88959090444451 0 3.93945745450149 0 3.98932400455847 0 4.03919055461546 0 4.08905710467244 0 4.13892365472942 0 4.1887902047864 0 4.23865675484338 0 4.28852330490036 0 4.33838985495734 0 4.38825640501432 0 4.4381229550713 0 4.48798950512828 0 4.53785605518527 0 4.58772260524225 0 4.63758915529923 0 4.68745570535621 0 4.73732225541319 0 4.78718880547017 0 4.83705535552715 0 4.88692190558413 0 4.93678845564111 0 4.9866550056981 0 5.03652155575508 0 5.08638810581206 0 5.13625465586904 0 5.18612120592602 0 5.235987755983 0 5.28585430603998 0 5.33572085609696 0 5.38558740615394 0 5.43545395621092 0 5.48532050626791 0 5.53518705632489 0 5.58505360638187 0 5.63492015643885 0 5.68478670649583 0 5.73465325655281 0 5.78451980660979 0 5.83438635666677 0 5.88425290672375 0 5.93411945678073 0 5.98398600683772 0 6.0338525568947 0 6.08371910695168 0 6.13358565700866 0 6.18345220706564 0 6.23331875712262 0 6.28318530717959 0 2 1 128 2 128 129 3 129 130 3 2 129 4 130 131 4 3 130 5 131 132 5 4 131 6 132 133 6 5 132 7 133 134 7 6 133 8 134 135 8 135 136 8 7 134 9 136 137 9 8 136 10 9 137 11 137 138 11 10 137 12 11 138 12 138 139 12 139 140 13 12 140 14 13 140 14 140 141 15 14 141 15 141 142 16 15 142 16 142 143 16 143 144 17 16 144 18 17 144 18 144 145 18 145 146 19 18 146 19 146 147 20 19 147 21 20 147 21 147 148 22 21 148 22 148 149 23 22 149 23 149 150 24 150 151 24 23 150 25 151 152 25 24 151 26 152 153 26 25 152 27 153 154 27 26 153 28 154 155 28 27 154 29 155 156 29 28 155 30 156 157 30 29 156 31 157 158 31 30 157 32 158 159 32 31 158 33 159 160 33 32 159 34 160 161 34 33 160 35 161 162 35 34 161 36 162 163 36 35 162 37 163 164 37 36 163 38 37 164 38 164 165 39 38 165 39 165 166 40 39 166 40 166 167 41 40 167 41 167 168 42 41 168 42 168 169 43 42 169 43 169 170 43 170 171 44 43 171 44 171 172 45 44 172 46 45 172 46 172 173 47 46 173 47 173 174 48 47 174 48 174 175 49 48 175 49 175 176 50 49 176 50 176 177 51 50 177 51 177 178 52 51 178 52 178 179 53 52 179 53 179 180 53 180 181 54 53 181 55 54 181 55 181 182 56 55 182 56 182 183 57 56 183 57 183 184 58 57 184 58 184 185 59 185 186 59 58 185 60 186 187 60 187 188 60 59 186 61 60 188 62 188 189 62 61 188 63 62 189 63 189 190 64 63 190 64 190 191 64 191 192 65 64 192 66 65 192 66 192 193 67 66 193 67 193 194 67 194 195 68 67 195 69 68 195 69 195 196 69 196 197 70 69 197 71 70 197 71 197 198 72 71 198 72 198 199 73 72 199 73 199 200 73 200 201 74 73 201 74 201 202 75 202 203 75 74 202 76 75 203 77 203 204 77 76 203 78 204 205 78 205 206 78 77 204 79 78 206 80 206 207 80 79 206 81 207 208 81 80 207 82 208 209 82 81 208 83 209 210 83 82 209 84 210 211 84 83 210 85 211 212 85 84 211 86 212 213 86 85 212 87 213 214 87 86 213 88 214 215 88 87 214 89 88 215 89 215 216 90 89 216 90 216 217 91 90 217 91 217 218 92 91 218 92 218 219 93 219 220 93 92 219 94 220 221 94 93 220 95 221 222 95 94 221 96 222 223 96 95 222 97 223 224 97 96 223 98 224 225 98 97 224 99 225 226 99 98 225 100 226 227 100 99 226 101 227 228 101 100 227 102 228 229 102 101 228 103 229 230 103 102 229 104 230 231 104 103 230 105 231 232 105 104 231 106 232 233 106 105 232 107 233 234 107 106 233 108 234 235 108 107 234 109 235 236 109 108 235 110 236 237 110 109 236 111 237 238 111 110 237 112 238 239 112 111 238 113 112 239 113 239 240 114 113 240 114 240 241 115 114 241 115 241 242 116 115 242 116 242 243 117 116 243 117 243 244 118 117 244 118 244 245 119 118 245 119 245 246 120 119 246 120 246 247 120 247 248 121 120 248 122 121 248 122 248 249 122 249 250 123 122 250 124 123 250 124 250 251 124 251 252 125 124 252 126 252 253 126 125 252 127 253 254 127 126 253 
254 252 1 0 0.000202031699473461
23.15 -12.5 16 23.1491919987923 -12.4676001743205 16 23.1467700039875 -12.4352808997127 16 23.1427400370463 -12.4031225269855 16 23.1371121171016 -12.3712050069204 16 23.1299002360489 -12.3396076915013 16 23.121122323761 -12.3084091366329 16 23.1108002035108 -12.2776869068383 16 23.0989595377158 -12.2475173824214 16 23.0856297641366 -12.2179755695736 16 23.0708440226907 -12.1891349138961 16 23.0546390730609 -12.1610671178033 16 23.0370552033054 -12.1338419622586 16 23.0181361296949 -12.1075271332884 16 22.9979288880273 -12.0821880537037 16 22.9764837166894 -12.0578877204489 16 22.9538539317559 -12.0346865479812 16 22.930095794438 -12.012642218071 16 22.9052683712082 -11.9918095363958 16 22.8794333869526 -11.9722402962847 16 22.8526550715127 -11.953983149952 16 22.825 -11.9370834875401 16 22.7965369272796 -11.9215833242725 16 22.7673366170349 -11.9075211959974 16 22.7374716658382 -11.8949320633813 16 22.7070163226636 -11.8838472249914 16 22.676046304293 -11.8742942394825 16 22.6446386070716 -11.8662968570818 16 22.6128713154835 -11.8598749605421 16 22.5808234080209 -11.8550445157099 16 22.5485745608312 -11.8518175318322 16 22.5162049496297 -11.8502020316995 16 22.4837950503703 -11.8502020316995 16 22.4514254391688 -11.8518175318322 16 22.4191765919791 -11.8550445157099 16 22.3871286845165 -11.8598749605421 16 22.3553613929284 -11.8662968570818 16 22.323953695707 -11.8742942394825 16 22.2929836773364 -11.8838472249914 16 22.2625283341618 -11.8949320633813 16 22.2326633829651 -11.9075211959974 16 22.2034630727204 -11.9215833242725 16 22.175 -11.9370834875401 16 22.1473449284873 -11.953983149952 16 22.1205666130474 -11.9722402962847 16 22.0947316287918 -11.9918095363958 16 22.069904205562 -12.012642218071 16 22.0461460682441 -12.0346865479812 16 22.0235162833106 -12.0578877204489 16 22.0020711119727 -12.0821880537037 16 21.9818638703051 -12.1075271332884 16 21.9629447966946 -12.1338419622586 16 21.9453609269391 -12.1610671178033 16 21.9291559773093 -12.1891349138961 16 21.9143702358634 -12.2179755695736 16 21.9010404622842 -12.2475173824214 16 21.8891997964892 -12.2776869068383 16 21.878877676239 -12.3084091366329 16 21.8700997639511 -12.3396076915013 16 21.8628878828984 -12.3712050069204 16 21.8572599629537 -12.4031225269855 16 21.8532299960125 -12.4352808997127 16 21.8508080012077 -12.4676001743205 16 21.85 -12.5 16 21.8508080012077 -12.5323998256795 16 21.8532299960125 -12.5647191002873 16 21.8572599629537 -12.5968774730145 16 21.8628878828984 -12.6287949930796 16 21.8700997639511 -12.6603923084987 16 21.878877676239 -12.6915908633671 16 21.8891997964892 -12.7223130931617 16 21.9010404622842 -12.7524826175786 16 21.9143702358634 -12.7820244304264 16 21.9291559773094 -12.8108650861039 16 21.9453609269391 -12.8389328821967 16 21.9629447966946 -12.8661580377414 16 21.9818638703051 -12.8924728667116 16 22.0020711119727 -12.9178119462963 16 22.0235162833106 -12.9421122795511 16 22.0461460682441 -12.9653134520188 16 22.069904205562 -12.987357781929 16 22.0947316287918 -13.0081904636042 16 22.1205666130474 -13.0277597037153 16 22.1473449284873 -13.046016850048 16 22.175 -13.0629165124599 16 22.2034630727204 -13.0784166757275 16 22.2326633829651 -13.0924788040026 16 22.2625283341618 -13.1050679366187 16 22.2929836773364 -13.1161527750086 16 22.3239536957071 -13.1257057605175 16 22.3553613929284 -13.1337031429182 16 22.3871286845165 -13.1401250394579 16 22.4191765919791 -13.1449554842901 16 22.4514254391688 -13.1481824681678 16 22.4837950503703 -13.1497979683005 16 22.5162049496298 -13.1497979683005 16 22.5485745608312 -13.1481824681678 16 22.5808234080209 -13.1449554842901 16 22.6128713154835 -13.1401250394579 16 22.6446386070716 -13.1337031429182 16 22.676046304293 -13.1257057605175 16 22.7070163226636 -13.1161527750086 16 22.7374716658382 -13.1050679366187 16 22.7673366170349 -13.0924788040026 16 22.7965369272796 -13.0784166757275 16 22.825 -13.0629165124599 16 22.8526550715127 -13.046016850048 16 22.8794333869526 -13.0277597037153 16 22.9052683712082 -13.0081904636042 16 22.930095794438 -12.987357781929 16 22.953853931756 -12.9653134520188 16 22.9764837166894 -12.9421122795511 16 22.9979288880273 -12.9178119462962 16 23.0181361296949 -12.8924728667116 16 23.0370552033054 -12.8661580377413 16 23.0546390730609 -12.8389328821967 16 23.0708440226907 -12.8108650861038 16 23.0856297641366 -12.7820244304264 16 23.0989595377158 -12.7524826175785 16 23.1108002035108 -12.7223130931617 16 23.121122323761 -12.6915908633671 16 23.1299002360489 -12.6603923084987 16 23.1371121171016 -12.6287949930796 16 23.1427400370463 -12.5968774730145 16 23.1467700039875 -12.5647191002873 16 23.1491919987923 -12.5323998256794 16 23.15 -12.5 16 23.15 -12.5 15.2 23.1491919987923 -12.4676001743205 15.2 23.1467700039875 -12.4352808997127 15.2 23.1427400370463 -12.4031225269855 15.2 23.1371121171016 -12.3712050069204 15.2 23.1299002360489 -12.3396076915013 15.2 23.121122323761 -12.3084091366329 15.2 23.1108002035108 -12.2776869068383 15.2 23.0989595377158 -12.2475173824214 15.2 23.0856297641366 -12.2179755695736 15.2 23.0708440226907 -12.1891349138961 15.2 23.0546390730609 -12.1610671178033 15.2 23.0370552033054 -12.1338419622586 15.2 23.0181361296949 -12.1075271332884 15.2 22.9979288880273 -12.0821880537037 15.2 22.9764837166894 -12.0578877204489 15.2 22.9538539317559 -12.0346865479812 15.2 22.930095794438 -12.012642218071 15.2 22.9052683712082 -11.9918095363958 15.2 22.8794333869526 -11.9722402962847 15.2 22.8526550715127 -11.953983149952 15.2 22.825 -11.9370834875401 15.2 22.7965369272796 -11.9215833242725 15.2 22.7673366170349 -11.9075211959974 15.2 22.7374716658382 -11.8949320633813 15.2 22.7070163226636 -11.8838472249914 15.2 22.676046304293 -11.8742942394825 15.2 22.6446386070716 -11.8662968570818 15.2 22.6128713154835 -11.8598749605421 15.2 22.5808234080209 -11.8550445157099 15.2 22.5485745608312 -11.8518175318322 15.2 22.5162049496297 -11.8502020316995 15.2 22.4837950503703 -11.8502020316995 15.2 22.4514254391688 -11.8518175318322 15.2 22.4191765919791 -11.8550445157099 15.2 22.3871286845165 -11.8598749605421 15.2 22.3553613929284 -11.8662968570818 15.2 22.323953695707 -11.8742942394825 15.2 22.2929836773364 -11.8838472249914 15.2 22.2625283341618 -11.8949320633813 15.2 22.2326633829651 -11.9075211959974 15.2 22.2034630727204 -11.9215833242725 15.2 22.175 -11.9370834875401 15.2 22.1473449284873 -11.953983149952 15.2 22.1205666130474 -11.9722402962847 15.2 22.0947316287918 -11.9918095363958 15.2 22.069904205562 -12.012642218071 15.2 22.0461460682441 -12.0346865479812 15.2 22.0235162833106 -12.0578877204489 15.2 22.0020711119727 -12.0821880537037 15.2 21.9818638703051 -12.1075271332884 15.2 21.9629447966946 -12.1338419622586 15.2 21.9453609269391 -12.1610671178033 15.2 21.9291559773093 -12.1891349138961 15.2 21.9143702358634 -12.2179755695736 15.2 21.9010404622842 -12.2475173824214 15.2 21.8891997964892 -12.2776869068383 15.2 21.878877676239 -12.3084091366329 15.2 21.8700997639511 -12.3396076915013 15.2 21.8628878828984 -12.3712050069204 15.2 21.8572599629537 -12.4031225269855 15.2 21.8532299960125 -12.4352808997127 15.2 21.8508080012077 -12.4676001743205 15.2 21.85 -12.5 15.2 21.8508080012077 -12.5323998256795 15.2 21.8532299960125 -12.5647191002873 15.2 21.8572599629537 -12.5968774730145 15.2 21.8628878828984 -12.6287949930796 15.2 21.8700997639511 -12.6603923084987 15.2 21.878877676239 -12.6915908633671 15.2 21.8891997964892 -12.7223130931617 15.2 21.9010404622842 -12.7524826175786 15.2 21.9143702358634 -12.7820244304264 15.2 21.9291559773094 -12.8108650861039 15.2 21.9453609269391 -12.8389328821967 15.2 21.9629447966946 -12.8661580377414 15.2 21.9818638703051 -12.8924728667116 15.2 22.0020711119727 -12.9178119462963 15.2 22.0235162833106 -12.9421122795511 15.2 22.0461460682441 -12.9653134520188 15.2 22.069904205562 -12.987357781929 15.2 22.0947316287918 -13.0081904636042 15.2 22.1205666130474 -13.0277597037153 15.2 22.1473449284873 -13.046016850048 15.2 22.175 -13.0629165124599 15.2 22.2034630727204 -13.0784166757275 15.2 22.2326633829651 -13.0924788040026 15.2 22.2625283341618 -13.1050679366187 15.2 22.2929836773364 -13.1161527750086 15.2 22.3239536957071 -13.1257057605175 15.2 22.3553613929284 -13.1337031429182 15.2 22.3871286845165 -13.1401250394579 15.2 22.4191765919791 -13.1449554842901 15.2 22.4514254391688 -13.1481824681678 15.2 22.4837950503703 -13.1497979683005 15.2 22.5162049496298 -13.1497979683005 15.2 22.5485745608312 -13.1481824681678 15.2 22.5808234080209 -13.1449554842901 15.2 22.6128713154835 -13.1401250394579 15.2 22.6446386070716 -13.1337031429182 15.2 22.676046304293 -13.1257057605175 15.2 22.7070163226636 -13.1161527750086 15.2 22.7374716658382 -13.1050679366187 15.2 22.7673366170349 -13.0924788040026 15.2 22.7965369272796 -13.0784166757275 15.2 22.825 -13.0629165124599 15.2 22.8526550715127 -13.046016850048 15.2 22.8794333869526 -13.0277597037153 15.2 22.9052683712082 -13.0081904636042 15.2 22.930095794438 -12.987357781929 15.2 22.953853931756 -12.9653134520188 15.2 22.9764837166894 -12.9421122795511 15.2 22.9979288880273 -12.9178119462962 15.2 23.0181361296949 -12.8924728667116 15.2 23.0370552033054 -12.8661580377413 15.2 23.0546390730609 -12.8389328821967 15.2 23.0708440226907 -12.8108650861038 15.2 23.0856297641366 -12.7820244304264 15.2 23.0989595377158 -12.7524826175785 15.2 23.1108002035108 -12.7223130931617 15.2 23.121122323761 -12.6915908633671 15.2 23.1299002360489 -12.6603923084987 15.2 23.1371121171016 -12.6287949930796 15.2 23.1427400370463 -12.5968774730145 15.2 23.1467700039875 -12.5647191002873 15.2 23.1491919987923 -12.5323998256794 15.2 23.15 -12.5 15.2 0 0.800000000000001 0.0498665500569808 0.800000000000001 0.0997331001139617 0.800000000000001 0.149599650170943 0.800000000000001 0.199466200227923 0.800000000000001 0.249332750284904 0.800000000000001 0.299199300341885 0.800000000000001 0.349065850398866 0.800000000000001 0.398932400455847 0.800000000000001 0.448798950512828 0.800000000000001 0.498665500569808 0.800000000000001 0.548532050626789 0.800000000000001 0.59839860068377 0.800000000000001 0.648265150740751 0.800000000000001 0.698131700797732 0.800000000000001 0.747998250854712 0.800000000000001 0.797864800911693 0.800000000000001 0.847731350968674 0.800000000000001 0.897597901025655 0.800000000000001 0.947464451082636 0.800000000000001 0.997331001139617 0.800000000000001 1.0471975511966 0.800000000000001 1.09706410125358 0.800000000000001 1.14693065131056 0.800000000000001 1.19679720136754 0.800000000000001 1.24666375142452 0.800000000000001 1.2965303014815 0.800000000000001 1.34639685153848 0.800000000000001 1.39626340159546 0.800000000000001 1.44612995165244 0.800000000000001 1.49599650170942 0.800000000000001 1.54586305176641 0.800000000000001 1.59572960182339 0.800000000000001 1.64559615188037 0.800000000000001 1.69546270193735 0.800000000000001 1.74532925199433 0.800000000000001 1.79519580205131 0.800000000000001 1.84506235210829 0.800000000000001 1.89492890216527 0.800000000000001 1.94479545222225 0.800000000000001 1.99466200227923 0.800000000000001 2.04452855233621 0.800000000000001 2.09439510239319 0.800000000000001 2.14426165245018 0.800000000000001 2.19412820250716 0.800000000000001 2.24399475256414 0.800000000000001 2.29386130262112 0.800000000000001 2.3437278526781 0.800000000000001 2.39359440273508 0.800000000000001 2.44346095279206 0.800000000000001 2.49332750284904 0.800000000000001 2.54319405290602 0.800000000000001 2.59306060296301 0.800000000000001 2.64292715301999 0.800000000000001 2.69279370307697 0.800000000000001 2.74266025313395 0.800000000000001 2.79252680319093 0.800000000000001 2.84239335324791 0.800000000000001 2.89225990330489 0.800000000000001 2.94212645336187 0.800000000000001 2.99199300341885 0.800000000000001 3.04185955347583 0.800000000000001 3.09172610353282 0.800000000000001 3.1415926535898 0.800000000000001 3.19145920364678 0.800000000000001 3.24132575370376 0.800000000000001 3.29119230376074 0.800000000000001 3.34105885381772 0.800000000000001 3.3909254038747 0.800000000000001 3.44079195393168 0.800000000000001 3.49065850398866 0.800000000000001 3.54052505404564 0.800000000000001 3.59039160410263 0.800000000000001 3.64025815415961 0.800000000000001 3.69012470421659 0.800000000000001 3.73999125427357 0.800000000000001 3.78985780433055 0.800000000000001 3.83972435438753 0.800000000000001 3.88959090444451 0.800000000000001 3.93945745450149 0.800000000000001 3.98932400455847 0.800000000000001 4.03919055461546 0.800000000000001 4.08905710467244 0.800000000000001 4.13892365472942 0.800000000000001 4.1887902047864 0.800000000000001 4.23865675484338 0.800000000000001 4.28852330490036 0.800000000000001 4.33838985495734 0.800000000000001 4.38825640501432 0.800000000000001 4.4381229550713 0.800000000000001 4.48798950512828 0.800000000000001 4.53785605518527 0.800000000000001 4.58772260524225 0.800000000000001 4.63758915529923 0.800000000000001 4.68745570535621 0.800000000000001 4.73732225541319 0.800000000000001 4.78718880547017 0.800000000000001 4.83705535552715 0.800000000000001 4.88692190558413 0.800000000000001 4.93678845564111 0.800000000000001 4.9866550056981 0.800000000000001 5.03652155575508 0.800000000000001 5.08638810581206 0.800000000000001 5.13625465586904 0.800000000000001 5.18612120592602 0.800000000000001 5.235987755983 0.800000000000001 5.28585430603998 0.800000000000001 5.33572085609696 0.800000000000001 5.38558740615394 0.800000000000001 5.43545395621092 0.800000000000001 5.48532050626791 0.800000000000001 5.53518705632489 0.800000000000001 5.58505360638187 0.800000000000001 5.63492015643885 0.800000000000001 5.68478670649583 0.800000000000001 5.73465325655281 0.800000000000001 5.78451980660979 0.800000000000001 5.83438635666677 0.800000000000001 5.88425290672375 0.800000000000001 5.93411945678073 0.800000000000001 5.98398600683772 0.800000000000001 6.0338525568947 0.800000000000001 6.08371910695168 0.800000000000001 6.13358565700866 0.800000000000001 6.18345220706564 0.800000000000001 6.23331875712262 0.800000000000001 6.28318530717959 0.800000000000001 0 0 0.0498665500569808 0 0.0997331001139617 0 0.149599650170943 0 0.199466200227923 0 0.249332750284904 0 0.299199300341885 0 0.349065850398866 0 0.398932400455847 0 0.448798950512828 0 0.498665500569808 0 0.548532050626789 0 0.59839860068377 0 0.648265150740751 0 0.698131700797732 0 0.747998250854712 0 0.797864800911693 0 0.847731350968674 0 0.897597901025655 0 0.947464451082636 0 0.997331001139617 0 1.0471975511966 0 1.09706410125358 0 1.14693065131056 0 1.19679720136754 0 1.24666375142452 0 1.2965303014815 0 1.34639685153848 0 1.39626340159546 0 1.44612995165244 0 1.49599650170942 0 1.54586305176641 0 1.59572960182339 0 1.64559615188037 0 1.69546270193735 0 1.74532925199433 0 1.79519580205131 0 1.84506235210829 0 1.89492890216527 0 1.94479545222225 0 1.99466200227923 0 2.04452855233621 0 2.09439510239319 0 2.14426165245018 0 2.19412820250716 0 2.24399475256414 0 2.29386130262112 0 2.3437278526781 0 2.39359440273508 0 2.44346095279206 0 2.49332750284904 0 2.54319405290602 0 2.59306060296301 0 2.64292715301999 0 2.69279370307697 0 2.74266025313395 0 2.79252680319093 0 2.84239335324791 0 2.89225990330489 0 2.94212645336187 0 2.99199300341885 0 3.04185955347583 0 3.09172610353282 0 3.1415926535898 0 3.19145920364678 0 3.24132575370376 0 3.29119230376074 0 3.34105885381772 0 3.3909254038747 0 3.44079195393168 0 3.49065850398866 0 3.54052505404564 0 3.59039160410263 0 3.64025815415961 0 3.69012470421659 0 3.73999125427357 0 3.78985780433055 0 3.83972435438753 0 3.88959090444451 0 3.93945745450149 0 3.98932400455847 0 4.03919055461546 0 4.08905710467244 0 4.13892365472942 0 4.1887902047864 0 4.23865675484338 0 4.28852330490036 0 4.33838985495734 0 4.38825640501432 0 4.4381229550713 0 4.48798950512828 0 4.53785605518527 0 4.58772260524225 0 4.63758915529923 0 4.68745570535621 0 4.73732225541319 0 4.78718880547017 0 4.83705535552715 0 4.88692190558413 0 4.93678845564111 0 4.9866550056981 0 5.03652155575508 0 5.08638810581206 0 5.13625465586904 0 5.18612120592602 0 5.235987755983 0 5.28585430603998 0 5.33572085609696 0 5.38558740615394 0 5.43545395621092 0 5.48532050626791 0 5.53518705632489 0 5.58505360638187 0 5.63492015643885 0 5.68478670649583 0 5.73465325655281 0 5.78451980660979 0 5.83438635666677 0 5.88425290672375 0 5.93411945678073 0 5.98398600683772 0 6.0338525568947 0 6.08371910695168 0 6.13358565700866 0 6.18345220706564 0 6.23331875712262 0 6.28318530717959 0 2 1 128 2 128 129 3 129 130 3 2 129 4 130 131 4 3 130 5 131 132 5 4 131 6 132 133 6 5 132 7 133 134 7 6 133 8 134 135 8 135 136 8 7 134 9 136 137 9 8 136 10 9 137 11 137 138 11 10 137 12 11 138 12 138 139 12 139 140 13 12 140 14 13 140 14 140 141 15 14 141 15 141 142 16 15 142 16 142 143 16 143 144 17 16 144 18 17 144 18 144 145 18 145 146 19 18 146 19 146 147 20 19 147 21 20 147 21 147 148 22 21 148 22 148 149 23 22 149 23 149 150 24 150 151 24 23 150 25 151 152 25 24 151 26 152 153 26 25 152 27 153 154 27 26 153 28 154 155 28 27 154 29 155 156 29 28 155 30 156 157 30 29 156 31 157 158 31 30 157 32 158 159 32 31 158 33 159 160 33 32 159 34 160 161 34 33 160 35 161 162 35 34 161 36 162 163 36 35 162 37 163 164 37 36 163 38 37 164 38 164 165 39 38 165 39 165 166 40 39 166 40 166 167 41 40 167 41 167 168 42 41 168 42 168 169 43 42 169 43 169 170 43 170 171 44 43 171 44 171 172 45 44 172 46 45 172 46 172 173 47 46 173 47 173 174 48 47 174 48 174 175 49 48 175 49 175 176 50 49 176 50 176 177 51 50 177 51 177 178 52 51 178 52 178 179 53 52 179 53 179 180 53 180 181 54 53 181 55 54 181 55 181 182 56 55 182 56 182 183 57 56 183 57 183 184 58 57 184 58 184 185 59 185 186 59 58 185 60 186 187 60 187 188 60 59 186 61 60 188 62 188 189 62 61 188 63 62 189 63 189 190 64 63 190 64 190 191 64 191 192 65 64 192 66 65 192 66 192 193 67 66 193 67 193 194 67 194 195 68 67 195 69 68 195 69 195 196 69 196 197 70 69 197 71 70 197 71 197 198 72 71 198 72 198 199 73 72 199 73 199 200 73 200 201 74 73 201 74 201 202 75 202 203 75 74 202 76 75 203 77 203 204 77 76 203 78 204 205 78 205 206 78 77 204 79 78 206 80 206 207 80 79 206 81 207 208 81 80 207 82 208 209 82 81 208 83 209 210 83 82 209 84 210 211 84 83 210 85 211 212 85 84 211 86 212 213 86 85 212 87 213 214 87 86 213 88 214 215 88 87 214 89 88 215 89 215 216 90 89 216 90 216 217 91 90 217 91 217 218 92 91 218 92 218 219 93 219 220 93 92 219 94 220 221 94 93 220 95 221 222 95 94 221 96 222 223 96 95 222 97 223 224 97 96 223 98 224 225 98 97 224 99 225 226 99 98 225 100 226 227 100 99 226 101 227 228 101 100 227 102 228 229 102 101 228 103 229 230 103 102 229 104 230 231 104 103 230 105 231 232 105 104 231 106 232 233 106 105 232 107 233 234 107 106 233 108 234 235 108 107 234 109 235 236 109 108 235 110 236 237 110 109 236 111 237 238 111 110 237 112 238 239 112 111 238 113 112 239 113 239 240 114 113 240 114 240 241 115 114 241 115 241 242 116 115 242 116 242 243 117 116 243 117 243 244 118 117 244 118 244 245 119 118 245 119 245 246 120 119 246 120 246 247 120 247 248 121 120 248 122 121 248 122 248 249 122 249 250 123 122 250 124 123 250 124 250 251 124 251 252 125 124 252 126 252 253 126 125 252 127 253 254 127 126 253 
254 252 1 0 0.000202031699473461
25.65 -12.5 16 25.6491919987923 -12.4676001743205 16 25.6467700039875 -12.4352808997127 16 25.6427400370463 -12.4031225269855 16 25.6371121171016 -12.3712050069204 16 25.6299002360489 -12.3396076915013 16 25.621122323761 -12.3084091366329 16 25.6108002035108 -12.2776869068383 16 25.5989595377158 -12.2475173824214 16 25.5856297641366 -12.2179755695736 16 25.5708440226907 -12.1891349138961 16 25.5546390730609 -12.1610671178033 16 25.5370552033054 -12.1338419622586 16 25.5181361296949 -12.1075271332884 16 25.4979288880273 -12.0821880537037 16 25.4764837166894 -12.0578877204489 16 25.4538539317559 -12.0346865479812 16 25.430095794438 -12.012642218071 16 25.4052683712082 -11.9918095363958 16 25.3794333869526 -11.9722402962847 16 25.3526550715127 -11.953983149952 16 25.325 -11.9370834875401 16 25.2965369272796 -11.9215833242725 16 25.2673366170349 -11.9075211959974 16 25.2374716658382 -11.8949320633813 16 25.2070163226636 -11.8838472249914 16 25.176046304293 -11.8742942394825 16 25.1446386070716 -11.8662968570818 16 25.1128713154835 -11.8598749605421 16 25.0808234080209 -11.8550445157099 16 25.0485745608312 -11.8518175318322 16 25.0162049496297 -11.8502020316995 16 24.9837950503703 -11.8502020316995 16 24.9514254391688 -11.8518175318322 16 24.9191765919791 -11.8550445157099 16 24.8871286845165 -11.8598749605421 16 24.8553613929284 -11.8662968570818 16 24.823953695707 -11.8742942394825 16 24.7929836773364 -11.8838472249914 16 24.7625283341618 -11.8949320633813 16 24.7326633829651 -11.9075211959974 16 24.7034630727204 -11.9215833242725 16 24.675 -11.9370834875401 16 24.6473449284873 -11.953983149952 16 24.6205666130474 -11.9722402962847 16 24.5947316287918 -11.9918095363958 16 24.569904205562 -12.012642218071 16 24.5461460682441 -12.0346865479812 16 24.5235162833106 -12.0578877204489 16 24.5020711119727 -12.0821880537037 16 24.4818638703051 -12.1075271332884 16 24.4629447966946 -12.1338419622586 16 24.4453609269391 -12.1610671178033 16 24.4291559773093 -12.1891349138961 16 24.4143702358634 -12.2179755695736 16 24.4010404622842 -12.2475173824214 16 24.3891997964892 -12.2776869068383 16 24.378877676239 -12.3084091366329 16 24.3700997639511 -12.3396076915013 16 24.3628878828984 -12.3712050069204 16 24.3572599629537 -12.4031225269855 16 24.3532299960125 -12.4352808997127 16 24.3508080012077 -12.4676001743205 16 24.35 -12.5 16 24.3508080012077 -12.5323998256795 16 24.3532299960125 -12.5647191002873 16 24.3572599629537 -12.5968774730145 16 24.3628878828984 -12.6287949930796 16 24.3700997639511 -12.6603923084987 16 24.378877676239 -12.6915908633671 16 24.3891997964892 -12.7223130931617 16 24.4010404622842 -12.7524826175786 16 24.4143702358634 -12.7820244304264 16 24.4291559773094 -12.8108650861039 16 24.4453609269391 -12.8389328821967 16 24.4629447966946 -12.8661580377414 16 24.4818638703051 -12.8924728667116 16 24.5020711119727 -12.9178119462963 16 24.5235162833106 -12.9421122795511 16 24.5461460682441 -12.9653134520188 16 24.569904205562 -12.987357781929 16 24.5947316287918 -13.0081904636042 16 24.6205666130474 -13.0277597037153 16 24.6473449284873 -13.046016850048 16 24.675 -13.0629165124599 16 24.7034630727204 -13.0784166757275 16 24.7326633829651 -13.0924788040026 16 24.7625283341618 -13.1050679366187 16 24.7929836773364 -13.1161527750086 16 24.8239536957071 -13.1257057605175 16 24.8553613929284 -13.1337031429182 16 24.8871286845165 -13.1401250394579 16 24.9191765919791 -13.1449554842901 16 24.9514254391688 -13.1481824681678 16 24.9837950503703 -13.1497979683005 16 25.0162049496298 -13.1497979683005 16 25.0485745608312 -13.1481824681678 16 25.0808234080209 -13.1449554842901 16 25.1128713154835 -13.1401250394579 16 25.1446386070716 -13.1337031429182 16 25.176046304293 -13.1257057605175 16 25.2070163226636 -13.1161527750086 16 25.2374716658382 -13.1050679366187 16 25.2673366170349 -13.0924788040026 16 25.2965369272796 -13.0784166757275 16 25.325 -13.0629165124599 16 25.3526550715127 -13.046016850048 16 25.3794333869526 -13.0277597037153 16 25.4052683712082 -13.0081904636042 16 25.430095794438 -12.987357781929 16 25.453853931756 -12.9653134520188 16 25.4764837166894 -12.9421122795511 16 25.4979288880273 -12.9178119462962 16 25.5181361296949 -12.8924728667116 16 25.5370552033054 -12.8661580377413 16 25.5546390730609 -12.8389328821967 16 25.5708440226907 -12.8108650861038 16 25.5856297641366 -12.7820244304264 16 25.5989595377158 -12.7524826175785 16 25.6108002035108 -12.7223130931617 16 25.621122323761 -12.6915908633671 16 25.6299002360489 -12.6603923084987 16 25.6371121171016 -12.6287949930796 16 25.6427400370463 -12.5968774730145 16 25.6467700039875 -12.5647191002873 16 25.6491919987923 -12.5323998256794 16 25.65 -12.5 16 25.65 -12.5 15.2 25.6491919987923 -12.4676001743205 15.2 25.6467700039875 -12.4352808997127 15.2 25.6427400370463 -12.4031225269855 15.2 25.6371121171016 -12.3712050069204 15.2 25.6299002360489 -12.3396076915013 15.2 25.621122323761 -12.3084091366329 15.2 25.6108002035108 -12.2776869068383 15.2 25.5989595377158 -12.2475173824214 15.2 25.5856297641366 -12.2179755695736 15.2 25.5708440226907 -12.1891349138961 15.2 25.5546390730609 -12.1610671178033 15.2 25.5370552033054 -12.1338419622586 15.2 25.5181361296949 -12.1075271332884 15.2 25.4979288880273 -12.0821880537037 15.2 25.4764837166894 -12.0578877204489 15.2 25.4538539317559 -12.0346865479812 15.2 25.430095794438 -12.012642218071 15.2 25.4052683712082 -11.9918095363958 15.2 25.3794333869526 -11.9722402962847 15.2 25.3526550715127 -11.953983149952 15.2 25.325 -11.9370834875401 15.2 25.2965369272796 -11.9215833242725 15.2 25.2673366170349 -11.9075211959974 15.2 25.2374716658382 -11.8949320633813 15.2 25.2070163226636 -11.8838472249914 15.2 25.176046304293 -11.8742942394825 15.2 25.1446386070716 -11.8662968570818 15.2 25.1128713154835 -11.8598749605421 15.2 25.0808234080209 -11.8550445157099 15.2 25.0485745608312 -11.8518175318322 15.2 25.0162049496297 -11.8502020316995 15.2 24.9837950503703 -11.8502020316995 15.2 24.9514254391688 -11.8518175318322 15.2 24.9191765919791 -11.8550445157099 15.2 24.8871286845165 -11.8598749605421 15.2 24.8553613929284 -11.8662968570818 15.2 24.823953695707 -11.8742942394825 15.2 24.7929836773364 -11.8838472249914 15.2 24.7625283341618 -11.8949320633813 15.2 24.7326633829651 -11.9075211959974 15.2 24.7034630727204 -11.9215833242725 15.2 24.675 -11.9370834875401 15.2 24.6473449284873 -11.953983149952 15.2 24.6205666130474 -11.9722402962847 15.2 24.5947316287918 -11.9918095363958 15.2 24.569904205562 -12.012642218071 15.2 24.5461460682441 -12.0346865479812 15.2 24.5235162833106 -12.0578877204489 15.2 24.5020711119727 -12.0821880537037 15.2 24.4818638703051 -12.1075271332884 15.2 24.4629447966946 -12.1338419622586 15.2 24.4453609269391 -12.1610671178033 15.2 24.4291559773093 -12.1891349138961 15.2 24.4143702358634 -12.2179755695736 15.2 24.4010404622842 -12.2475173824214 15.2 24.3891997964892 -12.2776869068383 15.2 24.378877676239 -12.3084091366329 15.2 24.3700997639511 -12.3396076915013 15.2 24.3628878828984 -12.3712050069204 15.2 24.3572599629537 -12.4031225269855 15.2 24.3532299960125 -12.4352808997127 15.2 24.3508080012077 -12.4676001743205 15.2 24.35 -12.5 15.2 24.3508080012077 -12.5323998256795 15.2 24.3532299960125 -12.5647191002873 15.2 24.3572599629537 -12.5968774730145 15.2 24.3628878828984 -12.6287949930796 15.2 24.3700997639511 -12.6603923084987 15.2 24.378877676239 -12.6915908633671 15.2 24.3891997964892 -12.7223130931617 15.2 24.4010404622842 -12.7524826175786 15.2 24.4143702358634 -12.7820244304264 15.2 24.4291559773094 -12.8108650861039 15.2 24.4453609269391 -12.8389328821967 15.2 24.4629447966946 -12.8661580377414 15.2 24.4818638703051 -12.8924728667116 15.2 24.5020711119727 -12.9178119462963 15.2 24.5235162833106 -12.9421122795511 15.2 24.5461460682441 -12.9653134520188 15.2 24.569904205562 -12.987357781929 15.2 24.5947316287918 -13.0081904636042 15.2 24.6205666130474 -13.0277597037153 15.2 24.6473449284873 -13.046016850048 15.2 24.675 -13.0629165124599 15.2 24.7034630727204 -13.0784166757275 15.2 24.7326633829651 -13.0924788040026 15.2 24.7625283341618 -13.1050679366187 15.2 24.7929836773364 -13.1161527750086 15.2 24.8239536957071 -13.1257057605175 15.2 24.8553613929284 -13.1337031429182 15.2 24.8871286845165 -13.1401250394579 15.2 24.9191765919791 -13.1449554842901 15.2 24.9514254391688 -13.1481824681678 15.2 24.9837950503703 -13.1497979683005 15.2 25.0162049496298 -13.1497979683005 15.2 25.0485745608312 -13.1481824681678 15.2 25.0808234080209 -13.1449554842901 15.2 25.1128713154835 -13.1401250394579 15.2 25.1446386070716 -13.1337031429182 15.2 25.176046304293 -13.1257057605175 15.2 25.2070163226636 -13.1161527750086 15.2 25.2374716658382 -13.1050679366187 15.2 25.2673366170349 -13.0924788040026 15.2 25.2965369272796 -13.0784166757275 15.2 25.325 -13.0629165124599 15.2 25.3526550715127 -13.046016850048 15.2 25.3794333869526 -13.0277597037153 15.2 25.4052683712082 -13.0081904636042 15.2 25.430095794438 -12.987357781929 15.2 25.453853931756 -12.9653134520188 15.2 25.4764837166894 -12.9421122795511 15.2 25.4979288880273 -12.9178119462962 15.2 25.5181361296949 -12.8924728667116 15.2 25.5370552033054 -12.8661580377413 15.2 25.5546390730609 -12.8389328821967 15.2 25.5708440226907 -12.8108650861038 15.2 25.5856297641366 -12.7820244304264 15.2 25.5989595377158 -12.7524826175785 15.2 25.6108002035108 -12.7223130931617 15.2 25.621122323761 -12.6915908633671 15.2 25.6299002360489 -12.6603923084987 15.2 25.6371121171016 -12.6287949930796 15.2 25.6427400370463 -12.5968774730145 15.2 25.6467700039875 -12.5647191002873 15.2 25.6491919987923 -12.5323998256794 15.2 25.65 -12.5 15.2 0 0.800000000000001 0.0498665500569808 0.800000000000001 0.0997331001139617 0.800000000000001 0.149599650170943 0.800000000000001 0.199466200227923 0.800000000000001 0.249332750284904 0.800000000000001 0.299199300341885 0.800000000000001 0.349065850398866 0.800000000000001 0.398932400455847 0.800000000000001 0.448798950512828 0.800000000000001 0.498665500569808 0.800000000000001 0.548532050626789 0.800000000000001 0.59839860068377 0.800000000000001 0.648265150740751 0.800000000000001 0.698131700797732 0.800000000000001 0.747998250854712 0.800000000000001 0.797864800911693 0.800000000000001 0.847731350968674 0.800000000000001 0.897597901025655 0.800000000000001 0.947464451082636 0.800000000000001 0.997331001139617 0.800000000000001 1.0471975511966 0.800000000000001 1.09706410125358 0.800000000000001 1.14693065131056 0.800000000000001 1.19679720136754 0.800000000000001 1.24666375142452 0.800000000000001 1.2965303014815 0.800000000000001 1.34639685153848 0.800000000000001 1.39626340159546 0.800000000000001 1.44612995165244 0.800000000000001 1.49599650170942 0.800000000000001 1.54586305176641 0.800000000000001 1.59572960182339 0.800000000000001 1.64559615188037 0.800000000000001 1.69546270193735 0.800000000000001 1.74532925199433 0.800000000000001 1.79519580205131 0.800000000000001 1.84506235210829 0.800000000000001 1.89492890216527 0.800000000000001 1.94479545222225 0.800000000000001 1.99466200227923 0.800000000000001 2.04452855233621 0.800000000000001 2.09439510239319 0.800000000000001 2.14426165245018 0.800000000000001 2.19412820250716 0.800000000000001 2.24399475256414 0.800000000000001 2.29386130262112 0.800000000000001 2.3437278526781 0.800000000000001 2.39359440273508 0.800000000000001 2.44346095279206 0.800000000000001 2.49332750284904 0.800000000000001 2.54319405290602 0.800000000000001 2.59306060296301 0.800000000000001 2.64292715301999 0.800000000000001 2.69279370307697 0.800000000000001 2.74266025313395 0.800000000000001 2.79252680319093 0.800000000000001 2.84239335324791 0.800000000000001 2.89225990330489 0.800000000000001 2.94212645336187 0.800000000000001 2.99199300341885 0.800000000000001 3.04185955347583 0.800000000000001 3.09172610353282 0.800000000000001 3.1415926535898 0.800000000000001 3.19145920364678 0.800000000000001 3.24132575370376 0.800000000000001 3.29119230376074 0.800000000000001 3.34105885381772 0.800000000000001 3.3909254038747 0.800000000000001 3.44079195393168 0.800000000000001 3.49065850398866 0.800000000000001 3.54052505404564 0.800000000000001 3.59039160410263 0.800000000000001 3.64025815415961 0.800000000000001 3.69012470421659 0.800000000000001 3.73999125427357 0.800000000000001 3.78985780433055 0.800000000000001 3.83972435438753 0.800000000000001 3.88959090444451 0.800000000000001 3.93945745450149 0.800000000000001 3.98932400455847 0.800000000000001 4.03919055461546 0.800000000000001 4.08905710467244 0.800000000000001 4.13892365472942 0.800000000000001 4.1887902047864 0.800000000000001 4.23865675484338 0.800000000000001 4.28852330490036 0.800000000000001 4.33838985495734 0.800000000000001 4.38825640501432 0.800000000000001 4.4381229550713 0.800000000000001 4.48798950512828 0.800000000000001 4.53785605518527 0.800000000000001 4.58772260524225 0.800000000000001 4.63758915529923 0.800000000000001 4.68745570535621 0.800000000000001 4.73732225541319 0.800000000000001 4.78718880547017 0.800000000000001 4.83705535552715 0.800000000000001 4.88692190558413 0.800000000000001 4.93678845564111 0.800000000000001 4.9866550056981 0.800000000000001 5.03652155575508 0.800000000000001 5.08638810581206 0.800000000000001 5.13625465586904 0.800000000000001 5.18612120592602 0.800000000000001 5.235987755983 0.800000000000001 5.28585430603998 0.800000000000001 5.33572085609696 0.800000000000001 5.38558740615394 0.800000000000001 5.43545395621092 0.800000000000001 5.48532050626791 0.800000000000001 5.53518705632489 0.800000000000001 5.58505360638187 0.800000000000001 5.63492015643885 0.800000000000001 5.68478670649583 0.800000000000001 5.73465325655281 0.800000000000001 5.78451980660979 0.800000000000001 5.83438635666677 0.800000000000001 5.88425290672375 0.800000000000001 5.93411945678073 0.800000000000001 5.98398600683772 0.800000000000001 6.0338525568947 0.800000000000001 6.08371910695168 0.800000000000001 6.13358565700866 0.800000000000001 6.18345220706564 0.800000000000001 6.23331875712262 0.800000000000001 6.28318530717959 0.800000000000001 0 0 0.0498665500569808 0 0.0997331001139617 0 0.149599650170943 0 0.199466200227923 0 0.249332750284904 0 0.299199300341885 0 0.349065850398866 0 0.398932400455847 0 0.448798950512828 0 0.498665500569808 0 0.548532050626789 0 0.59839860068377 0 0.648265150740751 0 0.698131700797732 0 0.747998250854712 0 0.797864800911693 0 0.847731350968674 0 0.897597901025655 0 0.947464451082636 0 0.997331001139617 0 1.0471975511966 0 1.09706410125358 0 1.14693065131056 0 1.19679720136754 0 1.24666375142452 0 1.2965303014815 0 1.34639685153848 0 1.39626340159546 0 1.44612995165244 0 1.49599650170942 0 1.54586305176641 0 1.59572960182339 0 1.64559615188037 0 1.69546270193735 0 1.74532925199433 0 1.79519580205131 0 1.84506235210829 0 1.89492890216527 0 1.94479545222225 0 1.99466200227923 0 2.04452855233621 0 2.09439510239319 0 2.14426165245018 0 2.19412820250716 0 2.24399475256414 0 2.29386130262112 0 2.3437278526781 0 2.39359440273508 0 2.44346095279206 0 2.49332750284904 0 2.54319405290602 0 2.59306060296301 0 2.64292715301999 0 2.69279370307697 0 2.74266025313395 0 2.79252680319093 0 2.84239335324791 0 2.89225990330489 0 2.94212645336187 0 2.99199300341885 0 3.04185955347583 0 3.09172610353282 0 3.1415926535898 0 3.19145920364678 0 3.24132575370376 0 3.29119230376074 0 3.34105885381772 0 3.3909254038747 0 3.44079195393168 0 3.49065850398866 0 3.54052505404564 0 3.59039160410263 0 3.64025815415961 0 3.69012470421659 0 3.73999125427357 0 3.78985780433055 0 3.83972435438753 0 3.88959090444451 0 3.93945745450149 0 3.98932400455847 0 4.03919055461546 0 4.08905710467244 0 4.13892365472942 0 4.1887902047864 0 4.23865675484338 0 4.28852330490036 0 4.33838985495734 0 4.38825640501432 0 4.4381229550713 0 4.48798950512828 0 4.53785605518527 0 4.58772260524225 0 4.63758915529923 0 4.68745570535621 0 4.73732225541319 0 4.78718880547017 0 4.83705535552715 0 4.88692190558413 0 4.93678845564111 0 4.9866550056981 0 5.03652155575508 0 5.08638810581206 0 5.13625465586904 0 5.18612120592602 0 5.235987755983 0 5.28585430603998 0 5.33572085609696 0 5.38558740615394 0 5.43545395621092 0 5.48532050626791 0 5.53518705632489 0 5.58505360638187 0 5.63492015643885 0 5.68478670649583 0 5.73465325655281 0 5.78451980660979 0 5.83438635666677 0 5.88425290672375 0 5.93411945678073 0 5.98398600683772 0 6.0338525568947 0 6.08371910695168 0 6.13358565700866 0 6.18345220706564 0 6.23331875712262 0 6.28318530717959 0 2 1 128 2 128 129 3 129 130 3 2 129 4 130 131 4 3 130 5 131 132 5 4 131 6 132 133 6 5 132 7 133 134 7 6 133 8 134 135 8 135 136 8 7 134 9 136 137 9 8 136 10 9 137 11 137 138 11 10 137 12 11 138 12 138 139 12 139 140 13 12 140 14 13 140 14 140 141 15 14 141 15 141 142 16 15 142 16 142 143 16 143 144 17 16 144 18 17 144 18 144 145 18 145 146 19 18 146 19 146 147 20 19 147 21 20 147 21 147 148 22 21 148 22 148 149 23 22 149 23 149 150 24 150 151 24 23 150 25 151 152 25 24 151 26 152 153 26 25 152 27 153 154 27 26 153 28 154 155 28 27 154 29 155 156 29 28 155 30 156 157 30 29 156 31 157 158 31 30 157 32 158 159 32 31 158 33 159 160 33 32 159 34 160 161 34 33 160 35 161 162 35 34 161 36 162 163 36 35 162 37 163 164 37 36 163 38 37 164 38 164 165 39 38 165 39 165 166 40 39 166 40 166 167 41 40 167 41 167 168 42 41 168 42 168 169 43 42 169 43 169 170 43 170 171 44 43 171 44 171 172 45 44 172 46 45 172 46 172 173 47 46 173 47 173 174 48 47 174 48 174 175 49 48 175 49 175 176 50 49 176 50 176 177 51 50 177 51 177 178 52 51 178 52 178 179 53 52 179 53 179 180 53 180 181 54 53 181 55 54 181 55 181 182 56 55 182 56 182 183 57 56 183 57 183 184 58 57 184 58 184 185 59 185 186 59 58 185 60 186 187 60 187 188 60 59 186 61 60 188 62 188 189 62 61 188 63 62 189 63 189 190 64 63 190 64 190 191 64 191 192 65 64 192 66 65 192 66 192 193 67 66 193 67 193 194 67 194 195 68 67 195 69 68 195 69 195 196 69 196 197 70 69 197 71 70 197 71 197 198 72 71 198 72 198 199 73 72 199 73 199 200 73 200 201 74 73 201 74 201 202 75 202 203 75 74 202 76 75 203 77 203 204 77 76 203 78 204 205 78 205 206 78 77 204 79 78 206 80 206 207 80 79 206 81 207 208 81 80 207 82 208 209 82 81 208 83 209 210 83 82 209 84 210 211 84 83 210 85 211 212 85 84 211 86 212 213 86 85 212 87 213 214 87 86 213 88 214 215 88 87 214 89 88 215 89 215 216 90 89 216 90 216 217 91 90 217 91 217 218 92 91 218 92 218 219 93 219 220 93 92 219 94 220 221 94 93 220 95 221 222 95 94 221 96 222 223 96 95 222 97 223 224 97 96 223 98 224 225 98 97 224 99 225 226 99 98 225 100 226 227 100 99 226 101 227 228 101 100 227 102 228 229 102 101 228 103 229 230 103 102 229 104 230 231 104 103 230 105 231 232 105 104 231 106 232 233 106 105 232 107 233 234 107 106 233 108 234 235 108 107 234 109 235 236 109 108 235 110 236 237 110 109 236 111 237 238 111 110 237 112 238 239 112 111 238 113 112 239 113 239 240 114 113 240 114 240 241 115 114 241 115 241 242 116 115 242 116 242 243 117 116 243 117 243 244 118 117 244 118 244 245 119 118 245 119 245 246 120 119 246 120 246 247 120 247 248 121 120 248 122 121 248 122 248 249 122 249 250 123 122 250 124 123 250 124 250 251 124 251 252 125 124 252 126 252 253 126 125 252 127 253 254 127 126 253 
254 252 1 0 0.000202031699473461
28.15 -12.5 16 28.1491919987923 -12.4676001743205 16 28.1467700039875 -12.4352808997127 16 28.1427400370463 -12.4031225269855 16 28.1371121171016 -12.3712050069204 16 28.1299002360489 -12.3396076915013 16 28.121122323761 -12.3084091366329 16 28.1108002035108 -12.2776869068383 16 28.0989595377158 -12.2475173824214 16 28.0856297641366 -12.2179755695736 16 28.0708440226907 -12.1891349138961 16 28.0546390730609 -12.1610671178033 16 28.0370552033054 -12.1338419622586 16 28.0181361296949 -12.1075271332884 16 27.9979288880273 -12.0821880537037 16 27.9764837166894 -12.0578877204489 16 27.9538539317559 -12.0346865479812 16 27.930095794438 -12.012642218071 16 27.9052683712082 -11.9918095363958 16 27.8794333869526 -11.9722402962847 16 27.8526550715127 -11.953983149952 16 27.825 -11.9370834875401 16 27.7965369272796 -11.9215833242725 16 27.7673366170349 -11.9075211959974 16 27.7374716658382 -11.8949320633813 16 27.7070163226636 -11.8838472249914 16 27.676046304293 -11.8742942394825 16 27.6446386070716 -11.8662968570818 16 27.6128713154835 -11.8598749605421 16 27.5808234080209 -11.8550445157099 16 27.5485745608312 -11.8518175318322 16 27.5162049496297 -11.8502020316995 16 27.4837950503703 -11.8502020316995 16 27.4514254391688 -11.8518175318322 16 27.4191765919791 -11.8550445157099 16 27.3871286845165 -11.8598749605421 16 27.3553613929284 -11.8662968570818 16 27.323953695707 -11.8742942394825 16 27.2929836773364 -11.8838472249914 16 27.2625283341618 -11.8949320633813 16 27.2326633829651 -11.9075211959974 16 27.2034630727204 -11.9215833242725 16 27.175 -11.9370834875401 16 27.1473449284873 -11.953983149952 16 27.1205666130474 -11.9722402962847 16 27.0947316287918 -11.9918095363958 16 27.069904205562 -12.012642218071 16 27.0461460682441 -12.0346865479812 16 27.0235162833106 -12.0578877204489 16 27.0020711119727 -12.0821880537037 16 26.9818638703051 -12.1075271332884 16 26.9629447966946 -12.1338419622586 16 26.9453609269391 -12.1610671178033 16 26.9291559773093 -12.1891349138961 16 26.9143702358634 -12.2179755695736 16 26.9010404622842 -12.2475173824214 16 26.8891997964892 -12.2776869068383 16 26.878877676239 -12.3084091366329 16 26.8700997639511 -12.3396076915013 16 26.8628878828984 -12.3712050069204 16 26.8572599629537 -12.4031225269855 16 26.8532299960125 -12.4352808997127 16 26.8508080012077 -12.4676001743205 16 26.85 -12.5 16 26.8508080012077 -12.5323998256795 16 26.8532299960125 -12.5647191002873 16 26.8572599629537 -12.5968774730145 16 26.8628878828984 -12.6287949930796 16 26.8700997639511 -12.6603923084987 16 26.878877676239 -12.6915908633671 16 26.8891997964892 -12.7223130931617 16 26.9010404622842 -12.7524826175786 16 26.9143702358634 -12.7820244304264 16 26.9291559773094 -12.8108650861039 16 26.9453609269391 -12.8389328821967 16 26.9629447966946 -12.8661580377414 16 26.9818638703051 -12.8924728667116 16 27.0020711119727 -12.9178119462963 16 27.0235162833106 -12.9421122795511 16 27.0461460682441 -12.9653134520188 16 27.069904205562 -12.987357781929 16 27.0947316287918 -13.0081904636042 16 27.1205666130474 -13.0277597037153 16 27.1473449284873 -13.046016850048 16 27.175 -13.0629165124599 16 27.2034630727204 -13.0784166757275 16 27.2326633829651 -13.0924788040026 16 27.2625283341618 -13.1050679366187 16 27.2929836773364 -13.1161527750086 16 27.3239536957071 -13.1257057605175 16 27.3553613929284 -13.1337031429182 16 27.3871286845165 -13.1401250394579 16 27.4191765919791 -13.1449554842901 16 27.4514254391688 -13.1481824681678 16 27.4837950503703 -13.1497979683005 16 27.5162049496298 -13.1497979683005 16 27.5485745608312 -13.1481824681678 16 27.5808234080209 -13.1449554842901 16 27.6128713154835 -13.1401250394579 16 27.6446386070716 -13.1337031429182 16 27.676046304293 -13.1257057605175 16 27.7070163226636 -13.1161527750086 16 27.7374716658382 -13.1050679366187 16 27.7673366170349 -13.0924788040026 16 27.7965369272796 -13.0784166757275 16 27.825 -13.0629165124599 16 27.8526550715127 -13.046016850048 16 27.8794333869526 -13.0277597037153 16 27.9052683712082 -13.0081904636042 16 27.930095794438 -12.987357781929 16 27.953853931756 -12.9653134520188 16 27.9764837166894 -12.9421122795511 16 27.9979288880273 -12.9178119462962 16 28.0181361296949 -12.8924728667116 16 28.0370552033054 -12.8661580377413 16 28.0546390730609 -12.8389328821967 16 28.0708440226907 -12.8108650861038 16 28.0856297641366 -12.7820244304264 16 28.0989595377158 -12.7524826175785 16 28.1108002035108 -12.7223130931617 16 28.121122323761 -12.6915908633671 16 28.1299002360489 -12.6603923084987 16 28.1371121171016 -12.6287949930796 16 28.1427400370463 -12.5968774730145 16 28.1467700039875 -12.5647191002873 16 28.1491919987923 -12.5323998256794 16 28.15 -12.5 16 28.15 -12.5 15.2 28.1491919987923 -12.4676001743205 15.2 28.1467700039875 -12.4352808997127 15.2 28.1427400370463 -12.4031225269855 15.2 28.1371121171016 -12.3712050069204 15.2 28.1299002360489 -12.3396076915013 15.2 28.121122323761 -12.3084091366329 15.2 28.1108002035108 -12.2776869068383 15.2 28.0989595377158 -12.2475173824214 15.2 28.0856297641366 -12.2179755695736 15.2 28.0708440226907 -12.1891349138961 15.2 28.0546390730609 -12.1610671178033 15.2 28.0370552033054 -12.1338419622586 15.2 28.0181361296949 -12.1075271332884 15.2 27.9979288880273 -12.0821880537037 15.2 27.9764837166894 -12.0578877204489 15.2 27.9538539317559 -12.0346865479812 15.2 27.930095794438 -12.012642218071 15.2 27.9052683712082 -11.9918095363958 15.2 27.8794333869526 -11.9722402962847 15.2 27.8526550715127 -11.953983149952 15.2 27.825 -11.9370834875401 15.2 27.7965369272796 -11.9215833242725 15.2 27.7673366170349 -11.9075211959974 15.2 27.7374716658382 -11.8949320633813 15.2 27.7070163226636 -11.8838472249914 15.2 27.676046304293 -11.8742942394825 15.2 27.6446386070716 -11.8662968570818 15.2 27.6128713154835 -11.8598749605421 15.2 27.5808234080209 -11.8550445157099 15.2 27.5485745608312 -11.8518175318322 15.2 27.5162049496297 -11.8502020316995 15.2 27.4837950503703 -11.8502020316995 15.2 27.4514254391688 -11.8518175318322 15.2 27.4191765919791 -11.8550445157099 15.2 27.3871286845165 -11.8598749605421 15.2 27.3553613929284 -11.8662968570818 15.2 27.323953695707 -11.8742942394825 15.2 27.2929836773364 -11.8838472249914 15.2 27.2625283341618 -11.8949320633813 15.2 27.2326633829651 -11.9075211959974 15.2 27.2034630727204 -11.9215833242725 15.2 27.175 -11.9370834875401 15.2 27.1473449284873 -11.953983149952 15.2 27.1205666130474 -11.9722402962847 15.2 27.0947316287918 -11.9918095363958 15.2 27.069904205562 -12.012642218071 15.2 27.0461460682441 -12.0346865479812 15.2 27.0235162833106 -12.0578877204489 15.2 27.0020711119727 -12.0821880537037 15.2 26.9818638703051 -12.1075271332884 15.2 26.9629447966946 -12.1338419622586 15.2 26.9453609269391 -12.1610671178033 15.2 26.9291559773093 -12.1891349138961 15.2 26.9143702358634 -12.2179755695736 15.2 26.9010404622842 -12.2475173824214 15.2 26.8891997964892 -12.2776869068383 15.2 26.878877676239 -12.3084091366329 15.2 26.8700997639511 -12.3396076915013 15.2 26.8628878828984 -12.3712050069204 15.2 26.8572599629537 -12.4031225269855 15.2 26.8532299960125 -12.4352808997127 15.2 26.8508080012077 -12.4676001743205 15.2 26.85 -12.5 15.2 26.8508080012077 -12.5323998256795 15.2 26.8532299960125 -12.5647191002873 15.2 26.8572599629537 -12.5968774730145 15.2 26.8628878828984 -12.6287949930796 15.2 26.8700997639511 -12.6603923084987 15.2 26.878877676239 -12.6915908633671 15.2 26.8891997964892 -12.7223130931617 15.2 26.9010404622842 -12.7524826175786 15.2 26.9143702358634 -12.7820244304264 15.2 26.9291559773094 -12.8108650861039 15.2 26.9453609269391 -12.8389328821967 15.2 26.9629447966946 -12.8661580377414 15.2 26.9818638703051 -12.8924728667116 15.2 27.0020711119727 -12.9178119462963 15.2 27.0235162833106 -12.9421122795511 15.2 27.0461460682441 -12.9653134520188 15.2 27.069904205562 -12.987357781929 15.2 27.0947316287918 -13.0081904636042 15.2 27.1205666130474 -13.0277597037153 15.2 27.1473449284873 -13.046016850048 15.2 27.175 -13.0629165124599 15.2 27.2034630727204 -13.0784166757275 15.2 27.2326633829651 -13.0924788040026 15.2 27.2625283341618 -13.1050679366187 15.2 27.2929836773364 -13.1161527750086 15.2 27.3239536957071 -13.1257057605175 15.2 27.3553613929284 -13.1337031429182 15.2 27.3871286845165 -13.1401250394579 15.2 27.4191765919791 -13.1449554842901 15.2 27.4514254391688 -13.1481824681678 15.2 27.4837950503703 -13.1497979683005 15.2 27.5162049496298 -13.1497979683005 15.2 27.5485745608312 -13.1481824681678 15.2 27.5808234080209 -13.1449554842901 15.2 27.6128713154835 -13.1401250394579 15.2 27.6446386070716 -13.1337031429182 15.2 27.676046304293 -13.1257057605175 15.2 27.7070163226636 -13.1161527750086 15.2 27.7374716658382 -13.1050679366187 15.2 27.7673366170349 -13.0924788040026 15.2 27.7965369272796 -13.0784166757275 15.2 27.825 -13.0629165124599 15.2 27.8526550715127 -13.046016850048 15.2 27.8794333869526 -13.0277597037153 15.2 27.9052683712082 -13.0081904636042 15.2 27.930095794438 -12.987357781929 15.2 27.953853931756 -12.9653134520188 15.2 27.9764837166894 -12.9421122795511 15.2 27.9979288880273 -12.9178119462962 15.2 28.0181361296949 -12.8924728667116 15.2 28.0370552033054 -12.8661580377413 15.2 28.0546390730609 -12.8389328821967 15.2 28.0708440226907 -12.8108650861038 15.2 28.0856297641366 -12.7820244304264 15.2 28.0989595377158 -12.7524826175785 15.2 28.1108002035108 -12.7223130931617 15.2 28.121122323761 -12.6915908633671 15.2 28.1299002360489 -12.6603923084987 15.2 28.1371121171016 -12.6287949930796 15.2 28.1427400370463 -12.5968774730145 15.2 28.1467700039875 -12.5647191002873 15.2 28.1491919987923 -12.5323998256794 15.2 28.15 -12.5 15.2 0 0.800000000000001 0.0498665500569808 0.800000000000001 0.0997331001139617 0.800000000000001 0.149599650170943 0.800000000000001 0.199466200227923 0.800000000000001 0.249332750284904 0.800000000000001 0.299199300341885 0.800000000000001 0.349065850398866 0.800000000000001 0.398932400455847 0.800000000000001 0.448798950512828 0.800000000000001 0.498665500569808 0.800000000000001 0.548532050626789 0.800000000000001 0.59839860068377 0.800000000000001 0.648265150740751 0.800000000000001 0.698131700797732 0.800000000000001 0.747998250854712 0.800000000000001 0.797864800911693 0.800000000000001 0.847731350968674 0.800000000000001 0.897597901025655 0.800000000000001 0.947464451082636 0.800000000000001 0.997331001139617 0.800000000000001 1.0471975511966 0.800000000000001 1.09706410125358 0.800000000000001 1.14693065131056 0.800000000000001 1.19679720136754 0.800000000000001 1.24666375142452 0.800000000000001 1.2965303014815 0.800000000000001 1.34639685153848 0.800000000000001 1.39626340159546 0.800000000000001 1.44612995165244 0.800000000000001 1.49599650170942 0.800000000000001 1.54586305176641 0.800000000000001 1.59572960182339 0.800000000000001 1.64559615188037 0.800000000000001 1.69546270193735 0.800000000000001 1.74532925199433 0.800000000000001 1.79519580205131 0.800000000000001 1.84506235210829 0.800000000000001 1.89492890216527 0.800000000000001 1.94479545222225 0.800000000000001 1.99466200227923 0.800000000000001 2.04452855233621 0.800000000000001 2.09439510239319 0.800000000000001 2.14426165245018 0.800000000000001 2.19412820250716 0.800000000000001 2.24399475256414 0.800000000000001 2.29386130262112 0.800000000000001 2.3437278526781 0.800000000000001 2.39359440273508 0.800000000000001 2.44346095279206 0.800000000000001 2.49332750284904 0.800000000000001 2.54319405290602 0.800000000000001 2.59306060296301 0.800000000000001 2.64292715301999 0.800000000000001 2.69279370307697 0.800000000000001 2.74266025313395 0.800000000000001 2.79252680319093 0.800000000000001 2.84239335324791 0.800000000000001 2.89225990330489 0.800000000000001 2.94212645336187 0.800000000000001 2.99199300341885 0.800000000000001 3.04185955347583 0.800000000000001 3.09172610353282 0.800000000000001 3.1415926535898 0.800000000000001 3.19145920364678 0.800000000000001 3.24132575370376 0.800000000000001 3.29119230376074 0.800000000000001 3.34105885381772 0.800000000000001 3.3909254038747 0.800000000000001 3.44079195393168 0.800000000000001 3.49065850398866 0.800000000000001 3.54052505404564 0.800000000000001 3.59039160410263 0.800000000000001 3.64025815415961 0.800000000000001 3.69012470421659 0.800000000000001 3.73999125427357 0.800000000000001 3.78985780433055 0.800000000000001 3.83972435438753 0.800000000000001 3.88959090444451 0.800000000000001 3.93945745450149 0.800000000000001 3.98932400455847 0.800000000000001 4.03919055461546 0.800000000000001 4.08905710467244 0.800000000000001 4.13892365472942 0.800000000000001 4.1887902047864 0.800000000000001 4.23865675484338 0.800000000000001 4.28852330490036 0.800000000000001 4.33838985495734 0.800000000000001 4.38825640501432 0.800000000000001 4.4381229550713 0.800000000000001 4.48798950512828 0.800000000000001 4.53785605518527 0.800000000000001 4.58772260524225 0.800000000000001 4.63758915529923 0.800000000000001 4.68745570535621 0.800000000000001 4.73732225541319 0.800000000000001 4.78718880547017 0.800000000000001 4.83705535552715 0.800000000000001 4.88692190558413 0.800000000000001 4.93678845564111 0.800000000000001 4.9866550056981 0.800000000000001 5.03652155575508 0.800000000000001 5.08638810581206 0.800000000000001 5.13625465586904 0.800000000000001 5.18612120592602 0.800000000000001 5.235987755983 0.800000000000001 5.28585430603998 0.800000000000001 5.33572085609696 0.800000000000001 5.38558740615394 0.800000000000001 5.43545395621092 0.800000000000001 5.48532050626791 0.800000000000001 5.53518705632489 0.800000000000001 5.58505360638187 0.800000000000001 5.63492015643885 0.800000000000001 5.68478670649583 0.800000000000001 5.73465325655281 0.800000000000001 5.78451980660979 0.800000000000001 5.83438635666677 0.800000000000001 5.88425290672375 0.800000000000001 5.93411945678073 0.800000000000001 5.98398600683772 0.800000000000001 6.0338525568947 0.800000000000001 6.08371910695168 0.800000000000001 6.13358565700866 0.800000000000001 6.18345220706564 0.800000000000001 6.23331875712262 0.800000000000001 6.28318530717959 0.800000000000001 0 0 0.0498665500569808 0 0.0997331001139617 0 0.149599650170943 0 0.199466200227923 0 0.249332750284904 0 0.299199300341885 0 0.349065850398866 0 0.398932400455847 0 0.448798950512828 0 0.498665500569808 0 0.548532050626789 0 0.59839860068377 0 0.648265150740751 0 0.698131700797732 0 0.747998250854712 0 0.797864800911693 0 0.847731350968674 0 0.897597901025655 0 0.947464451082636 0 0.997331001139617 0 1.0471975511966 0 1.09706410125358 0 1.14693065131056 0 1.19679720136754 0 1.24666375142452 0 1.2965303014815 0 1.34639685153848 0 1.39626340159546 0 1.44612995165244 0 1.49599650170942 0 1.54586305176641 0 1.59572960182339 0 1.64559615188037 0 1.69546270193735 0 1.74532925199433 0 1.79519580205131 0 1.84506235210829 0 1.89492890216527 0 1.94479545222225 0 1.99466200227923 0 2.04452855233621 0 2.09439510239319 0 2.14426165245018 0 2.19412820250716 0 2.24399475256414 0 2.29386130262112 0 2.3437278526781 0 2.39359440273508 0 2.44346095279206 0 2.49332750284904 0 2.54319405290602 0 2.59306060296301 0 2.64292715301999 0 2.69279370307697 0 2.74266025313395 0 2.79252680319093 0 2.84239335324791 0 2.89225990330489 0 2.94212645336187 0 2.99199300341885 0 3.04185955347583 0 3.09172610353282 0 3.1415926535898 0 3.19145920364678 0 3.24132575370376 0 3.29119230376074 0 3.34105885381772 0 3.3909254038747 0 3.44079195393168 0 3.49065850398866 0 3.54052505404564 0 3.59039160410263 0 3.64025815415961 0 3.69012470421659 0 3.73999125427357 0 3.78985780433055 0 3.83972435438753 0 3.88959090444451 0 3.93945745450149 0 3.98932400455847 0 4.03919055461546 0 4.08905710467244 0 4.13892365472942 0 4.1887902047864 0 4.23865675484338 0 4.28852330490036 0 4.33838985495734 0 4.38825640501432 0 4.4381229550713 0 4.48798950512828 0 4.53785605518527 0 4.58772260524225 0 4.63758915529923 0 4.68745570535621 0 4.73732225541319 0 4.78718880547017 0 4.83705535552715 0 4.88692190558413 0 4.93678845564111 0 4.9866550056981 0 5.03652155575508 0 5.08638810581206 0 5.13625465586904 0 5.18612120592602 0 5.235987755983 0 5.28585430603998 0 5.33572085609696 0 5.38558740615394 0 5.43545395621092 0 5.48532050626791 0 5.53518705632489 0 5.58505360638187 0 5.63492015643885 0 5.68478670649583 0 5.73465325655281 0 5.78451980660979 0 5.83438635666677 0 5.88425290672375 0 5.93411945678073 0 5.98398600683772 0 6.0338525568947 0 6.08371910695168 0 6.13358565700866 0 6.18345220706564 0 6.23331875712262 0 6.28318530717959 0 2 1 128 2 128 129 3 129 130 3 2 129 4 130 131 4 3 130 5 131 132 5 4 131 6 132 133 6 5 132 7 133 134 7 6 133 8 134 135 8 135 136 8 7 134 9 136 137 9 8 136 10 9 137 11 137 138 11 10 137 12 11 138 12 138 139 12 139 140 13 12 140 14 13 140 14 140 141 15 14 141 15 141 142 16 15 142 16 142 143 16 143 144 17 16 144 18 17 144 18 144 145 18 145 146 19 18 146 19 146 147 20 19 147 21 20 147 21 147 148 22 21 148 22 148 149 23 22 149 23 149 150 24 150 151 24 23 150 25 151 152 25 24 151 26 152 153 26 25 152 27 153 154 27 26 153 28 154 155 28 27 154 29 155 156 29 28 155 30 156 157 30 29 156 31 157 158 31 30 157 32 158 159 32 31 158 33 159 160 33 32 159 34 160 161 34 33 160 35 161 162 35 34 161 36 162 163 36 35 162 37 163 164 37 36 163 38 37 164 38 164 165 39 38 165 39 165 166 40 39 166 40 166 167 41 40 167 41 167 168 42 41 168 42 168 169 43 42 169 43 169 170 43 170 171 44 43 171 44 171 172 45 44 172 46 45 172 46 172 173 47 46 173 47 173 174 48 47 174 48 174 175 49 48 175 49 175 176 50 49 176 50 176 177 51 50 177 51 177 178 52 51 178 52 178 179 53 52 179 53 179 180 53 180 181 54 53 181 55 54 181 55 181 182 56 55 182 56 182 183 57 56 183 57 183 184 58 57 184 58 184 185 59 185 186 59 58 185 60 186 187 60 187 188 60 59 186 61 60 188 62 188 189 62 61 188 63 62 189 63 189 190 64 63 190 64 190 191 64 191 192 65 64 192 66 65 192 66 192 193 67 66 193 67 193 194 67 194 195 68 67 195 69 68 195 69 195 196 69 196 197 70 69 197 71 70 197 71 197 198 72 71 198 72 198 199 73 72 199 73 199 200 73 200 201 74 73 201 74 201 202 75 202 203 75 74 202 76 75 203 77 203 204 77 76 203 78 204 205 78 205 206 78 77 204 79 78 206 80 206 207 80 79 206 81 207 208 81 80 207 82 208 209 82 81 208 83 209 210 83 82 209 84 210 211 84 83 210 85 211 212 85 84 211 86 212 213 86 85 212 87 213 214 87 86 213 88 214 215 88 87 214 89 88 215 89 215 216 90 89 216 90 216 217 91 90 217 91 217 218 92 91 218 92 218 219 93 219 220 93 92 219 94 220 221 94 93 220 95 221 222 95 94 221 96 222 223 96 95 222 97 223 224 97 96 223 98 224 225 98 97 224 99 225 226 99 98 225 100 226 227 100 99 226 101 227 228 101 100 227 102 228 229 102 101 228 103 229 230 103 102 229 104 230 231 104 103 230 105 231 232 105 104 231 106 232 233 106 105 232 107 233 234 107 106 233 108 234 235 108 107 234 109 235 236 109 108 235 110 236 237 110 109 236 111 237 238 111 110 237 112 238 239 112 111 238 113 112 239 113 239 240 114 113 240 114 240 241 115 114 241 115 241 242 116 115 242 116 242 243 117 116 243 117 243 244 118 117 244 118 244 245 119 118 245 119 245 246 120 119 246 120 246 247 120 247 248 121 120 248 122 121 248 122 248 249 122 249 250 123 122 250 124 123 250 124 250 251 124 251 252 125 124 252 126 252 253 126 125 252 127 253 254 127 126 253 
126 124 1 0 7.53644380168212e-15
28.15 -12.5 15.2 28.1491919987923 -12.4676001743205 15.2 28.1467700039875 -12.4352808997127 15.2 28.1427400370463 -12.4031225269855 15.2 28.1371121171016 -12.3712050069204 15.2 28.1299002360489 -12.3396076915013 15.2 28.121122323761 -12.3084091366329 15.2 28.1108002035108 -12.2776869068383 15.2 28.0989595377158 -12.2475173824214 15.2 28.0856297641366 -12.2179755695736 15.2 28.0708440226907 -12.1891349138961 15.2 28.0546390730609 -12.1610671178033 15.2 28.0370552033054 -12.1338419622586 15.2 28.0181361296949 -12.1075271332884 15.2 27.9979288880273 -12.0821880537037 15.2 27.9764837166894 -12.0578877204489 15.2 27.9538539317559 -12.0346865479812 15.2 27.930095794438 -12.012642218071 15.2 27.9052683712082 -11.9918095363958 15.2 27.8794333869526 -11.9722402962847 15.2 27.8526550715127 -11.953983149952 15.2 27.825 -11.9370834875401 15.2 27.7965369272796 -11.9215833242725 15.2 27.7673366170349 -11.9075211959974 15.2 27.7374716658382 -11.8949320633813 15.2 27.7070163226636 -11.8838472249914 15.2 27.676046304293 -11.8742942394825 15.2 27.6446386070716 -11.8662968570818 15.2 27.6128713154835 -11.8598749605421 15.2 27.5808234080209 -11.8550445157099 15.2 27.5485745608312 -11.8518175318322 15.2 27.5162049496297 -11.8502020316995 15.2 27.4837950503703 -11.8502020316995 15.2 27.4514254391688 -11.8518175318322 15.2 27.4191765919791 -11.8550445157099 15.2 27.3871286845165 -11.8598749605421 15.2 27.3553613929284 -11.8662968570818 15.2 27.323953695707 -11.8742942394825 15.2 27.2929836773364 -11.8838472249914 15.2 27.2625283341618 -11.8949320633813 15.2 27.2326633829651 -11.9075211959974 15.2 27.2034630727204 -11.9215833242725 15.2 27.175 -11.9370834875401 15.2 27.1473449284873 -11.953983149952 15.2 27.1205666130474 -11.9722402962847 15.2 27.0947316287918 -11.9918095363958 15.2 27.069904205562 -12.012642218071 15.2 27.0461460682441 -12.0346865479812 15.2 27.0235162833106 -12.0578877204489 15.2 27.0020711119727 -12.0821880537037 15.2 26.9818638703051 -12.1075271332884 15.2 26.9629447966946 -12.1338419622586 15.2 26.9453609269391 -12.1610671178033 15.2 26.9291559773093 -12.1891349138961 15.2 26.9143702358634 -12.2179755695736 15.2 26.9010404622842 -12.2475173824214 15.2 26.8891997964892 -12.2776869068383 15.2 26.878877676239 -12.3084091366329 15.2 26.8700997639511 -12.3396076915013 15.2 26.8628878828984 -12.3712050069204 15.2 26.8572599629537 -12.4031225269855 15.2 26.8532299960125 -12.4352808997127 15.2 26.8508080012077 -12.4676001743205 15.2 26.85 -12.5 15.2 26.8508080012077 -12.5323998256795 15.2 26.8532299960125 -12.5647191002873 15.2 26.8572599629537 -12.5968774730145 15.2 26.8628878828984 -12.6287949930796 15.2 26.8700997639511 -12.6603923084987 15.2 26.878877676239 -12.6915908633671 15.2 26.8891997964892 -12.7223130931617 15.2 26.9010404622842 -12.7524826175786 15.2 26.9143702358634 -12.7820244304264 15.2 26.9291559773094 -12.8108650861039 15.2 26.9453609269391 -12.8389328821967 15.2 26.9629447966946 -12.8661580377414 15.2 26.9818638703051 -12.8924728667116 15.2 27.0020711119727 -12.9178119462963 15.2 27.0235162833106 -12.9421122795511 15.2 27.0461460682441 -12.9653134520188 15.2 27.069904205562 -12.987357781929 15.2 27.0947316287918 -13.0081904636042 15.2 27.1205666130474 -13.0277597037153 15.2 27.1473449284873 -13.046016850048 15.2 27.175 -13.0629165124599 15.2 27.2034630727204 -13.0784166757275 15.2 27.2326633829651 -13.0924788040026 15.2 27.2625283341618 -13.1050679366187 15.2 27.2929836773364 -13.1161527750086 15.2 27.3239536957071 -13.1257057605175 15.2 27.3553613929284 -13.1337031429182 15.2 27.3871286845165 -13.1401250394579 15.2 27.4191765919791 -13.1449554842901 15.2 27.4514254391688 -13.1481824681678 15.2 27.4837950503703 -13.1497979683005 15.2 27.5162049496298 -13.1497979683005 15.2 27.5485745608312 -13.1481824681678 15.2 27.5808234080209 -13.1449554842901 15.2 27.6128713154835 -13.1401250394579 15.2 27.6446386070716 -13.1337031429182 15.2 27.676046304293 -13.1257057605175 15.2 27.7070163226636 -13.1161527750086 15.2 27.7374716658382 -13.1050679366187 15.2 27.7673366170349 -13.0924788040026 15.2 27.7965369272796 -13.0784166757275 15.2 27.825 -13.0629165124599 15.2 27.8526550715127 -13.046016850048 15.2 27.8794333869526 -13.0277597037153 15.2 27.9052683712082 -13.0081904636042 15.2 27.930095794438 -12.987357781929 15.2 27.953853931756 -12.9653134520188 15.2 27.9764837166894 -12.9421122795511 15.2 27.9979288880273 -12.9178119462962 15.2 28.0181361296949 -12.8924728667116 15.2 28.0370552033054 -12.8661580377413 15.2 28.0546390730609 -12.8389328821967 15.2 28.0708440226907 -12.8108650861038 15.2 28.0856297641366 -12.7820244304264 15.2 28.0989595377158 -12.7524826175785 15.2 28.1108002035108 -12.7223130931617 15.2 28.121122323761 -12.6915908633671 15.2 28.1299002360489 -12.6603923084987 15.2 28.1371121171016 -12.6287949930796 15.2 28.1427400370463 -12.5968774730145 15.2 28.1467700039875 -12.5647191002873 15.2 28.1491919987923 -12.5323998256794 15.2 0.649999999999999 -1.11022302462516e-16 0.649191998792298 0.0323998256794531 0.64677000398751 0.0647191002872807 0.642740037046332 0.0968774730145132 0.637112117101552 0.128794993079608 0.629900236048899 0.16039230849869 0.62112232376099 0.191590863367087 0.610800203510839 0.222313093161684 0.598959537715764 0.252482617578551 0.585629764136571 0.282024430426412 0.570844022690647 0.310865086103856 0.5546390730609 0.338932882196673 0.537055203305395 0.366158037741353 0.518136129694899 0.392472866711559 0.497928888027335 0.41781194629625 0.476483716689386 0.442112279551097 0.453853931755946 0.465313452018816 0.430095794437958 0.487357781929026 0.405268371208176 0.508190463604218 0.379433386952613 0.527759703715305 0.352655071512743 0.546016850048 0.325 0.562916512459884 0.296536927279555 0.578416675727453 0.267336617034897 0.592478804002586 0.237471665838156 0.605067936618731 0.207016322663595 0.616152775008634 0.176046304292953 0.625705760517506 0.144638607071604 0.633703142918184 0.112871315483505 0.640125039457934 0.0808234080208655 0.64495548429011 0.0485745608311761 0.648182468167766 0.0162049496297477 0.649797968300529 -0.0162049496297469 0.649797968300529 -0.0485745608311753 0.648182468167766 -0.0808234080208647 0.64495548429011 -0.112871315483504 0.640125039457934 -0.144638607071604 0.633703142918184 -0.176046304292952 0.625705760517506 -0.207016322663594 0.616152775008634 -0.237471665838156 0.605067936618732 -0.267336617034896 0.592478804002586 -0.296536927279555 0.578416675727454 -0.324999999999999 0.562916512459884 -0.352655071512743 0.546016850048 -0.379433386952612 0.527759703715306 -0.405268371208176 0.508190463604218 -0.430095794437958 0.487357781929026 -0.453853931755947 0.465313452018816 -0.476483716689386 0.442112279551096 -0.497928888027335 0.417811946296249 -0.518136129694899 0.392472866711559 -0.537055203305396 0.366158037741353 -0.5546390730609 0.338932882196672 -0.570844022690648 0.310865086103855 -0.585629764136572 0.282024430426411 -0.598959537715764 0.25248261757855 -0.61080020351084 0.222313093161683 -0.621122323760991 0.191590863367086 -0.6299002360489 0.160392308498689 -0.637112117101552 0.128794993079606 -0.642740037046332 0.0968774730145113 -0.64677000398751 0.0647191002872787 -0.649191998792298 0.032399825679451 -0.649999999999999 -2.22044604925031e-15 -0.649191998792298 -0.0323998256794554 -0.646770003987509 -0.0647191002872831 -0.642740037046332 -0.0968774730145158 -0.637112117101552 -0.128794993079611 -0.629900236048899 -0.160392308498693 -0.621122323760989 -0.19159086336709 -0.610800203510838 -0.222313093161687 -0.598959537715762 -0.252482617578554 -0.58562976413657 -0.282024430426415 -0.570844022690646 -0.310865086103859 -0.554639073060898 -0.338932882196676 -0.537055203305393 -0.366158037741357 -0.518136129694896 -0.392472866711563 -0.497928888027332 -0.417811946296253 -0.476483716689383 -0.4421122795511 -0.453853931755943 -0.465313452018819 -0.430095794437954 -0.487357781929029 -0.405268371208172 -0.508190463604221 -0.379433386952609 -0.527759703715308 -0.352655071512739 -0.546016850048003 -0.324999999999995 -0.562916512459886 -0.296536927279551 -0.578416675727456 -0.267336617034892 -0.592478804002588 -0.237471665838151 -0.605067936618733 -0.207016322663589 -0.616152775008636 -0.176046304292948 -0.625705760517508 -0.144638607071599 -0.633703142918185 -0.112871315483499 -0.640125039457935 -0.0808234080208593 -0.644955484290111 -0.0485745608311696 -0.648182468167766 -0.0162049496297412 -0.649797968300529 0.0162049496297536 -0.649797968300529 0.0485745608311821 -0.648182468167765 0.0808234080208716 -0.64495548429011 0.112871315483511 -0.640125039457933 0.144638607071611 -0.633703142918182 0.17604630429296 -0.625705760517505 0.207016322663601 -0.616152775008632 0.237471665838163 -0.605067936618729 0.267336617034904 -0.592478804002583 0.296536927279562 -0.57841667572745 0.325000000000006 -0.56291651245988 0.352655071512749 -0.546016850047996 0.379433386952619 -0.527759703715301 0.405268371208182 -0.508190463604213 0.430095794437964 -0.487357781929021 0.453853931755952 -0.46531345201881 0.476483716689392 -0.442112279551091 0.49792888802734 -0.417811946296243 0.518136129694904 -0.392472866711553 0.537055203305401 -0.366158037741346 0.554639073060905 -0.338932882196665 0.570844022690652 -0.310865086103848 0.585629764136575 -0.282024430426404 0.598959537715767 -0.252482617578543 0.610800203510842 -0.222313093161675 0.621122323760993 -0.191590863367078 0.629900236048902 -0.160392308498681 0.637112117101554 -0.128794993079599 0.642740037046334 -0.0968774730145034 0.64677000398751 -0.0647191002872708 0.649191998792299 -0.032399825679443 89 87 88 59 60 61 102 99 100 102 100 101 57 58 59 55 56 57 105 102 103 105 103 104 54 55 57 107 105 106 107 99 102 107 102 105 107 96 97 107 97 98 107 98 99 52 53 54 110 108 109 49 50 51 49 51 52 111 108 110 47 48 49 113 107 108 113 111 112 113 108 111 115 113 114 44 45 46 116 113 115 43 46 47 43 44 46 119 116 117 119 117 118 120 116 119 39 40 41 39 41 42 39 42 43 125 123 124 1 125 126 2 125 1 3 125 2 30 31 32 30 32 33 30 33 34 5 3 4 6 123 125 6 125 3 6 120 121 6 121 122 6 122 123 6 3 5 26 27 28 8 6 7 25 28 29 25 29 30 25 30 34 25 26 28 9 6 8 11 9 10 11 6 9 22 23 24 21 24 25 21 34 35 21 22 24 21 25 34 13 11 12 13 6 11 19 20 21 15 13 14 18 19 21 17 59 61 17 57 59 17 15 16 17 13 15 17 120 6 17 49 52 17 96 107 17 18 21 17 35 36 17 36 37 17 37 38 17 38 39 17 107 113 17 113 116 17 47 49 17 6 13 17 21 35 17 61 62 17 62 63 17 63 64 17 43 47 17 64 65 17 65 66 17 66 67 17 87 89 17 67 68 17 68 69 17 69 70 17 70 71 17 71 72 17 72 73 17 73 74 17 74 75 17 75 76 17 76 77 17 39 43 17 116 120 17 77 78 17 78 79 17 79 80 17 80 81 17 81 82 17 82 83 17 83 84 17 84 85 17 85 86 17 86 87 17 52 54 17 89 90 17 90 91 17 91 92 17 92 93 17 93 94 17 94 95 17 95 96 17 54 57 
126 124 1 0 7.53644380168212e-15
25.65 -12.5 15.2 25.6491919987923 -12.4676001743205 15.2 25.6467700039875 -12.4352808997127 15.2 25.6427400370463 -12.4031225269855 15.2 25.6371121171016 -12.3712050069204 15.2 25.6299002360489 -12.3396076915013 15.2 25.621122323761 -12.3084091366329 15.2 25.6108002035108 -12.2776869068383 15.2 25.5989595377158 -12.2475173824214 15.2 25.5856297641366 -12.2179755695736 15.2 25.5708440226907 -12.1891349138961 15.2 25.5546390730609 -12.1610671178033 15.2 25.5370552033054 -12.1338419622586 15.2 25.5181361296949 -12.1075271332884 15.2 25.4979288880273 -12.0821880537037 15.2 25.4764837166894 -12.0578877204489 15.2 25.4538539317559 -12.0346865479812 15.2 25.430095794438 -12.012642218071 15.2 25.4052683712082 -11.9918095363958 15.2 25.3794333869526 -11.9722402962847 15.2 25.3526550715127 -11.953983149952 15.2 25.325 -11.9370834875401 15.2 25.2965369272796 -11.9215833242725 15.2 25.2673366170349 -11.9075211959974 15.2 25.2374716658382 -11.8949320633813 15.2 25.2070163226636 -11.8838472249914 15.2 25.176046304293 -11.8742942394825 15.2 25.1446386070716 -11.8662968570818 15.2 25.1128713154835 -11.8598749605421 15.2 25.0808234080209 -11.8550445157099 15.2 25.0485745608312 -11.8518175318322 15.2 25.0162049496297 -11.8502020316995 15.2 24.9837950503703 -11.8502020316995 15.2 24.9514254391688 -11.8518175318322 15.2 24.9191765919791 -11.8550445157099 15.2 24.8871286845165 -11.8598749605421 15.2 24.8553613929284 -11.8662968570818 15.2 24.823953695707 -11.8742942394825 15.2 24.7929836773364 -11.8838472249914 15.2 24.7625283341618 -11.8949320633813 15.2 24.7326633829651 -11.9075211959974 15.2 24.7034630727204 -11.9215833242725 15.2 24.675 -11.9370834875401 15.2 24.6473449284873 -11.953983149952 15.2 24.6205666130474 -11.9722402962847 15.2 24.5947316287918 -11.9918095363958 15.2 24.569904205562 -12.012642218071 15.2 24.5461460682441 -12.0346865479812 15.2 24.5235162833106 -12.0578877204489 15.2 24.5020711119727 -12.0821880537037 15.2 24.4818638703051 -12.1075271332884 15.2 24.4629447966946 -12.1338419622586 15.2 24.4453609269391 -12.1610671178033 15.2 24.4291559773093 -12.1891349138961 15.2 24.4143702358634 -12.2179755695736 15.2 24.4010404622842 -12.2475173824214 15.2 24.3891997964892 -12.2776869068383 15.2 24.378877676239 -12.3084091366329 15.2 24.3700997639511 -12.3396076915013 15.2 24.3628878828984 -12.3712050069204 15.2 24.3572599629537 -12.4031225269855 15.2 24.3532299960125 -12.4352808997127 15.2 24.3508080012077 -12.4676001743205 15.2 24.35 -12.5 15.2 24.3508080012077 -12.5323998256795 15.2 24.3532299960125 -12.5647191002873 15.2 24.3572599629537 -12.5968774730145 15.2 24.3628878828984 -12.6287949930796 15.2 24.3700997639511 -12.6603923084987 15.2 24.378877676239 -12.6915908633671 15.2 24.3891997964892 -12.7223130931617 15.2 24.4010404622842 -12.7524826175786 15.2 24.4143702358634 -12.7820244304264 15.2 24.4291559773094 -12.8108650861039 15.2 24.4453609269391 -12.8389328821967 15.2 24.4629447966946 -12.8661580377414 15.2 24.4818638703051 -12.8924728667116 15.2 24.5020711119727 -12.9178119462963 15.2 24.5235162833106 -12.9421122795511 15.2 24.5461460682441 -12.9653134520188 15.2 24.569904205562 -12.987357781929 15.2 24.5947316287918 -13.0081904636042 15.2 24.6205666130474 -13.0277597037153 15.2 24.6473449284873 -13.046016850048 15.2 24.675 -13.0629165124599 15.2 24.7034630727204 -13.0784166757275 15.2 24.7326633829651 -13.0924788040026 15.2 24.7625283341618 -13.1050679366187 15.2 24.7929836773364 -13.1161527750086 15.2 24.8239536957071 -13.1257057605175 15.2 24.8553613929284 -13.1337031429182 15.2 24.8871286845165 -13.1401250394579 15.2 24.9191765919791 -13.1449554842901 15.2 24.9514254391688 -13.1481824681678 15.2 24.9837950503703 -13.1497979683005 15.2 25.0162049496298 -13.1497979683005 15.2 25.0485745608312 -13.1481824681678 15.2 25.0808234080209 -13.1449554842901 15.2 25.1128713154835 -13.1401250394579 15.2 25.1446386070716 -13.1337031429182 15.2 25.176046304293 -13.1257057605175 15.2 25.2070163226636 -13.1161527750086 15.2 25.2374716658382 -13.1050679366187 15.2 25.2673366170349 -13.0924788040026 15.2 25.2965369272796 -13.0784166757275 15.2 25.325 -13.0629165124599 15.2 25.3526550715127 -13.046016850048 15.2 25.3794333869526 -13.0277597037153 15.2 25.4052683712082 -13.0081904636042 15.2 25.430095794438 -12.987357781929 15.2 25.453853931756 -12.9653134520188 15.2 25.4764837166894 -12.9421122795511 15.2 25.4979288880273 -12.9178119462962 15.2 25.5181361296949 -12.8924728667116 15.2 25.5370552033054 -12.8661580377413 15.2 25.5546390730609 -12.8389328821967 15.2 25.5708440226907 -12.8108650861038 15.2 25.5856297641366 -12.7820244304264 15.2 25.5989595377158 -12.7524826175785 15.2 25.6108002035108 -12.7223130931617 15.2 25.621122323761 -12.6915908633671 15.2 25.6299002360489 -12.6603923084987 15.2 25.6371121171016 -12.6287949930796 15.2 25.6427400370463 -12.5968774730145 15.2 25.6467700039875 -12.5647191002873 15.2 25.6491919987923 -12.5323998256794 15.2 0.649999999999999 -1.11022302462516e-16 0.649191998792298 0.0323998256794531 0.64677000398751 0.0647191002872807 0.642740037046332 0.0968774730145132 0.637112117101552 0.128794993079608 0.629900236048899 0.16039230849869 0.62112232376099 0.191590863367087 0.610800203510839 0.222313093161684 0.598959537715764 0.252482617578551 0.585629764136571 0.282024430426412 0.570844022690647 0.310865086103856 0.5546390730609 0.338932882196673 0.537055203305395 0.366158037741353 0.518136129694899 0.392472866711559 0.497928888027335 0.41781194629625 0.476483716689386 0.442112279551097 0.453853931755946 0.465313452018816 0.430095794437958 0.487357781929026 0.405268371208176 0.508190463604218 0.379433386952613 0.527759703715305 0.352655071512743 0.546016850048 0.325 0.562916512459884 0.296536927279555 0.578416675727453 0.267336617034897 0.592478804002586 0.237471665838156 0.605067936618731 0.207016322663595 0.616152775008634 0.176046304292953 0.625705760517506 0.144638607071604 0.633703142918184 0.112871315483505 0.640125039457934 0.0808234080208655 0.64495548429011 0.0485745608311761 0.648182468167766 0.0162049496297477 0.649797968300529 -0.0162049496297469 0.649797968300529 -0.0485745608311753 0.648182468167766 -0.0808234080208647 0.64495548429011 -0.112871315483504 0.640125039457934 -0.144638607071604 0.633703142918184 -0.176046304292952 0.625705760517506 -0.207016322663594 0.616152775008634 -0.237471665838156 0.605067936618732 -0.267336617034896 0.592478804002586 -0.296536927279555 0.578416675727454 -0.324999999999999 0.562916512459884 -0.352655071512743 0.546016850048 -0.379433386952612 0.527759703715306 -0.405268371208176 0.508190463604218 -0.430095794437958 0.487357781929026 -0.453853931755947 0.465313452018816 -0.476483716689386 0.442112279551096 -0.497928888027335 0.417811946296249 -0.518136129694899 0.392472866711559 -0.537055203305396 0.366158037741353 -0.5546390730609 0.338932882196672 -0.570844022690648 0.310865086103855 -0.585629764136572 0.282024430426411 -0.598959537715764 0.25248261757855 -0.61080020351084 0.222313093161683 -0.621122323760991 0.191590863367086 -0.6299002360489 0.160392308498689 -0.637112117101552 0.128794993079606 -0.642740037046332 0.0968774730145113 -0.64677000398751 0.0647191002872787 -0.649191998792298 0.032399825679451 -0.649999999999999 -2.22044604925031e-15 -0.649191998792298 -0.0323998256794554 -0.646770003987509 -0.0647191002872831 -0.642740037046332 -0.0968774730145158 -0.637112117101552 -0.128794993079611 -0.629900236048899 -0.160392308498693 -0.621122323760989 -0.19159086336709 -0.610800203510838 -0.222313093161687 -0.598959537715762 -0.252482617578554 -0.58562976413657 -0.282024430426415 -0.570844022690646 -0.310865086103859 -0.554639073060898 -0.338932882196676 -0.537055203305393 -0.366158037741357 -0.518136129694896 -0.392472866711563 -0.497928888027332 -0.417811946296253 -0.476483716689383 -0.4421122795511 -0.453853931755943 -0.465313452018819 -0.430095794437954 -0.487357781929029 -0.405268371208172 -0.508190463604221 -0.379433386952609 -0.527759703715308 -0.352655071512739 -0.546016850048003 -0.324999999999995 -0.562916512459886 -0.296536927279551 -0.578416675727456 -0.267336617034892 -0.592478804002588 -0.237471665838151 -0.605067936618733 -0.207016322663589 -0.616152775008636 -0.176046304292948 -0.625705760517508 -0.144638607071599 -0.633703142918185 -0.112871315483499 -0.640125039457935 -0.0808234080208593 -0.644955484290111 -0.0485745608311696 -0.648182468167766 -0.0162049496297412 -0.649797968300529 0.0162049496297536 -0.649797968300529 0.0485745608311821 -0.648182468167765 0.0808234080208716 -0.64495548429011 0.112871315483511 -0.640125039457933 0.144638607071611 -0.633703142918182 0.17604630429296 -0.625705760517505 0.207016322663601 -0.616152775008632 0.237471665838163 -0.605067936618729 0.267336617034904 -0.592478804002583 0.296536927279562 -0.57841667572745 0.325000000000006 -0.56291651245988 0.352655071512749 -0.546016850047996 0.379433386952619 -0.527759703715301 0.405268371208182 -0.508190463604213 0.430095794437964 -0.487357781929021 0.453853931755952 -0.46531345201881 0.476483716689392 -0.442112279551091 0.49792888802734 -0.417811946296243 0.518136129694904 -0.392472866711553 0.537055203305401 -0.366158037741346 0.554639073060905 -0.338932882196665 0.570844022690652 -0.310865086103848 0.585629764136575 -0.282024430426404 0.598959537715767 -0.252482617578543 0.610800203510842 -0.222313093161675 0.621122323760993 -0.191590863367078 0.629900236048902 -0.160392308498681 0.637112117101554 -0.128794993079599 0.642740037046334 -0.0968774730145034 0.64677000398751 -0.0647191002872708 0.649191998792299 -0.032399825679443 89 87 88 59 60 61 102 99 100 102 100 101 57 58 59 55 56 57 105 102 103 105 103 104 54 55 57 107 105 106 107 99 102 107 102 105 107 96 97 107 97 98 107 98 99 52 53 54 110 108 109 49 50 51 49 51 52 111 108 110 47 48 49 113 107 108 113 111 112 113 108 111 115 113 114 44 45 46 116 113 115 43 46 47 43 44 46 119 116 117 119 117 118 120 116 119 39 40 41 39 41 42 39 42 43 125 123 124 1 125 126 2 125 1 3 125 2 30 31 32 30 32 33 30 33 34 5 3 4 6 123 125 6 125 3 6 120 121 6 121 122 6 122 123 6 3 5 26 27 28 8 6 7 25 28 29 25 29 30 25 30 34 25 26 28 9 6 8 11 9 10 11 6 9 22 23 24 21 24 25 21 34 35 21 22 24 21 25 34 13 11 12 13 6 11 19 20 21 15 13 14 18 19 21 17 59 61 17 57 59 17 15 16 17 13 15 17 120 6 17 49 52 17 96 107 17 18 21 17 35 36 17 36 37 17 37 38 17 38 39 17 107 113 17 113 116 17 47 49 17 6 13 17 21 35 17 61 62 17 62 63 17 63 64 17 43 47 17 64 65 17 65 66 17 66 67 17 87 89 17 67 68 17 68 69 17 69 70 17 70 71 17 71 72 17 72 73 17 73 74 17 74 75 17 75 76 17 76 77 17 39 43 17 116 120 17 77 78 17 78 79 17 79 80 17 80 81 17 81 82 17 82 83 17 83 84 17 84 85 17 85 86 17 86 87 17 52 54 17 89 90 17 90 91 17 91 92 17 92 93 17 93 94 17 94 95 17 95 96 17 54 57 
126 124 1 0 7.53644380168212e-15
23.15 -12.5 15.2 23.1491919987923 -12.4676001743205 15.2 23.1467700039875 -12.4352808997127 15.2 23.1427400370463 -12.4031225269855 15.2 23.1371121171016 -12.3712050069204 15.2 23.1299002360489 -12.3396076915013 15.2 23.121122323761 -12.3084091366329 15.2 23.1108002035108 -12.2776869068383 15.2 23.0989595377158 -12.2475173824214 15.2 23.0856297641366 -12.2179755695736 15.2 23.0708440226907 -12.1891349138961 15.2 23.0546390730609 -12.1610671178033 15.2 23.0370552033054 -12.1338419622586 15.2 23.0181361296949 -12.1075271332884 15.2 22.9979288880273 -12.0821880537037 15.2 22.9764837166894 -12.0578877204489 15.2 22.9538539317559 -12.0346865479812 15.2 22.930095794438 -12.012642218071 15.2 22.9052683712082 -11.9918095363958 15.2 22.8794333869526 -11.9722402962847 15.2 22.8526550715127 -11.953983149952 15.2 22.825 -11.9370834875401 15.2 22.7965369272796 -11.9215833242725 15.2 22.7673366170349 -11.9075211959974 15.2 22.7374716658382 -11.8949320633813 15.2 22.7070163226636 -11.8838472249914 15.2 22.676046304293 -11.8742942394825 15.2 22.6446386070716 -11.8662968570818 15.2 22.6128713154835 -11.8598749605421 15.2 22.5808234080209 -11.8550445157099 15.2 22.5485745608312 -11.8518175318322 15.2 22.5162049496297 -11.8502020316995 15.2 22.4837950503703 -11.8502020316995 15.2 22.4514254391688 -11.8518175318322 15.2 22.4191765919791 -11.8550445157099 15.2 22.3871286845165 -11.8598749605421 15.2 22.3553613929284 -11.8662968570818 15.2 22.323953695707 -11.8742942394825 15.2 22.2929836773364 -11.8838472249914 15.2 22.2625283341618 -11.8949320633813 15.2 22.2326633829651 -11.9075211959974 15.2 22.2034630727204 -11.9215833242725 15.2 22.175 -11.9370834875401 15.2 22.1473449284873 -11.953983149952 15.2 22.1205666130474 -11.9722402962847 15.2 22.0947316287918 -11.9918095363958 15.2 22.069904205562 -12.012642218071 15.2 22.0461460682441 -12.0346865479812 15.2 22.0235162833106 -12.0578877204489 15.2 22.0020711119727 -12.0821880537037 15.2 21.9818638703051 -12.1075271332884 15.2 21.9629447966946 -12.1338419622586 15.2 21.9453609269391 -12.1610671178033 15.2 21.9291559773093 -12.1891349138961 15.2 21.9143702358634 -12.2179755695736 15.2 21.9010404622842 -12.2475173824214 15.2 21.8891997964892 -12.2776869068383 15.2 21.878877676239 -12.3084091366329 15.2 21.8700997639511 -12.3396076915013 15.2 21.8628878828984 -12.3712050069204 15.2 21.8572599629537 -12.4031225269855 15.2 21.8532299960125 -12.4352808997127 15.2 21.8508080012077 -12.4676001743205 15.2 21.85 -12.5 15.2 21.8508080012077 -12.5323998256795 15.2 21.8532299960125 -12.5647191002873 15.2 21.8572599629537 -12.5968774730145 15.2 21.8628878828984 -12.6287949930796 15.2 21.8700997639511 -12.6603923084987 15.2 21.878877676239 -12.6915908633671 15.2 21.8891997964892 -12.7223130931617 15.2 21.9010404622842 -12.7524826175786 15.2 21.9143702358634 -12.7820244304264 15.2 21.9291559773094 -12.8108650861039 15.2 21.9453609269391 -12.8389328821967 15.2 21.9629447966946 -12.8661580377414 15.2 21.9818638703051 -12.8924728667116 15.2 22.0020711119727 -12.9178119462963 15.2 22.0235162833106 -12.9421122795511 15.2 22.0461460682441 -12.9653134520188 15.2 22.069904205562 -12.987357781929 15.2 22.0947316287918 -13.0081904636042 15.2 22.1205666130474 -13.0277597037153 15.2 22.1473449284873 -13.046016850048 15.2 22.175 -13.0629165124599 15.2 22.2034630727204 -13.0784166757275 15.2 22.2326633829651 -13.0924788040026 15.2 22.2625283341618 -13.1050679366187 15.2 22.2929836773364 -13.1161527750086 15.2 22.3239536957071 -13.1257057605175 15.2 22.3553613929284 -13.1337031429182 15.2 22.3871286845165 -13.1401250394579 15.2 22.4191765919791 -13.1449554842901 15.2 22.4514254391688 -13.1481824681678 15.2 22.4837950503703 -13.1497979683005 15.2 22.5162049496298 -13.1497979683005 15.2 22.5485745608312 -13.1481824681678 15.2 22.5808234080209 -13.1449554842901 15.2 22.6128713154835 -13.1401250394579 15.2 22.6446386070716 -13.1337031429182 15.2 22.676046304293 -13.1257057605175 15.2 22.7070163226636 -13.1161527750086 15.2 22.7374716658382 -13.1050679366187 15.2 22.7673366170349 -13.0924788040026 15.2 22.7965369272796 -13.0784166757275 15.2 22.825 -13.0629165124599 15.2 22.8526550715127 -13.046016850048 15.2 22.8794333869526 -13.0277597037153 15.2 22.9052683712082 -13.0081904636042 15.2 22.930095794438 -12.987357781929 15.2 22.953853931756 -12.9653134520188 15.2 22.9764837166894 -12.9421122795511 15.2 22.9979288880273 -12.9178119462962 15.2 23.0181361296949 -12.8924728667116 15.2 23.0370552033054 -12.8661580377413 15.2 23.0546390730609 -12.8389328821967 15.2 23.0708440226907 -12.8108650861038 15.2 23.0856297641366 -12.7820244304264 15.2 23.0989595377158 -12.7524826175785 15.2 23.1108002035108 -12.7223130931617 15.2 23.121122323761 -12.6915908633671 15.2 23.1299002360489 -12.6603923084987 15.2 23.1371121171016 -12.6287949930796 15.2 23.1427400370463 -12.5968774730145 15.2 23.1467700039875 -12.5647191002873 15.2 23.1491919987923 -12.5323998256794 15.2 0.649999999999999 -1.11022302462516e-16 0.649191998792298 0.0323998256794531 0.64677000398751 0.0647191002872807 0.642740037046332 0.0968774730145132 0.637112117101552 0.128794993079608 0.629900236048899 0.16039230849869 0.62112232376099 0.191590863367087 0.610800203510839 0.222313093161684 0.598959537715764 0.252482617578551 0.585629764136571 0.282024430426412 0.570844022690647 0.310865086103856 0.5546390730609 0.338932882196673 0.537055203305395 0.366158037741353 0.518136129694899 0.392472866711559 0.497928888027335 0.41781194629625 0.476483716689386 0.442112279551097 0.453853931755946 0.465313452018816 0.430095794437958 0.487357781929026 0.405268371208176 0.508190463604218 0.379433386952613 0.527759703715305 0.352655071512743 0.546016850048 0.325 0.562916512459884 0.296536927279555 0.578416675727453 0.267336617034897 0.592478804002586 0.237471665838156 0.605067936618731 0.207016322663595 0.616152775008634 0.176046304292953 0.625705760517506 0.144638607071604 0.633703142918184 0.112871315483505 0.640125039457934 0.0808234080208655 0.64495548429011 0.0485745608311761 0.648182468167766 0.0162049496297477 0.649797968300529 -0.0162049496297469 0.649797968300529 -0.0485745608311753 0.648182468167766 -0.0808234080208647 0.64495548429011 -0.112871315483504 0.640125039457934 -0.144638607071604 0.633703142918184 -0.176046304292952 0.625705760517506 -0.207016322663594 0.616152775008634 -0.237471665838156 0.605067936618732 -0.267336617034896 0.592478804002586 -0.296536927279555 0.578416675727454 -0.324999999999999 0.562916512459884 -0.352655071512743 0.546016850048 -0.379433386952612 0.527759703715306 -0.405268371208176 0.508190463604218 -0.430095794437958 0.487357781929026 -0.453853931755947 0.465313452018816 -0.476483716689386 0.442112279551096 -0.497928888027335 0.417811946296249 -0.518136129694899 0.392472866711559 -0.537055203305396 0.366158037741353 -0.5546390730609 0.338932882196672 -0.570844022690648 0.310865086103855 -0.585629764136572 0.282024430426411 -0.598959537715764 0.25248261757855 -0.61080020351084 0.222313093161683 -0.621122323760991 0.191590863367086 -0.6299002360489 0.160392308498689 -0.637112117101552 0.128794993079606 -0.642740037046332 0.0968774730145113 -0.64677000398751 0.0647191002872787 -0.649191998792298 0.032399825679451 -0.649999999999999 -2.22044604925031e-15 -0.649191998792298 -0.0323998256794554 -0.646770003987509 -0.0647191002872831 -0.642740037046332 -0.0968774730145158 -0.637112117101552 -0.128794993079611 -0.629900236048899 -0.160392308498693 -0.621122323760989 -0.19159086336709 -0.610800203510838 -0.222313093161687 -0.598959537715762 -0.252482617578554 -0.58562976413657 -0.282024430426415 -0.570844022690646 -0.310865086103859 -0.554639073060898 -0.338932882196676 -0.537055203305393 -0.366158037741357 -0.518136129694896 -0.392472866711563 -0.497928888027332 -0.417811946296253 -0.476483716689383 -0.4421122795511 -0.453853931755943 -0.465313452018819 -0.430095794437954 -0.487357781929029 -0.405268371208172 -0.508190463604221 -0.379433386952609 -0.527759703715308 -0.352655071512739 -0.546016850048003 -0.324999999999995 -0.562916512459886 -0.296536927279551 -0.578416675727456 -0.267336617034892 -0.592478804002588 -0.237471665838151 -0.605067936618733 -0.207016322663589 -0.616152775008636 -0.176046304292948 -0.625705760517508 -0.144638607071599 -0.633703142918185 -0.112871315483499 -0.640125039457935 -0.0808234080208593 -0.644955484290111 -0.0485745608311696 -0.648182468167766 -0.0162049496297412 -0.649797968300529 0.0162049496297536 -0.649797968300529 0.0485745608311821 -0.648182468167765 0.0808234080208716 -0.64495548429011 0.112871315483511 -0.640125039457933 0.144638607071611 -0.633703142918182 0.17604630429296 -0.625705760517505 0.207016322663601 -0.616152775008632 0.237471665838163 -0.605067936618729 0.267336617034904 -0.592478804002583 0.296536927279562 -0.57841667572745 0.325000000000006 -0.56291651245988 0.352655071512749 -0.546016850047996 0.379433386952619 -0.527759703715301 0.405268371208182 -0.508190463604213 0.430095794437964 -0.487357781929021 0.453853931755952 -0.46531345201881 0.476483716689392 -0.442112279551091 0.49792888802734 -0.417811946296243 0.518136129694904 -0.392472866711553 0.537055203305401 -0.366158037741346 0.554639073060905 -0.338932882196665 0.570844022690652 -0.310865086103848 0.585629764136575 -0.282024430426404 0.598959537715767 -0.252482617578543 0.610800203510842 -0.222313093161675 0.621122323760993 -0.191590863367078 0.629900236048902 -0.160392308498681 0.637112117101554 -0.128794993079599 0.642740037046334 -0.0968774730145034 0.64677000398751 -0.0647191002872708 0.649191998792299 -0.032399825679443 89 87 88 59 60 61 102 99 100 102 100 101 57 58 59 55 56 57 105 102 103 105 103 104 54 55 57 107 105 106 107 99 102 107 102 105 107 96 97 107 97 98 107 98 99 52 53 54 110 108 109 49 50 51 49 51 52 111 108 110 47 48 49 113 107 108 113 111 112 113 108 111 115 113 114 44 45 46 116 113 115 43 46 47 43 44 46 119 116 117 119 117 118 120 116 119 39 40 41 39 41 42 39 42 43 125 123 124 1 125 126 2 125 1 3 125 2 30 31 32 30 32 33 30 33 34 5 3 4 6 123 125 6 125 3 6 120 121 6 121 122 6 122 123 6 3 5 26 27 28 8 6 7 25 28 29 25 29 30 25 30 34 25 26 28 9 6 8 11 9 10 11 6 9 22 23 24 21 24 25 21 34 35 21 22 24 21 25 34 13 11 12 13 6 11 19 20 21 15 13 14 18 19 21 17 59 61 17 57 59 17 15 16 17 13 15 17 120 6 17 49 52 17 96 107 17 18 21 17 35 36 17 36 37 17 37 38 17 38 39 17 107 113 17 113 116 17 47 49 17 6 13 17 21 35 17 61 62 17 62 63 17 63 64 17 43 47 17 64 65 17 65 66 17 66 67 17 87 89 17 67 68 17 68 69 17 69 70 17 70 71 17 71 72 17 72 73 17 73 74 17 74 75 17 75 76 17 76 77 17 39 43 17 116 120 17 77 78 17 78 79 17 79 80 17 80 81 17 81 82 17 82 83 17 83 84 17 84 85 17 85 86 17 86 87 17 52 54 17 89 90 17 90 91 17 91 92 17 92 93 17 93 94 17 94 95 17 95 96 17 54 57 
126 124 1 0 3.97205464519564e-15
1.9 -12.5 15.2 1.8991919987923 -12.4676001743205 15.2 1.89677000398751 -12.4352808997127 15.2 1.89274003704633 -12.4031225269855 15.2 1.88711211710155 -12.3712050069204 15.2 1.8799002360489 -12.3396076915013 15.2 1.87112232376099 -12.3084091366329 15.2 1.86080020351084 -12.2776869068383 15.2 1.84895953771577 -12.2475173824214 15.2 1.83562976413657 -12.2179755695736 15.2 1.82084402269065 -12.1891349138961 15.2 1.8046390730609 -12.1610671178033 15.2 1.7870552033054 -12.1338419622586 15.2 1.7681361296949 -12.1075271332884 15.2 1.74792888802734 -12.0821880537037 15.2 1.72648371668939 -12.0578877204489 15.2 1.70385393175595 -12.0346865479812 15.2 1.68009579443796 -12.012642218071 15.2 1.65526837120818 -11.9918095363958 15.2 1.62943338695261 -11.9722402962847 15.2 1.60265507151274 -11.953983149952 15.2 1.575 -11.9370834875401 15.2 1.54653692727956 -11.9215833242725 15.2 1.5173366170349 -11.9075211959974 15.2 1.48747166583816 -11.8949320633813 15.2 1.4570163226636 -11.8838472249914 15.2 1.42604630429295 -11.8742942394825 15.2 1.3946386070716 -11.8662968570818 15.2 1.36287131548351 -11.8598749605421 15.2 1.33082340802087 -11.8550445157099 15.2 1.29857456083118 -11.8518175318322 15.2 1.26620494962975 -11.8502020316995 15.2 1.23379505037025 -11.8502020316995 15.2 1.20142543916882 -11.8518175318322 15.2 1.16917659197914 -11.8550445157099 15.2 1.1371286845165 -11.8598749605421 15.2 1.1053613929284 -11.8662968570818 15.2 1.07395369570705 -11.8742942394825 15.2 1.04298367733641 -11.8838472249914 15.2 1.01252833416184 -11.8949320633813 15.2 0.982663382965103 -11.9075211959974 15.2 0.953463072720445 -11.9215833242725 15.2 0.925 -11.9370834875401 15.2 0.897344928487257 -11.953983149952 15.2 0.870566613047387 -11.9722402962847 15.2 0.844731628791823 -11.9918095363958 15.2 0.819904205562041 -12.012642218071 15.2 0.796146068244052 -12.0346865479812 15.2 0.773516283310613 -12.0578877204489 15.2 0.752071111972664 -12.0821880537037 15.2 0.7318638703051 -12.1075271332884 15.2 0.712944796694603 -12.1338419622586 15.2 0.695360926939098 -12.1610671178033 15.2 0.679155977309351 -12.1891349138961 15.2 0.664370235863427 -12.2179755695736 15.2 0.651040462284235 -12.2475173824214 15.2 0.639199796489159 -12.2776869068383 15.2 0.628877676239008 -12.3084091366329 15.2 0.620099763951099 -12.3396076915013 15.2 0.612887882898446 -12.3712050069204 15.2 0.607259962953666 -12.4031225269855 15.2 0.603229996012489 -12.4352808997127 15.2 0.6008080012077 -12.4676001743205 15.2 0.6 -12.5 15.2 0.600808001207701 -12.5323998256795 15.2 0.603229996012489 -12.5647191002873 15.2 0.607259962953667 -12.5968774730145 15.2 0.612887882898447 -12.6287949930796 15.2 0.6200997639511 -12.6603923084987 15.2 0.628877676239009 -12.6915908633671 15.2 0.639199796489161 -12.7223130931617 15.2 0.651040462284236 -12.7524826175786 15.2 0.664370235863429 -12.7820244304264 15.2 0.679155977309353 -12.8108650861039 15.2 0.695360926939101 -12.8389328821967 15.2 0.712944796694605 -12.8661580377414 15.2 0.731863870305103 -12.8924728667116 15.2 0.752071111972667 -12.9178119462963 15.2 0.773516283310616 -12.9421122795511 15.2 0.796146068244056 -12.9653134520188 15.2 0.819904205562045 -12.987357781929 15.2 0.844731628791827 -13.0081904636042 15.2 0.87056661304739 -13.0277597037153 15.2 0.89734492848726 -13.046016850048 15.2 0.925000000000004 -13.0629165124599 15.2 0.953463072720449 -13.0784166757275 15.2 0.982663382965107 -13.0924788040026 15.2 1.01252833416185 -13.1050679366187 15.2 1.04298367733641 -13.1161527750086 15.2 1.07395369570705 -13.1257057605175 15.2 1.1053613929284 -13.1337031429182 15.2 1.1371286845165 -13.1401250394579 15.2 1.16917659197914 -13.1449554842901 15.2 1.20142543916883 -13.1481824681678 15.2 1.23379505037026 -13.1497979683005 15.2 1.26620494962975 -13.1497979683005 15.2 1.29857456083118 -13.1481824681678 15.2 1.33082340802087 -13.1449554842901 15.2 1.36287131548351 -13.1401250394579 15.2 1.39463860707161 -13.1337031429182 15.2 1.42604630429296 -13.1257057605175 15.2 1.4570163226636 -13.1161527750086 15.2 1.48747166583816 -13.1050679366187 15.2 1.5173366170349 -13.0924788040026 15.2 1.54653692727956 -13.0784166757275 15.2 1.57500000000001 -13.0629165124599 15.2 1.60265507151275 -13.046016850048 15.2 1.62943338695262 -13.0277597037153 15.2 1.65526837120818 -13.0081904636042 15.2 1.68009579443796 -12.987357781929 15.2 1.70385393175595 -12.9653134520188 15.2 1.72648371668939 -12.9421122795511 15.2 1.74792888802734 -12.9178119462962 15.2 1.7681361296949 -12.8924728667116 15.2 1.7870552033054 -12.8661580377413 15.2 1.80463907306091 -12.8389328821967 15.2 1.82084402269065 -12.8108650861038 15.2 1.83562976413658 -12.7820244304264 15.2 1.84895953771577 -12.7524826175785 15.2 1.86080020351084 -12.7223130931617 15.2 1.87112232376099 -12.6915908633671 15.2 1.8799002360489 -12.6603923084987 15.2 1.88711211710156 -12.6287949930796 15.2 1.89274003704634 -12.5968774730145 15.2 1.89677000398751 -12.5647191002873 15.2 1.8991919987923 -12.5323998256794 15.2 0.65 -1.11022302462516e-16 0.649191998792299 0.0323998256794531 0.646770003987511 0.0647191002872808 0.642740037046333 0.0968774730145133 0.637112117101553 0.128794993079608 0.629900236048901 0.160392308498691 0.621122323760991 0.191590863367088 0.61080020351084 0.222313093161685 0.598959537715765 0.252482617578552 0.585629764136572 0.282024430426413 0.570844022690649 0.310865086103857 0.554639073060901 0.338932882196674 0.537055203305397 0.366158037741354 0.518136129694899 0.39247286671156 0.497928888027336 0.41781194629625 0.476483716689387 0.442112279551097 0.453853931755947 0.465313452018817 0.430095794437959 0.487357781929027 0.405268371208177 0.508190463604219 0.379433386952613 0.527759703715307 0.352655071512744 0.546016850048001 0.325 0.562916512459885 0.296536927279556 0.578416675727454 0.267336617034898 0.592478804002587 0.237471665838157 0.605067936618733 0.207016322663595 0.616152775008635 0.176046304292954 0.625705760517508 0.144638607071605 0.633703142918185 0.112871315483505 0.640125039457935 0.0808234080208657 0.644955484290112 0.0485745608311762 0.648182468167767 0.0162049496297477 0.649797968300531 -0.0162049496297469 0.649797968300531 -0.0485745608311753 0.648182468167767 -0.080823408020865 0.644955484290112 -0.112871315483504 0.640125039457935 -0.144638607071604 0.633703142918185 -0.176046304292953 0.625705760517508 -0.207016322663594 0.616152775008636 -0.237471665838156 0.605067936618733 -0.267336617034897 0.592478804002588 -0.296536927279555 0.578416675727455 -0.325 0.562916512459885 -0.352655071512743 0.546016850048002 -0.379433386952613 0.527759703715307 -0.405268371208177 0.508190463604219 -0.430095794437959 0.487357781929027 -0.453853931755947 0.465313452018817 -0.476483716689387 0.442112279551097 -0.497928888027336 0.41781194629625 -0.5181361296949 0.39247286671156 -0.537055203305397 0.366158037741354 -0.554639073060902 0.338932882196673 -0.570844022690649 0.310865086103856 -0.585629764136573 0.282024430426412 -0.598959537715765 0.25248261757855 -0.610800203510841 0.222313093161683 -0.621122323760992 0.191590863367086 -0.629900236048901 0.160392308498689 -0.637112117101554 0.128794993079607 -0.642740037046334 0.0968774730145116 -0.646770003987511 0.0647191002872789 -0.6491919987923 0.0323998256794511 -0.65 -2.22044604925031e-15 -0.649191998792299 -0.0323998256794555 -0.646770003987511 -0.0647191002872833 -0.642740037046333 -0.096877473014516 -0.637112117101553 -0.128794993079611 -0.6299002360489 -0.160392308498694 -0.621122323760991 -0.191590863367091 -0.610800203510839 -0.222313093161688 -0.598959537715764 -0.252482617578555 -0.585629764136571 -0.282024430426416 -0.570844022690647 -0.31086508610386 -0.554639073060899 -0.338932882196677 -0.537055203305394 -0.366158037741357 -0.518136129694897 -0.392472866711563 -0.497928888027333 -0.417811946296254 -0.476483716689384 -0.442112279551101 -0.453853931755944 -0.46531345201882 -0.430095794437955 -0.48735778192903 -0.405268371208173 -0.508190463604222 -0.37943338695261 -0.527759703715309 -0.35265507151274 -0.546016850048004 -0.324999999999996 -0.562916512459887 -0.296536927279551 -0.578416675727457 -0.267336617034893 -0.59247880400259 -0.237471665838152 -0.605067936618735 -0.20701632266359 -0.616152775008637 -0.176046304292948 -0.625705760517509 -0.144638607071599 -0.633703142918187 -0.112871315483499 -0.640125039457936 -0.0808234080208595 -0.644955484290113 -0.0485745608311697 -0.648182468167767 -0.0162049496297412 -0.649797968300531 0.0162049496297536 -0.64979796830053 0.0485745608311822 -0.648182468167767 0.0808234080208718 -0.644955484290111 0.112871315483511 -0.640125039457934 0.144638607071611 -0.633703142918184 0.17604630429296 -0.625705760517506 0.207016322663601 -0.616152775008633 0.237471665838163 -0.60506793661873 0.267336617034904 -0.592478804002584 0.296536927279562 -0.578416675727451 0.325000000000007 -0.562916512459881 0.35265507151275 -0.546016850047997 0.37943338695262 -0.527759703715302 0.405268371208183 -0.508190463604214 0.430095794437965 -0.487357781929022 0.453853931755953 -0.465313452018811 0.476483716689393 -0.442112279551091 0.497928888027341 -0.417811946296244 0.518136129694905 -0.392472866711553 0.537055203305401 -0.366158037741347 0.554639073060906 -0.338932882196666 0.570844022690653 -0.310865086103849 0.585629764136576 -0.282024430426405 0.598959537715769 -0.252482617578543 0.610800203510844 -0.222313093161676 0.621122323760994 -0.191590863367079 0.629900236048903 -0.160392308498682 0.637112117101555 -0.128794993079599 0.642740037046335 -0.0968774730145037 0.646770003987512 -0.0647191002872709 0.6491919987923 -0.0323998256794431 17 18 26 17 119 125 17 109 119 17 14 16 17 33 35 17 12 13 17 13 14 17 52 58 17 99 101 17 43 45 17 47 49 17 103 109 17 125 4 17 49 52 17 26 31 17 45 46 17 46 47 17 31 33 17 58 59 17 59 60 17 60 61 17 61 62 17 62 63 17 63 64 17 64 65 17 65 66 17 66 67 17 67 68 17 68 69 17 69 70 17 70 71 17 71 72 17 72 73 17 101 103 17 73 74 17 74 75 17 4 8 17 75 76 17 76 77 17 77 78 17 78 79 17 79 80 17 80 81 17 81 82 17 82 83 17 83 84 17 84 85 17 85 86 17 86 87 17 87 88 17 35 43 17 88 89 17 89 90 17 8 12 17 90 91 17 91 92 17 92 93 17 93 94 17 94 95 17 95 96 17 96 97 17 97 98 17 98 99 101 99 100 103 101 102 56 57 58 53 56 58 53 54 55 53 55 56 52 53 58 109 103 104 109 104 105 109 105 106 109 106 107 109 107 108 50 51 52 49 50 52 112 109 110 112 110 111 47 48 49 114 112 113 43 44 45 117 109 112 117 112 114 117 114 115 117 115 116 119 117 118 119 109 117 122 120 121 37 38 39 37 39 40 37 40 41 123 119 120 123 120 122 124 119 123 35 36 37 35 41 42 35 42 43 35 37 41 125 119 124 33 34 35 2 125 126 2 126 1 31 32 33 3 125 2 4 125 3 29 30 31 6 4 5 26 27 28 26 28 29 26 29 31 8 6 7 8 4 6 23 24 25 23 25 26 11 8 9 11 9 10 12 8 11 20 21 22 20 22 23 19 20 23 18 23 26 18 19 23 16 14 15 
126 124 1 0 3.97360592611602e-15
-0.6 -12.5 15.2 -0.600808001207701 -12.4676001743205 15.2 -0.603229996012489 -12.4352808997127 15.2 -0.607259962953666 -12.4031225269855 15.2 -0.612887882898447 -12.3712050069204 15.2 -0.620099763951099 -12.3396076915013 15.2 -0.628877676239009 -12.3084091366329 15.2 -0.63919979648916 -12.2776869068383 15.2 -0.651040462284235 -12.2475173824214 15.2 -0.664370235863428 -12.2179755695736 15.2 -0.679155977309351 -12.1891349138961 15.2 -0.695360926939099 -12.1610671178033 15.2 -0.712944796694603 -12.1338419622586 15.2 -0.7318638703051 -12.1075271332884 15.2 -0.752071111972664 -12.0821880537037 15.2 -0.773516283310613 -12.0578877204489 15.2 -0.796146068244053 -12.0346865479812 15.2 -0.819904205562041 -12.012642218071 15.2 -0.844731628791823 -11.9918095363958 15.2 -0.870566613047386 -11.9722402962847 15.2 -0.897344928487256 -11.953983149952 15.2 -0.925 -11.9370834875401 15.2 -0.953463072720444 -11.9215833242725 15.2 -0.982663382965102 -11.9075211959974 15.2 -1.01252833416184 -11.8949320633813 15.2 -1.0429836773364 -11.8838472249914 15.2 -1.07395369570705 -11.8742942394825 15.2 -1.1053613929284 -11.8662968570818 15.2 -1.13712868451649 -11.8598749605421 15.2 -1.16917659197913 -11.8550445157099 15.2 -1.20142543916882 -11.8518175318322 15.2 -1.23379505037025 -11.8502020316995 15.2 -1.26620494962975 -11.8502020316995 15.2 -1.29857456083118 -11.8518175318322 15.2 -1.33082340802086 -11.8550445157099 15.2 -1.3628713154835 -11.8598749605421 15.2 -1.3946386070716 -11.8662968570818 15.2 -1.42604630429295 -11.8742942394825 15.2 -1.45701632266359 -11.8838472249914 15.2 -1.48747166583816 -11.8949320633813 15.2 -1.5173366170349 -11.9075211959974 15.2 -1.54653692727956 -11.9215833242725 15.2 -1.575 -11.9370834875401 15.2 -1.60265507151274 -11.953983149952 15.2 -1.62943338695261 -11.9722402962847 15.2 -1.65526837120818 -11.9918095363958 15.2 -1.68009579443796 -12.012642218071 15.2 -1.70385393175595 -12.0346865479812 15.2 -1.72648371668939 -12.0578877204489 15.2 -1.74792888802734 -12.0821880537037 15.2 -1.7681361296949 -12.1075271332884 15.2 -1.7870552033054 -12.1338419622586 15.2 -1.8046390730609 -12.1610671178033 15.2 -1.82084402269065 -12.1891349138961 15.2 -1.83562976413657 -12.2179755695736 15.2 -1.84895953771577 -12.2475173824214 15.2 -1.86080020351084 -12.2776869068383 15.2 -1.87112232376099 -12.3084091366329 15.2 -1.8799002360489 -12.3396076915013 15.2 -1.88711211710155 -12.3712050069204 15.2 -1.89274003704633 -12.4031225269855 15.2 -1.89677000398751 -12.4352808997127 15.2 -1.8991919987923 -12.4676001743205 15.2 -1.9 -12.5 15.2 -1.8991919987923 -12.5323998256795 15.2 -1.89677000398751 -12.5647191002873 15.2 -1.89274003704633 -12.5968774730145 15.2 -1.88711211710155 -12.6287949930796 15.2 -1.8799002360489 -12.6603923084987 15.2 -1.87112232376099 -12.6915908633671 15.2 -1.86080020351084 -12.7223130931617 15.2 -1.84895953771576 -12.7524826175786 15.2 -1.83562976413657 -12.7820244304264 15.2 -1.82084402269065 -12.8108650861039 15.2 -1.8046390730609 -12.8389328821967 15.2 -1.78705520330539 -12.8661580377414 15.2 -1.7681361296949 -12.8924728667116 15.2 -1.74792888802733 -12.9178119462963 15.2 -1.72648371668938 -12.9421122795511 15.2 -1.70385393175594 -12.9653134520188 15.2 -1.68009579443796 -12.987357781929 15.2 -1.65526837120817 -13.0081904636042 15.2 -1.62943338695261 -13.0277597037153 15.2 -1.60265507151274 -13.046016850048 15.2 -1.575 -13.0629165124599 15.2 -1.54653692727955 -13.0784166757275 15.2 -1.51733661703489 -13.0924788040026 15.2 -1.48747166583815 -13.1050679366187 15.2 -1.45701632266359 -13.1161527750086 15.2 -1.42604630429295 -13.1257057605175 15.2 -1.3946386070716 -13.1337031429182 15.2 -1.3628713154835 -13.1401250394579 15.2 -1.33082340802086 -13.1449554842901 15.2 -1.29857456083117 -13.1481824681678 15.2 -1.26620494962974 -13.1497979683005 15.2 -1.23379505037025 -13.1497979683005 15.2 -1.20142543916882 -13.1481824681678 15.2 -1.16917659197913 -13.1449554842901 15.2 -1.13712868451649 -13.1401250394579 15.2 -1.10536139292839 -13.1337031429182 15.2 -1.07395369570704 -13.1257057605175 15.2 -1.0429836773364 -13.1161527750086 15.2 -1.01252833416184 -13.1050679366187 15.2 -0.982663382965096 -13.0924788040026 15.2 -0.953463072720437 -13.0784166757275 15.2 -0.924999999999993 -13.0629165124599 15.2 -0.89734492848725 -13.046016850048 15.2 -0.87056661304738 -13.0277597037153 15.2 -0.844731628791817 -13.0081904636042 15.2 -0.819904205562035 -12.987357781929 15.2 -0.796146068244047 -12.9653134520188 15.2 -0.773516283310607 -12.9421122795511 15.2 -0.752071111972659 -12.9178119462962 15.2 -0.731863870305095 -12.8924728667116 15.2 -0.712944796694598 -12.8661580377413 15.2 -0.695360926939094 -12.8389328821967 15.2 -0.679155977309347 -12.8108650861038 15.2 -0.664370235863424 -12.7820244304264 15.2 -0.651040462284231 -12.7524826175785 15.2 -0.639199796489156 -12.7223130931617 15.2 -0.628877676239006 -12.6915908633671 15.2 -0.620099763951097 -12.6603923084987 15.2 -0.612887882898445 -12.6287949930796 15.2 -0.607259962953665 -12.5968774730145 15.2 -0.603229996012488 -12.5647191002873 15.2 -0.6008080012077 -12.5323998256794 15.2 0.65 -1.11022302462516e-16 0.649191998792299 0.0323998256794532 0.646770003987511 0.0647191002872808 0.642740037046334 0.0968774730145134 0.637112117101553 0.128794993079608 0.629900236048901 0.160392308498691 0.621122323760991 0.191590863367088 0.61080020351084 0.222313093161685 0.598959537715765 0.252482617578552 0.585629764136573 0.282024430426413 0.570844022690648 0.310865086103857 0.554639073060901 0.338932882196674 0.537055203305397 0.366158037741354 0.5181361296949 0.39247286671156 0.497928888027336 0.417811946296251 0.476483716689387 0.442112279551098 0.453853931755947 0.465313452018817 0.430095794437959 0.487357781929027 0.405268371208177 0.508190463604219 0.379433386952614 0.527759703715307 0.352655071512744 0.546016850048001 0.325 0.562916512459885 0.296536927279556 0.578416675727454 0.267336617034898 0.592478804002588 0.237471665838157 0.605067936618733 0.207016322663595 0.616152775008636 0.176046304292954 0.625705760517508 0.144638607071605 0.633703142918185 0.112871315483505 0.640125039457935 0.0808234080208657 0.644955484290112 0.0485745608311762 0.648182468167767 0.0162049496297477 0.64979796830053 -0.0162049496297469 0.64979796830053 -0.0485745608311753 0.648182468167767 -0.080823408020865 0.644955484290112 -0.112871315483504 0.640125039457935 -0.144638607071604 0.633703142918186 -0.176046304292953 0.625705760517508 -0.207016322663594 0.616152775008636 -0.237471665838156 0.605067936618733 -0.267336617034897 0.592478804002588 -0.296536927279555 0.578416675727455 -0.325 0.562916512459885 -0.352655071512743 0.546016850048002 -0.379433386952613 0.527759703715307 -0.405268371208177 0.508190463604219 -0.430095794437959 0.487357781929027 -0.453853931755948 0.465313452018817 -0.476483716689387 0.442112279551097 -0.497928888027336 0.41781194629625 -0.5181361296949 0.39247286671156 -0.537055203305397 0.366158037741354 -0.554639073060902 0.338932882196673 -0.570844022690649 0.310865086103856 -0.585629764136573 0.282024430426412 -0.598959537715765 0.252482617578551 -0.610800203510841 0.222313093161683 -0.621122323760992 0.191590863367086 -0.629900236048901 0.160392308498689 -0.637112117101554 0.128794993079607 -0.642740037046334 0.0968774730145116 -0.646770003987511 0.0647191002872789 -0.6491919987923 0.0323998256794511 -0.65 -2.22044604925031e-15 -0.649191998792299 -0.0323998256794555 -0.646770003987511 -0.0647191002872833 -0.642740037046333 -0.096877473014516 -0.637112117101553 -0.128794993079611 -0.6299002360489 -0.160392308498694 -0.621122323760991 -0.191590863367091 -0.610800203510839 -0.222313093161688 -0.598959537715764 -0.252482617578555 -0.585629764136571 -0.282024430426416 -0.570844022690647 -0.31086508610386 -0.554639073060899 -0.338932882196677 -0.537055203305395 -0.366158037741357 -0.518136129694897 -0.392472866711563 -0.497928888027333 -0.417811946296254 -0.476483716689384 -0.442112279551101 -0.453853931755944 -0.46531345201882 -0.430095794437955 -0.48735778192903 -0.405268371208173 -0.508190463604222 -0.37943338695261 -0.527759703715309 -0.35265507151274 -0.546016850048004 -0.324999999999996 -0.562916512459888 -0.296536927279551 -0.578416675727457 -0.267336617034893 -0.59247880400259 -0.237471665838152 -0.605067936618735 -0.20701632266359 -0.616152775008637 -0.176046304292948 -0.625705760517509 -0.144638607071599 -0.633703142918187 -0.112871315483499 -0.640125039457936 -0.0808234080208595 -0.644955484290113 -0.0485745608311697 -0.648182468167768 -0.0162049496297412 -0.649797968300531 0.0162049496297537 -0.64979796830053 0.0485745608311822 -0.648182468167767 0.0808234080208718 -0.644955484290111 0.112871315483511 -0.640125039457934 0.144638607071611 -0.633703142918184 0.17604630429296 -0.625705760517506 0.207016322663602 -0.616152775008633 0.237471665838163 -0.60506793661873 0.267336617034904 -0.592478804002585 0.296536927279562 -0.578416675727451 0.325000000000007 -0.562916512459881 0.35265507151275 -0.546016850047997 0.37943338695262 -0.527759703715302 0.405268371208183 -0.508190463604214 0.430095794437965 -0.487357781929022 0.453853931755953 -0.465313452018811 0.476483716689393 -0.442112279551092 0.497928888027341 -0.417811946296244 0.518136129694905 -0.392472866711553 0.537055203305402 -0.366158037741347 0.554639073060906 -0.338932882196666 0.570844022690653 -0.310865086103849 0.585629764136577 -0.282024430426405 0.598959537715768 -0.252482617578543 0.610800203510844 -0.222313093161676 0.621122323760994 -0.191590863367079 0.629900236048903 -0.160392308498682 0.637112117101556 -0.128794993079599 0.642740037046335 -0.0968774730145037 0.646770003987512 -0.0647191002872709 0.6491919987923 -0.0323998256794431 87 85 86 91 89 90 92 89 91 99 96 97 99 97 98 101 99 100 103 101 102 56 57 58 104 101 103 106 104 105 106 101 104 52 53 54 108 106 107 51 52 54 51 54 55 109 106 108 111 109 110 47 48 49 113 111 112 46 47 49 114 111 113 116 114 115 117 109 111 117 114 116 117 111 114 41 42 43 41 43 44 119 117 118 40 41 44 120 117 119 123 120 121 123 121 122 36 37 38 36 38 39 36 39 40 36 44 45 36 40 44 124 120 123 34 35 36 126 124 125 126 117 120 126 120 124 3 1 2 5 3 4 5 1 3 5 126 1 28 29 30 28 30 31 28 31 32 27 32 33 27 28 32 8 5 6 8 6 7 8 126 5 24 25 26 24 26 27 22 23 24 12 8 9 12 9 10 12 10 11 21 24 27 21 22 24 15 12 13 15 13 14 18 19 20 18 20 21 16 12 15 17 51 55 17 96 99 17 99 101 17 12 16 17 56 58 17 101 106 17 8 12 17 126 8 17 109 117 17 33 34 17 106 109 17 45 46 17 49 50 17 50 51 17 55 56 17 117 126 17 58 59 17 85 87 17 59 60 17 60 61 17 46 49 17 18 21 17 61 62 17 62 63 17 63 64 17 21 27 17 64 65 17 65 66 17 66 67 17 67 68 17 68 69 17 69 70 17 70 71 17 71 72 17 36 45 17 72 73 17 73 74 17 89 92 17 74 75 17 75 76 17 76 77 17 77 78 17 78 79 17 79 80 17 80 81 17 81 82 17 82 83 17 83 84 17 34 36 17 84 85 17 87 88 17 88 89 17 92 93 17 93 94 17 94 95 17 95 96 17 27 33 
126 124 1 0 7.53644380168212e-15
-24.35 -12.5 15.2 -24.3508080012077 -12.4676001743205 15.2 -24.3532299960125 -12.4352808997127 15.2 -24.3572599629537 -12.4031225269855 15.2 -24.3628878828984 -12.3712050069204 15.2 -24.3700997639511 -12.3396076915013 15.2 -24.378877676239 -12.3084091366329 15.2 -24.3891997964892 -12.2776869068383 15.2 -24.4010404622842 -12.2475173824214 15.2 -24.4143702358634 -12.2179755695736 15.2 -24.4291559773093 -12.1891349138961 15.2 -24.4453609269391 -12.1610671178033 15.2 -24.4629447966946 -12.1338419622586 15.2 -24.4818638703051 -12.1075271332884 15.2 -24.5020711119727 -12.0821880537037 15.2 -24.5235162833106 -12.0578877204489 15.2 -24.5461460682441 -12.0346865479812 15.2 -24.569904205562 -12.012642218071 15.2 -24.5947316287918 -11.9918095363958 15.2 -24.6205666130474 -11.9722402962847 15.2 -24.6473449284873 -11.953983149952 15.2 -24.675 -11.9370834875401 15.2 -24.7034630727204 -11.9215833242725 15.2 -24.7326633829651 -11.9075211959974 15.2 -24.7625283341618 -11.8949320633813 15.2 -24.7929836773364 -11.8838472249914 15.2 -24.823953695707 -11.8742942394825 15.2 -24.8553613929284 -11.8662968570818 15.2 -24.8871286845165 -11.8598749605421 15.2 -24.9191765919791 -11.8550445157099 15.2 -24.9514254391688 -11.8518175318322 15.2 -24.9837950503703 -11.8502020316995 15.2 -25.0162049496297 -11.8502020316995 15.2 -25.0485745608312 -11.8518175318322 15.2 -25.0808234080209 -11.8550445157099 15.2 -25.1128713154835 -11.8598749605421 15.2 -25.1446386070716 -11.8662968570818 15.2 -25.176046304293 -11.8742942394825 15.2 -25.2070163226636 -11.8838472249914 15.2 -25.2374716658382 -11.8949320633813 15.2 -25.2673366170349 -11.9075211959974 15.2 -25.2965369272796 -11.9215833242725 15.2 -25.325 -11.9370834875401 15.2 -25.3526550715127 -11.953983149952 15.2 -25.3794333869526 -11.9722402962847 15.2 -25.4052683712082 -11.9918095363958 15.2 -25.430095794438 -12.012642218071 15.2 -25.4538539317559 -12.0346865479812 15.2 -25.4764837166894 -12.0578877204489 15.2 -25.4979288880273 -12.0821880537037 15.2 -25.5181361296949 -12.1075271332884 15.2 -25.5370552033054 -12.1338419622586 15.2 -25.5546390730609 -12.1610671178033 15.2 -25.5708440226907 -12.1891349138961 15.2 -25.5856297641366 -12.2179755695736 15.2 -25.5989595377158 -12.2475173824214 15.2 -25.6108002035108 -12.2776869068383 15.2 -25.621122323761 -12.3084091366329 15.2 -25.6299002360489 -12.3396076915013 15.2 -25.6371121171016 -12.3712050069204 15.2 -25.6427400370463 -12.4031225269855 15.2 -25.6467700039875 -12.4352808997127 15.2 -25.6491919987923 -12.4676001743205 15.2 -25.65 -12.5 15.2 -25.6491919987923 -12.5323998256795 15.2 -25.6467700039875 -12.5647191002873 15.2 -25.6427400370463 -12.5968774730145 15.2 -25.6371121171016 -12.6287949930796 15.2 -25.6299002360489 -12.6603923084987 15.2 -25.621122323761 -12.6915908633671 15.2 -25.6108002035108 -12.7223130931617 15.2 -25.5989595377158 -12.7524826175786 15.2 -25.5856297641366 -12.7820244304264 15.2 -25.5708440226906 -12.8108650861039 15.2 -25.5546390730609 -12.8389328821967 15.2 -25.5370552033054 -12.8661580377414 15.2 -25.5181361296949 -12.8924728667116 15.2 -25.4979288880273 -12.9178119462963 15.2 -25.4764837166894 -12.9421122795511 15.2 -25.4538539317559 -12.9653134520188 15.2 -25.430095794438 -12.987357781929 15.2 -25.4052683712082 -13.0081904636042 15.2 -25.3794333869526 -13.0277597037153 15.2 -25.3526550715127 -13.046016850048 15.2 -25.325 -13.0629165124599 15.2 -25.2965369272796 -13.0784166757275 15.2 -25.2673366170349 -13.0924788040026 15.2 -25.2374716658382 -13.1050679366187 15.2 -25.2070163226636 -13.1161527750086 15.2 -25.1760463042929 -13.1257057605175 15.2 -25.1446386070716 -13.1337031429182 15.2 -25.1128713154835 -13.1401250394579 15.2 -25.0808234080209 -13.1449554842901 15.2 -25.0485745608312 -13.1481824681678 15.2 -25.0162049496297 -13.1497979683005 15.2 -24.9837950503702 -13.1497979683005 15.2 -24.9514254391688 -13.1481824681678 15.2 -24.9191765919791 -13.1449554842901 15.2 -24.8871286845165 -13.1401250394579 15.2 -24.8553613929284 -13.1337031429182 15.2 -24.823953695707 -13.1257057605175 15.2 -24.7929836773364 -13.1161527750086 15.2 -24.7625283341618 -13.1050679366187 15.2 -24.7326633829651 -13.0924788040026 15.2 -24.7034630727204 -13.0784166757275 15.2 -24.675 -13.0629165124599 15.2 -24.6473449284873 -13.046016850048 15.2 -24.6205666130474 -13.0277597037153 15.2 -24.5947316287918 -13.0081904636042 15.2 -24.569904205562 -12.987357781929 15.2 -24.546146068244 -12.9653134520188 15.2 -24.5235162833106 -12.9421122795511 15.2 -24.5020711119727 -12.9178119462962 15.2 -24.4818638703051 -12.8924728667116 15.2 -24.4629447966946 -12.8661580377413 15.2 -24.4453609269391 -12.8389328821967 15.2 -24.4291559773093 -12.8108650861038 15.2 -24.4143702358634 -12.7820244304264 15.2 -24.4010404622842 -12.7524826175785 15.2 -24.3891997964892 -12.7223130931617 15.2 -24.378877676239 -12.6915908633671 15.2 -24.3700997639511 -12.6603923084987 15.2 -24.3628878828984 -12.6287949930796 15.2 -24.3572599629537 -12.5968774730145 15.2 -24.3532299960125 -12.5647191002873 15.2 -24.3508080012077 -12.5323998256794 15.2 0.649999999999999 -1.11022302462516e-16 0.649191998792298 0.0323998256794531 0.64677000398751 0.0647191002872807 0.642740037046332 0.0968774730145132 0.637112117101552 0.128794993079608 0.629900236048899 0.16039230849869 0.62112232376099 0.191590863367087 0.610800203510839 0.222313093161684 0.598959537715764 0.252482617578551 0.585629764136571 0.282024430426412 0.570844022690647 0.310865086103856 0.5546390730609 0.338932882196673 0.537055203305395 0.366158037741353 0.518136129694899 0.392472866711559 0.497928888027335 0.41781194629625 0.476483716689386 0.442112279551097 0.453853931755946 0.465313452018816 0.430095794437958 0.487357781929026 0.405268371208176 0.508190463604218 0.379433386952613 0.527759703715305 0.352655071512743 0.546016850048 0.325 0.562916512459884 0.296536927279555 0.578416675727453 0.267336617034897 0.592478804002586 0.237471665838156 0.605067936618731 0.207016322663595 0.616152775008634 0.176046304292953 0.625705760517506 0.144638607071604 0.633703142918184 0.112871315483505 0.640125039457934 0.0808234080208655 0.64495548429011 0.0485745608311761 0.648182468167766 0.0162049496297477 0.649797968300529 -0.0162049496297469 0.649797968300529 -0.0485745608311753 0.648182468167766 -0.0808234080208647 0.64495548429011 -0.112871315483504 0.640125039457934 -0.144638607071604 0.633703142918184 -0.176046304292952 0.625705760517506 -0.207016322663594 0.616152775008634 -0.237471665838156 0.605067936618732 -0.267336617034896 0.592478804002586 -0.296536927279555 0.578416675727454 -0.324999999999999 0.562916512459884 -0.352655071512743 0.546016850048 -0.379433386952612 0.527759703715306 -0.405268371208176 0.508190463604218 -0.430095794437958 0.487357781929026 -0.453853931755947 0.465313452018816 -0.476483716689386 0.442112279551096 -0.497928888027335 0.417811946296249 -0.518136129694899 0.392472866711559 -0.537055203305396 0.366158037741353 -0.5546390730609 0.338932882196672 -0.570844022690648 0.310865086103855 -0.585629764136572 0.282024430426411 -0.598959537715764 0.25248261757855 -0.61080020351084 0.222313093161683 -0.621122323760991 0.191590863367086 -0.6299002360489 0.160392308498689 -0.637112117101552 0.128794993079606 -0.642740037046332 0.0968774730145113 -0.64677000398751 0.0647191002872787 -0.649191998792298 0.032399825679451 -0.649999999999999 -2.22044604925031e-15 -0.649191998792298 -0.0323998256794554 -0.646770003987509 -0.0647191002872831 -0.642740037046332 -0.0968774730145158 -0.637112117101552 -0.128794993079611 -0.629900236048899 -0.160392308498693 -0.621122323760989 -0.19159086336709 -0.610800203510838 -0.222313093161687 -0.598959537715762 -0.252482617578554 -0.58562976413657 -0.282024430426415 -0.570844022690646 -0.310865086103859 -0.554639073060898 -0.338932882196676 -0.537055203305393 -0.366158037741357 -0.518136129694896 -0.392472866711563 -0.497928888027332 -0.417811946296253 -0.476483716689383 -0.4421122795511 -0.453853931755943 -0.465313452018819 -0.430095794437954 -0.487357781929029 -0.405268371208172 -0.508190463604221 -0.379433386952609 -0.527759703715308 -0.352655071512739 -0.546016850048003 -0.324999999999995 -0.562916512459886 -0.296536927279551 -0.578416675727456 -0.267336617034892 -0.592478804002588 -0.237471665838151 -0.605067936618733 -0.207016322663589 -0.616152775008636 -0.176046304292948 -0.625705760517508 -0.144638607071599 -0.633703142918185 -0.112871315483499 -0.640125039457935 -0.0808234080208593 -0.644955484290111 -0.0485745608311696 -0.648182468167766 -0.0162049496297412 -0.649797968300529 0.0162049496297536 -0.649797968300529 0.0485745608311821 -0.648182468167765 0.0808234080208716 -0.64495548429011 0.112871315483511 -0.640125039457933 0.144638607071611 -0.633703142918182 0.17604630429296 -0.625705760517505 0.207016322663601 -0.616152775008632 0.237471665838163 -0.605067936618729 0.267336617034904 -0.592478804002583 0.296536927279562 -0.57841667572745 0.325000000000006 -0.56291651245988 0.352655071512749 -0.546016850047996 0.379433386952619 -0.527759703715301 0.405268371208182 -0.508190463604213 0.430095794437964 -0.487357781929021 0.453853931755952 -0.46531345201881 0.476483716689392 -0.442112279551091 0.49792888802734 -0.417811946296243 0.518136129694904 -0.392472866711553 0.537055203305401 -0.366158037741346 0.554639073060905 -0.338932882196665 0.570844022690652 -0.310865086103848 0.585629764136575 -0.282024430426404 0.598959537715767 -0.252482617578543 0.610800203510842 -0.222313093161675 0.621122323760993 -0.191590863367078 0.629900236048902 -0.160392308498681 0.637112117101554 -0.128794993079599 0.642740037046334 -0.0968774730145034 0.64677000398751 -0.0647191002872708 0.649191998792299 -0.032399825679443 89 87 88 59 60 61 102 99 100 102 100 101 57 58 59 55 56 57 105 102 103 105 103 104 54 55 57 107 105 106 107 99 102 107 102 105 107 96 97 107 97 98 107 98 99 52 53 54 110 108 109 49 50 51 49 51 52 111 108 110 47 48 49 113 107 108 113 111 112 113 108 111 115 113 114 44 45 46 116 113 115 43 46 47 43 44 46 119 116 117 119 117 118 120 116 119 39 40 41 39 41 42 39 42 43 125 123 124 1 125 126 2 125 1 3 125 2 30 31 32 30 32 33 30 33 34 5 3 4 6 123 125 6 125 3 6 120 121 6 121 122 6 122 123 6 3 5 26 27 28 8 6 7 25 28 29 25 29 30 25 30 34 25 26 28 9 6 8 11 9 10 11 6 9 22 23 24 21 24 25 21 34 35 21 22 24 21 25 34 13 11 12 13 6 11 19 20 21 15 13 14 18 19 21 17 59 61 17 57 59 17 15 16 17 13 15 17 120 6 17 49 52 17 96 107 17 18 21 17 35 36 17 36 37 17 37 38 17 38 39 17 107 113 17 113 116 17 47 49 17 6 13 17 21 35 17 61 62 17 62 63 17 63 64 17 43 47 17 64 65 17 65 66 17 66 67 17 87 89 17 67 68 17 68 69 17 69 70 17 70 71 17 71 72 17 72 73 17 73 74 17 74 75 17 75 76 17 76 77 17 39 43 17 116 120 17 77 78 17 78 79 17 79 80 17 80 81 17 81 82 17 82 83 17 83 84 17 84 85 17 85 86 17 86 87 17 52 54 17 89 90 17 90 91 17 91 92 17 92 93 17 93 94 17 94 95 17 95 96 17 54 57 

TShapes 279
Ve
1e-07
-41 -13 16
0 0

0101101
*
Ve
1e-07
-41 13 16
0 0

0101101
*
Ed
 1e-07 1 1 0
1  1 0 2 28
2  1 1 0 2 28
2  2 2 0 2 28
6  1 1 0
6  2 2 2
0

0101000
+279 2 -278 2 *
Ve
1e-07
-41 -13 0
0 0

0101101
*
Ed
 1e-07 1 1 0
1  2 0 0 16
2  3 3 0 0 16
2  4 1 1 0 16
4 G1 3 0 1 1
6  3 3 0
6  4 1 1
0

0101000
+276 0 -279 0 *
Ve
1e-07
-41 13 0
0 0

0101101
*
Ed
 1e-07 1 1 0
1  3 0 0 16
2  5 4 0 0 16
2  6 1 1 0 16
4 G1 4 0 1 1
6  5 4 0
6  6 1 1
0

0101000
+274 0 -278 0 *
Ed
 1e-07 1 1 0
1  4 0 2 28
2  7 1 0 2 28
2  8 5 0 2 28
6  7 1 0
6  8 5 2
0

0101000
+276 2 -274 2 *
Wi

0101100
-277 1 -275 0 +273 0 +272 1 *
Fa
0  1e-07 1 0
2  1
0101000
+271 2 *
Ve
1e-07
-39 -15 0
0 0

0101101
*
Ed
 1e-07 1 1 0
1  5 0 4.71238898038469 6.28318530717959
2  9 3 0 4.71238898038469 6.28318530717959
2  10 5 1 4.71238898038469 6.28318530717959
6  9 3 0
6  10 5 0
0

0101000
+276 0 -269 0 *
Ve
1e-07
-39 15 0
0 0

0101101
*
Ed
 1e-07 1 1 0
1  6 0 1.5707963267949 3.14159265358979
2  11 4 0 1.5707963267949 3.14159265358979
2  12 5 1 1.5707963267949 3.14159265358979
6  11 4 0
6  12 5 0
0

0101000
+274 0 -267 0 *
Ve
1e-07
39 -15 0
0 0

0101101
*
Ed
 1e-07 1 1 0
1  7 0 2 80
2  13 6 0 2 80
2  14 5 0 2 80
6  13 5 2
6  14 6 0
0

0101000
+269 2 -265 2 *
Ve
1e-07
39 15 0
0 0

0101101
*
Ed
 1e-07 1 1 0
1  8 0 2 80
2  15 7 0 2 80
2  16 5 0 2 80
6  15 5 2
6  16 7 0
0

0101000
+267 2 -263 2 *
Ve
1e-07
41 -13 0
0 0

0101101
*
Ed
 1e-07 1 1 0
1  9 0 4.71238898038469 6.28318530717959
2  17 8 0 4.71238898038469 6.28318530717959
2  18 5 1 4.71238898038469 6.28318530717959
6  17 8 0
6  18 5 0
0

0101000
+261 0 -265 0 *
Ve
1e-07
41 13 0
0 0

0101101
*
Ed
 1e-07 1 1 0
1  10 0 1.5707963267949 3.14159265358979
2  19 9 0 1.5707963267949 3.14159265358979
2  20 5 1 1.5707963267949 3.14159265358979
6  19 9 0
6  20 5 0
0

0101000
+259 0 -263 0 *
Ed
 1e-07 1 1 0
1  11 0 2 28
2  21 10 0 2 28
2  22 5 0 2 28
6  21 5 2
6  22 10 0
0

0101000
+261 2 -259 2 *
Wi

0101100
-272 1 +268 0 -266 0 +264 1 -262 1 -260 0 +258 0 +257 1 *
Ve
1.5e-07
-27.0124611797498 -2.475 0
0 0

0101101
*
Ve
1.00000000888178e-07
-22.475 -4 0
0 0

0101101
*
Ed
 1e-07 1 1 0
1  12 0 2.493131804799 6.28318530717959
2  23 5 1 2.493131804799 6.28318530717959
2  24 11 0 2.493131804799 6.28318530717959
6  23 11 0
6  24 5 0
0

0101000
+255 0 -254 0 *
Ve
1.50000003580362e-07
-22.9875388202502 -2.475 0
0 0

0101101
*
Ed
 1.5e-07 1 1 0
1  13 0 -5.01246117974981 -0.98753882025019
2  25 5 1 -5.01246117974981 -0.98753882025019
2  26 12 0 -5.01246117974981 -0.98753882025019
6  25 5 0
6  26 12 0
0

0101000
+252 0 -255 0 *
Ed
 1e-07 1 1 0
1  14 0 0 0.648460848790812
2  27 5 1 0 0.648460848790812
2  28 13 0 0 0.648460848790812
2  29 11 0 0 0.648460848790812
6  27 11 0
6  28 5 0
0

0101000
+254 0 -252 0 *
Wi

0101100
-253 0 -251 0 -250 0 *
Ve
1.50000000444089e-07
-2.02484567313166 -2.45 0
0 0

0101101
*
Ve
1.00000000888178e-07
2.55 -4 0
0 0

0101101
*
Ed
 1e-07 1 1 0
1  15 0 2.48825115221134 6.28318530717959
2  30 5 1 2.48825115221134 6.28318530717959
2  31 14 0 2.48825115221134 6.28318530717959
6  29 13 0
6  30 5 0
0

0101000
+248 0 -247 0 *
Ve
1.50000000444089e-07
2.02484567313166 -2.45 0
0 0

0101101
*
Ed
 1.5e-07 1 1 0
1  16 0 -17.5248456731317 -13.4751543268683
2  32 5 1 -17.5248456731317 -13.4751543268683
2  33 15 0 -17.5248456731317 -13.4751543268683
6  31 5 0
6  32 14 0
0

0101000
+245 0 -248 0 *
Ed
 1e-07 1 1 0
1  17 0 0 0.653341501378449
2  34 5 1 0 0.653341501378449
2  35 16 0 0 0.653341501378449
2  36 14 0 0 0.653341501378449
6  33 13 0
6  34 5 0
0

0101000
+247 0 -245 0 *
Wi

0101100
-246 0 -244 0 -243 0 *
Ve
1.50000003580362e-07
22.9506098468081 -2.4 0
0 0

0101101
*
Ve
1.00000000888178e-07
27.6 -4 0
0 0

0101101
*
Ed
 1e-07 1 1 0
1  18 0 2.47871882993965 6.28318530717959
2  37 5 1 2.47871882993965 6.28318530717959
2  38 17 0 2.47871882993965 6.28318530717959
6  35 15 0
6  36 5 0
0

0101000
+241 0 -240 0 *
Ve
1.50000003580362e-07
27.0493901531919 -2.4 0
0 0

0101101
*
Ed
 1.5e-07 1 1 0
1  19 0 -30.0493901531919 -25.9506098468081
2  39 5 1 -30.0493901531919 -25.9506098468081
2  40 18 0 -30.0493901531919 -25.9506098468081
6  37 5 0
6  38 16 0
0

0101000
+238 0 -241 0 *
Ed
 1e-07 1 1 0
1  20 0 0 0.662873823650156
2  41 5 1 0 0.662873823650156
2  42 19 0 0 0.662873823650156
2  43 17 0 0 0.662873823650156
6  39 15 0
6  40 5 0
0

0101000
+240 0 -238 0 *
Wi

0101100
-239 0 -237 0 -236 0 *
Ve
1e-07
-23.4 8 0
0 0

0101101
*
Ed
 1e-07 1 1 0
1  21 0 0 6.28318530717959
2  44 5 1 0 6.28318530717959
2  45 20 0 0 6.28318530717959
6  41 17 0
6  42 5 0
0

0101100
+234 0 -234 0 *
Wi

0101100
-233 0 *
Ve
1e-07
1.65 8 0
0 0

0101101
*
Ed
 1e-07 1 1 0
1  22 0 0 6.28318530717959
2  46 5 1 0 6.28318530717959
2  47 21 0 0 6.28318530717959
6  43 18 0
6  44 5 0
0

0101100
+231 0 -231 0 *
Wi

0101100
-230 0 *
Ve
1e-07
26.7 8 0
0 0

0101101
*
Ed
 1e-07 1 1 0
1  23 0 0 6.28318530717959
2  48 5 1 0 6.28318530717959
2  49 22 0 0 6.28318530717959
6  45 19 0
6  46 5 0
0

0101100
+228 0 -228 0 *
Wi

0101100
-227 0 *
Fa
0  1e-07 5 1
2  5
0101000
+256 0 +249 0 +242 0 +235 0 +232 0 +229 0 +226 0 *
Ve
1e-07
26.7 8 13
0 0

0101101
*
Ed
 1e-07 1 1 0
1  24 0 0 6.28318530717959
2  50 22 0 0 6.28318530717959
2  51 23 0 0 6.28318530717959
6  47 19 0
6  48 20 0
0

0101100
+224 0 -224 0 *
Ed
 1e-07 1 1 0
1  25 0 1 14
3  52 53CN 22 0 1 14
7  49 50 19 0
0

0101000
+228 0 -224 0 *
Wi

0101100
-223 0 +222 0 +227 0 -222 0 *
Fa
0  1e-07 22 0
2  19
0101000
+221 0 *
Ve
1e-07
28.1 8 13
0 0

0101101
*
Ed
 1e-07 1 1 0
1  26 0 0 6.28318530717959
2  54 24 0 0 6.28318530717959
2  55 23 0 0 6.28318530717959
6  51 21 0
6  52 20 0
0

0101000
+219 0 -219 0 *
Wi

0101100
+218 0 *
Wi

0101100
-223 0 *
Fa
0  1e-07 23 0
2  20
0101000
+217 0 +216 0 *
Ve
1.00000000888178e-07
28.1 8 16
0 0

0101101
*
Ed
 1e-07 1 1 0
1  27 0 0 6.28318530717959
2  56 2 1 0 6.28318530717959
2  57 24 0 0 6.28318530717959
6  53 21 0
6  54 2 0
0

0101100
+214 0 -214 0 *
Ed
 1e-07 1 1 0
1  28 0 0 3
3  58 59CN 24 0 0 3
7  55 56 21 0
0

0101000
+219 0 -214 0 *
Wi

0101100
-213 0 +212 0 +218 0 -212 0 *
Fa
0  1e-07 24 0
2  21
0101000
+211 0 *
Ve
1e-07
1.65 8 13
0 0

0101101
*
Ed
 1e-07 1 1 0
1  29 0 0 6.28318530717959
2  60 21 0 0 6.28318530717959
2  61 25 0 0 6.28318530717959
6  57 18 0
6  58 22 0
0

0101100
+209 0 -209 0 *
Ed
 1e-07 1 1 0
1  30 0 1 14
3  62 63CN 21 0 1 14
7  59 60 18 0
0

0101000
+231 0 -209 0 *
Wi

0101100
-208 0 +207 0 +230 0 -207 0 *
Fa
0  1e-07 21 0
2  18
0101000
+206 0 *
Ve
1e-07
3.1 8 13
0 0

0101101
*
Ed
 1e-07 1 1 0
1  31 0 0 6.28318530717959
2  64 26 0 0 6.28318530717959
2  65 25 0 0 6.28318530717959
6  61 23 0
6  62 22 0
0

0101000
+204 0 -204 0 *
Wi

0101100
+203 0 *
Wi

0101100
-208 0 *
Fa
0  1e-07 25 0
2  22
0101000
+202 0 +201 0 *
Ve
1.00000000888178e-07
3.1 8 16
0 0

0101101
*
Ed
 1e-07 1 1 0
1  32 0 0 6.28318530717959
2  66 2 1 0 6.28318530717959
2  67 26 0 0 6.28318530717959
6  63 23 0
6  64 2 0
0

0101100
+199 0 -199 0 *
Ed
 1e-07 1 1 0
1  33 0 0 3
3  68 69CN 26 0 0 3
7  65 66 23 0
0

0101000
+204 0 -199 0 *
Wi

0101100
-198 0 +197 0 +203 0 -197 0 *
Fa
0  1e-07 26 0
2  23
0101000
+196 0 *
Ve
1e-07
-23.4 8 13
0 0

0101101
*
Ed
 1e-07 1 1 0
1  34 0 0 6.28318530717959
2  70 20 0 0 6.28318530717959
2  71 27 0 0 6.28318530717959
6  67 17 0
6  68 24 0
0

0101100
+194 0 -194 0 *
Ed
 1e-07 1 1 0
1  35 0 1 14
3  72 73CN 20 0 1 14
7  69 70 17 0
0

0101000
+234 0 -194 0 *
Wi

0101100
-193 0 +192 0 +233 0 -192 0 *
Fa
0  1e-07 20 0
2  17
0101000
+191 0 *
Ve
1e-07
-21.9 8 13
0 0

0101101
*
Ed
 1e-07 1 1 0
1  36 0 0 6.28318530717959
2  74 28 0 0 6.28318530717959
2  75 27 0 0 6.28318530717959
6  71 25 0
6  72 24 0
0

0101000
+189 0 -189 0 *
Wi

0101100
+188 0 *
Wi

0101100
-193 0 *
Fa
0  1e-07 27 0
2  24
0101000
+187 0 +186 0 *
Ve
1.00000000888178e-07
-21.9 8 16
0 0

0101101
*
Ed
 1e-07 1 1 0
1  37 0 0 6.28318530717959
2  76 2 1 0 6.28318530717959
2  77 28 0 0 6.28318530717959
6  73 25 0
6  74 2 0
0

0101100
+184 0 -184 0 *
Ed
 1e-07 1 1 0
1  38 0 0 3
3  78 79CN 28 0 0 3
7  75 76 25 0
0

0101000
+189 0 -184 0 *
Wi

0101100
-183 0 +182 0 +188 0 -182 0 *
Fa
0  1e-07 28 0
2  25
0101000
+181 0 *
Ve
1.50000054201174e-07
27.0493901531919 -2.39999999999996 3.49
0 0

0101101
*
Ed
 1e-07 1 1 0
1  39 0 1 4.49
2  80 19 0 1 4.49
2  81 18 0 1 4.49
2  82 17 0 1 4.49
6  77 15 0
6  78 16 0
0

0101000
+238 0 -179 0 *
Ve
1.50000014162199e-07
22.9506098468081 -2.39999999999999 3.49
0 0

0101101
*
Ed
 1.5e-07 1 1 0
1  40 0 2.95060984680808 7.04939015319192
2  83 18 0 2.95060984680808 7.04939015319192
6  79 16 0
6  80 26 0
0

0101000
+179 0 -177 0 *
Ed
 1e-07 1 1 0
1  41 0 1 4.49
2  84 17 0 1 4.49
2  85 18 0 1 4.49
6  81 15 0
6  82 16 0
0

0101000
+241 0 -177 0 *
Wi

0101100
-178 0 -176 0 +175 0 +237 0 *
Fa
0  1e-07 18 0
2  16
0101000
+174 0 *
Ed
 1e-07 1 1 0
1  42 0 0.662873823650156 2.47871882993965
2  86 30 0 0.662873823650156 2.47871882993965
2  87 17 0 0.662873823650156 2.47871882993965
6  83 15 0
6  84 26 0
0

0101000
+179 0 -177 0 *
Wi

0101100
-176 0 +172 0 *
Fa
0  1e-07 29 0
2  26
0101000
+171 0 *
Ve
1.00000000636816e-07
27.6 -4 9.7
0 0

0101101
*
Ed
 1e-07 1 1 0
1  43 0 0 9.7
3  88 89C0 17 0 0 9.7
7  85 86 15 0
0

0101000
+169 0 -240 0 *
Ed
 1e-07 1 1 0
1  44 0 0 6.28318530717959
2  90 30 0 0 6.28318530717959
2  91 17 0 0 6.28318530717959
6  87 15 0
6  88 27 0
0

0101000
+169 0 -169 0 *
Wi

0101100
-175 0 +239 0 -168 0 -167 0 +168 0 +236 0 +178 0 +172 0 *
Fa
0  0 17 0
2  15
0101000
+166 0 *
Ve
1e-07
30.65 -4 9.7
0 0

0101101
*
Ed
 1e-07 1 1 0
1  45 0 0 6.28318530717959
2  92 32 0 0 6.28318530717959
6  89 28 0
6  90 27 0
0

0101000
+164 0 -164 0 *
Wi

0101100
+163 0 *
Wi

0101100
-167 0 *
Fa
0  1e-07 31 0
2  27
0101000
+162 0 +161 0 *
Ve
1.00000001776357e-07
30.65 -4 16
0 0

0101101
*
Ed
 1e-07 1 1 0
1  46 0 0 6.28318530717959
2  93 2 1 0 6.28318530717959
2  94 32 0 0 6.28318530717959
6  91 28 0
6  92 2 0
0

0101100
+159 0 -159 0 *
Ed
 1e-07 1 1 0
1  47 0 0 6.3
3  95 96CN 32 0 0 6.3
7  93 94 28 0
0

0101000
+164 0 -159 0 *
Wi

0101100
-158 0 +157 0 +163 0 -157 0 *
Fa
0  1e-07 32 0
2  28
0101000
+156 0 *
Ve
1.50000012796013e-07
2.02484567313167 -2.45000000000001 3.49
0 0

0101101
*
Ed
 1e-07 1 1 0
1  48 0 1 4.49
2  97 16 0 1 4.49
2  98 15 0 1 4.49
2  99 14 0 1 4.49
6  95 13 0
6  96 14 0
0

0101000
+245 0 -154 0 *
Ve
1.50000049387832e-07
-2.02484567313169 -2.45000000000004 3.49
0 0

0101101
*
Ed
 1.5e-07 1 1 0
1  49 0 2.97515432686834 7.02484567313166
2  100 15 0 2.97515432686834 7.02484567313166
6  97 14 0
6  98 29 0
0

0101000
+154 0 -152 0 *
Ed
 1e-07 1 1 0
1  50 0 1 4.49
2  101 14 0 1 4.49
2  102 15 0 1 4.49
6  99 13 0
6  100 14 0
0

0101000
+248 0 -152 0 *
Wi

0101100
-153 0 -151 0 +150 0 +244 0 *
Fa
0  1e-07 15 0
2  14
0101000
+149 0 *
Ed
 1e-07 1 1 0
1  51 0 0.653341501378444 2.48825115221136
2  103 34 0 0.653341501378444 2.48825115221136
2  104 14 0 0.653341501378444 2.48825115221136
6  101 13 0
6  102 29 0
0

0101000
+154 0 -152 0 *
Wi

0101100
-151 0 +147 0 *
Fa
0  1e-07 33 0
2  29
0101000
+146 0 *
Ve
1.0000000062457e-07
2.55 -4 9.7
0 0

0101101
*
Ed
 1e-07 1 1 0
1  52 0 0 9.7
3  105 106C0 14 0 0 9.7
7  103 104 13 0
0

0101000
+144 0 -247 0 *
Ed
 1e-07 1 1 0
1  53 0 0 6.28318530717959
2  107 34 0 0 6.28318530717959
2  108 14 0 0 6.28318530717959
6  105 13 0
6  106 30 0
0

0101000
+144 0 -144 0 *
Wi

0101100
-150 0 +246 0 -143 0 -142 0 +143 0 +243 0 +153 0 +147 0 *
Fa
0  0 14 0
2  13
0101000
+141 0 *
Ve
1e-07
5.6 -4 9.7
0 0

0101101
*
Ed
 1e-07 1 1 0
1  54 0 0 6.28318530717959
2  109 36 0 0 6.28318530717959
6  107 31 0
6  108 30 0
0

0101000
+139 0 -139 0 *
Wi

0101100
+138 0 *
Wi

0101100
-142 0 *
Fa
0  1e-07 35 0
2  30
0101000
+137 0 +136 0 *
Ve
1.00000001776357e-07
5.6 -4 16
0 0

0101101
*
Ed
 1e-07 1 1 0
1  55 0 0 6.28318530717959
2  110 2 1 0 6.28318530717959
2  111 36 0 0 6.28318530717959
6  109 31 0
6  110 2 0
0

0101100
+134 0 -134 0 *
Ed
 1e-07 1 1 0
1  56 0 0 6.3
3  112 113CN 36 0 0 6.3
7  111 112 31 0
0

0101000
+139 0 -134 0 *
Wi

0101100
-133 0 +132 0 +138 0 -132 0 *
Fa
0  1e-07 36 0
2  31
0101000
+131 0 *
Ve
1.50000042552113e-07
-22.9875388202502 -2.47499999999997 3.49
0 0

0101101
*
Ed
 1e-07 1 1 0
1  57 0 1 4.49
2  114 13 0 1 4.49
2  115 12 0 1 4.49
2  116 11 0 1 4.49
6  113 11 0
6  114 12 0
0

0101000
+252 0 -129 0 *
Ve
1.50000030555952e-07
-27.0124611797498 -2.47500000000002 3.49
0 0

0101101
*
Ed
 1.5e-07 1 1 0
1  58 0 2.98753882025019 7.01246117974981
2  117 12 0 2.98753882025019 7.01246117974981
6  115 12 0
6  116 32 0
0

0101000
+129 0 -127 0 *
Ed
 1e-07 1 1 0
1  59 0 1 4.49
2  118 11 0 1 4.49
2  119 12 0 1 4.49
6  117 11 0
6  118 12 0
0

0101000
+255 0 -127 0 *
Wi

0101100
-128 0 -126 0 +125 0 +251 0 *
Fa
0  1e-07 12 0
2  12
0101000
+124 0 *
Ed
 1e-07 1 1 0
1  60 0 0.648460848790812 2.49313180479901
2  120 38 0 0.648460848790812 2.49313180479901
2  121 11 0 0.648460848790812 2.49313180479901
6  119 11 0
6  120 32 0
0

0101000
+129 0 -127 0 *
Wi

0101100
-126 0 +122 0 *
Fa
0  1e-07 37 0
2  32
0101000
+121 0 *
Ve
1.00000000618447e-07
-22.475 -4 9.7
0 0

0101101
*
Ed
 1e-07 1 1 0
1  61 0 0 9.7
3  122 123C0 11 0 0 9.7
7  121 122 11 0
0

0101000
+119 0 -254 0 *
Ed
 1e-07 1 1 0
1  62 0 0 6.28318530717959
2  124 38 0 0 6.28318530717959
2  125 11 0 0 6.28318530717959
6  123 11 0
6  124 33 0
0

0101000
+119 0 -119 0 *
Wi

0101100
-125 0 +253 0 -118 0 -117 0 +118 0 +250 0 +128 0 +122 0 *
Fa
0  0 11 0
2  11
0101000
+116 0 *
Ve
1e-07
-19.45 -4 9.7
0 0

0101101
*
Ed
 1e-07 1 1 0
1  63 0 0 6.28318530717959
2  126 40 0 0 6.28318530717959
6  125 34 0
6  126 33 0
0

0101000
+114 0 -114 0 *
Wi

0101100
+113 0 *
Wi

0101100
-117 0 *
Fa
0  1e-07 39 0
2  33
0101000
+112 0 +111 0 *
Ve
1.00000001776357e-07
-19.45 -4 16
0 0

0101101
*
Ed
 1e-07 1 1 0
1  64 0 0 6.28318530717959
2  127 2 1 0 6.28318530717959
2  128 40 0 0 6.28318530717959
6  127 34 0
6  128 2 0
0

0101100
+109 0 -109 0 *
Ed
 1e-07 1 1 0
1  65 0 0 6.3
3  129 130CN 40 0 0 6.3
7  129 130 34 0
0

0101000
+114 0 -109 0 *
Wi

0101100
-108 0 +107 0 +113 0 -107 0 *
Fa
0  1e-07 40 0
2  34
0101000
+106 0 *
Ve
1e-07
41 -13 16
0 0

0101101
*
Ve
1e-07
41 13 16
0 0

0101101
*
Ed
 1e-07 1 1 0
1  66 0 2 28
2  131 10 0 2 28
2  132 2 0 2 28
6  131 10 0
6  132 2 2
0

0101000
+104 2 -103 2 *
Ed
 1e-07 1 1 0
1  67 0 0 16
2  133 8 0 0 16
2  134 10 1 0 16
4 G1 8 0 10 1
6  133 8 0
6  134 10 1
0

0101000
+261 0 -104 0 *
Ed
 1e-07 1 1 0
1  68 0 0 16
2  135 9 0 0 16
2  136 10 1 0 16
4 G1 9 0 10 1
6  135 9 0
6  136 10 1
0

0101000
+259 0 -103 0 *
Wi

0101100
-102 1 -101 0 +100 0 +257 1 *
Fa
0  1e-07 10 0
2  10
0101000
+99 2 *
Ve
1e-07
39 15 16
0 0

0101101
*
Ed
 1e-07 1 1 0
1  69 0 0 16
2  137 9 0 0 16
2  138 7 1 0 16
4 G1 9 0 7 1
6  137 9 0
6  138 7 1
0

0101000
+263 0 -97 0 *
Ed
 1e-07 1 1 0
1  70 0 1.5707963267949 3.14159265358979
2  139 9 0 1.5707963267949 3.14159265358979
2  140 2 1 1.5707963267949 3.14159265358979
6  139 9 0
6  140 2 0
0

0101000
+103 0 -97 0 *
Wi

0101100
+258 0 -100 0 +96 0 -95 0 *
Fa
0  0 9 0
2  9
0101000
+94 0 *
Ve
1e-07
39 -15 16
0 0

0101101
*
Ed
 1e-07 1 1 0
1  71 0 0 16
2  141 8 0 0 16
2  142 6 1 0 16
4 G1 8 0 6 1
6  141 8 0
6  142 6 1
0

0101000
+265 0 -92 0 *
Ed
 1e-07 1 1 0
1  72 0 4.71238898038469 6.28318530717959
2  143 8 0 4.71238898038469 6.28318530717959
2  144 2 1 4.71238898038469 6.28318530717959
6  143 8 0
6  144 2 0
0

0101000
+104 0 -92 0 *
Wi

0101100
+260 0 -101 0 +91 0 -90 0 *
Fa
0  0 8 0
2  8
0101000
+89 0 *
Ve
1e-07
-39 15 16
0 0

0101101
*
Ed
 1e-07 1 1 0
1  73 0 0 16
2  145 4 0 0 16
2  146 7 1 0 16
4 G1 4 0 7 1
6  145 4 0
6  146 7 1
0

0101000
+267 0 -87 0 *
Ed
 1e-07 1 1 0
1  74 0 2 80
2  147 7 0 2 80
2  148 2 0 2 80
6  147 7 0
6  148 2 2
0

0101000
+87 2 -97 2 *
Wi

0101100
-262 1 +86 0 -96 0 +85 1 *
Fa
0  1e-07 7 0
2  7
0101000
+84 2 *
Ve
1e-07
-39 -15 16
0 0

0101101
*
Ed
 1e-07 1 1 0
1  75 0 0 16
2  149 3 0 0 16
2  150 6 1 0 16
4 G1 3 0 6 1
6  149 3 0
6  150 6 1
0

0101000
+269 0 -82 0 *
Ed
 1e-07 1 1 0
1  76 0 2 80
2  151 6 0 2 80
2  152 2 0 2 80
6  151 6 0
6  152 2 2
0

0101000
+82 2 -92 2 *
Wi

0101100
-264 1 +81 0 -91 0 +80 1 *
Fa
0  1e-07 6 0
2  6
0101000
+79 2 *
Ed
 1e-07 1 1 0
1  77 0 1.5707963267949 3.14159265358979
2  153 4 0 1.5707963267949 3.14159265358979
2  154 2 1 1.5707963267949 3.14159265358979
6  153 4 0
6  154 2 0
0

0101000
+278 0 -87 0 *
Wi

0101100
+266 0 -273 0 +86 0 -77 0 *
Fa
0  0 4 0
2  4
0101000
+76 0 *
Ed
 1e-07 1 1 0
1  78 0 4.71238898038469 6.28318530717959
2  155 3 0 4.71238898038469 6.28318530717959
2  156 2 1 4.71238898038469 6.28318530717959
6  155 3 0
6  156 2 0
0

0101000
+279 0 -82 0 *
Wi

0101100
+268 0 -275 0 +81 0 -74 0 *
Fa
0  0 3 0
2  3
0101000
+73 0 *
Wi

0101100
-277 1 +74 0 -77 0 +80 1 -85 1 -90 0 +95 0 +102 1 *
Ve
1e-07
-24.35 -12.5 16
0 0

0101101
*
Ed
 1e-07 1 1 0
1  79 0 0 6.28318530717959
2  157 2 1 0 6.28318530717959
2  158 41 0 0 6.28318530717959
6  157 35 0
6  158 2 0
0

0101100
+70 0 -70 0 *
Wi

0101100
-69 0 *
Ve
1e-07
-0.6 -12.5 16
0 0

0101101
*
Ed
 1e-07 1 1 0
1  80 0 0 6.28318530717959
2  159 2 1 0 6.28318530717959
2  160 42 0 0 6.28318530717959
6  159 36 0
6  160 2 0
0

0101100
+67 0 -67 0 *
Wi

0101100
-66 0 *
Wi

0101100
-108 0 *
Wi

0101100
-133 0 *
Ve
1e-07
1.9 -12.5 16
0 0

0101101
*
Ed
 1e-07 1 1 0
1  81 0 0 6.28318530717959
2  161 2 1 0 6.28318530717959
2  162 43 0 0 6.28318530717959
6  161 37 0
6  162 2 0
0

0101100
+62 0 -62 0 *
Wi

0101100
-61 0 *
Ve
1e-07
23.15 -12.5 16
0 0

0101101
*
Ed
 1e-07 1 1 0
1  82 0 0 6.28318530717959
2  163 2 1 0 6.28318530717959
2  164 44 0 0 6.28318530717959
6  163 38 0
6  164 2 0
0

0101100
+59 0 -59 0 *
Wi

0101100
-58 0 *
Ve
1e-07
25.65 -12.5 16
0 0

0101101
*
Ed
 1e-07 1 1 0
1  83 0 0 6.28318530717959
2  165 2 1 0 6.28318530717959
2  166 45 0 0 6.28318530717959
6  165 39 0
6  166 2 0
0

0101100
+56 0 -56 0 *
Wi

0101100
-55 0 *
Ve
1e-07
28.15 -12.5 16
0 0

0101101
*
Ed
 1e-07 1 1 0
1  84 0 0 6.28318530717959
2  167 2 1 0 6.28318530717959
2  168 46 0 0 6.28318530717959
6  167 40 0
6  168 2 0
0

0101100
+53 0 -53 0 *
Wi

0101100
-52 0 *
Wi

0101100
-158 0 *
Wi

0101100
-183 0 *
Wi

0101100
-198 0 *
Wi

0101100
-213 0 *
Fa
0  1e-07 2 1
2  2
0101000
+71 0 +68 0 +65 0 +64 0 +63 0 +60 0 +57 0 +54 0 +51 0 +50 0 
+49 0 +48 0 +47 0 *
Ve
1e-07
28.15 -12.5 15.2
0 0

0101101
*
Ed
 1e-07 1 1 0
1  85 0 0 0.800000000000001
3  169 170CN 46 0 0 0.800000000000001
7  169 170 40 0
0

0101000
+45 0 -53 0 *
Ed
 1e-07 1 1 0
1  86 0 0 6.28318530717959
2  171 46 0 0 6.28318530717959
6  171 40 0
6  172 41 0
0

0101000
+45 0 -45 0 *
Wi

0101100
-52 0 +44 0 +43 0 -44 0 *
Fa
0  1e-07 46 0
2  40
0101000
+42 0 *
Wi

0101100
-43 0 *
Fa
0  1e-07 47 0
2  41
0101000
-40 0 *
Ve
1e-07
25.65 -12.5 15.2
0 0

0101101
*
Ed
 1e-07 1 1 0
1  87 0 0 0.800000000000001
3  172 173CN 45 0 0 0.800000000000001
7  173 174 39 0
0

0101000
+38 0 -56 0 *
Ed
 1e-07 1 1 0
1  88 0 0 6.28318530717959
2  174 45 0 0 6.28318530717959
6  175 39 0
6  176 42 0
0

0101000
+38 0 -38 0 *
Wi

0101100
-55 0 +37 0 +36 0 -37 0 *
Fa
0  1e-07 45 0
2  39
0101000
+35 0 *
Wi

0101100
-36 0 *
Fa
0  1e-07 48 0
2  42
0101000
-33 0 *
Ve
1e-07
23.15 -12.5 15.2
0 0

0101101
*
Ed
 1e-07 1 1 0
1  89 0 0 0.800000000000001
3  175 176CN 44 0 0 0.800000000000001
7  177 178 38 0
0

0101000
+31 0 -59 0 *
Ed
 1e-07 1 1 0
1  90 0 0 6.28318530717959
2  177 44 0 0 6.28318530717959
6  179 38 0
6  180 43 0
0

0101000
+31 0 -31 0 *
Wi

0101100
-58 0 +30 0 +29 0 -30 0 *
Fa
0  1e-07 44 0
2  38
0101000
+28 0 *
Wi

0101100
-29 0 *
Fa
0  1e-07 49 0
2  43
0101000
-26 0 *
Ve
1e-07
1.9 -12.5 15.2
0 0

0101101
*
Ed
 1e-07 1 1 0
1  91 0 0 0.800000000000001
3  178 179CN 43 0 0 0.800000000000001
7  181 182 37 0
0

0101000
+24 0 -62 0 *
Ed
 1e-07 1 1 0
1  92 0 0 6.28318530717959
2  180 43 0 0 6.28318530717959
6  183 37 0
6  184 44 0
0

0101000
+24 0 -24 0 *
Wi

0101100
-61 0 +23 0 +22 0 -23 0 *
Fa
0  1e-07 43 0
2  37
0101000
+21 0 *
Wi

0101100
-22 0 *
Fa
0  1e-07 50 0
2  44
0101000
-19 0 *
Ve
1e-07
-0.6 -12.5 15.2
0 0

0101101
*
Ed
 1e-07 1 1 0
1  93 0 0 0.800000000000001
3  181 182CN 42 0 0 0.800000000000001
7  185 186 36 0
0

0101000
+17 0 -67 0 *
Ed
 1e-07 1 1 0
1  94 0 0 6.28318530717959
2  183 42 0 0 6.28318530717959
6  187 36 0
6  188 45 0
0

0101000
+17 0 -17 0 *
Wi

0101100
-66 0 +16 0 +15 0 -16 0 *
Fa
0  1e-07 42 0
2  36
0101000
+14 0 *
Wi

0101100
-15 0 *
Fa
0  1e-07 51 0
2  45
0101000
-12 0 *
Ve
1e-07
-24.35 -12.5 15.2
0 0

0101101
*
Ed
 1e-07 1 1 0
1  95 0 0 0.800000000000001
3  184 185CN 41 0 0 0.800000000000001
7  189 190 35 0
0

0101000
+10 0 -70 0 *
Ed
 1e-07 1 1 0
1  96 0 0 6.28318530717959
2  186 41 0 0 6.28318530717959
6  191 35 0
6  192 46 0
0

0101000
+10 0 -10 0 *
Wi

0101100
-69 0 +9 0 +8 0 -9 0 *
Fa
0  1e-07 41 0
2  35
0101000
+7 0 *
Wi

0101100
-8 0 *
Fa
0  1e-07 52 0
2  46
0101000
-5 0 *
Sh

0101100
-270 1 -225 0 -220 0 +215 0 -210 0 -205 0 +200 0 -195 0 -190 0 +185 0 
-180 0 -173 0 +170 0 -165 0 +160 0 -155 0 -148 0 +145 0 -140 0 +135 0 
-130 0 -123 0 +120 0 -115 0 +110 0 -105 0 +98 1 +93 0 -88 0 +83 1 
-78 1 -75 0 +72 0 +46 0 -41 0 +39 0 -34 0 +32 0 -27 0 +25 0 
-20 0 +18 0 -13 0 +11 0 -6 0 +4 0 *
So

0100000
+3 0 *
Co

1100000
+2 0 *

+1 0 