DBRep_DrawableShape

CASCADE Topology V3, (c) Open Cascade
Locations 0
Curve2ds 36
1 0 1.5 1 0 
2 0 0 1 0 -0 1 13.5
1 6.2831853071795862 -0 0 1 
1 0 -0 0 1 
1 0 0 1 0 
2 0 0 1 0 -0 1 13.5
2 -4.7625000000000046 -8.2488919710467759 1 0 -0 1 1.6499999999999999
1 0 2.5 1 0 
2 2.7175999735764629 -10.142221176035218 1 0 -0 1 2.25
1 0 2.5 1 0 
2 -2.7175999735764691 10.142221176035218 1 0 -0 1 2.25
1 0 2.5 1 0 
2 0 0 1 0 -0 1 3
1 0 2.5 1 0 
2 4.7625000000000011 8.2488919710467776 1 0 -0 1 1.6499999999999999
1 0 2.5 1 0 
2 -4.7625000000000046 -8.2488919710467759 1 0 -0 1 1.6499999999999999
1 0 1 1 0 
2 2.7175999735764629 -10.142221176035218 1 0 -0 1 2.25
1 0 1 1 0 
2 -2.7175999735764691 10.142221176035218 1 0 -0 1 2.25
1 0 1 1 0 
2 0 0 1 0 -0 1 3
1 0 1 1 0 
2 4.7625000000000011 8.2488919710467776 1 0 -0 1 1.6499999999999999
1 0 1 1 0 
1 6.2831853071795862 -0 0 1 
1 0 -0 0 1 
1 6.2831853071795862 -0 0 1 
1 0 -0 0 1 
1 6.2831853071795862 -0 0 1 
1 0 -0 0 1 
1 6.2831853071795862 -0 0 1 
1 0 -0 0 1 
1 6.2831853071795862 -0 0 1 
1 0 -0 0 1 
Curves 18
2 0 0 -3.5 0 0 1 1 0 -0 -0 1 0 13.5
1 13.5 -3.3065463576978537e-15 -5 0 0 1 
2 0 0 -5 0 0 1 1 0 -0 -0 1 0 13.5
2 -4.7625000000000046 -8.2488919710467759 -3.5 0 0 1 1 0 -0 -0 1 0 1.6499999999999999
2 2.7175999735764629 -10.142221176035218 -3.5 0 0 1 1 0 -0 -0 1 0 2.25
2 -2.7175999735764691 10.142221176035218 -3.5 0 0 1 1 0 -0 -0 1 0 2.25
2 0 0 -3.5 0 0 1 1 0 -0 -0 1 0 3
2 4.7625000000000011 8.2488919710467776 -3.5 0 0 1 1 0 -0 -0 1 0 1.6499999999999999
2 -4.7625000000000046 -8.2488919710467759 -5 0 0 1 1 0 -0 -0 1 0 1.6499999999999999
2 2.7175999735764629 -10.142221176035218 -5 0 0 1 1 0 -0 -0 1 0 2.25
2 -2.7175999735764691 10.142221176035218 -5 0 0 1 1 0 -0 -0 1 0 2.25
2 0 0 -5 0 0 1 1 0 -0 -0 1 0 3
2 4.7625000000000011 8.2488919710467776 -5 0 0 1 1 0 -0 -0 1 0 1.6499999999999999
1 -3.1125000000000047 -8.2488919710467759 -6 0 0 1 
1 4.9675999735764629 -10.142221176035218 -6 0 0 1 
1 -0.4675999735764691 10.142221176035218 -6 0 0 1 
1 3 -7.3478807948841188e-16 -6 0 0 1 
1 6.4125000000000014 8.2488919710467776 -6 0 0 1 
Polygon3D 0
PolygonOnTriangulations 36
106 1 2 3 4 5 6 7 8 9 10 11 12 13 14 15 16 17 18 19 20 21 22 23 24 25 26 27 28 29 30 31 32 33 34 35 36 37 38 39 40 41 42 43 44 45 46 47 48 49 50 51 52 53 54 55 56 57 58 59 60 61 62 63 64 65 66 67 68 69 70 71 72 73 74 75 76 77 78 79 80 81 82 83 84 85 86 87 88 89 90 91 92 93 94 95 96 97 98 99 100 101 102 103 104 105 106 
p 0.540000004 1 0 0.059839860068377 0.119679720136754 0.179519580205131 0.239359440273508 0.299199300341885 0.359039160410262 0.418879020478639 0.478718880547016 0.538558740615393 0.59839860068377 0.658238460752147 0.718078320820524 0.777918180888901 0.837758040957278 0.897597901025655 0.957437761094032 1.01727762116241 1.07711748123079 1.13695734129916 1.19679720136754 1.25663706143592 1.31647692150429 1.37631678157267 1.43615664164105 1.49599650170942 1.5558363617778 1.61567622184618 1.67551608191456 1.73535594198293 1.79519580205131 1.85503566211969 1.91487552218806 1.97471538225644 2.03455524232482 2.09439510239319 2.15423496246157 2.21407482252995 2.27391468259833 2.3337545426667 2.39359440273508 2.45343426280346 2.51327412287183 2.57311398294021 2.63295384300859 2.69279370307697 2.75263356314534 2.81247342321372 2.8723132832821 2.93215314335048 2.99199300341885 3.05183286348723 3.11167272355561 3.17151258362398 3.23135244369236 3.29119230376074 3.35103216382912 3.41087202389749 3.47071188396587 3.53055174403425 3.59039160410262 3.650231464171 3.71007132423938 3.76991118430776 3.82975104437613 3.88959090444451 3.94943076451289 4.00927062458126 4.06911048464964 4.12895034471802 4.18879020478639 4.24863006485477 4.30846992492315 4.36830978499152 4.4281496450599 4.48798950512828 4.54782936519665 4.60766922526503 4.66750908533341 4.72734894540178 4.78718880547016 4.84702866553854 4.90686852560691 4.96670838567529 5.02654824574367 5.08638810581204 5.14622796588042 5.2060678259488 5.26590768601717 5.32574754608555 5.38558740615393 5.44542726622231 5.50526712629068 5.56510698635906 5.62494684642744 5.68478670649581 5.74462656656419 5.80446642663257 5.86430628670094 5.92414614676932 5.9839860068377 6.04382586690607 6.10366572697445 6.16350558704283 6.2233454471112 6.28318530717959 
106 1 2 3 4 5 6 7 8 9 10 11 12 13 14 15 16 17 18 19 20 21 22 23 24 25 26 27 28 29 30 31 32 33 34 35 36 37 38 39 40 41 42 43 44 45 46 47 48 49 50 51 52 53 54 55 56 57 58 59 60 61 62 63 64 65 66 67 68 69 70 71 72 73 74 75 76 77 78 79 80 81 82 83 84 85 86 87 88 89 90 91 92 93 94 95 96 97 98 99 100 101 102 103 104 105 1 
p 0.540000004 1 0 0.059839860068377 0.119679720136754 0.179519580205131 0.239359440273508 0.299199300341885 0.359039160410262 0.418879020478639 0.478718880547016 0.538558740615393 0.59839860068377 0.658238460752147 0.718078320820524 0.777918180888901 0.837758040957278 0.897597901025655 0.957437761094032 1.01727762116241 1.07711748123079 1.13695734129916 1.19679720136754 1.25663706143592 1.31647692150429 1.37631678157267 1.43615664164105 1.49599650170942 1.5558363617778 1.61567622184618 1.67551608191456 1.73535594198293 1.79519580205131 1.85503566211969 1.91487552218806 1.97471538225644 2.03455524232482 2.09439510239319 2.15423496246157 2.21407482252995 2.27391468259833 2.3337545426667 2.39359440273508 2.45343426280346 2.51327412287183 2.57311398294021 2.63295384300859 2.69279370307697 2.75263356314534 2.81247342321372 2.8723132832821 2.93215314335048 2.99199300341885 3.05183286348723 3.11167272355561 3.17151258362398 3.23135244369236 3.29119230376074 3.35103216382912 3.41087202389749 3.47071188396587 3.53055174403425 3.59039160410262 3.650231464171 3.71007132423938 3.76991118430776 3.82975104437613 3.88959090444451 3.94943076451289 4.00927062458126 4.06911048464964 4.12895034471802 4.18879020478639 4.24863006485477 4.30846992492315 4.36830978499152 4.4281496450599 4.48798950512828 4.54782936519665 4.60766922526503 4.66750908533341 4.72734894540178 4.78718880547016 4.84702866553854 4.90686852560691 4.96670838567529 5.02654824574367 5.08638810581204 5.14622796588042 5.2060678259488 5.26590768601717 5.32574754608555 5.38558740615393 5.44542726622231 5.50526712629068 5.56510698635906 5.62494684642744 5.68478670649581 5.74462656656419 5.80446642663257 5.86430628670094 5.92414614676932 5.9839860068377 6.04382586690607 6.10366572697445 6.16350558704283 6.2233454471112 6.28318530717959 
2 107 1 
p 0.120000016 1 0 1.5 
2 212 106 
p 0.120000016 1 0 1.5 
106 107 108 109 110 111 112 113 114 115 116 117 118 119 120 121 122 123 124 125 126 127 128 129 130 131 132 133 134 135 136 137 138 139 140 141 142 143 144 145 146 147 148 149 150 151 152 153 154 155 156 157 158 159 160 161 162 163 164 165 166 167 168 169 170 171 172 173 174 175 176 177 178 179 180 181 182 183 184 185 186 187 188 189 190 191 192 193 194 195 196 197 198 199 200 201 202 203 204 205 206 207 208 209 210 211 212 
p 0.540000004 1 0 0.059839860068377 0.119679720136754 0.179519580205131 0.239359440273508 0.299199300341885 0.359039160410262 0.418879020478639 0.478718880547016 0.538558740615393 0.59839860068377 0.658238460752147 0.718078320820524 0.777918180888901 0.837758040957278 0.897597901025655 0.957437761094032 1.01727762116241 1.07711748123079 1.13695734129916 1.19679720136754 1.25663706143592 1.31647692150429 1.37631678157267 1.43615664164105 1.49599650170942 1.5558363617778 1.61567622184618 1.67551608191456 1.73535594198293 1.79519580205131 1.85503566211969 1.91487552218806 1.97471538225644 2.03455524232482 2.09439510239319 2.15423496246157 2.21407482252995 2.27391468259833 2.3337545426667 2.39359440273508 2.45343426280346 2.51327412287183 2.57311398294021 2.63295384300859 2.69279370307697 2.75263356314534 2.81247342321372 2.8723132832821 2.93215314335048 2.99199300341885 3.05183286348723 3.11167272355561 3.17151258362398 3.23135244369236 3.29119230376074 3.35103216382912 3.41087202389749 3.47071188396587 3.53055174403425 3.59039160410262 3.650231464171 3.71007132423938 3.76991118430776 3.82975104437613 3.88959090444451 3.94943076451289 4.00927062458126 4.06911048464964 4.12895034471802 4.18879020478639 4.24863006485477 4.30846992492315 4.36830978499152 4.4281496450599 4.48798950512828 4.54782936519665 4.60766922526503 4.66750908533341 4.72734894540178 4.78718880547016 4.84702866553854 4.90686852560691 4.96670838567529 5.02654824574367 5.08638810581204 5.14622796588042 5.2060678259488 5.26590768601717 5.32574754608555 5.38558740615393 5.44542726622231 5.50526712629068 5.56510698635906 5.62494684642744 5.68478670649581 5.74462656656419 5.80446642663257 5.86430628670094 5.92414614676932 5.9839860068377 6.04382586690607 6.10366572697445 6.16350558704283 6.2233454471112 6.28318530717959 
106 1 2 3 4 5 6 7 8 9 10 11 12 13 14 15 16 17 18 19 20 21 22 23 24 25 26 27 28 29 30 31 32 33 34 35 36 37 38 39 40 41 42 43 44 45 46 47 48 49 50 51 52 53 54 55 56 57 58 59 60 61 62 63 64 65 66 67 68 69 70 71 72 73 74 75 76 77 78 79 80 81 82 83 84 85 86 87 88 89 90 91 92 93 94 95 96 97 98 99 100 101 102 103 104 105 1 
p 0.540000004 1 0 0.059839860068377 0.119679720136754 0.179519580205131 0.239359440273508 0.299199300341885 0.359039160410262 0.418879020478639 0.478718880547016 0.538558740615393 0.59839860068377 0.658238460752147 0.718078320820524 0.777918180888901 0.837758040957278 0.897597901025655 0.957437761094032 1.01727762116241 1.07711748123079 1.13695734129916 1.19679720136754 1.25663706143592 1.31647692150429 1.37631678157267 1.43615664164105 1.49599650170942 1.5558363617778 1.61567622184618 1.67551608191456 1.73535594198293 1.79519580205131 1.85503566211969 1.91487552218806 1.97471538225644 2.03455524232482 2.09439510239319 2.15423496246157 2.21407482252995 2.27391468259833 2.3337545426667 2.39359440273508 2.45343426280346 2.51327412287183 2.57311398294021 2.63295384300859 2.69279370307697 2.75263356314534 2.81247342321372 2.8723132832821 2.93215314335048 2.99199300341885 3.05183286348723 3.11167272355561 3.17151258362398 3.23135244369236 3.29119230376074 3.35103216382912 3.41087202389749 3.47071188396587 3.53055174403425 3.59039160410262 3.650231464171 3.71007132423938 3.76991118430776 3.82975104437613 3.88959090444451 3.94943076451289 4.00927062458126 4.06911048464964 4.12895034471802 4.18879020478639 4.24863006485477 4.30846992492315 4.36830978499152 4.4281496450599 4.48798950512828 4.54782936519665 4.60766922526503 4.66750908533341 4.72734894540178 4.78718880547016 4.84702866553854 4.90686852560691 4.96670838567529 5.02654824574367 5.08638810581204 5.14622796588042 5.2060678259488 5.26590768601717 5.32574754608555 5.38558740615393 5.44542726622231 5.50526712629068 5.56510698635906 5.62494684642744 5.68478670649581 5.74462656656419 5.80446642663257 5.86430628670094 5.92414614676932 5.9839860068377 6.04382586690607 6.10366572697445 6.16350558704283 6.2233454471112 6.28318530717959 
106 1 2 3 4 5 6 7 8 9 10 11 12 13 14 15 16 17 18 19 20 21 22 23 24 25 26 27 28 29 30 31 32 33 34 35 36 37 38 39 40 41 42 43 44 45 46 47 48 49 50 51 52 53 54 55 56 57 58 59 60 61 62 63 64 65 66 67 68 69 70 71 72 73 74 75 76 77 78 79 80 81 82 83 84 85 86 87 88 89 90 91 92 93 94 95 96 97 98 99 100 101 102 103 104 105 106 
p 0.264000016 1 0 0.059839860068377 0.119679720136754 0.179519580205131 0.239359440273508 0.299199300341885 0.359039160410262 0.418879020478639 0.478718880547016 0.538558740615393 0.59839860068377 0.658238460752147 0.718078320820524 0.777918180888901 0.837758040957278 0.897597901025655 0.957437761094032 1.01727762116241 1.07711748123079 1.13695734129916 1.19679720136754 1.25663706143592 1.31647692150429 1.37631678157267 1.43615664164105 1.49599650170942 1.5558363617778 1.61567622184618 1.67551608191456 1.73535594198293 1.79519580205131 1.85503566211969 1.91487552218806 1.97471538225644 2.03455524232482 2.09439510239319 2.15423496246157 2.21407482252995 2.27391468259833 2.3337545426667 2.39359440273508 2.45343426280346 2.51327412287183 2.57311398294021 2.63295384300859 2.69279370307697 2.75263356314534 2.81247342321372 2.8723132832821 2.93215314335048 2.99199300341885 3.05183286348723 3.11167272355561 3.17151258362398 3.23135244369236 3.29119230376074 3.35103216382912 3.41087202389749 3.47071188396587 3.53055174403425 3.59039160410262 3.650231464171 3.71007132423938 3.76991118430776 3.82975104437613 3.88959090444451 3.94943076451289 4.00927062458126 4.06911048464964 4.12895034471802 4.18879020478639 4.24863006485477 4.30846992492315 4.36830978499152 4.4281496450599 4.48798950512828 4.54782936519665 4.60766922526503 4.66750908533341 4.72734894540178 4.78718880547016 4.84702866553854 4.90686852560691 4.96670838567529 5.02654824574367 5.08638810581204 5.14622796588042 5.2060678259488 5.26590768601717 5.32574754608555 5.38558740615393 5.44542726622231 5.50526712629068 5.56510698635906 5.62494684642744 5.68478670649581 5.74462656656419 5.80446642663257 5.86430628670094 5.92414614676932 5.9839860068377 6.04382586690607 6.10366572697445 6.16350558704283 6.2233454471112 6.28318530717959 
106 106 107 108 109 110 111 112 113 114 115 116 117 118 119 120 121 122 123 124 125 126 127 128 129 130 131 132 133 134 135 136 137 138 139 140 141 142 143 144 145 146 147 148 149 150 151 152 153 154 155 156 157 158 159 160 161 162 163 164 165 166 167 168 169 170 171 172 173 174 175 176 177 178 179 180 181 182 183 184 185 186 187 188 189 190 191 192 193 194 195 196 197 198 199 200 201 202 203 204 205 206 207 208 209 210 106 
p 0.264000016 1 0 0.059839860068377 0.119679720136754 0.179519580205131 0.239359440273508 0.299199300341885 0.359039160410262 0.418879020478639 0.478718880547016 0.538558740615393 0.59839860068377 0.658238460752147 0.718078320820524 0.777918180888901 0.837758040957278 0.897597901025655 0.957437761094032 1.01727762116241 1.07711748123079 1.13695734129916 1.19679720136754 1.25663706143592 1.31647692150429 1.37631678157267 1.43615664164105 1.49599650170942 1.5558363617778 1.61567622184618 1.67551608191456 1.73535594198293 1.79519580205131 1.85503566211969 1.91487552218806 1.97471538225644 2.03455524232482 2.09439510239319 2.15423496246157 2.21407482252995 2.27391468259833 2.3337545426667 2.39359440273508 2.45343426280346 2.51327412287183 2.57311398294021 2.63295384300859 2.69279370307697 2.75263356314534 2.81247342321372 2.8723132832821 2.93215314335048 2.99199300341885 3.05183286348723 3.11167272355561 3.17151258362398 3.23135244369236 3.29119230376074 3.35103216382912 3.41087202389749 3.47071188396587 3.53055174403425 3.59039160410262 3.650231464171 3.71007132423938 3.76991118430776 3.82975104437613 3.88959090444451 3.94943076451289 4.00927062458126 4.06911048464964 4.12895034471802 4.18879020478639 4.24863006485477 4.30846992492315 4.36830978499152 4.4281496450599 4.48798950512828 4.54782936519665 4.60766922526503 4.66750908533341 4.72734894540178 4.78718880547016 4.84702866553854 4.90686852560691 4.96670838567529 5.02654824574367 5.08638810581204 5.14622796588042 5.2060678259488 5.26590768601717 5.32574754608555 5.38558740615393 5.44542726622231 5.50526712629068 5.56510698635906 5.62494684642744 5.68478670649581 5.74462656656419 5.80446642663257 5.86430628670094 5.92414614676932 5.9839860068377 6.04382586690607 6.10366572697445 6.16350558704283 6.2233454471112 6.28318530717959 
106 1 2 3 4 5 6 7 8 9 10 11 12 13 14 15 16 17 18 19 20 21 22 23 24 25 26 27 28 29 30 31 32 33 34 35 36 37 38 39 40 41 42 43 44 45 46 47 48 49 50 51 52 53 54 55 56 57 58 59 60 61 62 63 64 65 66 67 68 69 70 71 72 73 74 75 76 77 78 79 80 81 82 83 84 85 86 87 88 89 90 91 92 93 94 95 96 97 98 99 100 101 102 103 104 105 106 
p 0.360000016 1 0 0.059839860068377 0.119679720136754 0.179519580205131 0.239359440273508 0.299199300341885 0.359039160410262 0.418879020478639 0.478718880547016 0.538558740615393 0.59839860068377 0.658238460752147 0.718078320820524 0.777918180888901 0.837758040957278 0.897597901025655 0.957437761094032 1.01727762116241 1.07711748123079 1.13695734129916 1.19679720136754 1.25663706143592 1.31647692150429 1.37631678157267 1.43615664164105 1.49599650170942 1.5558363617778 1.61567622184618 1.67551608191456 1.73535594198293 1.79519580205131 1.85503566211969 1.91487552218806 1.97471538225644 2.03455524232482 2.09439510239319 2.15423496246157 2.21407482252995 2.27391468259833 2.3337545426667 2.39359440273508 2.45343426280346 2.51327412287183 2.57311398294021 2.63295384300859 2.69279370307697 2.75263356314534 2.81247342321372 2.8723132832821 2.93215314335048 2.99199300341885 3.05183286348723 3.11167272355561 3.17151258362398 3.23135244369236 3.29119230376074 3.35103216382912 3.41087202389749 3.47071188396587 3.53055174403425 3.59039160410262 3.650231464171 3.71007132423938 3.76991118430776 3.82975104437613 3.88959090444451 3.94943076451289 4.00927062458126 4.06911048464964 4.12895034471802 4.18879020478639 4.24863006485477 4.30846992492315 4.36830978499152 4.4281496450599 4.48798950512828 4.54782936519665 4.60766922526503 4.66750908533341 4.72734894540178 4.78718880547016 4.84702866553854 4.90686852560691 4.96670838567529 5.02654824574367 5.08638810581204 5.14622796588042 5.2060678259488 5.26590768601717 5.32574754608555 5.38558740615393 5.44542726622231 5.50526712629068 5.56510698635906 5.62494684642744 5.68478670649581 5.74462656656419 5.80446642663257 5.86430628670094 5.92414614676932 5.9839860068377 6.04382586690607 6.10366572697445 6.16350558704283 6.2233454471112 6.28318530717959 
106 211 212 213 214 215 216 217 218 219 220 221 222 223 224 225 226 227 228 229 230 231 232 233 234 235 236 237 238 239 240 241 242 243 244 245 246 247 248 249 250 251 252 253 254 255 256 257 258 259 260 261 262 263 264 265 266 267 268 269 270 271 272 273 274 275 276 277 278 279 280 281 282 283 284 285 286 287 288 289 290 291 292 293 294 295 296 297 298 299 300 301 302 303 304 305 306 307 308 309 310 311 312 313 314 315 211 
p 0.360000016 1 0 0.059839860068377 0.119679720136754 0.179519580205131 0.239359440273508 0.299199300341885 0.359039160410262 0.418879020478639 0.478718880547016 0.538558740615393 0.59839860068377 0.658238460752147 0.718078320820524 0.777918180888901 0.837758040957278 0.897597901025655 0.957437761094032 1.01727762116241 1.07711748123079 1.13695734129916 1.19679720136754 1.25663706143592 1.31647692150429 1.37631678157267 1.43615664164105 1.49599650170942 1.5558363617778 1.61567622184618 1.67551608191456 1.73535594198293 1.79519580205131 1.85503566211969 1.91487552218806 1.97471538225644 2.03455524232482 2.09439510239319 2.15423496246157 2.21407482252995 2.27391468259833 2.3337545426667 2.39359440273508 2.45343426280346 2.51327412287183 2.57311398294021 2.63295384300859 2.69279370307697 2.75263356314534 2.81247342321372 2.8723132832821 2.93215314335048 2.99199300341885 3.05183286348723 3.11167272355561 3.17151258362398 3.23135244369236 3.29119230376074 3.35103216382912 3.41087202389749 3.47071188396587 3.53055174403425 3.59039160410262 3.650231464171 3.71007132423938 3.76991118430776 3.82975104437613 3.88959090444451 3.94943076451289 4.00927062458126 4.06911048464964 4.12895034471802 4.18879020478639 4.24863006485477 4.30846992492315 4.36830978499152 4.4281496450599 4.48798950512828 4.54782936519665 4.60766922526503 4.66750908533341 4.72734894540178 4.78718880547016 4.84702866553854 4.90686852560691 4.96670838567529 5.02654824574367 5.08638810581204 5.14622796588042 5.2060678259488 5.26590768601717 5.32574754608555 5.38558740615393 5.44542726622231 5.50526712629068 5.56510698635906 5.62494684642744 5.68478670649581 5.74462656656419 5.80446642663257 5.86430628670094 5.92414614676932 5.9839860068377 6.04382586690607 6.10366572697445 6.16350558704283 6.2233454471112 6.28318530717959 
106 1 2 3 4 5 6 7 8 9 10 11 12 13 14 15 16 17 18 19 20 21 22 23 24 25 26 27 28 29 30 31 32 33 34 35 36 37 38 39 40 41 42 43 44 45 46 47 48 49 50 51 52 53 54 55 56 57 58 59 60 61 62 63 64 65 66 67 68 69 70 71 72 73 74 75 76 77 78 79 80 81 82 83 84 85 86 87 88 89 90 91 92 93 94 95 96 97 98 99 100 101 102 103 104 105 106 
p 0.360000016 1 0 0.059839860068377 0.119679720136754 0.179519580205131 0.239359440273508 0.299199300341885 0.359039160410262 0.418879020478639 0.478718880547016 0.538558740615393 0.59839860068377 0.658238460752147 0.718078320820524 0.777918180888901 0.837758040957278 0.897597901025655 0.957437761094032 1.01727762116241 1.07711748123079 1.13695734129916 1.19679720136754 1.25663706143592 1.31647692150429 1.37631678157267 1.43615664164105 1.49599650170942 1.5558363617778 1.61567622184618 1.67551608191456 1.73535594198293 1.79519580205131 1.85503566211969 1.91487552218806 1.97471538225644 2.03455524232482 2.09439510239319 2.15423496246157 2.21407482252995 2.27391468259833 2.3337545426667 2.39359440273508 2.45343426280346 2.51327412287183 2.57311398294021 2.63295384300859 2.69279370307697 2.75263356314534 2.81247342321372 2.8723132832821 2.93215314335048 2.99199300341885 3.05183286348723 3.11167272355561 3.17151258362398 3.23135244369236 3.29119230376074 3.35103216382912 3.41087202389749 3.47071188396587 3.53055174403425 3.59039160410262 3.650231464171 3.71007132423938 3.76991118430776 3.82975104437613 3.88959090444451 3.94943076451289 4.00927062458126 4.06911048464964 4.12895034471802 4.18879020478639 4.24863006485477 4.30846992492315 4.36830978499152 4.4281496450599 4.48798950512828 4.54782936519665 4.60766922526503 4.66750908533341 4.72734894540178 4.78718880547016 4.84702866553854 4.90686852560691 4.96670838567529 5.02654824574367 5.08638810581204 5.14622796588042 5.2060678259488 5.26590768601717 5.32574754608555 5.38558740615393 5.44542726622231 5.50526712629068 5.56510698635906 5.62494684642744 5.68478670649581 5.74462656656419 5.80446642663257 5.86430628670094 5.92414614676932 5.9839860068377 6.04382586690607 6.10366572697445 6.16350558704283 6.2233454471112 6.28318530717959 
106 316 317 318 319 320 321 322 323 324 325 326 327 328 329 330 331 332 333 334 335 336 337 338 339 340 341 342 343 344 345 346 347 348 349 350 351 352 353 354 355 356 357 358 359 360 361 362 363 364 365 366 367 368 369 370 371 372 373 374 375 376 377 378 379 380 381 382 383 384 385 386 387 388 389 390 391 392 393 394 395 396 397 398 399 400 401 402 403 404 405 406 407 408 409 410 411 412 413 414 415 416 417 418 419 420 316 
p 0.360000016 1 0 0.059839860068377 0.119679720136754 0.179519580205131 0.239359440273508 0.299199300341885 0.359039160410262 0.418879020478639 0.478718880547016 0.538558740615393 0.59839860068377 0.658238460752147 0.718078320820524 0.777918180888901 0.837758040957278 0.897597901025655 0.957437761094032 1.01727762116241 1.07711748123079 1.13695734129916 1.19679720136754 1.25663706143592 1.31647692150429 1.37631678157267 1.43615664164105 1.49599650170942 1.5558363617778 1.61567622184618 1.67551608191456 1.73535594198293 1.79519580205131 1.85503566211969 1.91487552218806 1.97471538225644 2.03455524232482 2.09439510239319 2.15423496246157 2.21407482252995 2.27391468259833 2.3337545426667 2.39359440273508 2.45343426280346 2.51327412287183 2.57311398294021 2.63295384300859 2.69279370307697 2.75263356314534 2.81247342321372 2.8723132832821 2.93215314335048 2.99199300341885 3.05183286348723 3.11167272355561 3.17151258362398 3.23135244369236 3.29119230376074 3.35103216382912 3.41087202389749 3.47071188396587 3.53055174403425 3.59039160410262 3.650231464171 3.71007132423938 3.76991118430776 3.82975104437613 3.88959090444451 3.94943076451289 4.00927062458126 4.06911048464964 4.12895034471802 4.18879020478639 4.24863006485477 4.30846992492315 4.36830978499152 4.4281496450599 4.48798950512828 4.54782936519665 4.60766922526503 4.66750908533341 4.72734894540178 4.78718880547016 4.84702866553854 4.90686852560691 4.96670838567529 5.02654824574367 5.08638810581204 5.14622796588042 5.2060678259488 5.26590768601717 5.32574754608555 5.38558740615393 5.44542726622231 5.50526712629068 5.56510698635906 5.62494684642744 5.68478670649581 5.74462656656419 5.80446642663257 5.86430628670094 5.92414614676932 5.9839860068377 6.04382586690607 6.10366572697445 6.16350558704283 6.2233454471112 6.28318530717959 
106 1 2 3 4 5 6 7 8 9 10 11 12 13 14 15 16 17 18 19 20 21 22 23 24 25 26 27 28 29 30 31 32 33 34 35 36 37 38 39 40 41 42 43 44 45 46 47 48 49 50 51 52 53 54 55 56 57 58 59 60 61 62 63 64 65 66 67 68 69 70 71 72 73 74 75 76 77 78 79 80 81 82 83 84 85 86 87 88 89 90 91 92 93 94 95 96 97 98 99 100 101 102 103 104 105 106 
p 0.480000016 1 0 0.059839860068377 0.119679720136754 0.179519580205131 0.239359440273508 0.299199300341885 0.359039160410262 0.418879020478639 0.478718880547016 0.538558740615393 0.59839860068377 0.658238460752147 0.718078320820524 0.777918180888901 0.837758040957278 0.897597901025655 0.957437761094032 1.01727762116241 1.07711748123079 1.13695734129916 1.19679720136754 1.25663706143592 1.31647692150429 1.37631678157267 1.43615664164105 1.49599650170942 1.5558363617778 1.61567622184618 1.67551608191456 1.73535594198293 1.79519580205131 1.85503566211969 1.91487552218806 1.97471538225644 2.03455524232482 2.09439510239319 2.15423496246157 2.21407482252995 2.27391468259833 2.3337545426667 2.39359440273508 2.45343426280346 2.51327412287183 2.57311398294021 2.63295384300859 2.69279370307697 2.75263356314534 2.81247342321372 2.8723132832821 2.93215314335048 2.99199300341885 3.05183286348723 3.11167272355561 3.17151258362398 3.23135244369236 3.29119230376074 3.35103216382912 3.41087202389749 3.47071188396587 3.53055174403425 3.59039160410262 3.650231464171 3.71007132423938 3.76991118430776 3.82975104437613 3.88959090444451 3.94943076451289 4.00927062458126 4.06911048464964 4.12895034471802 4.18879020478639 4.24863006485477 4.30846992492315 4.36830978499152 4.4281496450599 4.48798950512828 4.54782936519665 4.60766922526503 4.66750908533341 4.72734894540178 4.78718880547016 4.84702866553854 4.90686852560691 4.96670838567529 5.02654824574367 5.08638810581204 5.14622796588042 5.2060678259488 5.26590768601717 5.32574754608555 5.38558740615393 5.44542726622231 5.50526712629068 5.56510698635906 5.62494684642744 5.68478670649581 5.74462656656419 5.80446642663257 5.86430628670094 5.92414614676932 5.9839860068377 6.04382586690607 6.10366572697445 6.16350558704283 6.2233454471112 6.28318530717959 
106 421 422 423 424 425 426 427 428 429 430 431 432 433 434 435 436 437 438 439 440 441 442 443 444 445 446 447 448 449 450 451 452 453 454 455 456 457 458 459 460 461 462 463 464 465 466 467 468 469 470 471 472 473 474 475 476 477 478 479 480 481 482 483 484 485 486 487 488 489 490 491 492 493 494 495 496 497 498 499 500 501 502 503 504 505 506 507 508 509 510 511 512 513 514 515 516 517 518 519 520 521 522 523 524 525 421 
p 0.480000016 1 0 0.059839860068377 0.119679720136754 0.179519580205131 0.239359440273508 0.299199300341885 0.359039160410262 0.418879020478639 0.478718880547016 0.538558740615393 0.59839860068377 0.658238460752147 0.718078320820524 0.777918180888901 0.837758040957278 0.897597901025655 0.957437761094032 1.01727762116241 1.07711748123079 1.13695734129916 1.19679720136754 1.25663706143592 1.31647692150429 1.37631678157267 1.43615664164105 1.49599650170942 1.5558363617778 1.61567622184618 1.67551608191456 1.73535594198293 1.79519580205131 1.85503566211969 1.91487552218806 1.97471538225644 2.03455524232482 2.09439510239319 2.15423496246157 2.21407482252995 2.27391468259833 2.3337545426667 2.39359440273508 2.45343426280346 2.51327412287183 2.57311398294021 2.63295384300859 2.69279370307697 2.75263356314534 2.81247342321372 2.8723132832821 2.93215314335048 2.99199300341885 3.05183286348723 3.11167272355561 3.17151258362398 3.23135244369236 3.29119230376074 3.35103216382912 3.41087202389749 3.47071188396587 3.53055174403425 3.59039160410262 3.650231464171 3.71007132423938 3.76991118430776 3.82975104437613 3.88959090444451 3.94943076451289 4.00927062458126 4.06911048464964 4.12895034471802 4.18879020478639 4.24863006485477 4.30846992492315 4.36830978499152 4.4281496450599 4.48798950512828 4.54782936519665 4.60766922526503 4.66750908533341 4.72734894540178 4.78718880547016 4.84702866553854 4.90686852560691 4.96670838567529 5.02654824574367 5.08638810581204 5.14622796588042 5.2060678259488 5.26590768601717 5.32574754608555 5.38558740615393 5.44542726622231 5.50526712629068 5.56510698635906 5.62494684642744 5.68478670649581 5.74462656656419 5.80446642663257 5.86430628670094 5.92414614676932 5.9839860068377 6.04382586690607 6.10366572697445 6.16350558704283 6.2233454471112 6.28318530717959 
106 1 2 3 4 5 6 7 8 9 10 11 12 13 14 15 16 17 18 19 20 21 22 23 24 25 26 27 28 29 30 31 32 33 34 35 36 37 38 39 40 41 42 43 44 45 46 47 48 49 50 51 52 53 54 55 56 57 58 59 60 61 62 63 64 65 66 67 68 69 70 71 72 73 74 75 76 77 78 79 80 81 82 83 84 85 86 87 88 89 90 91 92 93 94 95 96 97 98 99 100 101 102 103 104 105 106 
p 0.264000016 1 0 0.059839860068377 0.119679720136754 0.179519580205131 0.239359440273508 0.299199300341885 0.359039160410262 0.418879020478639 0.478718880547016 0.538558740615393 0.59839860068377 0.658238460752147 0.718078320820524 0.777918180888901 0.837758040957278 0.897597901025655 0.957437761094032 1.01727762116241 1.07711748123079 1.13695734129916 1.19679720136754 1.25663706143592 1.31647692150429 1.37631678157267 1.43615664164105 1.49599650170942 1.5558363617778 1.61567622184618 1.67551608191456 1.73535594198293 1.79519580205131 1.85503566211969 1.91487552218806 1.97471538225644 2.03455524232482 2.09439510239319 2.15423496246157 2.21407482252995 2.27391468259833 2.3337545426667 2.39359440273508 2.45343426280346 2.51327412287183 2.57311398294021 2.63295384300859 2.69279370307697 2.75263356314534 2.81247342321372 2.8723132832821 2.93215314335048 2.99199300341885 3.05183286348723 3.11167272355561 3.17151258362398 3.23135244369236 3.29119230376074 3.35103216382912 3.41087202389749 3.47071188396587 3.53055174403425 3.59039160410262 3.650231464171 3.71007132423938 3.76991118430776 3.82975104437613 3.88959090444451 3.94943076451289 4.00927062458126 4.06911048464964 4.12895034471802 4.18879020478639 4.24863006485477 4.30846992492315 4.36830978499152 4.4281496450599 4.48798950512828 4.54782936519665 4.60766922526503 4.66750908533341 4.72734894540178 4.78718880547016 4.84702866553854 4.90686852560691 4.96670838567529 5.02654824574367 5.08638810581204 5.14622796588042 5.2060678259488 5.26590768601717 5.32574754608555 5.38558740615393 5.44542726622231 5.50526712629068 5.56510698635906 5.62494684642744 5.68478670649581 5.74462656656419 5.80446642663257 5.86430628670094 5.92414614676932 5.9839860068377 6.04382586690607 6.10366572697445 6.16350558704283 6.2233454471112 6.28318530717959 
106 526 527 528 529 530 531 532 533 534 535 536 537 538 539 540 541 542 543 544 545 546 547 548 549 550 551 552 553 554 555 556 557 558 559 560 561 562 563 564 565 566 567 568 569 570 571 572 573 574 575 576 577 578 579 580 581 582 583 584 585 586 587 588 589 590 591 592 593 594 595 596 597 598 599 600 601 602 603 604 605 606 607 608 609 610 611 612 613 614 615 616 617 618 619 620 621 622 623 624 625 626 627 628 629 630 526 
p 0.264000016 1 0 0.059839860068377 0.119679720136754 0.179519580205131 0.239359440273508 0.299199300341885 0.359039160410262 0.418879020478639 0.478718880547016 0.538558740615393 0.59839860068377 0.658238460752147 0.718078320820524 0.777918180888901 0.837758040957278 0.897597901025655 0.957437761094032 1.01727762116241 1.07711748123079 1.13695734129916 1.19679720136754 1.25663706143592 1.31647692150429 1.37631678157267 1.43615664164105 1.49599650170942 1.5558363617778 1.61567622184618 1.67551608191456 1.73535594198293 1.79519580205131 1.85503566211969 1.91487552218806 1.97471538225644 2.03455524232482 2.09439510239319 2.15423496246157 2.21407482252995 2.27391468259833 2.3337545426667 2.39359440273508 2.45343426280346 2.51327412287183 2.57311398294021 2.63295384300859 2.69279370307697 2.75263356314534 2.81247342321372 2.8723132832821 2.93215314335048 2.99199300341885 3.05183286348723 3.11167272355561 3.17151258362398 3.23135244369236 3.29119230376074 3.35103216382912 3.41087202389749 3.47071188396587 3.53055174403425 3.59039160410262 3.650231464171 3.71007132423938 3.76991118430776 3.82975104437613 3.88959090444451 3.94943076451289 4.00927062458126 4.06911048464964 4.12895034471802 4.18879020478639 4.24863006485477 4.30846992492315 4.36830978499152 4.4281496450599 4.48798950512828 4.54782936519665 4.60766922526503 4.66750908533341 4.72734894540178 4.78718880547016 4.84702866553854 4.90686852560691 4.96670838567529 5.02654824574367 5.08638810581204 5.14622796588042 5.2060678259488 5.26590768601717 5.32574754608555 5.38558740615393 5.44542726622231 5.50526712629068 5.56510698635906 5.62494684642744 5.68478670649581 5.74462656656419 5.80446642663257 5.86430628670094 5.92414614676932 5.9839860068377 6.04382586690607 6.10366572697445 6.16350558704283 6.2233454471112 6.28318530717959 
106 107 108 109 110 111 112 113 114 115 116 117 118 119 120 121 122 123 124 125 126 127 128 129 130 131 132 133 134 135 136 137 138 139 140 141 142 143 144 145 146 147 148 149 150 151 152 153 154 155 156 157 158 159 160 161 162 163 164 165 166 167 168 169 170 171 172 173 174 175 176 177 178 179 180 181 182 183 184 185 186 187 188 189 190 191 192 193 194 195 196 197 198 199 200 201 202 203 204 205 206 207 208 209 210 211 212 
p 0.264000016 1 0 0.059839860068377 0.119679720136754 0.179519580205131 0.239359440273508 0.299199300341885 0.359039160410262 0.418879020478639 0.478718880547016 0.538558740615393 0.59839860068377 0.658238460752147 0.718078320820524 0.777918180888901 0.837758040957278 0.897597901025655 0.957437761094032 1.01727762116241 1.07711748123079 1.13695734129916 1.19679720136754 1.25663706143592 1.31647692150429 1.37631678157267 1.43615664164105 1.49599650170942 1.5558363617778 1.61567622184618 1.67551608191456 1.73535594198293 1.79519580205131 1.85503566211969 1.91487552218806 1.97471538225644 2.03455524232482 2.09439510239319 2.15423496246157 2.21407482252995 2.27391468259833 2.3337545426667 2.39359440273508 2.45343426280346 2.51327412287183 2.57311398294021 2.63295384300859 2.69279370307697 2.75263356314534 2.81247342321372 2.8723132832821 2.93215314335048 2.99199300341885 3.05183286348723 3.11167272355561 3.17151258362398 3.23135244369236 3.29119230376074 3.35103216382912 3.41087202389749 3.47071188396587 3.53055174403425 3.59039160410262 3.650231464171 3.71007132423938 3.76991118430776 3.82975104437613 3.88959090444451 3.94943076451289 4.00927062458126 4.06911048464964 4.12895034471802 4.18879020478639 4.24863006485477 4.30846992492315 4.36830978499152 4.4281496450599 4.48798950512828 4.54782936519665 4.60766922526503 4.66750908533341 4.72734894540178 4.78718880547016 4.84702866553854 4.90686852560691 4.96670838567529 5.02654824574367 5.08638810581204 5.14622796588042 5.2060678259488 5.26590768601717 5.32574754608555 5.38558740615393 5.44542726622231 5.50526712629068 5.56510698635906 5.62494684642744 5.68478670649581 5.74462656656419 5.80446642663257 5.86430628670094 5.92414614676932 5.9839860068377 6.04382586690607 6.10366572697445 6.16350558704283 6.2233454471112 6.28318530717959 
106 106 107 108 109 110 111 112 113 114 115 116 117 118 119 120 121 122 123 124 125 126 127 128 129 130 131 132 133 134 135 136 137 138 139 140 141 142 143 144 145 146 147 148 149 150 151 152 153 154 155 156 157 158 159 160 161 162 163 164 165 166 167 168 169 170 171 172 173 174 175 176 177 178 179 180 181 182 183 184 185 186 187 188 189 190 191 192 193 194 195 196 197 198 199 200 201 202 203 204 205 206 207 208 209 210 106 
p 0.264000016 1 0 0.059839860068377 0.119679720136754 0.179519580205131 0.239359440273508 0.299199300341885 0.359039160410262 0.418879020478639 0.478718880547016 0.538558740615393 0.59839860068377 0.658238460752147 0.718078320820524 0.777918180888901 0.837758040957278 0.897597901025655 0.957437761094032 1.01727762116241 1.07711748123079 1.13695734129916 1.19679720136754 1.25663706143592 1.31647692150429 1.37631678157267 1.43615664164105 1.49599650170942 1.5558363617778 1.61567622184618 1.67551608191456 1.73535594198293 1.79519580205131 1.85503566211969 1.91487552218806 1.97471538225644 2.03455524232482 2.09439510239319 2.15423496246157 2.21407482252995 2.27391468259833 2.3337545426667 2.39359440273508 2.45343426280346 2.51327412287183 2.57311398294021 2.63295384300859 2.69279370307697 2.75263356314534 2.81247342321372 2.8723132832821 2.93215314335048 2.99199300341885 3.05183286348723 3.11167272355561 3.17151258362398 3.23135244369236 3.29119230376074 3.35103216382912 3.41087202389749 3.47071188396587 3.53055174403425 3.59039160410262 3.650231464171 3.71007132423938 3.76991118430776 3.82975104437613 3.88959090444451 3.94943076451289 4.00927062458126 4.06911048464964 4.12895034471802 4.18879020478639 4.24863006485477 4.30846992492315 4.36830978499152 4.4281496450599 4.48798950512828 4.54782936519665 4.60766922526503 4.66750908533341 4.72734894540178 4.78718880547016 4.84702866553854 4.90686852560691 4.96670838567529 5.02654824574367 5.08638810581204 5.14622796588042 5.2060678259488 5.26590768601717 5.32574754608555 5.38558740615393 5.44542726622231 5.50526712629068 5.56510698635906 5.62494684642744 5.68478670649581 5.74462656656419 5.80446642663257 5.86430628670094 5.92414614676932 5.9839860068377 6.04382586690607 6.10366572697445 6.16350558704283 6.2233454471112 6.28318530717959 
106 107 108 109 110 111 112 113 114 115 116 117 118 119 120 121 122 123 124 125 126 127 128 129 130 131 132 133 134 135 136 137 138 139 140 141 142 143 144 145 146 147 148 149 150 151 152 153 154 155 156 157 158 159 160 161 162 163 164 165 166 167 168 169 170 171 172 173 174 175 176 177 178 179 180 181 182 183 184 185 186 187 188 189 190 191 192 193 194 195 196 197 198 199 200 201 202 203 204 205 206 207 208 209 210 211 212 
p 0.360000016 1 0 0.059839860068377 0.119679720136754 0.179519580205131 0.239359440273508 0.299199300341885 0.359039160410262 0.418879020478639 0.478718880547016 0.538558740615393 0.59839860068377 0.658238460752147 0.718078320820524 0.777918180888901 0.837758040957278 0.897597901025655 0.957437761094032 1.01727762116241 1.07711748123079 1.13695734129916 1.19679720136754 1.25663706143592 1.31647692150429 1.37631678157267 1.43615664164105 1.49599650170942 1.5558363617778 1.61567622184618 1.67551608191456 1.73535594198293 1.79519580205131 1.85503566211969 1.91487552218806 1.97471538225644 2.03455524232482 2.09439510239319 2.15423496246157 2.21407482252995 2.27391468259833 2.3337545426667 2.39359440273508 2.45343426280346 2.51327412287183 2.57311398294021 2.63295384300859 2.69279370307697 2.75263356314534 2.81247342321372 2.8723132832821 2.93215314335048 2.99199300341885 3.05183286348723 3.11167272355561 3.17151258362398 3.23135244369236 3.29119230376074 3.35103216382912 3.41087202389749 3.47071188396587 3.53055174403425 3.59039160410262 3.650231464171 3.71007132423938 3.76991118430776 3.82975104437613 3.88959090444451 3.94943076451289 4.00927062458126 4.06911048464964 4.12895034471802 4.18879020478639 4.24863006485477 4.30846992492315 4.36830978499152 4.4281496450599 4.48798950512828 4.54782936519665 4.60766922526503 4.66750908533341 4.72734894540178 4.78718880547016 4.84702866553854 4.90686852560691 4.96670838567529 5.02654824574367 5.08638810581204 5.14622796588042 5.2060678259488 5.26590768601717 5.32574754608555 5.38558740615393 5.44542726622231 5.50526712629068 5.56510698635906 5.62494684642744 5.68478670649581 5.74462656656419 5.80446642663257 5.86430628670094 5.92414614676932 5.9839860068377 6.04382586690607 6.10366572697445 6.16350558704283 6.2233454471112 6.28318530717959 
106 211 212 213 214 215 216 217 218 219 220 221 222 223 224 225 226 227 228 229 230 231 232 233 234 235 236 237 238 239 240 241 242 243 244 245 246 247 248 249 250 251 252 253 254 255 256 257 258 259 260 261 262 263 264 265 266 267 268 269 270 271 272 273 274 275 276 277 278 279 280 281 282 283 284 285 286 287 288 289 290 291 292 293 294 295 296 297 298 299 300 301 302 303 304 305 306 307 308 309 310 311 312 313 314 315 211 
p 0.360000016 1 0 0.059839860068377 0.119679720136754 0.179519580205131 0.239359440273508 0.299199300341885 0.359039160410262 0.418879020478639 0.478718880547016 0.538558740615393 0.59839860068377 0.658238460752147 0.718078320820524 0.777918180888901 0.837758040957278 0.897597901025655 0.957437761094032 1.01727762116241 1.07711748123079 1.13695734129916 1.19679720136754 1.25663706143592 1.31647692150429 1.37631678157267 1.43615664164105 1.49599650170942 1.5558363617778 1.61567622184618 1.67551608191456 1.73535594198293 1.79519580205131 1.85503566211969 1.91487552218806 1.97471538225644 2.03455524232482 2.09439510239319 2.15423496246157 2.21407482252995 2.27391468259833 2.3337545426667 2.39359440273508 2.45343426280346 2.51327412287183 2.57311398294021 2.63295384300859 2.69279370307697 2.75263356314534 2.81247342321372 2.8723132832821 2.93215314335048 2.99199300341885 3.05183286348723 3.11167272355561 3.17151258362398 3.23135244369236 3.29119230376074 3.35103216382912 3.41087202389749 3.47071188396587 3.53055174403425 3.59039160410262 3.650231464171 3.71007132423938 3.76991118430776 3.82975104437613 3.88959090444451 3.94943076451289 4.00927062458126 4.06911048464964 4.12895034471802 4.18879020478639 4.24863006485477 4.30846992492315 4.36830978499152 4.4281496450599 4.48798950512828 4.54782936519665 4.60766922526503 4.66750908533341 4.72734894540178 4.78718880547016 4.84702866553854 4.90686852560691 4.96670838567529 5.02654824574367 5.08638810581204 5.14622796588042 5.2060678259488 5.26590768601717 5.32574754608555 5.38558740615393 5.44542726622231 5.50526712629068 5.56510698635906 5.62494684642744 5.68478670649581 5.74462656656419 5.80446642663257 5.86430628670094 5.92414614676932 5.9839860068377 6.04382586690607 6.10366572697445 6.16350558704283 6.2233454471112 6.28318530717959 
106 107 108 109 110 111 112 113 114 115 116 117 118 119 120 121 122 123 124 125 126 127 128 129 130 131 132 133 134 135 136 137 138 139 140 141 142 143 144 145 146 147 148 149 150 151 152 153 154 155 156 157 158 159 160 161 162 163 164 165 166 167 168 169 170 171 172 173 174 175 176 177 178 179 180 181 182 183 184 185 186 187 188 189 190 191 192 193 194 195 196 197 198 199 200 201 202 203 204 205 206 207 208 209 210 211 212 
p 0.360000016 1 0 0.059839860068377 0.119679720136754 0.179519580205131 0.239359440273508 0.299199300341885 0.359039160410262 0.418879020478639 0.478718880547016 0.538558740615393 0.59839860068377 0.658238460752147 0.718078320820524 0.777918180888901 0.837758040957278 0.897597901025655 0.957437761094032 1.01727762116241 1.07711748123079 1.13695734129916 1.19679720136754 1.25663706143592 1.31647692150429 1.37631678157267 1.43615664164105 1.49599650170942 1.5558363617778 1.61567622184618 1.67551608191456 1.73535594198293 1.79519580205131 1.85503566211969 1.91487552218806 1.97471538225644 2.03455524232482 2.09439510239319 2.15423496246157 2.21407482252995 2.27391468259833 2.3337545426667 2.39359440273508 2.45343426280346 2.51327412287183 2.57311398294021 2.63295384300859 2.69279370307697 2.75263356314534 2.81247342321372 2.8723132832821 2.93215314335048 2.99199300341885 3.05183286348723 3.11167272355561 3.17151258362398 3.23135244369236 3.29119230376074 3.35103216382912 3.41087202389749 3.47071188396587 3.53055174403425 3.59039160410262 3.650231464171 3.71007132423938 3.76991118430776 3.82975104437613 3.88959090444451 3.94943076451289 4.00927062458126 4.06911048464964 4.12895034471802 4.18879020478639 4.24863006485477 4.30846992492315 4.36830978499152 4.4281496450599 4.48798950512828 4.54782936519665 4.60766922526503 4.66750908533341 4.72734894540178 4.78718880547016 4.84702866553854 4.90686852560691 4.96670838567529 5.02654824574367 5.08638810581204 5.14622796588042 5.2060678259488 5.26590768601717 5.32574754608555 5.38558740615393 5.44542726622231 5.50526712629068 5.56510698635906 5.62494684642744 5.68478670649581 5.74462656656419 5.80446642663257 5.86430628670094 5.92414614676932 5.9839860068377 6.04382586690607 6.10366572697445 6.16350558704283 6.2233454471112 6.28318530717959 
106 316 317 318 319 320 321 322 323 324 325 326 327 328 329 330 331 332 333 334 335 336 337 338 339 340 341 342 343 344 345 346 347 348 349 350 351 352 353 354 355 356 357 358 359 360 361 362 363 364 365 366 367 368 369 370 371 372 373 374 375 376 377 378 379 380 381 382 383 384 385 386 387 388 389 390 391 392 393 394 395 396 397 398 399 400 401 402 403 404 405 406 407 408 409 410 411 412 413 414 415 416 417 418 419 420 316 
p 0.360000016 1 0 0.059839860068377 0.119679720136754 0.179519580205131 0.239359440273508 0.299199300341885 0.359039160410262 0.418879020478639 0.478718880547016 0.538558740615393 0.59839860068377 0.658238460752147 0.718078320820524 0.777918180888901 0.837758040957278 0.897597901025655 0.957437761094032 1.01727762116241 1.07711748123079 1.13695734129916 1.19679720136754 1.25663706143592 1.31647692150429 1.37631678157267 1.43615664164105 1.49599650170942 1.5558363617778 1.61567622184618 1.67551608191456 1.73535594198293 1.79519580205131 1.85503566211969 1.91487552218806 1.97471538225644 2.03455524232482 2.09439510239319 2.15423496246157 2.21407482252995 2.27391468259833 2.3337545426667 2.39359440273508 2.45343426280346 2.51327412287183 2.57311398294021 2.63295384300859 2.69279370307697 2.75263356314534 2.81247342321372 2.8723132832821 2.93215314335048 2.99199300341885 3.05183286348723 3.11167272355561 3.17151258362398 3.23135244369236 3.29119230376074 3.35103216382912 3.41087202389749 3.47071188396587 3.53055174403425 3.59039160410262 3.650231464171 3.71007132423938 3.76991118430776 3.82975104437613 3.88959090444451 3.94943076451289 4.00927062458126 4.06911048464964 4.12895034471802 4.18879020478639 4.24863006485477 4.30846992492315 4.36830978499152 4.4281496450599 4.48798950512828 4.54782936519665 4.60766922526503 4.66750908533341 4.72734894540178 4.78718880547016 4.84702866553854 4.90686852560691 4.96670838567529 5.02654824574367 5.08638810581204 5.14622796588042 5.2060678259488 5.26590768601717 5.32574754608555 5.38558740615393 5.44542726622231 5.50526712629068 5.56510698635906 5.62494684642744 5.68478670649581 5.74462656656419 5.80446642663257 5.86430628670094 5.92414614676932 5.9839860068377 6.04382586690607 6.10366572697445 6.16350558704283 6.2233454471112 6.28318530717959 
106 107 108 109 110 111 112 113 114 115 116 117 118 119 120 121 122 123 124 125 126 127 128 129 130 131 132 133 134 135 136 137 138 139 140 141 142 143 144 145 146 147 148 149 150 151 152 153 154 155 156 157 158 159 160 161 162 163 164 165 166 167 168 169 170 171 172 173 174 175 176 177 178 179 180 181 182 183 184 185 186 187 188 189 190 191 192 193 194 195 196 197 198 199 200 201 202 203 204 205 206 207 208 209 210 211 212 
p 0.480000016 1 0 0.059839860068377 0.119679720136754 0.179519580205131 0.239359440273508 0.299199300341885 0.359039160410262 0.418879020478639 0.478718880547016 0.538558740615393 0.59839860068377 0.658238460752147 0.718078320820524 0.777918180888901 0.837758040957278 0.897597901025655 0.957437761094032 1.01727762116241 1.07711748123079 1.13695734129916 1.19679720136754 1.25663706143592 1.31647692150429 1.37631678157267 1.43615664164105 1.49599650170942 1.5558363617778 1.61567622184618 1.67551608191456 1.73535594198293 1.79519580205131 1.85503566211969 1.91487552218806 1.97471538225644 2.03455524232482 2.09439510239319 2.15423496246157 2.21407482252995 2.27391468259833 2.3337545426667 2.39359440273508 2.45343426280346 2.51327412287183 2.57311398294021 2.63295384300859 2.69279370307697 2.75263356314534 2.81247342321372 2.8723132832821 2.93215314335048 2.99199300341885 3.05183286348723 3.11167272355561 3.17151258362398 3.23135244369236 3.29119230376074 3.35103216382912 3.41087202389749 3.47071188396587 3.53055174403425 3.59039160410262 3.650231464171 3.71007132423938 3.76991118430776 3.82975104437613 3.88959090444451 3.94943076451289 4.00927062458126 4.06911048464964 4.12895034471802 4.18879020478639 4.24863006485477 4.30846992492315 4.36830978499152 4.4281496450599 4.48798950512828 4.54782936519665 4.60766922526503 4.66750908533341 4.72734894540178 4.78718880547016 4.84702866553854 4.90686852560691 4.96670838567529 5.02654824574367 5.08638810581204 5.14622796588042 5.2060678259488 5.26590768601717 5.32574754608555 5.38558740615393 5.44542726622231 5.50526712629068 5.56510698635906 5.62494684642744 5.68478670649581 5.74462656656419 5.80446642663257 5.86430628670094 5.92414614676932 5.9839860068377 6.04382586690607 6.10366572697445 6.16350558704283 6.2233454471112 6.28318530717959 
106 421 422 423 424 425 426 427 428 429 430 431 432 433 434 435 436 437 438 439 440 441 442 443 444 445 446 447 448 449 450 451 452 453 454 455 456 457 458 459 460 461 462 463 464 465 466 467 468 469 470 471 472 473 474 475 476 477 478 479 480 481 482 483 484 485 486 487 488 489 490 491 492 493 494 495 496 497 498 499 500 501 502 503 504 505 506 507 508 509 510 511 512 513 514 515 516 517 518 519 520 521 522 523 524 525 421 
p 0.480000016 1 0 0.059839860068377 0.119679720136754 0.179519580205131 0.239359440273508 0.299199300341885 0.359039160410262 0.418879020478639 0.478718880547016 0.538558740615393 0.59839860068377 0.658238460752147 0.718078320820524 0.777918180888901 0.837758040957278 0.897597901025655 0.957437761094032 1.01727762116241 1.07711748123079 1.13695734129916 1.19679720136754 1.25663706143592 1.31647692150429 1.37631678157267 1.43615664164105 1.49599650170942 1.5558363617778 1.61567622184618 1.67551608191456 1.73535594198293 1.79519580205131 1.85503566211969 1.91487552218806 1.97471538225644 2.03455524232482 2.09439510239319 2.15423496246157 2.21407482252995 2.27391468259833 2.3337545426667 2.39359440273508 2.45343426280346 2.51327412287183 2.57311398294021 2.63295384300859 2.69279370307697 2.75263356314534 2.81247342321372 2.8723132832821 2.93215314335048 2.99199300341885 3.05183286348723 3.11167272355561 3.17151258362398 3.23135244369236 3.29119230376074 3.35103216382912 3.41087202389749 3.47071188396587 3.53055174403425 3.59039160410262 3.650231464171 3.71007132423938 3.76991118430776 3.82975104437613 3.88959090444451 3.94943076451289 4.00927062458126 4.06911048464964 4.12895034471802 4.18879020478639 4.24863006485477 4.30846992492315 4.36830978499152 4.4281496450599 4.48798950512828 4.54782936519665 4.60766922526503 4.66750908533341 4.72734894540178 4.78718880547016 4.84702866553854 4.90686852560691 4.96670838567529 5.02654824574367 5.08638810581204 5.14622796588042 5.2060678259488 5.26590768601717 5.32574754608555 5.38558740615393 5.44542726622231 5.50526712629068 5.56510698635906 5.62494684642744 5.68478670649581 5.74462656656419 5.80446642663257 5.86430628670094 5.92414614676932 5.9839860068377 6.04382586690607 6.10366572697445 6.16350558704283 6.2233454471112 6.28318530717959 
106 107 108 109 110 111 112 113 114 115 116 117 118 119 120 121 122 123 124 125 126 127 128 129 130 131 132 133 134 135 136 137 138 139 140 141 142 143 144 145 146 147 148 149 150 151 152 153 154 155 156 157 158 159 160 161 162 163 164 165 166 167 168 169 170 171 172 173 174 175 176 177 178 179 180 181 182 183 184 185 186 187 188 189 190 191 192 193 194 195 196 197 198 199 200 201 202 203 204 205 206 207 208 209 210 211 212 
p 0.264000016 1 0 0.059839860068377 0.119679720136754 0.179519580205131 0.239359440273508 0.299199300341885 0.359039160410262 0.418879020478639 0.478718880547016 0.538558740615393 0.59839860068377 0.658238460752147 0.718078320820524 0.777918180888901 0.837758040957278 0.897597901025655 0.957437761094032 1.01727762116241 1.07711748123079 1.13695734129916 1.19679720136754 1.25663706143592 1.31647692150429 1.37631678157267 1.43615664164105 1.49599650170942 1.5558363617778 1.61567622184618 1.67551608191456 1.73535594198293 1.79519580205131 1.85503566211969 1.91487552218806 1.97471538225644 2.03455524232482 2.09439510239319 2.15423496246157 2.21407482252995 2.27391468259833 2.3337545426667 2.39359440273508 2.45343426280346 2.51327412287183 2.57311398294021 2.63295384300859 2.69279370307697 2.75263356314534 2.81247342321372 2.8723132832821 2.93215314335048 2.99199300341885 3.05183286348723 3.11167272355561 3.17151258362398 3.23135244369236 3.29119230376074 3.35103216382912 3.41087202389749 3.47071188396587 3.53055174403425 3.59039160410262 3.650231464171 3.71007132423938 3.76991118430776 3.82975104437613 3.88959090444451 3.94943076451289 4.00927062458126 4.06911048464964 4.12895034471802 4.18879020478639 4.24863006485477 4.30846992492315 4.36830978499152 4.4281496450599 4.48798950512828 4.54782936519665 4.60766922526503 4.66750908533341 4.72734894540178 4.78718880547016 4.84702866553854 4.90686852560691 4.96670838567529 5.02654824574367 5.08638810581204 5.14622796588042 5.2060678259488 5.26590768601717 5.32574754608555 5.38558740615393 5.44542726622231 5.50526712629068 5.56510698635906 5.62494684642744 5.68478670649581 5.74462656656419 5.80446642663257 5.86430628670094 5.92414614676932 5.9839860068377 6.04382586690607 6.10366572697445 6.16350558704283 6.2233454471112 6.28318530717959 
106 526 527 528 529 530 531 532 533 534 535 536 537 538 539 540 541 542 543 544 545 546 547 548 549 550 551 552 553 554 555 556 557 558 559 560 561 562 563 564 565 566 567 568 569 570 571 572 573 574 575 576 577 578 579 580 581 582 583 584 585 586 587 588 589 590 591 592 593 594 595 596 597 598 599 600 601 602 603 604 605 606 607 608 609 610 611 612 613 614 615 616 617 618 619 620 621 622 623 624 625 626 627 628 629 630 526 
p 0.264000016 1 0 0.059839860068377 0.119679720136754 0.179519580205131 0.239359440273508 0.299199300341885 0.359039160410262 0.418879020478639 0.478718880547016 0.538558740615393 0.59839860068377 0.658238460752147 0.718078320820524 0.777918180888901 0.837758040957278 0.897597901025655 0.957437761094032 1.01727762116241 1.07711748123079 1.13695734129916 1.19679720136754 1.25663706143592 1.31647692150429 1.37631678157267 1.43615664164105 1.49599650170942 1.5558363617778 1.61567622184618 1.67551608191456 1.73535594198293 1.79519580205131 1.85503566211969 1.91487552218806 1.97471538225644 2.03455524232482 2.09439510239319 2.15423496246157 2.21407482252995 2.27391468259833 2.3337545426667 2.39359440273508 2.45343426280346 2.51327412287183 2.57311398294021 2.63295384300859 2.69279370307697 2.75263356314534 2.81247342321372 2.8723132832821 2.93215314335048 2.99199300341885 3.05183286348723 3.11167272355561 3.17151258362398 3.23135244369236 3.29119230376074 3.35103216382912 3.41087202389749 3.47071188396587 3.53055174403425 3.59039160410262 3.650231464171 3.71007132423938 3.76991118430776 3.82975104437613 3.88959090444451 3.94943076451289 4.00927062458126 4.06911048464964 4.12895034471802 4.18879020478639 4.24863006485477 4.30846992492315 4.36830978499152 4.4281496450599 4.48798950512828 4.54782936519665 4.60766922526503 4.66750908533341 4.72734894540178 4.78718880547016 4.84702866553854 4.90686852560691 4.96670838567529 5.02654824574367 5.08638810581204 5.14622796588042 5.2060678259488 5.26590768601717 5.32574754608555 5.38558740615393 5.44542726622231 5.50526712629068 5.56510698635906 5.62494684642744 5.68478670649581 5.74462656656419 5.80446642663257 5.86430628670094 5.92414614676932 5.9839860068377 6.04382586690607 6.10366572697445 6.16350558704283 6.2233454471112 6.28318530717959 
2 107 1 
p 0.120000016 1 1 2.5 
2 212 106 
p 0.120000016 1 1 2.5 
2 107 1 
p 0.120000016 1 1 2.5 
2 212 106 
p 0.120000016 1 1 2.5 
2 107 1 
p 0.120000016 1 1 2.5 
2 212 106 
p 0.120000016 1 1 2.5 
2 107 1 
p 0.120000016 1 1 2.5 
2 212 106 
p 0.120000016 1 1 2.5 
2 107 1 
p 0.120000016 1 1 2.5 
2 212 106 
p 0.120000016 1 1 2.5 
Surfaces 8
2 0 0 -5 0 0 1 1 0 -0 -0 1 0 13.5
1 0 0 -3.5 0 0 1 1 0 -0 -0 1 0 
1 0 0 -5 0 0 1 1 0 -0 -0 1 0 
2 -4.7625000000000046 -8.2488919710467759 -6 0 0 1 1 0 -0 -0 1 0 1.6499999999999999
2 2.7175999735764629 -10.142221176035218 -6 0 0 1 1 0 -0 -0 1 0 2.25
2 -2.7175999735764691 10.142221176035218 -6 0 0 1 1 0 -0 -0 1 0 2.25
2 0 0 -6 0 0 1 1 0 -0 -0 1 0 3
2 4.7625000000000011 8.2488919710467776 -6 0 0 1 1 0 -0 -0 1 0 1.6499999999999999
Triangulations 8
212 210 1 0 0.00604216417270676
13.5 -3.30654635769785e-15 -3.5 13.4758367518644 0.807356078257961 -3.5 13.4034335056148 1.6118220312933 -3.5 13.2830494460815 2.41051807978159 -3.5 13.1151155169537 3.20058509915922 -3.5 12.9002328781129 3.97919485454721 -3.5 12.6391707536365 4.74356012509813 -3.5 12.3328636781751 5.4909446815233 -3.5 11.9824081515615 6.21867308108354 -3.5 11.5890587136252 6.92414024497973 -3.5 11.1542234532659 7.6048207838589 -3.5 10.6794589678606 8.25827803805259 -3.5 10.1664647910487 8.88217280018612 -3.5 9.61707730884315 9.47427168893388 -3.5 9.03326318584458 10.0324551439448 -3.5 8.4171123250929 10.5547250133184 -3.5 7.77083038675659 11.0392117064698 -3.5 7.09673089244181 11.4841808867791 -3.5 6.39722694338548 11.888039680066 -3.5 5.67482258217913 12.2493423766662 -3.5 4.93210382894633 12.5667956066968 -3.5 4.17172942406179 12.8392629699846 -3.5 3.39642131055087 13.065769104084 -3.5 2.60895489023997 13.2455031758213 -3.5 1.81214908853835 13.3778217838671 -3.5 1.00885626341673 13.4622512619459 -3.5 0.201951994706065 13.4984893744387 -3.5 -0.605675209731945 13.4864063983077 -3.5 -1.41113425411331 13.4260455874717 -3.5 -2.21154180410435 13.3176230179675 -3.5 -3.00403260841024 13.1615268144546 -3.5 -3.78576975563103 12.958315760829 -3.5 -4.55395482966819 12.7087172999222 -3.5 -5.30583792732796 12.4136249294446 -3.5 -6.03872750226103 12.0740950034956 -3.5 -6.74999999999999 11.6913429510899 -3.5 -7.43710924960338 11.2667389252376 -3.5 -8.09759557828683 10.8018028981513 -3.5 -8.72909461641329 10.2981992201406 -3.5 -9.32934576132267 9.75773066166979 -3.5 -9.89620026970266 9.18233195990741 -3.5 -10.4276289495321 8.57406289286941 -3.5 -10.9217294240618 7.93510090594838 -3.5 -11.3767329418295 7.26773331722421 -3.5 -11.7910107083313 6.57434912945895 -3.5 -12.1630797166827 5.85743047808702 -3.5 -12.491608056399 5.11954374581452 -3.5 -12.7754196812887 4.3633303756352 -3.5 -13.013498619394 3.5914974151501 -3.5 -13.2049926099064 2.80680782603973 -3.5 -13.3492161540392 2.01207059337833 -3.5 -13.4456529689357 1.21013067019633 -3.5 -13.4939578358273 0.403858793286855 -3.5 -13.4939578358273 -0.403858793286905 -3.5 -13.4456529689357 -1.21013067019638 -3.5 -13.3492161540392 -2.01207059337839 -3.5 -13.2049926099064 -2.80680782603978 -3.5 -13.013498619394 -3.59149741515015 -3.5 -12.7754196812887 -4.36333037563524 -3.5 -12.4916080563989 -5.11954374581457 -3.5 -12.1630797166826 -5.85743047808707 -3.5 -11.7910107083312 -6.57434912945899 -3.5 -11.3767329418295 -7.26773331722425 -3.5 -10.9217294240618 -7.93510090594842 -3.5 -10.4276289495321 -8.57406289286945 -3.5 -9.89620026970262 -9.18233195990745 -3.5 -9.32934576132264 -9.75773066166982 -3.5 -8.72909461641325 -10.2981992201406 -3.5 -8.09759557828679 -10.8018028981513 -3.5 -7.43710924960335 -11.2667389252376 -3.5 -6.74999999999996 -11.6913429510899 -3.5 -6.03872750226101 -12.0740950034956 -3.5 -5.30583792732794 -12.4136249294446 -3.5 -4.55395482966818 -12.7087172999222 -3.5 -3.78576975563101 -12.958315760829 -3.5 -3.00403260841022 -13.1615268144546 -3.5 -2.21154180410434 -13.3176230179675 -3.5 -1.41113425411331 -13.4260455874717 -3.5 -0.605675209731942 -13.4864063983077 -3.5 0.201951994706064 -13.4984893744387 -3.5 1.00885626341673 -13.4622512619459 -3.5 1.81214908853835 -13.3778217838671 -3.5 2.60895489023996 -13.2455031758213 -3.5 3.39642131055085 -13.065769104084 -3.5 4.17172942406178 -12.8392629699846 -3.5 4.93210382894631 -12.5667956066968 -3.5 5.67482258217911 -12.2493423766662 -3.5 6.39722694338546 -11.888039680066 -3.5 7.09673089244179 -11.4841808867791 -3.5 7.77083038675656 -11.0392117064698 -3.5 8.41711232509287 -10.5547250133184 -3.5 9.03326318584456 -10.0324551439449 -3.5 9.61707730884312 -9.47427168893392 -3.5 10.1664647910487 -8.88217280018616 -3.5 10.6794589678606 -8.25827803805263 -3.5 11.1542234532659 -7.60482078385895 -3.5 11.5890587136252 -6.92414024497979 -3.5 11.9824081515614 -6.21867308108359 -3.5 12.3328636781751 -5.49094468152337 -3.5 12.6391707536364 -4.7435601250982 -3.5 12.9002328781129 -3.97919485454728 -3.5 13.1151155169537 -3.2005850991593 -3.5 13.2830494460815 -2.41051807978168 -3.5 13.4034335056148 -1.61182203129339 -3.5 13.4758367518644 -0.807356078258056 -3.5 13.5 -3.30654635769785e-15 -3.5 13.5 -3.30654635769785e-15 -5 13.4758367518644 0.807356078257961 -5 13.4034335056148 1.6118220312933 -5 13.2830494460815 2.41051807978159 -5 13.1151155169537 3.20058509915922 -5 12.9002328781129 3.97919485454721 -5 12.6391707536365 4.74356012509813 -5 12.3328636781751 5.4909446815233 -5 11.9824081515615 6.21867308108354 -5 11.5890587136252 6.92414024497973 -5 11.1542234532659 7.6048207838589 -5 10.6794589678606 8.25827803805259 -5 10.1664647910487 8.88217280018612 -5 9.61707730884315 9.47427168893388 -5 9.03326318584458 10.0324551439448 -5 8.4171123250929 10.5547250133184 -5 7.77083038675659 11.0392117064698 -5 7.09673089244181 11.4841808867791 -5 6.39722694338548 11.888039680066 -5 5.67482258217913 12.2493423766662 -5 4.93210382894633 12.5667956066968 -5 4.17172942406179 12.8392629699846 -5 3.39642131055087 13.065769104084 -5 2.60895489023997 13.2455031758213 -5 1.81214908853835 13.3778217838671 -5 1.00885626341673 13.4622512619459 -5 0.201951994706065 13.4984893744387 -5 -0.605675209731945 13.4864063983077 -5 -1.41113425411331 13.4260455874717 -5 -2.21154180410435 13.3176230179675 -5 -3.00403260841024 13.1615268144546 -5 -3.78576975563103 12.958315760829 -5 -4.55395482966819 12.7087172999222 -5 -5.30583792732796 12.4136249294446 -5 -6.03872750226103 12.0740950034956 -5 -6.74999999999999 11.6913429510899 -5 -7.43710924960338 11.2667389252376 -5 -8.09759557828683 10.8018028981513 -5 -8.72909461641329 10.2981992201406 -5 -9.32934576132267 9.75773066166979 -5 -9.89620026970266 9.18233195990741 -5 -10.4276289495321 8.57406289286941 -5 -10.9217294240618 7.93510090594838 -5 -11.3767329418295 7.26773331722421 -5 -11.7910107083313 6.57434912945895 -5 -12.1630797166827 5.85743047808702 -5 -12.491608056399 5.11954374581452 -5 -12.7754196812887 4.3633303756352 -5 -13.013498619394 3.5914974151501 -5 -13.2049926099064 2.80680782603973 -5 -13.3492161540392 2.01207059337833 -5 -13.4456529689357 1.21013067019633 -5 -13.4939578358273 0.403858793286855 -5 -13.4939578358273 -0.403858793286905 -5 -13.4456529689357 -1.21013067019638 -5 -13.3492161540392 -2.01207059337839 -5 -13.2049926099064 -2.80680782603978 -5 -13.013498619394 -3.59149741515015 -5 -12.7754196812887 -4.36333037563524 -5 -12.4916080563989 -5.11954374581457 -5 -12.1630797166826 -5.85743047808707 -5 -11.7910107083312 -6.57434912945899 -5 -11.3767329418295 -7.26773331722425 -5 -10.9217294240618 -7.93510090594842 -5 -10.4276289495321 -8.57406289286945 -5 -9.89620026970262 -9.18233195990745 -5 -9.32934576132264 -9.75773066166982 -5 -8.72909461641325 -10.2981992201406 -5 -8.09759557828679 -10.8018028981513 -5 -7.43710924960335 -11.2667389252376 -5 -6.74999999999996 -11.6913429510899 -5 -6.03872750226101 -12.0740950034956 -5 -5.30583792732794 -12.4136249294446 -5 -4.55395482966818 -12.7087172999222 -5 -3.78576975563101 -12.958315760829 -5 -3.00403260841022 -13.1615268144546 -5 -2.21154180410434 -13.3176230179675 -5 -1.41113425411331 -13.4260455874717 -5 -0.605675209731942 -13.4864063983077 -5 0.201951994706064 -13.4984893744387 -5 1.00885626341673 -13.4622512619459 -5 1.81214908853835 -13.3778217838671 -5 2.60895489023996 -13.2455031758213 -5 3.39642131055085 -13.065769104084 -5 4.17172942406178 -12.8392629699846 -5 4.93210382894631 -12.5667956066968 -5 5.67482258217911 -12.2493423766662 -5 6.39722694338546 -11.888039680066 -5 7.09673089244179 -11.4841808867791 -5 7.77083038675656 -11.0392117064698 -5 8.41711232509287 -10.5547250133184 -5 9.03326318584456 -10.0324551439449 -5 9.61707730884312 -9.47427168893392 -5 10.1664647910487 -8.88217280018616 -5 10.6794589678606 -8.25827803805263 -5 11.1542234532659 -7.60482078385895 -5 11.5890587136252 -6.92414024497979 -5 11.9824081515614 -6.21867308108359 -5 12.3328636781751 -5.49094468152337 -5 12.6391707536364 -4.7435601250982 -5 12.9002328781129 -3.97919485454728 -5 13.1151155169537 -3.2005850991593 -5 13.2830494460815 -2.41051807978168 -5 13.4034335056148 -1.61182203129339 -5 13.4758367518644 -0.807356078258056 -5 13.5 -3.30654635769785e-15 -5 0 1.5 0.059839860068377 1.5 0.119679720136754 1.5 0.179519580205131 1.5 0.239359440273508 1.5 0.299199300341885 1.5 0.359039160410262 1.5 0.418879020478639 1.5 0.478718880547016 1.5 0.538558740615393 1.5 0.59839860068377 1.5 0.658238460752147 1.5 0.718078320820524 1.5 0.777918180888901 1.5 0.837758040957278 1.5 0.897597901025655 1.5 0.957437761094032 1.5 1.01727762116241 1.5 1.07711748123079 1.5 1.13695734129916 1.5 1.19679720136754 1.5 1.25663706143592 1.5 1.31647692150429 1.5 1.37631678157267 1.5 1.43615664164105 1.5 1.49599650170943 1.5 1.5558363617778 1.5 1.61567622184618 1.5 1.67551608191456 1.5 1.73535594198293 1.5 1.79519580205131 1.5 1.85503566211969 1.5 1.91487552218806 1.5 1.97471538225644 1.5 2.03455524232482 1.5 2.09439510239319 1.5 2.15423496246157 1.5 2.21407482252995 1.5 2.27391468259833 1.5 2.3337545426667 1.5 2.39359440273508 1.5 2.45343426280346 1.5 2.51327412287183 1.5 2.57311398294021 1.5 2.63295384300859 1.5 2.69279370307697 1.5 2.75263356314534 1.5 2.81247342321372 1.5 2.8723132832821 1.5 2.93215314335048 1.5 2.99199300341885 1.5 3.05183286348723 1.5 3.11167272355561 1.5 3.17151258362398 1.5 3.23135244369236 1.5 3.29119230376074 1.5 3.35103216382912 1.5 3.41087202389749 1.5 3.47071188396587 1.5 3.53055174403425 1.5 3.59039160410262 1.5 3.650231464171 1.5 3.71007132423938 1.5 3.76991118430776 1.5 3.82975104437613 1.5 3.88959090444451 1.5 3.94943076451289 1.5 4.00927062458126 1.5 4.06911048464964 1.5 4.12895034471802 1.5 4.18879020478639 1.5 4.24863006485477 1.5 4.30846992492315 1.5 4.36830978499152 1.5 4.4281496450599 1.5 4.48798950512828 1.5 4.54782936519665 1.5 4.60766922526503 1.5 4.66750908533341 1.5 4.72734894540178 1.5 4.78718880547016 1.5 4.84702866553854 1.5 4.90686852560691 1.5 4.96670838567529 1.5 5.02654824574367 1.5 5.08638810581204 1.5 5.14622796588042 1.5 5.2060678259488 1.5 5.26590768601717 1.5 5.32574754608555 1.5 5.38558740615393 1.5 5.44542726622231 1.5 5.50526712629068 1.5 5.56510698635906 1.5 5.62494684642744 1.5 5.68478670649581 1.5 5.74462656656419 1.5 5.80446642663257 1.5 5.86430628670094 1.5 5.92414614676932 1.5 5.9839860068377 1.5 6.04382586690607 1.5 6.10366572697445 1.5 6.16350558704283 1.5 6.2233454471112 1.5 6.28318530717959 1.5 0 0 0.059839860068377 0 0.119679720136754 0 0.179519580205131 0 0.239359440273508 0 0.299199300341885 0 0.359039160410262 0 0.418879020478639 0 0.478718880547016 0 0.538558740615393 0 0.59839860068377 0 0.658238460752147 0 0.718078320820524 0 0.777918180888901 0 0.837758040957278 0 0.897597901025655 0 0.957437761094032 0 1.01727762116241 0 1.07711748123079 0 1.13695734129916 0 1.19679720136754 0 1.25663706143592 0 1.31647692150429 0 1.37631678157267 0 1.43615664164105 0 1.49599650170943 0 1.5558363617778 0 1.61567622184618 0 1.67551608191456 0 1.73535594198293 0 1.79519580205131 0 1.85503566211969 0 1.91487552218806 0 1.97471538225644 0 2.03455524232482 0 2.09439510239319 0 2.15423496246157 0 2.21407482252995 0 2.27391468259833 0 2.3337545426667 0 2.39359440273508 0 2.45343426280346 0 2.51327412287183 0 2.57311398294021 0 2.63295384300859 0 2.69279370307697 0 2.75263356314534 0 2.81247342321372 0 2.8723132832821 0 2.93215314335048 0 2.99199300341885 0 3.05183286348723 0 3.11167272355561 0 3.17151258362398 0 3.23135244369236 0 3.29119230376074 0 3.35103216382912 0 3.41087202389749 0 3.47071188396587 0 3.53055174403425 0 3.59039160410262 0 3.650231464171 0 3.71007132423938 0 3.76991118430776 0 3.82975104437613 0 3.88959090444451 0 3.94943076451289 0 4.00927062458126 0 4.06911048464964 0 4.12895034471802 0 4.18879020478639 0 4.24863006485477 0 4.30846992492315 0 4.36830978499152 0 4.4281496450599 0 4.48798950512828 0 4.54782936519665 0 4.60766922526503 0 4.66750908533341 0 4.72734894540178 0 4.78718880547016 0 4.84702866553854 0 4.90686852560691 0 4.96670838567529 0 5.02654824574367 0 5.08638810581204 0 5.14622796588042 0 5.2060678259488 0 5.26590768601717 0 5.32574754608555 0 5.38558740615393 0 5.44542726622231 0 5.50526712629068 0 5.56510698635906 0 5.62494684642744 0 5.68478670649581 0 5.74462656656419 0 5.80446642663257 0 5.86430628670094 0 5.92414614676932 0 5.9839860068377 0 6.04382586690607 0 6.10366572697445 0 6.16350558704283 0 6.2233454471112 0 6.28318530717959 0 2 1 107 2 107 108 3 108 109 3 2 108 4 109 110 4 3 109 5 110 111 5 4 110 6 111 112 6 112 113 6 5 111 7 6 113 8 113 114 8 7 113 9 114 115 9 8 114 10 115 116 10 9 115 11 116 117 11 10 116 12 117 118 12 11 117 13 118 119 13 12 118 14 119 120 14 13 119 15 120 121 15 14 120 16 121 122 16 15 121 17 122 123 17 16 122 18 123 124 18 124 125 18 17 123 19 18 125 20 125 126 20 19 125 21 126 127 21 20 126 22 127 128 22 128 129 22 21 127 23 22 129 23 129 130 24 23 130 25 24 130 25 130 131 26 25 131 26 131 132 27 26 132 27 132 133 28 27 133 28 133 134 28 134 135 29 28 135 29 135 136 30 29 136 31 30 136 31 136 137 31 137 138 32 138 139 32 31 138 33 32 139 34 139 140 34 33 139 35 140 141 35 141 142 35 34 140 36 35 142 37 142 143 37 36 142 38 143 144 38 37 143 39 144 145 39 38 144 40 145 146 40 39 145 41 146 147 41 40 146 42 147 148 42 41 147 43 148 149 43 42 148 44 149 150 44 43 149 45 150 151 45 44 150 46 151 152 46 45 151 47 152 153 47 46 152 48 153 154 48 47 153 49 48 154 49 154 155 49 155 156 50 49 156 51 50 156 51 156 157 52 51 157 52 157 158 53 52 158 53 158 159 54 53 159 54 159 160 55 54 160 55 160 161 56 55 161 56 161 162 57 56 162 57 162 163 57 163 164 58 57 164 59 58 164 59 164 165 60 59 165 60 165 166 61 60 166 61 166 167 62 61 167 62 167 168 63 62 168 63 168 169 64 63 169 64 169 170 65 64 170 65 170 171 66 171 172 66 65 171 67 172 173 67 173 174 67 66 172 68 67 174 69 174 175 69 68 174 70 175 176 70 176 177 70 69 175 71 70 177 72 177 178 72 71 177 73 72 178 73 178 179 74 73 179 74 179 180 75 74 180 75 180 181 76 75 181 76 181 182 77 76 182 77 182 183 78 77 183 78 183 184 79 78 184 79 184 185 80 79 185 80 185 186 81 80 186 81 186 187 82 81 187 82 187 188 83 82 188 83 188 189 84 83 189 84 189 190 85 84 190 85 190 191 86 85 191 86 191 192 87 86 192 87 192 193 88 87 193 88 193 194 89 88 194 89 194 195 90 89 195 90 195 196 91 90 196 91 196 197 92 91 197 92 197 198 93 92 198 93 198 199 94 93 199 94 199 200 95 94 200 95 200 201 96 95 201 96 201 202 97 202 203 97 96 202 98 203 204 98 97 203 99 98 204 99 204 205 100 205 206 100 99 205 101 206 207 101 100 206 102 207 208 102 101 207 103 208 209 103 102 208 104 209 210 104 210 211 104 103 209 105 104 211 106 211 212 106 105 211 
630 638 1 0 3.97205464519564e-15
13.5 -3.30654635769785e-15 -3.5 13.4758367518644 0.807356078257961 -3.5 13.4034335056148 1.6118220312933 -3.5 13.2830494460815 2.41051807978159 -3.5 13.1151155169537 3.20058509915922 -3.5 12.9002328781129 3.97919485454721 -3.5 12.6391707536365 4.74356012509813 -3.5 12.3328636781751 5.4909446815233 -3.5 11.9824081515615 6.21867308108354 -3.5 11.5890587136252 6.92414024497973 -3.5 11.1542234532659 7.6048207838589 -3.5 10.6794589678606 8.25827803805259 -3.5 10.1664647910487 8.88217280018612 -3.5 9.61707730884315 9.47427168893388 -3.5 9.03326318584458 10.0324551439448 -3.5 8.4171123250929 10.5547250133184 -3.5 7.77083038675659 11.0392117064698 -3.5 7.09673089244181 11.4841808867791 -3.5 6.39722694338548 11.888039680066 -3.5 5.67482258217913 12.2493423766662 -3.5 4.93210382894633 12.5667956066968 -3.5 4.17172942406179 12.8392629699846 -3.5 3.39642131055087 13.065769104084 -3.5 2.60895489023997 13.2455031758213 -3.5 1.81214908853835 13.3778217838671 -3.5 1.00885626341673 13.4622512619459 -3.5 0.201951994706065 13.4984893744387 -3.5 -0.605675209731945 13.4864063983077 -3.5 -1.41113425411331 13.4260455874717 -3.5 -2.21154180410435 13.3176230179675 -3.5 -3.00403260841024 13.1615268144546 -3.5 -3.78576975563103 12.958315760829 -3.5 -4.55395482966819 12.7087172999222 -3.5 -5.30583792732796 12.4136249294446 -3.5 -6.03872750226103 12.0740950034956 -3.5 -6.74999999999999 11.6913429510899 -3.5 -7.43710924960338 11.2667389252376 -3.5 -8.09759557828683 10.8018028981513 -3.5 -8.72909461641329 10.2981992201406 -3.5 -9.32934576132267 9.75773066166979 -3.5 -9.89620026970266 9.18233195990741 -3.5 -10.4276289495321 8.57406289286941 -3.5 -10.9217294240618 7.93510090594838 -3.5 -11.3767329418295 7.26773331722421 -3.5 -11.7910107083313 6.57434912945895 -3.5 -12.1630797166827 5.85743047808702 -3.5 -12.491608056399 5.11954374581452 -3.5 -12.7754196812887 4.3633303756352 -3.5 -13.013498619394 3.5914974151501 -3.5 -13.2049926099064 2.80680782603973 -3.5 -13.3492161540392 2.01207059337833 -3.5 -13.4456529689357 1.21013067019633 -3.5 -13.4939578358273 0.403858793286855 -3.5 -13.4939578358273 -0.403858793286905 -3.5 -13.4456529689357 -1.21013067019638 -3.5 -13.3492161540392 -2.01207059337839 -3.5 -13.2049926099064 -2.80680782603978 -3.5 -13.013498619394 -3.59149741515015 -3.5 -12.7754196812887 -4.36333037563524 -3.5 -12.4916080563989 -5.11954374581457 -3.5 -12.1630797166826 -5.85743047808707 -3.5 -11.7910107083312 -6.57434912945899 -3.5 -11.3767329418295 -7.26773331722425 -3.5 -10.9217294240618 -7.93510090594842 -3.5 -10.4276289495321 -8.57406289286945 -3.5 -9.89620026970262 -9.18233195990745 -3.5 -9.32934576132264 -9.75773066166982 -3.5 -8.72909461641325 -10.2981992201406 -3.5 -8.09759557828679 -10.8018028981513 -3.5 -7.43710924960335 -11.2667389252376 -3.5 -6.74999999999996 -11.6913429510899 -3.5 -6.03872750226101 -12.0740950034956 -3.5 -5.30583792732794 -12.4136249294446 -3.5 -4.55395482966818 -12.7087172999222 -3.5 -3.78576975563101 -12.958315760829 -3.5 -3.00403260841022 -13.1615268144546 -3.5 -2.21154180410434 -13.3176230179675 -3.5 -1.41113425411331 -13.4260455874717 -3.5 -0.605675209731942 -13.4864063983077 -3.5 0.201951994706064 -13.4984893744387 -3.5 1.00885626341673 -13.4622512619459 -3.5 1.81214908853835 -13.3778217838671 -3.5 2.60895489023996 -13.2455031758213 -3.5 3.39642131055085 -13.065769104084 -3.5 4.17172942406178 -12.8392629699846 -3.5 4.93210382894631 -12.5667956066968 -3.5 5.67482258217911 -12.2493423766662 -3.5 6.39722694338546 -11.888039680066 -3.5 7.09673089244179 -11.4841808867791 -3.5 7.77083038675656 -11.0392117064698 -3.5 8.41711232509287 -10.5547250133184 -3.5 9.03326318584456 -10.0324551439449 -3.5 9.61707730884312 -9.47427168893392 -3.5 10.1664647910487 -8.88217280018616 -3.5 10.6794589678606 -8.25827803805263 -3.5 11.1542234532659 -7.60482078385895 -3.5 11.5890587136252 -6.92414024497979 -3.5 11.9824081515614 -6.21867308108359 -3.5 12.3328636781751 -5.49094468152337 -3.5 12.6391707536364 -4.7435601250982 -3.5 12.9002328781129 -3.97919485454728 -3.5 13.1151155169537 -3.2005850991593 -3.5 13.2830494460815 -2.41051807978168 -3.5 13.4034335056148 -1.61182203129339 -3.5 13.4758367518644 -0.807356078258056 -3.5 -3.1125 -8.24889197104678 -3.5 -3.11545328588324 -8.15021511703747 -3.5 -3.12430257153597 -8.05189150055537 -3.5 -3.13901617881227 -7.95427309462903 -3.5 -3.15954143681677 -7.85770934781621 -3.5 -3.18580487045287 -7.76254593326878 -3.5 -3.21771246344444 -7.66912351131256 -3.5 -3.25514999488971 -7.57777650997171 -3.5 -3.29798344814249 -7.48883192780323 -3.5 -3.34605949055693 -7.40260816332703 -3.5 -3.39920602237861 -7.3194138752418 -3.5 -3.45723279281704 -7.23954687750702 -3.5 -3.51993208109405 -7.16329307324625 -3.5 -3.58707944003029 -7.09092543128819 -3.5 -3.65843449950789 -7.02270300900908 -3.5 -3.73374182693309 -6.95887002497453 -3.5 -3.81273184161864 -6.89965498470046 -3.5 -3.89512177981267 -6.84526986266267 -3.5 -3.98061670691956 -6.79590934348316 -3.5 -4.06891057328922 -6.7517501250098 -3.5 -4.15968730979545 -6.71295028578384 -3.5 -4.25262195928134 -6.67964871915977 -3.5 -4.34738183982157 -6.65196463610318 -3.5 -4.44362773563734 -6.62999713844639 -3.5 -4.54101511140087 -6.61382486412968 -3.5 -4.6391953455824 -6.60350570569783 -3.5 -4.73781697842482 -6.59907660305982 -3.5 -4.83652697007835 -6.60055341125361 -3.5 -4.93497196439163 -6.60793084368913 -3.5 -5.03279955383498 -6.62118249107297 -3.5 -5.12965954102792 -6.64026091594677 -3.5 -5.22520519235491 -6.66509782250101 -3.5 -5.31909447918167 -6.69560430105629 -3.5 -5.41099130222898 -6.73167114633688 -3.5 -5.5005666947208 -6.77316924839732 -3.5 -5.5875 -6.81995005480245 -3.5 -5.67148001939597 -6.87184610240663 -3.5 -5.75220612623506 -6.92867161682828 -3.5 -5.82938934200607 -6.99022317747404 -3.5 -5.90275337082833 -7.05628044573158 -3.5 -5.97203558851922 -7.12660695372476 -3.5 -6.03698798272059 -7.20095095080718 -3.5 -6.09737804071867 -7.2790463047642 -3.5 -6.15298958177917 -7.36061345449715 -3.5 -6.20362353101827 -7.44536041077957 -3.5 -6.249098632039 -7.53298380150281 -3.5 -6.2892520957821 -7.62316995766944 -3.5 -6.32394018326863 -7.71559603624692 -3.5 -6.35303872014816 -7.80993117586176 -3.5 -6.37644354121078 -7.90583768119748 -3.5 -6.39407086327147 -8.00297223185609 -3.5 -6.40585758509215 -8.10098711135611 -3.5 -6.41176151326778 -8.19953145186727 -3.5 -6.41176151326778 -8.29825249022629 -3.5 -6.40585758509215 -8.39679683073745 -3.5 -6.39407086327147 -8.49481171023747 -3.5 -6.37644354121078 -8.59194626089608 -3.5 -6.35303872014816 -8.68785276623179 -3.5 -6.32394018326862 -8.78218790584664 -3.5 -6.2892520957821 -8.87461398442411 -3.5 -6.24909863203899 -8.96480014059075 -3.5 -6.20362353101827 -9.05242353131399 -3.5 -6.15298958177917 -9.13717048759641 -3.5 -6.09737804071866 -9.21873763732936 -3.5 -6.03698798272059 -9.29683299128638 -3.5 -5.97203558851921 -9.3711769883688 -3.5 -5.90275337082833 -9.44150349636198 -3.5 -5.82938934200607 -9.50756076461952 -3.5 -5.75220612623506 -9.56911232526527 -3.5 -5.67148001939597 -9.62593783968693 -3.5 -5.5875 -9.6778338872911 -3.5 -5.50056669472079 -9.72461469369623 -3.5 -5.41099130222897 -9.76611279575667 -3.5 -5.31909447918167 -9.80217964103727 -3.5 -5.22520519235491 -9.83268611959254 -3.5 -5.12965954102792 -9.85752302614678 -3.5 -5.03279955383498 -9.87660145102059 -3.5 -4.93497196439163 -9.88985309840443 -3.5 -4.83652697007835 -9.89723053083994 -3.5 -4.73781697842482 -9.89870733903373 -3.5 -4.6391953455824 -9.89427823639572 -3.5 -4.54101511140087 -9.88395907796387 -3.5 -4.44362773563734 -9.86778680364716 -3.5 -4.34738183982157 -9.84581930599037 -3.5 -4.25262195928134 -9.81813522293378 -3.5 -4.15968730979545 -9.78483365630971 -3.5 -4.06891057328922 -9.74603381708375 -3.5 -3.98061670691956 -9.7018745986104 -3.5 -3.89512177981267 -9.65251407943089 -3.5 -3.81273184161865 -9.59812895739309 -3.5 -3.7337418269331 -9.53891391711903 -3.5 -3.65843449950789 -9.47508093308448 -3.5 -3.58707944003029 -9.40685851080537 -3.5 -3.51993208109405 -9.33449086884731 -3.5 -3.45723279281705 -9.25823706458654 -3.5 -3.39920602237862 -9.17837006685176 -3.5 -3.34605949055693 -9.09517577876653 -3.5 -3.29798344814249 -9.00895201429033 -3.5 -3.25514999488972 -8.92000743212185 -3.5 -3.21771246344444 -8.828660430781 -3.5 -3.18580487045288 -8.73523800882478 -3.5 -3.15954143681678 -8.64007459427736 -3.5 -3.13901617881227 -8.54351084746454 -3.5 -3.12430257153597 -8.44589244153819 -3.5 -3.11545328588324 -8.34756882505609 -3.5 4.96759997357646 -10.1422211760352 -3.5 4.96357276555387 -10.0076618296589 -3.5 4.9515055578456 -9.87358417081967 -3.5 4.93144154792338 -9.74046816273828 -3.5 4.90345255973542 -9.60879032617535 -3.5 4.86763878659528 -9.47902203361068 -3.5 4.82412843251587 -9.3516278218522 -3.5 4.77307725327231 -9.22706372911467 -3.5 4.71466799883671 -9.1057756625213 -3.5 4.64910975918066 -8.98819780187193 -3.5 4.57663721578745 -8.87475104539207 -3.5 4.49750980155323 -8.76584150302645 -3.5 4.41201077208459 -8.66185904267086 -3.5 4.32044619171699 -8.56317589454624 -3.5 4.22314383788389 -8.47014531871108 -3.5 4.12045202775861 -8.38310034048215 -3.5 4.01273837136923 -8.30235255829025 -3.5 3.9003884556501 -8.2281910282387 -3.5 3.78380446414071 -8.16088122935756 -3.5 3.66340373727299 -8.10066411325752 -3.5 3.53961727840085 -8.04775524158576 -3.5 3.41288821092009 -8.00234401437112 -3.5 3.28367019200161 -7.96459299202122 -3.5 3.15242578861646 -7.93463731339833 -3.5 3.01962482166619 -7.91258421205736 -3.5 2.88574268414592 -7.89851263237756 -3.5 2.75125863936081 -7.8924729469621 -3.5 2.61665410528781 -7.89448677631726 -3.5 2.48241093122424 -7.9045469114566 -3.5 2.3490096728924 -7.92261733970729 -3.5 2.21692787217476 -7.94863337362611 -3.5 2.08663834763796 -7.98250188256372 -3.5 1.9586075019651 -8.02410162604819 -3.5 1.83329365235514 -8.07328368779445 -3.5 1.71114538986629 -8.12987200878596 -3.5 1.59259997357646 -8.19366401752023 -3.5 1.47808176530923 -8.26443135516229 -3.5 1.36800071052866 -8.34192069301 -3.5 1.26275087084091 -8.42585463934512 -3.5 1.16270901335602 -8.51593273242359 -3.5 1.06823326195935 -8.61183251605065 -3.5 0.979661815321114 -8.71321069389032 -3.5 0.897311736232831 -8.81970435837715 -3.5 0.821477816604874 -8.93093228983118 -3.5 0.75243152218792 -9.04649632112539 -3.5 0.690420020796019 -9.16598276302071 -3.5 0.635665297509969 -9.28896388506613 -3.5 0.588363360028342 -9.41499944676269 -3.5 0.548683537010792 -9.5436382735102 -3.5 0.5167678719254 -9.67441987169526 -3.5 0.492730614569923 -9.80687607713883 -3.5 0.476657812087175 -9.9405327310025 -3.5 0.46860700093858 -10.0749113771541 -3.5 0.46860700093858 -10.2095309749164 -3.5 0.476657812087176 -10.3439096210679 -3.5 0.492730614569925 -10.4775662749316 -3.5 0.516767871925401 -10.6100224803752 -3.5 0.548683537010795 -10.7408040785602 -3.5 0.588363360028345 -10.8694429053078 -3.5 0.635665297509973 -10.9954784670043 -3.5 0.690420020796023 -11.1184595890497 -3.5 0.752431522187925 -11.2379460309451 -3.5 0.821477816604879 -11.3535100622393 -3.5 0.897311736232836 -11.4647379936933 -3.5 0.979661815321119 -11.5712316581801 -3.5 1.06823326195936 -11.6726098360198 -3.5 1.16270901335602 -11.7685096196469 -3.5 1.26275087084092 -11.8585877127253 -3.5 1.36800071052866 -11.9425216590604 -3.5 1.47808176530924 -12.0200109969082 -3.5 1.59259997357647 -12.0907783345502 -3.5 1.7111453898663 -12.1545703432845 -3.5 1.83329365235514 -12.211158664276 -3.5 1.9586075019651 -12.2603407260223 -3.5 2.08663834763796 -12.3019404695067 -3.5 2.21692787217476 -12.3358089784443 -3.5 2.34900967289241 -12.3618250123631 -3.5 2.48241093122425 -12.3798954406138 -3.5 2.61665410528781 -12.3899555757532 -3.5 2.75125863936081 -12.3919694051083 -3.5 2.88574268414592 -12.3859297196929 -3.5 3.01962482166619 -12.3718581400131 -3.5 3.15242578861646 -12.3498050386721 -3.5 3.28367019200161 -12.3198493600492 -3.5 3.41288821092009 -12.2820983376993 -3.5 3.53961727840085 -12.2366871104847 -3.5 3.66340373727298 -12.1837782388129 -3.5 3.78380446414071 -12.1235611227129 -3.5 3.90038845565009 -12.0562513238317 -3.5 4.01273837136922 -11.9820897937802 -3.5 4.12045202775861 -11.9013420115883 -3.5 4.22314383788389 -11.8142970333594 -3.5 4.32044619171698 -11.7212664575242 -3.5 4.41201077208458 -11.6225833093996 -3.5 4.49750980155322 -11.518600849044 -3.5 4.57663721578745 -11.4096913066784 -3.5 4.64910975918066 -11.2962445501985 -3.5 4.7146679988367 -11.1786666895491 -3.5 4.77307725327231 -11.0573786229558 -3.5 4.82412843251587 -10.9328145302183 -3.5 4.86763878659528 -10.8054203184598 -3.5 4.90345255973541 -10.6756520258951 -3.5 4.93144154792338 -10.5439741893322 -3.5 4.95150555784559 -10.4108581812508 -3.5 4.96357276555387 -10.2767805224116 -3.5 -0.467599973576469 10.1422211760352 -3.5 -0.471627181599065 10.2767805224115 -3.5 -0.483694389307335 10.4108581812508 -3.5 -0.503758399229552 10.5439741893322 -3.5 -0.531747387417517 10.6756520258951 -3.5 -0.567561160557652 10.8054203184598 -3.5 -0.61107151463706 10.9328145302182 -3.5 -0.662122693880617 11.0573786229558 -3.5 -0.720531948316222 11.1786666895491 -3.5 -0.78609018797227 11.2962445501985 -3.5 -0.858562731365481 11.4096913066784 -3.5 -0.937690145599701 11.518600849044 -3.5 -1.02318917506834 11.6225833093996 -3.5 -1.11475375543594 11.7212664575242 -3.5 -1.21205610926904 11.8142970333594 -3.5 -1.31474791939432 11.9013420115883 -3.5 -1.4224615757837 11.9820897937802 -3.5 -1.53481149150283 12.0562513238317 -3.5 -1.65139548301222 12.1235611227129 -3.5 -1.77179620987995 12.1837782388129 -3.5 -1.89558266875208 12.2366871104847 -3.5 -2.02231173623284 12.2820983376993 -3.5 -2.15152975515132 12.3198493600492 -3.5 -2.28277415853647 12.3498050386721 -3.5 -2.41557512548674 12.3718581400131 -3.5 -2.54945726300701 12.3859297196929 -3.5 -2.68394130779213 12.3919694051083 -3.5 -2.81854584186513 12.3899555757532 -3.5 -2.95278901592869 12.3798954406138 -3.5 -3.08619027426053 12.3618250123631 -3.5 -3.21827207497818 12.3358089784443 -3.5 -3.34856159951497 12.3019404695067 -3.5 -3.47659244518783 12.2603407260222 -3.5 -3.6019062947978 12.211158664276 -3.5 -3.72405455728664 12.1545703432845 -3.5 -3.84259997357647 12.0907783345502 -3.5 -3.9571181818437 12.0200109969081 -3.5 -4.06719923662427 11.9425216590604 -3.5 -4.17244907631202 11.8585877127253 -3.5 -4.27249093379691 11.7685096196468 -3.5 -4.36696668519358 11.6726098360198 -3.5 -4.45553813183182 11.5712316581801 -3.5 -4.5378882109201 11.4647379936933 -3.5 -4.61372213054806 11.3535100622393 -3.5 -4.68276842496501 11.237946030945 -3.5 -4.74477992635691 11.1184595890497 -3.5 -4.79953464964296 10.9954784670043 -3.5 -4.84683658712459 10.8694429053077 -3.5 -4.88651641014214 10.7408040785602 -3.5 -4.91843207522753 10.6100224803752 -3.5 -4.94246933258301 10.4775662749316 -3.5 -4.95854213506576 10.3439096210679 -3.5 -4.96659294621435 10.2095309749164 -3.5 -4.96659294621435 10.0749113771541 -3.5 -4.95854213506576 9.94053273100249 -3.5 -4.94246933258301 9.80687607713882 -3.5 -4.91843207522753 9.67441987169525 -3.5 -4.88651641014214 9.54363827351019 -3.5 -4.84683658712459 9.41499944676268 -3.5 -4.79953464964296 9.28896388506612 -3.5 -4.74477992635691 9.16598276302071 -3.5 -4.68276842496501 9.04649632112539 -3.5 -4.61372213054805 8.93093228983118 -3.5 -4.5378882109201 8.81970435837715 -3.5 -4.45553813183181 8.71321069389031 -3.5 -4.36696668519357 8.61183251605064 -3.5 -4.27249093379691 8.51593273242358 -3.5 -4.17244907631201 8.42585463934511 -3.5 -4.06719923662427 8.34192069301 -3.5 -3.95711818184369 8.26443135516228 -3.5 -3.84259997357646 8.19366401752023 -3.5 -3.72405455728664 8.12987200878596 -3.5 -3.60190629479779 8.07328368779445 -3.5 -3.47659244518783 8.02410162604818 -3.5 -3.34856159951497 7.98250188256372 -3.5 -3.21827207497817 7.94863337362611 -3.5 -3.08619027426053 7.92261733970729 -3.5 -2.95278901592869 7.9045469114566 -3.5 -2.81854584186513 7.89448677631726 -3.5 -2.68394130779213 7.8924729469621 -3.5 -2.54945726300701 7.89851263237756 -3.5 -2.41557512548674 7.91258421205736 -3.5 -2.28277415853648 7.93463731339833 -3.5 -2.15152975515133 7.96459299202122 -3.5 -2.02231173623284 8.00234401437112 -3.5 -1.89558266875208 8.04775524158576 -3.5 -1.77179620987995 8.10066411325752 -3.5 -1.65139548301223 8.16088122935756 -3.5 -1.53481149150284 8.2281910282387 -3.5 -1.42246157578371 8.30235255829024 -3.5 -1.31474791939432 8.38310034048215 -3.5 -1.21205610926904 8.47014531871108 -3.5 -1.11475375543595 8.56317589454623 -3.5 -1.02318917506835 8.66185904267086 -3.5 -0.937690145599707 8.76584150302645 -3.5 -0.858562731365486 8.87475104539206 -3.5 -0.786090187972276 8.98819780187192 -3.5 -0.720531948316228 9.10577566252129 -3.5 -0.662122693880622 9.22706372911466 -3.5 -0.611071514637065 9.35162782185219 -3.5 -0.567561160557656 9.47902203361067 -3.5 -0.53174738741752 9.60879032617533 -3.5 -0.503758399229555 9.74046816273827 -3.5 -0.483694389307337 9.87358417081965 -3.5 -0.471627181599066 10.0076618296589 -3.5 3 -7.34788079488412e-16 -3.5 2.99463038930321 0.179412461835103 -3.5 2.97854077902551 0.358182673620733 -3.5 2.95178876579589 0.53567068439591 -3.5 2.9144701148786 0.711241133146493 -3.5 2.86671841735842 0.884265523232713 -3.5 2.80870461191921 1.05412447224403 -3.5 2.7406363729278 1.2202099292274 -3.5 2.66275736701366 1.3819273513519 -3.5 2.5753463808056 1.53869783221772 -3.5 2.47871632294798 1.68996017419087 -3.5 2.37321310396902 1.83517289734502 -3.5 2.25921439801083 1.97381617781914 -3.5 2.13712829085403 2.10539370865197 -3.5 2.00739181907657 2.22943447643218 -3.5 1.8704694055762 2.34549444740409 -3.5 1.72685119705702 2.45315815699329 -3.5 1.57705130943151 2.55204019706202 -3.5 1.421605987419 2.64178659557021 -3.5 1.2610716849287 2.72207608370359 -3.5 1.09602307309918 2.79262124593261 -3.5 0.927050983124842 2.85316954888546 -3.5 0.754760291233526 2.903504245352 -3.5 0.57976775338666 2.94344515018252 -3.5 0.402699797452967 2.9728492853038 -3.5 0.224190280759274 2.99161139154354 -3.5 0.0448782210457922 2.99966430543082 -3.5 -0.134594491051543 2.99697919962394 -3.5 -0.313585389802959 2.98356568610482 -3.5 -0.491453734245411 2.95947178177056 -3.5 -0.667562801868941 2.92478373654547 -3.5 -0.841282167918006 2.87962572462867 -3.5 -1.01198996214849 2.82415939998271 -3.5 -1.17907509496177 2.75858331765435 -3.5 -1.3419394449469 2.68313222299901 -3.5 -1.5 2.59807621135332 -3.5 -1.65269094435631 2.50371976116391 -3.5 -1.79946568406374 2.40040064403362 -3.5 -1.9397988036474 2.2884887155868 -3.5 -2.07318794696059 2.16838459148217 -3.5 -2.19915561548948 2.04051821331276 -3.5 -2.3172508776738 1.90534730952654 -3.5 -2.42705098312484 1.76335575687742 -3.5 -2.52816287596212 1.61505184827205 -3.5 -2.62022460185139 1.4609664732131 -3.5 -2.70290660370726 1.30165121735267 -3.5 -2.77591290142199 1.13767638795878 -3.5 -2.83898215139749 0.969628972363377 -3.5 -2.89188858208756 0.798110536700022 -3.5 -2.93444280220142 0.623735072453274 -3.5 -2.96649247867539 0.447126798528519 -3.5 -2.98792288198572 0.268917926710296 -3.5 -2.99865729685051 0.08974639850819 -3.5 -2.99865729685051 -0.0897463985082012 -3.5 -2.98792288198572 -0.268917926710307 -3.5 -2.96649247867538 -0.44712679852853 -3.5 -2.93444280220142 -0.623735072453285 -3.5 -2.89188858208756 -0.798110536700033 -3.5 -2.83898215139749 -0.969628972363388 -3.5 -2.77591290142199 -1.13767638795879 -3.5 -2.70290660370725 -1.30165121735268 -3.5 -2.62022460185138 -1.46096647321311 -3.5 -2.52816287596211 -1.61505184827206 -3.5 -2.42705098312484 -1.76335575687743 -3.5 -2.31725087767379 -1.90534730952654 -3.5 -2.19915561548947 -2.04051821331277 -3.5 -2.07318794696059 -2.16838459148218 -3.5 -1.93979880364739 -2.28848871558681 -3.5 -1.79946568406373 -2.40040064403363 -3.5 -1.6526909443563 -2.50371976116391 -3.5 -1.49999999999999 -2.59807621135332 -3.5 -1.34193944494689 -2.68313222299901 -3.5 -1.17907509496176 -2.75858331765435 -3.5 -1.01198996214848 -2.82415939998271 -3.5 -0.841282167918003 -2.87962572462867 -3.5 -0.667562801868939 -2.92478373654547 -3.5 -0.491453734245409 -2.95947178177056 -3.5 -0.313585389802957 -2.98356568610482 -3.5 -0.134594491051543 -2.99697919962394 -3.5 0.0448782210457921 -2.99966430543082 -3.5 0.224190280759273 -2.99161139154354 -3.5 0.402699797452966 -2.9728492853038 -3.5 0.579767753386658 -2.94344515018252 -3.5 0.754760291233523 -2.903504245352 -3.5 0.927050983124839 -2.85316954888546 -3.5 1.09602307309918 -2.79262124593261 -3.5 1.26107168492869 -2.7220760837036 -3.5 1.42160598741899 -2.64178659557022 -3.5 1.57705130943151 -2.55204019706202 -3.5 1.72685119705701 -2.4531581569933 -3.5 1.87046940557619 -2.34549444740409 -3.5 2.00739181907657 -2.22943447643219 -3.5 2.13712829085403 -2.10539370865198 -3.5 2.25921439801083 -1.97381617781915 -3.5 2.37321310396902 -1.83517289734503 -3.5 2.47871632294798 -1.68996017419088 -3.5 2.57534638080559 -1.53869783221773 -3.5 2.66275736701366 -1.38192735135191 -3.5 2.7406363729278 -1.22020992922742 -3.5 2.80870461191921 -1.05412447224404 -3.5 2.86671841735842 -0.884265523232729 -3.5 2.9144701148786 -0.71124113314651 -3.5 2.95178876579589 -0.535670684395929 -3.5 2.97854077902551 -0.358182673620753 -3.5 2.9946303893032 -0.179412461835124 -3.5 6.4125 8.24889197104678 -3.5 6.40954671411676 8.34756882505608 -3.5 6.40069742846403 8.44589244153818 -3.5 6.38598382118774 8.54351084746453 -3.5 6.36545856318323 8.64007459427735 -3.5 6.33919512954713 8.73523800882477 -3.5 6.30728753655557 8.82866043078099 -3.5 6.26985000511029 8.92000743212185 -3.5 6.22701655185752 9.00895201429032 -3.5 6.17894050944308 9.09517577876652 -3.5 6.12579397762139 9.17837006685175 -3.5 6.06776720718296 9.25823706458654 -3.5 6.00506791890596 9.3344908688473 -3.5 5.93792055996972 9.40685851080536 -3.5 5.86656550049212 9.47508093308448 -3.5 5.79125817306691 9.53891391711903 -3.5 5.71226815838136 9.59812895739309 -3.5 5.62987822018733 9.65251407943089 -3.5 5.54438329308045 9.7018745986104 -3.5 5.45608942671078 9.74603381708375 -3.5 5.36531269020455 9.78483365630971 -3.5 5.27237804071866 9.81813522293378 -3.5 5.17761816017844 9.84581930599038 -3.5 5.08137226436266 9.86778680364716 -3.5 4.98398488859913 9.88395907796387 -3.5 4.8858046544176 9.89427823639572 -3.5 4.78718302157519 9.89870733903373 -3.5 4.68847302992165 9.89723053083995 -3.5 4.59002803560837 9.88985309840443 -3.5 4.49220044616503 9.87660145102059 -3.5 4.39534045897208 9.85752302614679 -3.5 4.2997948076451 9.83268611959254 -3.5 4.20590552081833 9.80217964103727 -3.5 4.11400869777103 9.76611279575667 -3.5 4.02443330527921 9.72461469369623 -3.5 3.9375 9.6778338872911 -3.5 3.85351998060403 9.62593783968693 -3.5 3.77279387376494 9.56911232526527 -3.5 3.69561065799393 9.50756076461952 -3.5 3.62224662917167 9.44150349636197 -3.5 3.55296441148079 9.37117698836879 -3.5 3.48801201727941 9.29683299128637 -3.5 3.42762195928134 9.21873763732936 -3.5 3.37201041822084 9.1371704875964 -3.5 3.32137646898174 9.05242353131398 -3.5 3.27590136796101 8.96480014059075 -3.5 3.23574790421791 8.87461398442411 -3.5 3.20105981673138 8.78218790584664 -3.5 3.17196127985184 8.68785276623179 -3.5 3.14855645878922 8.59194626089608 -3.5 3.13092913672854 8.49481171023746 -3.5 3.11914241490786 8.39679683073744 -3.5 3.11323848673222 8.29825249022628 -3.5 3.11323848673222 8.19953145186727 -3.5 3.11914241490786 8.10098711135611 -3.5 3.13092913672854 8.00297223185609 -3.5 3.14855645878922 7.90583768119747 -3.5 3.17196127985184 7.80993117586176 -3.5 3.20105981673138 7.71559603624691 -3.5 3.23574790421791 7.62316995766944 -3.5 3.27590136796101 7.5329838015028 -3.5 3.32137646898174 7.44536041077957 -3.5 3.37201041822084 7.36061345449715 -3.5 3.42762195928134 7.27904630476419 -3.5 3.48801201727942 7.20095095080718 -3.5 3.55296441148079 7.12660695372476 -3.5 3.62224662917168 7.05628044573158 -3.5 3.69561065799394 6.99022317747403 -3.5 3.77279387376495 6.92867161682828 -3.5 3.85351998060404 6.87184610240663 -3.5 3.93750000000001 6.81995005480245 -3.5 4.02443330527921 6.77316924839732 -3.5 4.11400869777103 6.73167114633688 -3.5 4.20590552081833 6.69560430105629 -3.5 4.2997948076451 6.66509782250101 -3.5 4.39534045897209 6.64026091594677 -3.5 4.49220044616503 6.62118249107297 -3.5 4.59002803560837 6.60793084368913 -3.5 4.68847302992165 6.60055341125361 -3.5 4.78718302157519 6.59907660305983 -3.5 4.8858046544176 6.60350570569783 -3.5 4.98398488859913 6.61382486412969 -3.5 5.08137226436266 6.62999713844639 -3.5 5.17761816017844 6.65196463610318 -3.5 5.27237804071866 6.67964871915977 -3.5 5.36531269020455 6.71295028578384 -3.5 5.45608942671078 6.7517501250098 -3.5 5.54438329308045 6.79590934348316 -3.5 5.62987822018733 6.84526986266266 -3.5 5.71226815838136 6.89965498470046 -3.5 5.79125817306691 6.95887002497453 -3.5 5.86656550049211 7.02270300900907 -3.5 5.93792055996972 7.09092543128819 -3.5 6.00506791890595 7.16329307324625 -3.5 6.06776720718296 7.23954687750701 -3.5 6.12579397762139 7.3194138752418 -3.5 6.17894050944308 7.40260816332703 -3.5 6.22701655185751 7.48883192780323 -3.5 6.26985000511029 7.5777765099717 -3.5 6.30728753655556 7.66912351131255 -3.5 6.33919512954713 7.76254593326878 -3.5 6.36545856318323 7.8577093478162 -3.5 6.38598382118774 7.95427309462902 -3.5 6.40069742846403 8.05189150055536 -3.5 6.40954671411676 8.15021511703746 -3.5 13.5 -3.5527136788005e-15 13.4758367518644 0.807356078257961 13.4034335056148 1.6118220312933 13.2830494460815 2.41051807978159 13.1151155169537 3.20058509915922 12.9002328781129 3.97919485454721 12.6391707536365 4.74356012509813 12.3328636781751 5.4909446815233 11.9824081515615 6.21867308108354 11.5890587136252 6.92414024497973 11.1542234532659 7.6048207838589 10.6794589678606 8.25827803805259 10.1664647910487 8.88217280018612 9.61707730884316 9.47427168893388 9.03326318584458 10.0324551439448 8.4171123250929 10.5547250133184 7.77083038675659 11.0392117064698 7.09673089244181 11.4841808867791 6.39722694338548 11.888039680066 5.67482258217913 12.2493423766662 4.93210382894633 12.5667956066968 4.17172942406179 12.8392629699846 3.39642131055087 13.065769104084 2.60895489023997 13.2455031758213 1.81214908853835 13.3778217838671 1.00885626341673 13.4622512619459 0.201951994706064 13.4984893744387 -0.605675209731945 13.4864063983078 -1.41113425411331 13.4260455874717 -2.21154180410435 13.3176230179675 -3.00403260841023 13.1615268144546 -3.78576975563103 12.958315760829 -4.55395482966819 12.7087172999222 -5.30583792732796 12.4136249294446 -6.03872750226103 12.0740950034956 -6.74999999999999 11.6913429510899 -7.43710924960338 11.2667389252376 -8.09759557828683 10.8018028981513 -8.72909461641329 10.2981992201406 -9.32934576132267 9.75773066166979 -9.89620026970266 9.18233195990741 -10.4276289495321 8.57406289286941 -10.9217294240618 7.93510090594838 -11.3767329418295 7.26773331722421 -11.7910107083313 6.57434912945895 -12.1630797166827 5.85743047808702 -12.491608056399 5.11954374581452 -12.7754196812887 4.3633303756352 -13.013498619394 3.5914974151501 -13.2049926099064 2.80680782603973 -13.3492161540392 2.01207059337833 -13.4456529689357 1.21013067019633 -13.4939578358273 0.403858793286854 -13.4939578358273 -0.403858793286906 -13.4456529689357 -1.21013067019638 -13.3492161540392 -2.01207059337839 -13.2049926099064 -2.80680782603978 -13.013498619394 -3.59149741515015 -12.7754196812887 -4.36333037563524 -12.4916080563989 -5.11954374581457 -12.1630797166826 -5.85743047808707 -11.7910107083312 -6.57434912945899 -11.3767329418295 -7.26773331722425 -10.9217294240618 -7.93510090594842 -10.4276289495321 -8.57406289286945 -9.89620026970262 -9.18233195990745 -9.32934576132264 -9.75773066166982 -8.72909461641325 -10.2981992201406 -8.09759557828679 -10.8018028981513 -7.43710924960335 -11.2667389252376 -6.74999999999996 -11.6913429510899 -6.03872750226101 -12.0740950034956 -5.30583792732794 -12.4136249294446 -4.55395482966818 -12.7087172999222 -3.78576975563101 -12.958315760829 -3.00403260841022 -13.1615268144546 -2.21154180410434 -13.3176230179675 -1.41113425411331 -13.4260455874717 -0.605675209731942 -13.4864063983077 0.201951994706064 -13.4984893744387 1.00885626341673 -13.4622512619459 1.81214908853835 -13.3778217838671 2.60895489023996 -13.2455031758213 3.39642131055085 -13.065769104084 4.17172942406178 -12.8392629699846 4.93210382894632 -12.5667956066968 5.67482258217911 -12.2493423766662 6.39722694338546 -11.888039680066 7.09673089244179 -11.4841808867791 7.77083038675656 -11.0392117064698 8.41711232509287 -10.5547250133184 9.03326318584456 -10.0324551439449 9.61707730884312 -9.47427168893392 10.1664647910487 -8.88217280018616 10.6794589678606 -8.25827803805263 11.1542234532659 -7.60482078385895 11.5890587136252 -6.92414024497979 11.9824081515614 -6.21867308108359 12.3328636781751 -5.49094468152337 12.6391707536364 -4.7435601250982 12.9002328781129 -3.97919485454728 13.1151155169537 -3.2005850991593 13.2830494460815 -2.41051807978168 13.4034335056148 -1.61182203129339 13.4758367518644 -0.807356078258056 -3.1125 -8.24889197104678 -3.11545328588324 -8.15021511703747 -3.12430257153597 -8.05189150055537 -3.13901617881227 -7.95427309462903 -3.15954143681677 -7.85770934781621 -3.18580487045287 -7.76254593326878 -3.21771246344444 -7.66912351131256 -3.25514999488971 -7.57777650997171 -3.29798344814249 -7.48883192780323 -3.34605949055693 -7.40260816332703 -3.39920602237861 -7.3194138752418 -3.45723279281704 -7.23954687750702 -3.51993208109405 -7.16329307324625 -3.58707944003029 -7.09092543128819 -3.65843449950789 -7.02270300900908 -3.73374182693309 -6.95887002497453 -3.81273184161864 -6.89965498470046 -3.89512177981267 -6.84526986266267 -3.98061670691956 -6.79590934348316 -4.06891057328922 -6.7517501250098 -4.15968730979545 -6.71295028578384 -4.25262195928134 -6.67964871915977 -4.34738183982157 -6.65196463610318 -4.44362773563734 -6.62999713844639 -4.54101511140087 -6.61382486412968 -4.6391953455824 -6.60350570569783 -4.73781697842482 -6.59907660305982 -4.83652697007835 -6.60055341125361 -4.93497196439163 -6.60793084368913 -5.03279955383498 -6.62118249107297 -5.12965954102792 -6.64026091594677 -5.22520519235491 -6.66509782250101 -5.31909447918167 -6.69560430105629 -5.41099130222898 -6.73167114633688 -5.5005666947208 -6.77316924839732 -5.5875 -6.81995005480245 -5.67148001939597 -6.87184610240663 -5.75220612623506 -6.92867161682828 -5.82938934200607 -6.99022317747404 -5.90275337082833 -7.05628044573158 -5.97203558851922 -7.12660695372476 -6.03698798272059 -7.20095095080718 -6.09737804071867 -7.2790463047642 -6.15298958177917 -7.36061345449715 -6.20362353101827 -7.44536041077957 -6.249098632039 -7.53298380150281 -6.2892520957821 -7.62316995766944 -6.32394018326863 -7.71559603624692 -6.35303872014816 -7.80993117586176 -6.37644354121078 -7.90583768119748 -6.39407086327147 -8.00297223185609 -6.40585758509215 -8.10098711135611 -6.41176151326778 -8.19953145186727 -6.41176151326778 -8.29825249022629 -6.40585758509215 -8.39679683073745 -6.39407086327147 -8.49481171023747 -6.37644354121078 -8.59194626089608 -6.35303872014816 -8.68785276623179 -6.32394018326862 -8.78218790584664 -6.2892520957821 -8.87461398442411 -6.24909863203899 -8.96480014059075 -6.20362353101827 -9.05242353131399 -6.15298958177917 -9.13717048759641 -6.09737804071866 -9.21873763732936 -6.03698798272059 -9.29683299128638 -5.97203558851921 -9.3711769883688 -5.90275337082833 -9.44150349636198 -5.82938934200607 -9.50756076461952 -5.75220612623506 -9.56911232526527 -5.67148001939597 -9.62593783968693 -5.5875 -9.6778338872911 -5.50056669472079 -9.72461469369623 -5.41099130222897 -9.76611279575667 -5.31909447918167 -9.80217964103727 -5.22520519235491 -9.83268611959254 -5.12965954102792 -9.85752302614678 -5.03279955383498 -9.87660145102059 -4.93497196439163 -9.88985309840443 -4.83652697007835 -9.89723053083994 -4.73781697842482 -9.89870733903373 -4.6391953455824 -9.89427823639572 -4.54101511140087 -9.88395907796387 -4.44362773563734 -9.86778680364716 -4.34738183982157 -9.84581930599037 -4.25262195928134 -9.81813522293378 -4.15968730979545 -9.78483365630971 -4.06891057328922 -9.74603381708375 -3.98061670691956 -9.7018745986104 -3.89512177981267 -9.65251407943089 -3.81273184161865 -9.59812895739309 -3.7337418269331 -9.53891391711903 -3.65843449950789 -9.47508093308448 -3.58707944003029 -9.40685851080537 -3.51993208109405 -9.33449086884731 -3.45723279281705 -9.25823706458654 -3.39920602237862 -9.17837006685176 -3.34605949055693 -9.09517577876653 -3.29798344814249 -9.00895201429033 -3.25514999488972 -8.92000743212185 -3.21771246344444 -8.828660430781 -3.18580487045288 -8.73523800882478 -3.15954143681678 -8.64007459427736 -3.13901617881227 -8.54351084746454 -3.12430257153597 -8.44589244153819 -3.11545328588324 -8.34756882505609 4.96759997357646 -10.1422211760352 4.96357276555387 -10.0076618296589 4.9515055578456 -9.87358417081967 4.93144154792338 -9.74046816273828 4.90345255973542 -9.60879032617535 4.86763878659528 -9.47902203361068 4.82412843251587 -9.3516278218522 4.77307725327231 -9.22706372911467 4.71466799883671 -9.1057756625213 4.64910975918066 -8.98819780187193 4.57663721578745 -8.87475104539207 4.49750980155323 -8.76584150302645 4.41201077208459 -8.66185904267086 4.32044619171699 -8.56317589454624 4.22314383788389 -8.47014531871108 4.12045202775862 -8.38310034048215 4.01273837136923 -8.30235255829025 3.9003884556501 -8.2281910282387 3.78380446414071 -8.16088122935756 3.66340373727298 -8.10066411325752 3.53961727840085 -8.04775524158576 3.41288821092009 -8.00234401437112 3.28367019200161 -7.96459299202122 3.15242578861646 -7.93463731339833 3.01962482166619 -7.91258421205736 2.88574268414592 -7.89851263237756 2.75125863936081 -7.8924729469621 2.61665410528781 -7.89448677631726 2.48241093122424 -7.9045469114566 2.34900967289241 -7.92261733970729 2.21692787217476 -7.94863337362611 2.08663834763796 -7.98250188256372 1.9586075019651 -8.02410162604819 1.83329365235514 -8.07328368779445 1.71114538986629 -8.12987200878596 1.59259997357646 -8.19366401752023 1.47808176530923 -8.26443135516229 1.36800071052866 -8.34192069301 1.26275087084091 -8.42585463934512 1.16270901335602 -8.51593273242359 1.06823326195935 -8.61183251605065 0.979661815321114 -8.71321069389032 0.897311736232831 -8.81970435837715 0.821477816604874 -8.93093228983118 0.752431522187921 -9.04649632112539 0.690420020796019 -9.16598276302071 0.63566529750997 -9.28896388506613 0.588363360028342 -9.41499944676269 0.548683537010792 -9.5436382735102 0.516767871925399 -9.67441987169526 0.492730614569924 -9.80687607713883 0.476657812087174 -9.9405327310025 0.468607000938581 -10.0749113771541 0.468607000938581 -10.2095309749164 0.476657812087176 -10.3439096210679 0.492730614569924 -10.4775662749316 0.516767871925401 -10.6100224803752 0.548683537010794 -10.7408040785602 0.588363360028344 -10.8694429053078 0.635665297509972 -10.9954784670043 0.690420020796022 -11.1184595890497 0.752431522187925 -11.2379460309451 0.821477816604878 -11.3535100622393 0.897311736232835 -11.4647379936933 0.979661815321119 -11.5712316581801 1.06823326195936 -11.6726098360198 1.16270901335602 -11.7685096196469 1.26275087084092 -11.8585877127253 1.36800071052866 -11.9425216590604 1.47808176530924 -12.0200109969082 1.59259997357647 -12.0907783345502 1.7111453898663 -12.1545703432845 1.83329365235514 -12.211158664276 1.9586075019651 -12.2603407260223 2.08663834763796 -12.3019404695067 2.21692787217476 -12.3358089784443 2.34900967289241 -12.3618250123631 2.48241093122425 -12.3798954406138 2.61665410528781 -12.3899555757532 2.75125863936081 -12.3919694051083 2.88574268414592 -12.3859297196929 3.01962482166619 -12.3718581400131 3.15242578861646 -12.3498050386721 3.28367019200161 -12.3198493600492 3.41288821092009 -12.2820983376993 3.53961727840085 -12.2366871104847 3.66340373727298 -12.1837782388129 3.78380446414071 -12.1235611227129 3.90038845565009 -12.0562513238317 4.01273837136922 -11.9820897937802 4.12045202775861 -11.9013420115883 4.22314383788389 -11.8142970333594 4.32044619171698 -11.7212664575242 4.41201077208458 -11.6225833093996 4.49750980155323 -11.518600849044 4.57663721578745 -11.4096913066784 4.64910975918066 -11.2962445501985 4.7146679988367 -11.1786666895491 4.77307725327231 -11.0573786229558 4.82412843251587 -10.9328145302183 4.86763878659528 -10.8054203184598 4.90345255973541 -10.6756520258951 4.93144154792338 -10.5439741893322 4.95150555784559 -10.4108581812508 4.96357276555387 -10.2767805224116 -0.467599973576469 10.1422211760352 -0.471627181599064 10.2767805224115 -0.483694389307335 10.4108581812508 -0.503758399229552 10.5439741893322 -0.531747387417518 10.6756520258951 -0.567561160557652 10.8054203184598 -0.611071514637061 10.9328145302182 -0.662122693880617 11.0573786229558 -0.720531948316223 11.1786666895491 -0.78609018797227 11.2962445501985 -0.858562731365481 11.4096913066784 -0.937690145599701 11.518600849044 -1.02318917506834 11.6225833093996 -1.11475375543594 11.7212664575242 -1.21205610926904 11.8142970333594 -1.31474791939432 11.9013420115883 -1.4224615757837 11.9820897937802 -1.53481149150283 12.0562513238317 -1.65139548301222 12.1235611227129 -1.77179620987995 12.1837782388129 -1.89558266875208 12.2366871104847 -2.02231173623284 12.2820983376993 -2.15152975515132 12.3198493600492 -2.28277415853647 12.3498050386721 -2.41557512548674 12.3718581400131 -2.54945726300701 12.3859297196929 -2.68394130779213 12.3919694051083 -2.81854584186513 12.3899555757532 -2.95278901592869 12.3798954406138 -3.08619027426053 12.3618250123631 -3.21827207497818 12.3358089784443 -3.34856159951497 12.3019404695067 -3.47659244518784 12.2603407260222 -3.60190629479779 12.211158664276 -3.72405455728664 12.1545703432845 -3.84259997357647 12.0907783345502 -3.9571181818437 12.0200109969081 -4.06719923662427 11.9425216590604 -4.17244907631202 11.8585877127253 -4.27249093379691 11.7685096196468 -4.36696668519358 11.6726098360198 -4.45553813183182 11.5712316581801 -4.5378882109201 11.4647379936933 -4.61372213054806 11.3535100622393 -4.68276842496501 11.237946030945 -4.74477992635691 11.1184595890497 -4.79953464964296 10.9954784670043 -4.84683658712459 10.8694429053077 -4.88651641014214 10.7408040785602 -4.91843207522753 10.6100224803752 -4.94246933258301 10.4775662749316 -4.95854213506576 10.3439096210679 -4.96659294621435 10.2095309749164 -4.96659294621435 10.0749113771541 -4.95854213506576 9.94053273100249 -4.94246933258301 9.80687607713882 -4.91843207522753 9.67441987169525 -4.88651641014214 9.54363827351019 -4.84683658712459 9.41499944676268 -4.79953464964296 9.28896388506612 -4.74477992635691 9.16598276302071 -4.68276842496501 9.04649632112539 -4.61372213054805 8.93093228983118 -4.5378882109201 8.81970435837714 -4.45553813183181 8.71321069389031 -4.36696668519357 8.61183251605064 -4.27249093379691 8.51593273242358 -4.17244907631201 8.42585463934511 -4.06719923662427 8.34192069301 -3.95711818184369 8.26443135516228 -3.84259997357646 8.19366401752023 -3.72405455728664 8.12987200878596 -3.60190629479779 8.07328368779445 -3.47659244518783 8.02410162604819 -3.34856159951497 7.98250188256372 -3.21827207497817 7.94863337362612 -3.08619027426053 7.92261733970729 -2.95278901592869 7.9045469114566 -2.81854584186513 7.89448677631726 -2.68394130779213 7.8924729469621 -2.54945726300701 7.89851263237756 -2.41557512548675 7.91258421205736 -2.28277415853647 7.93463731339833 -2.15152975515133 7.96459299202122 -2.02231173623284 8.00234401437112 -1.89558266875208 8.04775524158575 -1.77179620987995 8.10066411325752 -1.65139548301223 8.16088122935756 -1.53481149150284 8.2281910282387 -1.42246157578371 8.30235255829025 -1.31474791939432 8.38310034048214 -1.21205610926904 8.47014531871108 -1.11475375543595 8.56317589454623 -1.02318917506835 8.66185904267086 -0.937690145599706 8.76584150302644 -0.858562731365486 8.87475104539206 -0.786090187972276 8.98819780187192 -0.720531948316227 9.10577566252129 -0.662122693880622 9.22706372911465 -0.611071514637064 9.35162782185218 -0.567561160557657 9.47902203361067 -0.53174738741752 9.60879032617533 -0.503758399229556 9.74046816273827 -0.483694389307336 9.87358417081965 -0.471627181599066 10.0076618296589 3 0 2.99463038930321 0.179412461835103 2.97854077902551 0.358182673620734 2.95178876579589 0.53567068439591 2.9144701148786 0.711241133146492 2.86671841735842 0.884265523232713 2.80870461191921 1.05412447224403 2.7406363729278 1.2202099292274 2.66275736701366 1.3819273513519 2.5753463808056 1.53869783221772 2.47871632294799 1.68996017419087 2.37321310396902 1.83517289734502 2.25921439801083 1.97381617781914 2.13712829085403 2.10539370865197 2.00739181907657 2.22943447643218 1.8704694055762 2.34549444740409 1.72685119705702 2.45315815699329 1.57705130943151 2.55204019706202 1.421605987419 2.64178659557021 1.2610716849287 2.72207608370359 1.09602307309918 2.79262124593261 0.927050983124841 2.85316954888546 0.754760291233525 2.903504245352 0.57976775338666 2.94344515018252 0.402699797452968 2.97284928530381 0.224190280759274 2.99161139154354 0.0448782210457921 2.99966430543082 -0.134594491051542 2.99697919962394 -0.313585389802959 2.98356568610482 -0.491453734245411 2.95947178177056 -0.667562801868941 2.92478373654547 -0.841282167918006 2.87962572462867 -1.01198996214849 2.82415939998271 -1.17907509496177 2.75858331765435 -1.3419394449469 2.68313222299901 -1.5 2.59807621135332 -1.65269094435631 2.50371976116391 -1.79946568406374 2.40040064403362 -1.9397988036474 2.2884887155868 -2.07318794696059 2.16838459148217 -2.19915561548948 2.04051821331276 -2.3172508776738 1.90534730952653 -2.42705098312484 1.76335575687742 -2.52816287596212 1.61505184827205 -2.62022460185139 1.4609664732131 -2.70290660370726 1.30165121735267 -2.77591290142199 1.13767638795878 -2.83898215139749 0.969628972363378 -2.89188858208756 0.798110536700023 -2.93444280220142 0.623735072453274 -2.96649247867539 0.447126798528519 -2.98792288198572 0.268917926710296 -2.99865729685051 0.0897463985081899 -2.99865729685051 -0.0897463985082005 -2.98792288198572 -0.268917926710307 -2.96649247867538 -0.447126798528529 -2.93444280220142 -0.623735072453286 -2.89188858208756 -0.798110536700033 -2.83898215139749 -0.969628972363388 -2.77591290142199 -1.13767638795879 -2.70290660370725 -1.30165121735268 -2.62022460185139 -1.46096647321311 -2.52816287596211 -1.61505184827206 -2.42705098312484 -1.76335575687743 -2.31725087767379 -1.90534730952654 -2.19915561548947 -2.04051821331277 -2.07318794696059 -2.16838459148218 -1.93979880364739 -2.28848871558681 -1.79946568406373 -2.40040064403363 -1.6526909443563 -2.50371976116391 -1.49999999999999 -2.59807621135332 -1.34193944494689 -2.68313222299901 -1.17907509496176 -2.75858331765435 -1.01198996214848 -2.82415939998271 -0.841282167918003 -2.87962572462867 -0.667562801868938 -2.92478373654547 -0.491453734245409 -2.95947178177057 -0.313585389802958 -2.98356568610482 -0.134594491051542 -2.99697919962394 0.0448782210457921 -2.99966430543082 0.224190280759274 -2.99161139154354 0.402699797452966 -2.97284928530381 0.579767753386658 -2.94344515018252 0.754760291233524 -2.903504245352 0.92705098312484 -2.85316954888546 1.09602307309918 -2.79262124593262 1.26107168492869 -2.7220760837036 1.42160598741899 -2.64178659557022 1.57705130943151 -2.55204019706202 1.72685119705701 -2.4531581569933 1.87046940557619 -2.34549444740409 2.00739181907657 -2.22943447643219 2.13712829085403 -2.10539370865198 2.25921439801082 -1.97381617781915 2.37321310396902 -1.83517289734503 2.47871632294798 -1.68996017419088 2.57534638080559 -1.53869783221773 2.66275736701366 -1.38192735135191 2.7406363729278 -1.22020992922742 2.80870461191921 -1.05412447224404 2.86671841735842 -0.884265523232729 2.9144701148786 -0.71124113314651 2.95178876579589 -0.53567068439593 2.97854077902551 -0.358182673620753 2.99463038930321 -0.179412461835124 6.4125 8.24889197104678 6.40954671411676 8.34756882505609 6.40069742846403 8.44589244153818 6.38598382118774 8.54351084746453 6.36545856318323 8.64007459427735 6.33919512954713 8.73523800882477 6.30728753655557 8.82866043078099 6.26985000511029 8.92000743212185 6.22701655185752 9.00895201429032 6.17894050944308 9.09517577876652 6.12579397762139 9.17837006685176 6.06776720718297 9.25823706458654 6.00506791890596 9.3344908688473 5.93792055996972 9.40685851080536 5.86656550049212 9.47508093308448 5.79125817306691 9.53891391711903 5.71226815838136 9.59812895739309 5.62987822018733 9.65251407943089 5.54438329308045 9.7018745986104 5.45608942671078 9.74603381708376 5.36531269020455 9.78483365630971 5.27237804071867 9.81813522293378 5.17761816017844 9.84581930599037 5.08137226436267 9.86778680364716 4.98398488859913 9.88395907796387 4.8858046544176 9.89427823639572 4.78718302157519 9.89870733903373 4.68847302992165 9.89723053083995 4.59002803560838 9.88985309840443 4.49220044616503 9.87660145102059 4.39534045897208 9.85752302614679 4.2997948076451 9.83268611959254 4.20590552081833 9.80217964103727 4.11400869777103 9.76611279575667 4.02443330527921 9.72461469369623 3.9375 9.6778338872911 3.85351998060403 9.62593783968693 3.77279387376494 9.56911232526527 3.69561065799393 9.50756076461952 3.62224662917168 9.44150349636197 3.55296441148079 9.37117698836879 3.48801201727941 9.29683299128637 3.42762195928134 9.21873763732936 3.37201041822084 9.1371704875964 3.32137646898174 9.05242353131398 3.27590136796101 8.96480014059075 3.23574790421791 8.87461398442411 3.20105981673138 8.78218790584663 3.17196127985184 8.68785276623179 3.14855645878922 8.59194626089608 3.13092913672854 8.49481171023746 3.11914241490786 8.39679683073744 3.11323848673222 8.29825249022628 3.11323848673222 8.19953145186727 3.11914241490786 8.10098711135611 3.13092913672854 8.00297223185608 3.14855645878922 7.90583768119747 3.17196127985184 7.80993117586176 3.20105981673138 7.71559603624691 3.23574790421791 7.62316995766944 3.27590136796101 7.5329838015028 3.32137646898174 7.44536041077957 3.37201041822084 7.36061345449715 3.42762195928134 7.27904630476419 3.48801201727941 7.20095095080718 3.55296441148079 7.12660695372476 3.62224662917168 7.05628044573158 3.69561065799394 6.99022317747404 3.77279387376495 6.92867161682828 3.85351998060404 6.87184610240663 3.93750000000001 6.81995005480245 4.02443330527921 6.77316924839732 4.11400869777103 6.73167114633688 4.20590552081834 6.69560430105629 4.2997948076451 6.66509782250101 4.39534045897208 6.64026091594677 4.49220044616503 6.62118249107296 4.59002803560838 6.60793084368913 4.68847302992165 6.60055341125361 4.78718302157519 6.59907660305983 4.8858046544176 6.60350570569783 4.98398488859913 6.61382486412969 5.08137226436266 6.62999713844639 5.17761816017844 6.65196463610318 5.27237804071866 6.67964871915977 5.36531269020455 6.71295028578384 5.45608942671078 6.7517501250098 5.54438329308045 6.79590934348316 5.62987822018733 6.84526986266266 5.71226815838136 6.89965498470046 5.79125817306691 6.95887002497453 5.86656550049211 7.02270300900907 5.93792055996972 7.09092543128819 6.00506791890596 7.16329307324625 6.06776720718296 7.23954687750701 6.12579397762139 7.3194138752418 6.17894050944308 7.40260816332702 6.22701655185751 7.48883192780323 6.26985000511029 7.5777765099717 6.30728753655556 7.66912351131256 6.33919512954713 7.76254593326878 6.36545856318323 7.8577093478162 6.38598382118774 7.95427309462902 6.40069742846403 8.05189150055536 6.40954671411676 8.15021511703746 171 70 172 173 172 70 170 70 171 170 69 70 174 70 71 174 173 70 169 69 170 175 174 71 168 69 169 176 175 71 167 69 168 177 176 71 166 69 167 178 71 72 178 177 71 165 68 69 165 69 166 179 178 72 164 68 165 180 179 72 163 68 164 181 180 72 162 68 163 162 67 68 182 181 72 182 72 73 161 67 162 183 182 73 160 67 161 184 183 73 159 67 160 185 184 73 158 66 67 158 67 159 186 185 73 157 66 158 187 73 74 187 186 73 156 66 157 188 187 74 155 66 156 155 65 66 189 188 74 154 65 155 190 189 74 190 74 75 153 65 154 191 190 75 152 65 153 152 64 65 192 191 75 151 64 152 193 192 75 150 63 64 150 64 151 194 193 75 194 75 76 149 63 150 195 194 76 148 62 63 148 63 149 196 195 76 147 62 148 197 196 76 197 76 77 146 61 62 146 62 147 198 197 77 145 61 146 144 60 61 144 61 145 143 60 144 142 60 143 142 59 60 141 58 59 141 59 142 140 58 141 276 80 277 278 277 80 278 80 81 275 80 276 279 278 81 274 80 275 274 79 80 280 279 81 273 79 274 281 280 81 272 79 273 282 281 81 282 81 82 271 79 272 271 78 79 283 282 82 270 78 271 284 283 82 269 78 270 285 284 82 268 78 269 268 77 78 286 285 82 286 82 83 267 198 77 267 77 268 267 199 198 287 286 83 266 199 267 266 200 199 288 287 83 265 200 266 265 201 200 289 288 83 264 201 265 264 202 201 290 289 83 263 203 202 263 202 264 291 290 83 291 83 84 262 204 203 262 203 263 292 291 84 261 205 204 261 206 205 261 204 262 293 292 84 260 207 206 260 206 261 294 293 84 259 208 207 259 207 260 295 294 84 258 209 208 258 208 259 296 295 84 85 296 84 257 210 209 257 209 258 297 296 85 256 106 210 256 210 257 298 297 85 255 107 106 255 108 107 255 106 256 299 298 85 254 108 255 254 109 108 300 299 85 253 110 109 253 109 254 301 300 85 252 110 253 252 111 110 86 301 85 302 301 86 251 112 111 251 111 252 303 302 86 250 112 251 250 113 112 304 303 86 249 114 113 249 113 250 305 304 86 87 306 305 87 307 306 87 305 86 308 307 87 309 308 87 310 309 87 88 311 310 88 312 311 88 313 312 88 310 87 89 212 211 89 314 313 89 315 314 89 211 315 89 313 88 487 129 128 486 130 129 486 131 130 486 129 487 488 128 127 488 487 128 485 131 486 485 132 131 489 126 125 489 127 126 489 488 127 484 132 485 484 133 132 490 125 124 490 489 125 483 133 484 483 134 133 483 135 134 491 124 123 491 490 124 482 135 483 482 136 135 492 123 122 492 491 123 481 136 482 481 137 136 493 492 122 493 121 120 493 122 121 480 137 481 480 138 137 494 120 119 494 493 120 479 138 480 479 139 138 479 140 139 495 119 118 495 494 119 478 58 140 478 140 479 496 117 116 496 118 117 496 495 118 477 58 478 477 56 57 477 57 58 497 116 115 497 496 116 476 56 477 498 115 114 498 114 249 498 249 248 498 497 115 90 213 212 90 214 213 90 215 214 90 212 89 475 56 476 475 55 56 499 248 247 499 498 248 474 55 475 474 54 55 500 499 247 500 247 246 473 54 474 473 53 54 501 500 246 501 246 245 472 52 53 472 53 473 502 244 243 502 245 244 502 501 245 471 52 472 471 51 52 503 502 243 503 243 242 470 51 471 470 50 51 504 503 242 504 242 241 91 216 215 91 217 216 91 215 90 469 49 50 469 50 470 505 241 240 505 504 241 468 49 469 468 48 49 506 240 239 506 505 240 467 48 468 467 47 48 507 239 238 507 506 239 466 47 467 466 46 47 508 238 237 508 507 238 465 46 466 465 45 46 92 217 91 92 218 217 92 219 218 509 236 235 509 237 236 509 508 237 510 235 234 510 509 235 511 234 233 511 510 234 512 233 232 512 511 233 513 232 231 513 512 232 93 220 219 93 221 220 93 219 92 514 513 231 514 231 230 515 230 229 515 514 230 516 229 228 516 515 229 517 228 227 517 516 228 94 222 221 94 223 222 94 221 93 95 223 94 95 224 223 96 224 95 96 225 224 96 226 225 381 43 382 381 42 43 383 382 43 383 43 44 380 41 42 380 42 381 384 45 465 384 44 45 384 383 44 379 41 380 385 465 464 385 384 465 378 40 41 378 41 379 386 385 464 386 464 463 377 40 378 387 463 462 387 386 463 376 39 40 376 40 377 388 387 462 388 462 461 375 39 376 389 388 461 389 461 460 374 38 39 374 39 375 390 389 460 390 460 459 373 38 374 97 518 517 97 227 226 97 226 96 97 517 227 391 390 459 391 459 458 372 38 373 392 391 458 392 458 457 371 37 38 371 38 372 393 392 457 370 37 371 394 393 457 394 457 456 369 37 370 395 394 456 395 456 455 368 37 369 368 36 37 396 395 455 396 455 454 367 36 368 397 454 453 397 396 454 366 36 367 398 453 452 398 397 453 365 36 366 98 518 97 399 398 452 399 452 451 364 36 365 400 399 451 400 451 450 35 36 364 35 364 363 401 400 450 362 35 363 402 401 450 402 450 449 361 35 362 403 402 449 403 449 448 360 35 361 404 448 447 404 403 448 99 519 518 99 520 519 99 518 98 405 447 446 405 404 447 406 405 446 34 359 358 34 360 359 34 35 360 357 34 358 356 34 357 100 520 99 33 353 352 33 354 353 33 355 354 33 356 355 33 34 356 351 33 352 101 521 520 101 520 100 32 347 346 32 348 347 32 349 348 32 350 349 32 351 350 32 33 351 102 522 521 102 521 101 31 32 346 31 342 341 31 343 342 31 344 343 31 345 344 31 346 345 592 442 441 591 443 442 591 442 592 593 441 440 593 592 441 590 443 591 594 593 440 589 443 590 589 444 443 595 440 439 595 594 440 588 444 589 588 445 444 596 439 438 596 595 439 587 445 588 587 406 446 587 446 445 597 596 438 597 438 437 586 407 406 586 406 587 598 597 437 585 408 407 585 407 586 103 523 522 103 522 102 599 598 437 599 437 436 584 409 408 584 408 585 600 599 436 600 436 435 583 410 409 583 409 584 601 435 434 601 600 435 582 411 410 582 410 583 30 338 337 30 339 338 30 31 341 30 340 339 30 341 340 602 601 434 581 412 411 581 411 582 603 602 434 603 434 433 580 412 581 604 603 433 604 433 432 579 413 412 579 412 580 605 432 431 605 604 432 578 414 413 578 413 579 606 431 430 606 605 431 577 415 414 577 414 578 607 606 430 576 416 415 576 415 577 608 430 429 608 607 430 575 417 416 575 416 576 104 524 523 104 523 103 609 429 428 609 608 429 574 418 417 574 417 575 610 428 427 610 609 428 573 418 574 29 333 332 29 334 333 29 335 334 29 336 335 29 337 336 29 30 337 611 427 426 611 610 427 572 419 418 572 418 573 612 611 426 571 420 419 571 419 572 613 426 425 613 612 426 570 316 420 570 420 571 569 317 316 569 316 570 568 318 317 568 317 569 105 524 104 105 525 524 567 319 318 567 318 568 28 329 328 28 330 329 28 331 330 28 332 331 28 29 332 566 319 567 1 421 525 1 525 105 27 326 325 27 327 326 27 328 327 27 28 328 2 422 421 2 421 1 26 27 325 26 323 322 26 324 323 26 325 324 3 422 2 3 423 422 25 320 319 25 321 320 25 322 321 25 319 566 25 26 322 4 424 423 4 423 3 24 25 566 24 564 563 24 565 564 24 566 565 5 425 424 5 613 425 5 424 4 23 24 563 23 561 560 23 562 561 23 563 562 6 614 613 6 613 5 22 23 560 22 557 556 22 558 557 22 559 558 22 560 559 7 615 614 7 616 615 7 614 6 21 22 556 21 553 552 21 554 553 21 555 554 21 556 555 8 617 616 8 616 7 20 21 552 20 549 548 20 550 549 20 551 550 20 552 551 9 618 617 9 619 618 9 617 8 19 545 544 19 546 545 19 547 546 19 548 547 19 20 548 10 620 619 10 621 620 10 619 9 18 540 539 18 541 540 18 542 541 18 543 542 18 544 543 18 19 544 11 622 621 11 623 622 11 621 10 17 18 539 17 536 535 17 537 536 17 538 537 17 539 538 12 624 623 12 625 624 12 626 625 12 623 11 16 532 531 16 533 532 16 534 533 16 535 534 16 17 535 13 627 626 13 628 627 13 629 628 13 626 12 15 528 527 15 529 528 15 530 529 15 531 530 15 16 531 14 527 526 14 630 629 14 526 630 14 629 13 14 15 527 
630 638 1 0 3.97205464519564e-15
13.5 -3.30654635769785e-15 -5 13.4758367518644 0.807356078257961 -5 13.4034335056148 1.6118220312933 -5 13.2830494460815 2.41051807978159 -5 13.1151155169537 3.20058509915922 -5 12.9002328781129 3.97919485454721 -5 12.6391707536365 4.74356012509813 -5 12.3328636781751 5.4909446815233 -5 11.9824081515615 6.21867308108354 -5 11.5890587136252 6.92414024497973 -5 11.1542234532659 7.6048207838589 -5 10.6794589678606 8.25827803805259 -5 10.1664647910487 8.88217280018612 -5 9.61707730884315 9.47427168893388 -5 9.03326318584458 10.0324551439448 -5 8.4171123250929 10.5547250133184 -5 7.77083038675659 11.0392117064698 -5 7.09673089244181 11.4841808867791 -5 6.39722694338548 11.888039680066 -5 5.67482258217913 12.2493423766662 -5 4.93210382894633 12.5667956066968 -5 4.17172942406179 12.8392629699846 -5 3.39642131055087 13.065769104084 -5 2.60895489023997 13.2455031758213 -5 1.81214908853835 13.3778217838671 -5 1.00885626341673 13.4622512619459 -5 0.201951994706065 13.4984893744387 -5 -0.605675209731945 13.4864063983077 -5 -1.41113425411331 13.4260455874717 -5 -2.21154180410435 13.3176230179675 -5 -3.00403260841024 13.1615268144546 -5 -3.78576975563103 12.958315760829 -5 -4.55395482966819 12.7087172999222 -5 -5.30583792732796 12.4136249294446 -5 -6.03872750226103 12.0740950034956 -5 -6.74999999999999 11.6913429510899 -5 -7.43710924960338 11.2667389252376 -5 -8.09759557828683 10.8018028981513 -5 -8.72909461641329 10.2981992201406 -5 -9.32934576132267 9.75773066166979 -5 -9.89620026970266 9.18233195990741 -5 -10.4276289495321 8.57406289286941 -5 -10.9217294240618 7.93510090594838 -5 -11.3767329418295 7.26773331722421 -5 -11.7910107083313 6.57434912945895 -5 -12.1630797166827 5.85743047808702 -5 -12.491608056399 5.11954374581452 -5 -12.7754196812887 4.3633303756352 -5 -13.013498619394 3.5914974151501 -5 -13.2049926099064 2.80680782603973 -5 -13.3492161540392 2.01207059337833 -5 -13.4456529689357 1.21013067019633 -5 -13.4939578358273 0.403858793286855 -5 -13.4939578358273 -0.403858793286905 -5 -13.4456529689357 -1.21013067019638 -5 -13.3492161540392 -2.01207059337839 -5 -13.2049926099064 -2.80680782603978 -5 -13.013498619394 -3.59149741515015 -5 -12.7754196812887 -4.36333037563524 -5 -12.4916080563989 -5.11954374581457 -5 -12.1630797166826 -5.85743047808707 -5 -11.7910107083312 -6.57434912945899 -5 -11.3767329418295 -7.26773331722425 -5 -10.9217294240618 -7.93510090594842 -5 -10.4276289495321 -8.57406289286945 -5 -9.89620026970262 -9.18233195990745 -5 -9.32934576132264 -9.75773066166982 -5 -8.72909461641325 -10.2981992201406 -5 -8.09759557828679 -10.8018028981513 -5 -7.43710924960335 -11.2667389252376 -5 -6.74999999999996 -11.6913429510899 -5 -6.03872750226101 -12.0740950034956 -5 -5.30583792732794 -12.4136249294446 -5 -4.55395482966818 -12.7087172999222 -5 -3.78576975563101 -12.958315760829 -5 -3.00403260841022 -13.1615268144546 -5 -2.21154180410434 -13.3176230179675 -5 -1.41113425411331 -13.4260455874717 -5 -0.605675209731942 -13.4864063983077 -5 0.201951994706064 -13.4984893744387 -5 1.00885626341673 -13.4622512619459 -5 1.81214908853835 -13.3778217838671 -5 2.60895489023996 -13.2455031758213 -5 3.39642131055085 -13.065769104084 -5 4.17172942406178 -12.8392629699846 -5 4.93210382894631 -12.5667956066968 -5 5.67482258217911 -12.2493423766662 -5 6.39722694338546 -11.888039680066 -5 7.09673089244179 -11.4841808867791 -5 7.77083038675656 -11.0392117064698 -5 8.41711232509287 -10.5547250133184 -5 9.03326318584456 -10.0324551439449 -5 9.61707730884312 -9.47427168893392 -5 10.1664647910487 -8.88217280018616 -5 10.6794589678606 -8.25827803805263 -5 11.1542234532659 -7.60482078385895 -5 11.5890587136252 -6.92414024497979 -5 11.9824081515614 -6.21867308108359 -5 12.3328636781751 -5.49094468152337 -5 12.6391707536364 -4.7435601250982 -5 12.9002328781129 -3.97919485454728 -5 13.1151155169537 -3.2005850991593 -5 13.2830494460815 -2.41051807978168 -5 13.4034335056148 -1.61182203129339 -5 13.4758367518644 -0.807356078258056 -5 -3.1125 -8.24889197104678 -5 -3.11545328588324 -8.15021511703747 -5 -3.12430257153597 -8.05189150055537 -5 -3.13901617881227 -7.95427309462903 -5 -3.15954143681677 -7.85770934781621 -5 -3.18580487045287 -7.76254593326878 -5 -3.21771246344444 -7.66912351131256 -5 -3.25514999488971 -7.57777650997171 -5 -3.29798344814249 -7.48883192780323 -5 -3.34605949055693 -7.40260816332703 -5 -3.39920602237861 -7.3194138752418 -5 -3.45723279281704 -7.23954687750702 -5 -3.51993208109405 -7.16329307324625 -5 -3.58707944003029 -7.09092543128819 -5 -3.65843449950789 -7.02270300900908 -5 -3.73374182693309 -6.95887002497453 -5 -3.81273184161864 -6.89965498470046 -5 -3.89512177981267 -6.84526986266267 -5 -3.98061670691956 -6.79590934348316 -5 -4.06891057328922 -6.7517501250098 -5 -4.15968730979545 -6.71295028578384 -5 -4.25262195928134 -6.67964871915977 -5 -4.34738183982157 -6.65196463610318 -5 -4.44362773563734 -6.62999713844639 -5 -4.54101511140087 -6.61382486412968 -5 -4.6391953455824 -6.60350570569783 -5 -4.73781697842482 -6.59907660305982 -5 -4.83652697007835 -6.60055341125361 -5 -4.93497196439163 -6.60793084368913 -5 -5.03279955383498 -6.62118249107297 -5 -5.12965954102792 -6.64026091594677 -5 -5.22520519235491 -6.66509782250101 -5 -5.31909447918167 -6.69560430105629 -5 -5.41099130222898 -6.73167114633688 -5 -5.5005666947208 -6.77316924839732 -5 -5.5875 -6.81995005480245 -5 -5.67148001939597 -6.87184610240663 -5 -5.75220612623506 -6.92867161682828 -5 -5.82938934200607 -6.99022317747404 -5 -5.90275337082833 -7.05628044573158 -5 -5.97203558851922 -7.12660695372476 -5 -6.03698798272059 -7.20095095080718 -5 -6.09737804071867 -7.2790463047642 -5 -6.15298958177917 -7.36061345449715 -5 -6.20362353101827 -7.44536041077957 -5 -6.249098632039 -7.53298380150281 -5 -6.2892520957821 -7.62316995766944 -5 -6.32394018326863 -7.71559603624692 -5 -6.35303872014816 -7.80993117586176 -5 -6.37644354121078 -7.90583768119748 -5 -6.39407086327147 -8.00297223185609 -5 -6.40585758509215 -8.10098711135611 -5 -6.41176151326778 -8.19953145186727 -5 -6.41176151326778 -8.29825249022629 -5 -6.40585758509215 -8.39679683073745 -5 -6.39407086327147 -8.49481171023747 -5 -6.37644354121078 -8.59194626089608 -5 -6.35303872014816 -8.68785276623179 -5 -6.32394018326862 -8.78218790584664 -5 -6.2892520957821 -8.87461398442411 -5 -6.24909863203899 -8.96480014059075 -5 -6.20362353101827 -9.05242353131399 -5 -6.15298958177917 -9.13717048759641 -5 -6.09737804071866 -9.21873763732936 -5 -6.03698798272059 -9.29683299128638 -5 -5.97203558851921 -9.3711769883688 -5 -5.90275337082833 -9.44150349636198 -5 -5.82938934200607 -9.50756076461952 -5 -5.75220612623506 -9.56911232526527 -5 -5.67148001939597 -9.62593783968693 -5 -5.5875 -9.6778338872911 -5 -5.50056669472079 -9.72461469369623 -5 -5.41099130222897 -9.76611279575667 -5 -5.31909447918167 -9.80217964103727 -5 -5.22520519235491 -9.83268611959254 -5 -5.12965954102792 -9.85752302614678 -5 -5.03279955383498 -9.87660145102059 -5 -4.93497196439163 -9.88985309840443 -5 -4.83652697007835 -9.89723053083994 -5 -4.73781697842482 -9.89870733903373 -5 -4.6391953455824 -9.89427823639572 -5 -4.54101511140087 -9.88395907796387 -5 -4.44362773563734 -9.86778680364716 -5 -4.34738183982157 -9.84581930599037 -5 -4.25262195928134 -9.81813522293378 -5 -4.15968730979545 -9.78483365630971 -5 -4.06891057328922 -9.74603381708375 -5 -3.98061670691956 -9.7018745986104 -5 -3.89512177981267 -9.65251407943089 -5 -3.81273184161865 -9.59812895739309 -5 -3.7337418269331 -9.53891391711903 -5 -3.65843449950789 -9.47508093308448 -5 -3.58707944003029 -9.40685851080537 -5 -3.51993208109405 -9.33449086884731 -5 -3.45723279281705 -9.25823706458654 -5 -3.39920602237862 -9.17837006685176 -5 -3.34605949055693 -9.09517577876653 -5 -3.29798344814249 -9.00895201429033 -5 -3.25514999488972 -8.92000743212185 -5 -3.21771246344444 -8.828660430781 -5 -3.18580487045288 -8.73523800882478 -5 -3.15954143681678 -8.64007459427736 -5 -3.13901617881227 -8.54351084746454 -5 -3.12430257153597 -8.44589244153819 -5 -3.11545328588324 -8.34756882505609 -5 4.96759997357646 -10.1422211760352 -5 4.96357276555387 -10.0076618296589 -5 4.9515055578456 -9.87358417081967 -5 4.93144154792338 -9.74046816273828 -5 4.90345255973542 -9.60879032617535 -5 4.86763878659528 -9.47902203361068 -5 4.82412843251587 -9.3516278218522 -5 4.77307725327231 -9.22706372911467 -5 4.71466799883671 -9.1057756625213 -5 4.64910975918066 -8.98819780187193 -5 4.57663721578745 -8.87475104539207 -5 4.49750980155323 -8.76584150302645 -5 4.41201077208459 -8.66185904267086 -5 4.32044619171699 -8.56317589454624 -5 4.22314383788389 -8.47014531871108 -5 4.12045202775861 -8.38310034048215 -5 4.01273837136923 -8.30235255829025 -5 3.9003884556501 -8.2281910282387 -5 3.78380446414071 -8.16088122935756 -5 3.66340373727299 -8.10066411325752 -5 3.53961727840085 -8.04775524158576 -5 3.41288821092009 -8.00234401437112 -5 3.28367019200161 -7.96459299202122 -5 3.15242578861646 -7.93463731339833 -5 3.01962482166619 -7.91258421205736 -5 2.88574268414592 -7.89851263237756 -5 2.75125863936081 -7.8924729469621 -5 2.61665410528781 -7.89448677631726 -5 2.48241093122424 -7.9045469114566 -5 2.3490096728924 -7.92261733970729 -5 2.21692787217476 -7.94863337362611 -5 2.08663834763796 -7.98250188256372 -5 1.9586075019651 -8.02410162604819 -5 1.83329365235514 -8.07328368779445 -5 1.71114538986629 -8.12987200878596 -5 1.59259997357646 -8.19366401752023 -5 1.47808176530923 -8.26443135516229 -5 1.36800071052866 -8.34192069301 -5 1.26275087084091 -8.42585463934512 -5 1.16270901335602 -8.51593273242359 -5 1.06823326195935 -8.61183251605065 -5 0.979661815321114 -8.71321069389032 -5 0.897311736232831 -8.81970435837715 -5 0.821477816604874 -8.93093228983118 -5 0.75243152218792 -9.04649632112539 -5 0.690420020796019 -9.16598276302071 -5 0.635665297509969 -9.28896388506613 -5 0.588363360028342 -9.41499944676269 -5 0.548683537010792 -9.5436382735102 -5 0.5167678719254 -9.67441987169526 -5 0.492730614569923 -9.80687607713883 -5 0.476657812087175 -9.9405327310025 -5 0.46860700093858 -10.0749113771541 -5 0.46860700093858 -10.2095309749164 -5 0.476657812087176 -10.3439096210679 -5 0.492730614569925 -10.4775662749316 -5 0.516767871925401 -10.6100224803752 -5 0.548683537010795 -10.7408040785602 -5 0.588363360028345 -10.8694429053078 -5 0.635665297509973 -10.9954784670043 -5 0.690420020796023 -11.1184595890497 -5 0.752431522187925 -11.2379460309451 -5 0.821477816604879 -11.3535100622393 -5 0.897311736232836 -11.4647379936933 -5 0.979661815321119 -11.5712316581801 -5 1.06823326195936 -11.6726098360198 -5 1.16270901335602 -11.7685096196469 -5 1.26275087084092 -11.8585877127253 -5 1.36800071052866 -11.9425216590604 -5 1.47808176530924 -12.0200109969082 -5 1.59259997357647 -12.0907783345502 -5 1.7111453898663 -12.1545703432845 -5 1.83329365235514 -12.211158664276 -5 1.9586075019651 -12.2603407260223 -5 2.08663834763796 -12.3019404695067 -5 2.21692787217476 -12.3358089784443 -5 2.34900967289241 -12.3618250123631 -5 2.48241093122425 -12.3798954406138 -5 2.61665410528781 -12.3899555757532 -5 2.75125863936081 -12.3919694051083 -5 2.88574268414592 -12.3859297196929 -5 3.01962482166619 -12.3718581400131 -5 3.15242578861646 -12.3498050386721 -5 3.28367019200161 -12.3198493600492 -5 3.41288821092009 -12.2820983376993 -5 3.53961727840085 -12.2366871104847 -5 3.66340373727298 -12.1837782388129 -5 3.78380446414071 -12.1235611227129 -5 3.90038845565009 -12.0562513238317 -5 4.01273837136922 -11.9820897937802 -5 4.12045202775861 -11.9013420115883 -5 4.22314383788389 -11.8142970333594 -5 4.32044619171698 -11.7212664575242 -5 4.41201077208458 -11.6225833093996 -5 4.49750980155322 -11.518600849044 -5 4.57663721578745 -11.4096913066784 -5 4.64910975918066 -11.2962445501985 -5 4.7146679988367 -11.1786666895491 -5 4.77307725327231 -11.0573786229558 -5 4.82412843251587 -10.9328145302183 -5 4.86763878659528 -10.8054203184598 -5 4.90345255973541 -10.6756520258951 -5 4.93144154792338 -10.5439741893322 -5 4.95150555784559 -10.4108581812508 -5 4.96357276555387 -10.2767805224116 -5 -0.467599973576469 10.1422211760352 -5 -0.471627181599065 10.2767805224115 -5 -0.483694389307335 10.4108581812508 -5 -0.503758399229552 10.5439741893322 -5 -0.531747387417517 10.6756520258951 -5 -0.567561160557652 10.8054203184598 -5 -0.61107151463706 10.9328145302182 -5 -0.662122693880617 11.0573786229558 -5 -0.720531948316222 11.1786666895491 -5 -0.78609018797227 11.2962445501985 -5 -0.858562731365481 11.4096913066784 -5 -0.937690145599701 11.518600849044 -5 -1.02318917506834 11.6225833093996 -5 -1.11475375543594 11.7212664575242 -5 -1.21205610926904 11.8142970333594 -5 -1.31474791939432 11.9013420115883 -5 -1.4224615757837 11.9820897937802 -5 -1.53481149150283 12.0562513238317 -5 -1.65139548301222 12.1235611227129 -5 -1.77179620987995 12.1837782388129 -5 -1.89558266875208 12.2366871104847 -5 -2.02231173623284 12.2820983376993 -5 -2.15152975515132 12.3198493600492 -5 -2.28277415853647 12.3498050386721 -5 -2.41557512548674 12.3718581400131 -5 -2.54945726300701 12.3859297196929 -5 -2.68394130779213 12.3919694051083 -5 -2.81854584186513 12.3899555757532 -5 -2.95278901592869 12.3798954406138 -5 -3.08619027426053 12.3618250123631 -5 -3.21827207497818 12.3358089784443 -5 -3.34856159951497 12.3019404695067 -5 -3.47659244518783 12.2603407260222 -5 -3.6019062947978 12.211158664276 -5 -3.72405455728664 12.1545703432845 -5 -3.84259997357647 12.0907783345502 -5 -3.9571181818437 12.0200109969081 -5 -4.06719923662427 11.9425216590604 -5 -4.17244907631202 11.8585877127253 -5 -4.27249093379691 11.7685096196468 -5 -4.36696668519358 11.6726098360198 -5 -4.45553813183182 11.5712316581801 -5 -4.5378882109201 11.4647379936933 -5 -4.61372213054806 11.3535100622393 -5 -4.68276842496501 11.237946030945 -5 -4.74477992635691 11.1184595890497 -5 -4.79953464964296 10.9954784670043 -5 -4.84683658712459 10.8694429053077 -5 -4.88651641014214 10.7408040785602 -5 -4.91843207522753 10.6100224803752 -5 -4.94246933258301 10.4775662749316 -5 -4.95854213506576 10.3439096210679 -5 -4.96659294621435 10.2095309749164 -5 -4.96659294621435 10.0749113771541 -5 -4.95854213506576 9.94053273100249 -5 -4.94246933258301 9.80687607713882 -5 -4.91843207522753 9.67441987169525 -5 -4.88651641014214 9.54363827351019 -5 -4.84683658712459 9.41499944676268 -5 -4.79953464964296 9.28896388506612 -5 -4.74477992635691 9.16598276302071 -5 -4.68276842496501 9.04649632112539 -5 -4.61372213054805 8.93093228983118 -5 -4.5378882109201 8.81970435837715 -5 -4.45553813183181 8.71321069389031 -5 -4.36696668519357 8.61183251605064 -5 -4.27249093379691 8.51593273242358 -5 -4.17244907631201 8.42585463934511 -5 -4.06719923662427 8.34192069301 -5 -3.95711818184369 8.26443135516228 -5 -3.84259997357646 8.19366401752023 -5 -3.72405455728664 8.12987200878596 -5 -3.60190629479779 8.07328368779445 -5 -3.47659244518783 8.02410162604818 -5 -3.34856159951497 7.98250188256372 -5 -3.21827207497817 7.94863337362611 -5 -3.08619027426053 7.92261733970729 -5 -2.95278901592869 7.9045469114566 -5 -2.81854584186513 7.89448677631726 -5 -2.68394130779213 7.8924729469621 -5 -2.54945726300701 7.89851263237756 -5 -2.41557512548674 7.91258421205736 -5 -2.28277415853648 7.93463731339833 -5 -2.15152975515133 7.96459299202122 -5 -2.02231173623284 8.00234401437112 -5 -1.89558266875208 8.04775524158576 -5 -1.77179620987995 8.10066411325752 -5 -1.65139548301223 8.16088122935756 -5 -1.53481149150284 8.2281910282387 -5 -1.42246157578371 8.30235255829024 -5 -1.31474791939432 8.38310034048215 -5 -1.21205610926904 8.47014531871108 -5 -1.11475375543595 8.56317589454623 -5 -1.02318917506835 8.66185904267086 -5 -0.937690145599707 8.76584150302645 -5 -0.858562731365486 8.87475104539206 -5 -0.786090187972276 8.98819780187192 -5 -0.720531948316228 9.10577566252129 -5 -0.662122693880622 9.22706372911466 -5 -0.611071514637065 9.35162782185219 -5 -0.567561160557656 9.47902203361067 -5 -0.53174738741752 9.60879032617533 -5 -0.503758399229555 9.74046816273827 -5 -0.483694389307337 9.87358417081965 -5 -0.471627181599066 10.0076618296589 -5 3 -7.34788079488412e-16 -5 2.99463038930321 0.179412461835103 -5 2.97854077902551 0.358182673620733 -5 2.95178876579589 0.53567068439591 -5 2.9144701148786 0.711241133146493 -5 2.86671841735842 0.884265523232713 -5 2.80870461191921 1.05412447224403 -5 2.7406363729278 1.2202099292274 -5 2.66275736701366 1.3819273513519 -5 2.5753463808056 1.53869783221772 -5 2.47871632294798 1.68996017419087 -5 2.37321310396902 1.83517289734502 -5 2.25921439801083 1.97381617781914 -5 2.13712829085403 2.10539370865197 -5 2.00739181907657 2.22943447643218 -5 1.8704694055762 2.34549444740409 -5 1.72685119705702 2.45315815699329 -5 1.57705130943151 2.55204019706202 -5 1.421605987419 2.64178659557021 -5 1.2610716849287 2.72207608370359 -5 1.09602307309918 2.79262124593261 -5 0.927050983124842 2.85316954888546 -5 0.754760291233526 2.903504245352 -5 0.57976775338666 2.94344515018252 -5 0.402699797452967 2.9728492853038 -5 0.224190280759274 2.99161139154354 -5 0.0448782210457922 2.99966430543082 -5 -0.134594491051543 2.99697919962394 -5 -0.313585389802959 2.98356568610482 -5 -0.491453734245411 2.95947178177056 -5 -0.667562801868941 2.92478373654547 -5 -0.841282167918006 2.87962572462867 -5 -1.01198996214849 2.82415939998271 -5 -1.17907509496177 2.75858331765435 -5 -1.3419394449469 2.68313222299901 -5 -1.5 2.59807621135332 -5 -1.65269094435631 2.50371976116391 -5 -1.79946568406374 2.40040064403362 -5 -1.9397988036474 2.2884887155868 -5 -2.07318794696059 2.16838459148217 -5 -2.19915561548948 2.04051821331276 -5 -2.3172508776738 1.90534730952654 -5 -2.42705098312484 1.76335575687742 -5 -2.52816287596212 1.61505184827205 -5 -2.62022460185139 1.4609664732131 -5 -2.70290660370726 1.30165121735267 -5 -2.77591290142199 1.13767638795878 -5 -2.83898215139749 0.969628972363377 -5 -2.89188858208756 0.798110536700022 -5 -2.93444280220142 0.623735072453274 -5 -2.96649247867539 0.447126798528519 -5 -2.98792288198572 0.268917926710296 -5 -2.99865729685051 0.08974639850819 -5 -2.99865729685051 -0.0897463985082012 -5 -2.98792288198572 -0.268917926710307 -5 -2.96649247867538 -0.44712679852853 -5 -2.93444280220142 -0.623735072453285 -5 -2.89188858208756 -0.798110536700033 -5 -2.83898215139749 -0.969628972363388 -5 -2.77591290142199 -1.13767638795879 -5 -2.70290660370725 -1.30165121735268 -5 -2.62022460185138 -1.46096647321311 -5 -2.52816287596211 -1.61505184827206 -5 -2.42705098312484 -1.76335575687743 -5 -2.31725087767379 -1.90534730952654 -5 -2.19915561548947 -2.04051821331277 -5 -2.07318794696059 -2.16838459148218 -5 -1.93979880364739 -2.28848871558681 -5 -1.79946568406373 -2.40040064403363 -5 -1.6526909443563 -2.50371976116391 -5 -1.49999999999999 -2.59807621135332 -5 -1.34193944494689 -2.68313222299901 -5 -1.17907509496176 -2.75858331765435 -5 -1.01198996214848 -2.82415939998271 -5 -0.841282167918003 -2.87962572462867 -5 -0.667562801868939 -2.92478373654547 -5 -0.491453734245409 -2.95947178177056 -5 -0.313585389802957 -2.98356568610482 -5 -0.134594491051543 -2.99697919962394 -5 0.0448782210457921 -2.99966430543082 -5 0.224190280759273 -2.99161139154354 -5 0.402699797452966 -2.9728492853038 -5 0.579767753386658 -2.94344515018252 -5 0.754760291233523 -2.903504245352 -5 0.927050983124839 -2.85316954888546 -5 1.09602307309918 -2.79262124593261 -5 1.26107168492869 -2.7220760837036 -5 1.42160598741899 -2.64178659557022 -5 1.57705130943151 -2.55204019706202 -5 1.72685119705701 -2.4531581569933 -5 1.87046940557619 -2.34549444740409 -5 2.00739181907657 -2.22943447643219 -5 2.13712829085403 -2.10539370865198 -5 2.25921439801083 -1.97381617781915 -5 2.37321310396902 -1.83517289734503 -5 2.47871632294798 -1.68996017419088 -5 2.57534638080559 -1.53869783221773 -5 2.66275736701366 -1.38192735135191 -5 2.7406363729278 -1.22020992922742 -5 2.80870461191921 -1.05412447224404 -5 2.86671841735842 -0.884265523232729 -5 2.9144701148786 -0.71124113314651 -5 2.95178876579589 -0.535670684395929 -5 2.97854077902551 -0.358182673620753 -5 2.9946303893032 -0.179412461835124 -5 6.4125 8.24889197104678 -5 6.40954671411676 8.34756882505608 -5 6.40069742846403 8.44589244153818 -5 6.38598382118774 8.54351084746453 -5 6.36545856318323 8.64007459427735 -5 6.33919512954713 8.73523800882477 -5 6.30728753655557 8.82866043078099 -5 6.26985000511029 8.92000743212185 -5 6.22701655185752 9.00895201429032 -5 6.17894050944308 9.09517577876652 -5 6.12579397762139 9.17837006685175 -5 6.06776720718296 9.25823706458654 -5 6.00506791890596 9.3344908688473 -5 5.93792055996972 9.40685851080536 -5 5.86656550049212 9.47508093308448 -5 5.79125817306691 9.53891391711903 -5 5.71226815838136 9.59812895739309 -5 5.62987822018733 9.65251407943089 -5 5.54438329308045 9.7018745986104 -5 5.45608942671078 9.74603381708375 -5 5.36531269020455 9.78483365630971 -5 5.27237804071866 9.81813522293378 -5 5.17761816017844 9.84581930599038 -5 5.08137226436266 9.86778680364716 -5 4.98398488859913 9.88395907796387 -5 4.8858046544176 9.89427823639572 -5 4.78718302157519 9.89870733903373 -5 4.68847302992165 9.89723053083995 -5 4.59002803560837 9.88985309840443 -5 4.49220044616503 9.87660145102059 -5 4.39534045897208 9.85752302614679 -5 4.2997948076451 9.83268611959254 -5 4.20590552081833 9.80217964103727 -5 4.11400869777103 9.76611279575667 -5 4.02443330527921 9.72461469369623 -5 3.9375 9.6778338872911 -5 3.85351998060403 9.62593783968693 -5 3.77279387376494 9.56911232526527 -5 3.69561065799393 9.50756076461952 -5 3.62224662917167 9.44150349636197 -5 3.55296441148079 9.37117698836879 -5 3.48801201727941 9.29683299128637 -5 3.42762195928134 9.21873763732936 -5 3.37201041822084 9.1371704875964 -5 3.32137646898174 9.05242353131398 -5 3.27590136796101 8.96480014059075 -5 3.23574790421791 8.87461398442411 -5 3.20105981673138 8.78218790584664 -5 3.17196127985184 8.68785276623179 -5 3.14855645878922 8.59194626089608 -5 3.13092913672854 8.49481171023746 -5 3.11914241490786 8.39679683073744 -5 3.11323848673222 8.29825249022628 -5 3.11323848673222 8.19953145186727 -5 3.11914241490786 8.10098711135611 -5 3.13092913672854 8.00297223185609 -5 3.14855645878922 7.90583768119747 -5 3.17196127985184 7.80993117586176 -5 3.20105981673138 7.71559603624691 -5 3.23574790421791 7.62316995766944 -5 3.27590136796101 7.5329838015028 -5 3.32137646898174 7.44536041077957 -5 3.37201041822084 7.36061345449715 -5 3.42762195928134 7.27904630476419 -5 3.48801201727942 7.20095095080718 -5 3.55296441148079 7.12660695372476 -5 3.62224662917168 7.05628044573158 -5 3.69561065799394 6.99022317747403 -5 3.77279387376495 6.92867161682828 -5 3.85351998060404 6.87184610240663 -5 3.93750000000001 6.81995005480245 -5 4.02443330527921 6.77316924839732 -5 4.11400869777103 6.73167114633688 -5 4.20590552081833 6.69560430105629 -5 4.2997948076451 6.66509782250101 -5 4.39534045897209 6.64026091594677 -5 4.49220044616503 6.62118249107297 -5 4.59002803560837 6.60793084368913 -5 4.68847302992165 6.60055341125361 -5 4.78718302157519 6.59907660305983 -5 4.8858046544176 6.60350570569783 -5 4.98398488859913 6.61382486412969 -5 5.08137226436266 6.62999713844639 -5 5.17761816017844 6.65196463610318 -5 5.27237804071866 6.67964871915977 -5 5.36531269020455 6.71295028578384 -5 5.45608942671078 6.7517501250098 -5 5.54438329308045 6.79590934348316 -5 5.62987822018733 6.84526986266266 -5 5.71226815838136 6.89965498470046 -5 5.79125817306691 6.95887002497453 -5 5.86656550049211 7.02270300900907 -5 5.93792055996972 7.09092543128819 -5 6.00506791890595 7.16329307324625 -5 6.06776720718296 7.23954687750701 -5 6.12579397762139 7.3194138752418 -5 6.17894050944308 7.40260816332703 -5 6.22701655185751 7.48883192780323 -5 6.26985000511029 7.5777765099717 -5 6.30728753655556 7.66912351131255 -5 6.33919512954713 7.76254593326878 -5 6.36545856318323 7.8577093478162 -5 6.38598382118774 7.95427309462902 -5 6.40069742846403 8.05189150055536 -5 6.40954671411676 8.15021511703746 -5 13.5 -3.5527136788005e-15 13.4758367518644 0.807356078257961 13.4034335056148 1.6118220312933 13.2830494460815 2.41051807978159 13.1151155169537 3.20058509915922 12.9002328781129 3.97919485454721 12.6391707536365 4.74356012509813 12.3328636781751 5.4909446815233 11.9824081515615 6.21867308108354 11.5890587136252 6.92414024497973 11.1542234532659 7.6048207838589 10.6794589678606 8.25827803805259 10.1664647910487 8.88217280018612 9.61707730884316 9.47427168893388 9.03326318584458 10.0324551439448 8.4171123250929 10.5547250133184 7.77083038675659 11.0392117064698 7.09673089244181 11.4841808867791 6.39722694338548 11.888039680066 5.67482258217913 12.2493423766662 4.93210382894633 12.5667956066968 4.17172942406179 12.8392629699846 3.39642131055087 13.065769104084 2.60895489023997 13.2455031758213 1.81214908853835 13.3778217838671 1.00885626341673 13.4622512619459 0.201951994706064 13.4984893744387 -0.605675209731945 13.4864063983078 -1.41113425411331 13.4260455874717 -2.21154180410435 13.3176230179675 -3.00403260841023 13.1615268144546 -3.78576975563103 12.958315760829 -4.55395482966819 12.7087172999222 -5.30583792732796 12.4136249294446 -6.03872750226103 12.0740950034956 -6.74999999999999 11.6913429510899 -7.43710924960338 11.2667389252376 -8.09759557828683 10.8018028981513 -8.72909461641329 10.2981992201406 -9.32934576132267 9.75773066166979 -9.89620026970266 9.18233195990741 -10.4276289495321 8.57406289286941 -10.9217294240618 7.93510090594838 -11.3767329418295 7.26773331722421 -11.7910107083313 6.57434912945895 -12.1630797166827 5.85743047808702 -12.491608056399 5.11954374581452 -12.7754196812887 4.3633303756352 -13.013498619394 3.5914974151501 -13.2049926099064 2.80680782603973 -13.3492161540392 2.01207059337833 -13.4456529689357 1.21013067019633 -13.4939578358273 0.403858793286854 -13.4939578358273 -0.403858793286906 -13.4456529689357 -1.21013067019638 -13.3492161540392 -2.01207059337839 -13.2049926099064 -2.80680782603978 -13.013498619394 -3.59149741515015 -12.7754196812887 -4.36333037563524 -12.4916080563989 -5.11954374581457 -12.1630797166826 -5.85743047808707 -11.7910107083312 -6.57434912945899 -11.3767329418295 -7.26773331722425 -10.9217294240618 -7.93510090594842 -10.4276289495321 -8.57406289286945 -9.89620026970262 -9.18233195990745 -9.32934576132264 -9.75773066166982 -8.72909461641325 -10.2981992201406 -8.09759557828679 -10.8018028981513 -7.43710924960335 -11.2667389252376 -6.74999999999996 -11.6913429510899 -6.03872750226101 -12.0740950034956 -5.30583792732794 -12.4136249294446 -4.55395482966818 -12.7087172999222 -3.78576975563101 -12.958315760829 -3.00403260841022 -13.1615268144546 -2.21154180410434 -13.3176230179675 -1.41113425411331 -13.4260455874717 -0.605675209731942 -13.4864063983077 0.201951994706064 -13.4984893744387 1.00885626341673 -13.4622512619459 1.81214908853835 -13.3778217838671 2.60895489023996 -13.2455031758213 3.39642131055085 -13.065769104084 4.17172942406178 -12.8392629699846 4.93210382894632 -12.5667956066968 5.67482258217911 -12.2493423766662 6.39722694338546 -11.888039680066 7.09673089244179 -11.4841808867791 7.77083038675656 -11.0392117064698 8.41711232509287 -10.5547250133184 9.03326318584456 -10.0324551439449 9.61707730884312 -9.47427168893392 10.1664647910487 -8.88217280018616 10.6794589678606 -8.25827803805263 11.1542234532659 -7.60482078385895 11.5890587136252 -6.92414024497979 11.9824081515614 -6.21867308108359 12.3328636781751 -5.49094468152337 12.6391707536364 -4.7435601250982 12.9002328781129 -3.97919485454728 13.1151155169537 -3.2005850991593 13.2830494460815 -2.41051807978168 13.4034335056148 -1.61182203129339 13.4758367518644 -0.807356078258056 -3.1125 -8.24889197104678 -3.11545328588324 -8.15021511703747 -3.12430257153597 -8.05189150055537 -3.13901617881227 -7.95427309462903 -3.15954143681677 -7.85770934781621 -3.18580487045287 -7.76254593326878 -3.21771246344444 -7.66912351131256 -3.25514999488971 -7.57777650997171 -3.29798344814249 -7.48883192780323 -3.34605949055693 -7.40260816332703 -3.39920602237861 -7.3194138752418 -3.45723279281704 -7.23954687750702 -3.51993208109405 -7.16329307324625 -3.58707944003029 -7.09092543128819 -3.65843449950789 -7.02270300900908 -3.73374182693309 -6.95887002497453 -3.81273184161864 -6.89965498470046 -3.89512177981267 -6.84526986266267 -3.98061670691956 -6.79590934348316 -4.06891057328922 -6.7517501250098 -4.15968730979545 -6.71295028578384 -4.25262195928134 -6.67964871915977 -4.34738183982157 -6.65196463610318 -4.44362773563734 -6.62999713844639 -4.54101511140087 -6.61382486412968 -4.6391953455824 -6.60350570569783 -4.73781697842482 -6.59907660305982 -4.83652697007835 -6.60055341125361 -4.93497196439163 -6.60793084368913 -5.03279955383498 -6.62118249107297 -5.12965954102792 -6.64026091594677 -5.22520519235491 -6.66509782250101 -5.31909447918167 -6.69560430105629 -5.41099130222898 -6.73167114633688 -5.5005666947208 -6.77316924839732 -5.5875 -6.81995005480245 -5.67148001939597 -6.87184610240663 -5.75220612623506 -6.92867161682828 -5.82938934200607 -6.99022317747404 -5.90275337082833 -7.05628044573158 -5.97203558851922 -7.12660695372476 -6.03698798272059 -7.20095095080718 -6.09737804071867 -7.2790463047642 -6.15298958177917 -7.36061345449715 -6.20362353101827 -7.44536041077957 -6.249098632039 -7.53298380150281 -6.2892520957821 -7.62316995766944 -6.32394018326863 -7.71559603624692 -6.35303872014816 -7.80993117586176 -6.37644354121078 -7.90583768119748 -6.39407086327147 -8.00297223185609 -6.40585758509215 -8.10098711135611 -6.41176151326778 -8.19953145186727 -6.41176151326778 -8.29825249022629 -6.40585758509215 -8.39679683073745 -6.39407086327147 -8.49481171023747 -6.37644354121078 -8.59194626089608 -6.35303872014816 -8.68785276623179 -6.32394018326862 -8.78218790584664 -6.2892520957821 -8.87461398442411 -6.24909863203899 -8.96480014059075 -6.20362353101827 -9.05242353131399 -6.15298958177917 -9.13717048759641 -6.09737804071866 -9.21873763732936 -6.03698798272059 -9.29683299128638 -5.97203558851921 -9.3711769883688 -5.90275337082833 -9.44150349636198 -5.82938934200607 -9.50756076461952 -5.75220612623506 -9.56911232526527 -5.67148001939597 -9.62593783968693 -5.5875 -9.6778338872911 -5.50056669472079 -9.72461469369623 -5.41099130222897 -9.76611279575667 -5.31909447918167 -9.80217964103727 -5.22520519235491 -9.83268611959254 -5.12965954102792 -9.85752302614678 -5.03279955383498 -9.87660145102059 -4.93497196439163 -9.88985309840443 -4.83652697007835 -9.89723053083994 -4.73781697842482 -9.89870733903373 -4.6391953455824 -9.89427823639572 -4.54101511140087 -9.88395907796387 -4.44362773563734 -9.86778680364716 -4.34738183982157 -9.84581930599037 -4.25262195928134 -9.81813522293378 -4.15968730979545 -9.78483365630971 -4.06891057328922 -9.74603381708375 -3.98061670691956 -9.7018745986104 -3.89512177981267 -9.65251407943089 -3.81273184161865 -9.59812895739309 -3.7337418269331 -9.53891391711903 -3.65843449950789 -9.47508093308448 -3.58707944003029 -9.40685851080537 -3.51993208109405 -9.33449086884731 -3.45723279281705 -9.25823706458654 -3.39920602237862 -9.17837006685176 -3.34605949055693 -9.09517577876653 -3.29798344814249 -9.00895201429033 -3.25514999488972 -8.92000743212185 -3.21771246344444 -8.828660430781 -3.18580487045288 -8.73523800882478 -3.15954143681678 -8.64007459427736 -3.13901617881227 -8.54351084746454 -3.12430257153597 -8.44589244153819 -3.11545328588324 -8.34756882505609 4.96759997357646 -10.1422211760352 4.96357276555387 -10.0076618296589 4.9515055578456 -9.87358417081967 4.93144154792338 -9.74046816273828 4.90345255973542 -9.60879032617535 4.86763878659528 -9.47902203361068 4.82412843251587 -9.3516278218522 4.77307725327231 -9.22706372911467 4.71466799883671 -9.1057756625213 4.64910975918066 -8.98819780187193 4.57663721578745 -8.87475104539207 4.49750980155323 -8.76584150302645 4.41201077208459 -8.66185904267086 4.32044619171699 -8.56317589454624 4.22314383788389 -8.47014531871108 4.12045202775862 -8.38310034048215 4.01273837136923 -8.30235255829025 3.9003884556501 -8.2281910282387 3.78380446414071 -8.16088122935756 3.66340373727298 -8.10066411325752 3.53961727840085 -8.04775524158576 3.41288821092009 -8.00234401437112 3.28367019200161 -7.96459299202122 3.15242578861646 -7.93463731339833 3.01962482166619 -7.91258421205736 2.88574268414592 -7.89851263237756 2.75125863936081 -7.8924729469621 2.61665410528781 -7.89448677631726 2.48241093122424 -7.9045469114566 2.34900967289241 -7.92261733970729 2.21692787217476 -7.94863337362611 2.08663834763796 -7.98250188256372 1.9586075019651 -8.02410162604819 1.83329365235514 -8.07328368779445 1.71114538986629 -8.12987200878596 1.59259997357646 -8.19366401752023 1.47808176530923 -8.26443135516229 1.36800071052866 -8.34192069301 1.26275087084091 -8.42585463934512 1.16270901335602 -8.51593273242359 1.06823326195935 -8.61183251605065 0.979661815321114 -8.71321069389032 0.897311736232831 -8.81970435837715 0.821477816604874 -8.93093228983118 0.752431522187921 -9.04649632112539 0.690420020796019 -9.16598276302071 0.63566529750997 -9.28896388506613 0.588363360028342 -9.41499944676269 0.548683537010792 -9.5436382735102 0.516767871925399 -9.67441987169526 0.492730614569924 -9.80687607713883 0.476657812087174 -9.9405327310025 0.468607000938581 -10.0749113771541 0.468607000938581 -10.2095309749164 0.476657812087176 -10.3439096210679 0.492730614569924 -10.4775662749316 0.516767871925401 -10.6100224803752 0.548683537010794 -10.7408040785602 0.588363360028344 -10.8694429053078 0.635665297509972 -10.9954784670043 0.690420020796022 -11.1184595890497 0.752431522187925 -11.2379460309451 0.821477816604878 -11.3535100622393 0.897311736232835 -11.4647379936933 0.979661815321119 -11.5712316581801 1.06823326195936 -11.6726098360198 1.16270901335602 -11.7685096196469 1.26275087084092 -11.8585877127253 1.36800071052866 -11.9425216590604 1.47808176530924 -12.0200109969082 1.59259997357647 -12.0907783345502 1.7111453898663 -12.1545703432845 1.83329365235514 -12.211158664276 1.9586075019651 -12.2603407260223 2.08663834763796 -12.3019404695067 2.21692787217476 -12.3358089784443 2.34900967289241 -12.3618250123631 2.48241093122425 -12.3798954406138 2.61665410528781 -12.3899555757532 2.75125863936081 -12.3919694051083 2.88574268414592 -12.3859297196929 3.01962482166619 -12.3718581400131 3.15242578861646 -12.3498050386721 3.28367019200161 -12.3198493600492 3.41288821092009 -12.2820983376993 3.53961727840085 -12.2366871104847 3.66340373727298 -12.1837782388129 3.78380446414071 -12.1235611227129 3.90038845565009 -12.0562513238317 4.01273837136922 -11.9820897937802 4.12045202775861 -11.9013420115883 4.22314383788389 -11.8142970333594 4.32044619171698 -11.7212664575242 4.41201077208458 -11.6225833093996 4.49750980155323 -11.518600849044 4.57663721578745 -11.4096913066784 4.64910975918066 -11.2962445501985 4.7146679988367 -11.1786666895491 4.77307725327231 -11.0573786229558 4.82412843251587 -10.9328145302183 4.86763878659528 -10.8054203184598 4.90345255973541 -10.6756520258951 4.93144154792338 -10.5439741893322 4.95150555784559 -10.4108581812508 4.96357276555387 -10.2767805224116 -0.467599973576469 10.1422211760352 -0.471627181599064 10.2767805224115 -0.483694389307335 10.4108581812508 -0.503758399229552 10.5439741893322 -0.531747387417518 10.6756520258951 -0.567561160557652 10.8054203184598 -0.611071514637061 10.9328145302182 -0.662122693880617 11.0573786229558 -0.720531948316223 11.1786666895491 -0.78609018797227 11.2962445501985 -0.858562731365481 11.4096913066784 -0.937690145599701 11.518600849044 -1.02318917506834 11.6225833093996 -1.11475375543594 11.7212664575242 -1.21205610926904 11.8142970333594 -1.31474791939432 11.9013420115883 -1.4224615757837 11.9820897937802 -1.53481149150283 12.0562513238317 -1.65139548301222 12.1235611227129 -1.77179620987995 12.1837782388129 -1.89558266875208 12.2366871104847 -2.02231173623284 12.2820983376993 -2.15152975515132 12.3198493600492 -2.28277415853647 12.3498050386721 -2.41557512548674 12.3718581400131 -2.54945726300701 12.3859297196929 -2.68394130779213 12.3919694051083 -2.81854584186513 12.3899555757532 -2.95278901592869 12.3798954406138 -3.08619027426053 12.3618250123631 -3.21827207497818 12.3358089784443 -3.34856159951497 12.3019404695067 -3.47659244518784 12.2603407260222 -3.60190629479779 12.211158664276 -3.72405455728664 12.1545703432845 -3.84259997357647 12.0907783345502 -3.9571181818437 12.0200109969081 -4.06719923662427 11.9425216590604 -4.17244907631202 11.8585877127253 -4.27249093379691 11.7685096196468 -4.36696668519358 11.6726098360198 -4.45553813183182 11.5712316581801 -4.5378882109201 11.4647379936933 -4.61372213054806 11.3535100622393 -4.68276842496501 11.237946030945 -4.74477992635691 11.1184595890497 -4.79953464964296 10.9954784670043 -4.84683658712459 10.8694429053077 -4.88651641014214 10.7408040785602 -4.91843207522753 10.6100224803752 -4.94246933258301 10.4775662749316 -4.95854213506576 10.3439096210679 -4.96659294621435 10.2095309749164 -4.96659294621435 10.0749113771541 -4.95854213506576 9.94053273100249 -4.94246933258301 9.80687607713882 -4.91843207522753 9.67441987169525 -4.88651641014214 9.54363827351019 -4.84683658712459 9.41499944676268 -4.79953464964296 9.28896388506612 -4.74477992635691 9.16598276302071 -4.68276842496501 9.04649632112539 -4.61372213054805 8.93093228983118 -4.5378882109201 8.81970435837714 -4.45553813183181 8.71321069389031 -4.36696668519357 8.61183251605064 -4.27249093379691 8.51593273242358 -4.17244907631201 8.42585463934511 -4.06719923662427 8.34192069301 -3.95711818184369 8.26443135516228 -3.84259997357646 8.19366401752023 -3.72405455728664 8.12987200878596 -3.60190629479779 8.07328368779445 -3.47659244518783 8.02410162604819 -3.34856159951497 7.98250188256372 -3.21827207497817 7.94863337362612 -3.08619027426053 7.92261733970729 -2.95278901592869 7.9045469114566 -2.81854584186513 7.89448677631726 -2.68394130779213 7.8924729469621 -2.54945726300701 7.89851263237756 -2.41557512548675 7.91258421205736 -2.28277415853647 7.93463731339833 -2.15152975515133 7.96459299202122 -2.02231173623284 8.00234401437112 -1.89558266875208 8.04775524158575 -1.77179620987995 8.10066411325752 -1.65139548301223 8.16088122935756 -1.53481149150284 8.2281910282387 -1.42246157578371 8.30235255829025 -1.31474791939432 8.38310034048214 -1.21205610926904 8.47014531871108 -1.11475375543595 8.56317589454623 -1.02318917506835 8.66185904267086 -0.937690145599706 8.76584150302644 -0.858562731365486 8.87475104539206 -0.786090187972276 8.98819780187192 -0.720531948316227 9.10577566252129 -0.662122693880622 9.22706372911465 -0.611071514637064 9.35162782185218 -0.567561160557657 9.47902203361067 -0.53174738741752 9.60879032617533 -0.503758399229556 9.74046816273827 -0.483694389307336 9.87358417081965 -0.471627181599066 10.0076618296589 3 0 2.99463038930321 0.179412461835103 2.97854077902551 0.358182673620734 2.95178876579589 0.53567068439591 2.9144701148786 0.711241133146492 2.86671841735842 0.884265523232713 2.80870461191921 1.05412447224403 2.7406363729278 1.2202099292274 2.66275736701366 1.3819273513519 2.5753463808056 1.53869783221772 2.47871632294799 1.68996017419087 2.37321310396902 1.83517289734502 2.25921439801083 1.97381617781914 2.13712829085403 2.10539370865197 2.00739181907657 2.22943447643218 1.8704694055762 2.34549444740409 1.72685119705702 2.45315815699329 1.57705130943151 2.55204019706202 1.421605987419 2.64178659557021 1.2610716849287 2.72207608370359 1.09602307309918 2.79262124593261 0.927050983124841 2.85316954888546 0.754760291233525 2.903504245352 0.57976775338666 2.94344515018252 0.402699797452968 2.97284928530381 0.224190280759274 2.99161139154354 0.0448782210457921 2.99966430543082 -0.134594491051542 2.99697919962394 -0.313585389802959 2.98356568610482 -0.491453734245411 2.95947178177056 -0.667562801868941 2.92478373654547 -0.841282167918006 2.87962572462867 -1.01198996214849 2.82415939998271 -1.17907509496177 2.75858331765435 -1.3419394449469 2.68313222299901 -1.5 2.59807621135332 -1.65269094435631 2.50371976116391 -1.79946568406374 2.40040064403362 -1.9397988036474 2.2884887155868 -2.07318794696059 2.16838459148217 -2.19915561548948 2.04051821331276 -2.3172508776738 1.90534730952653 -2.42705098312484 1.76335575687742 -2.52816287596212 1.61505184827205 -2.62022460185139 1.4609664732131 -2.70290660370726 1.30165121735267 -2.77591290142199 1.13767638795878 -2.83898215139749 0.969628972363378 -2.89188858208756 0.798110536700023 -2.93444280220142 0.623735072453274 -2.96649247867539 0.447126798528519 -2.98792288198572 0.268917926710296 -2.99865729685051 0.0897463985081899 -2.99865729685051 -0.0897463985082005 -2.98792288198572 -0.268917926710307 -2.96649247867538 -0.447126798528529 -2.93444280220142 -0.623735072453286 -2.89188858208756 -0.798110536700033 -2.83898215139749 -0.969628972363388 -2.77591290142199 -1.13767638795879 -2.70290660370725 -1.30165121735268 -2.62022460185139 -1.46096647321311 -2.52816287596211 -1.61505184827206 -2.42705098312484 -1.76335575687743 -2.31725087767379 -1.90534730952654 -2.19915561548947 -2.04051821331277 -2.07318794696059 -2.16838459148218 -1.93979880364739 -2.28848871558681 -1.79946568406373 -2.40040064403363 -1.6526909443563 -2.50371976116391 -1.49999999999999 -2.59807621135332 -1.34193944494689 -2.68313222299901 -1.17907509496176 -2.75858331765435 -1.01198996214848 -2.82415939998271 -0.841282167918003 -2.87962572462867 -0.667562801868938 -2.92478373654547 -0.491453734245409 -2.95947178177057 -0.313585389802958 -2.98356568610482 -0.134594491051542 -2.99697919962394 0.0448782210457921 -2.99966430543082 0.224190280759274 -2.99161139154354 0.402699797452966 -2.97284928530381 0.579767753386658 -2.94344515018252 0.754760291233524 -2.903504245352 0.92705098312484 -2.85316954888546 1.09602307309918 -2.79262124593262 1.26107168492869 -2.7220760837036 1.42160598741899 -2.64178659557022 1.57705130943151 -2.55204019706202 1.72685119705701 -2.4531581569933 1.87046940557619 -2.34549444740409 2.00739181907657 -2.22943447643219 2.13712829085403 -2.10539370865198 2.25921439801082 -1.97381617781915 2.37321310396902 -1.83517289734503 2.47871632294798 -1.68996017419088 2.57534638080559 -1.53869783221773 2.66275736701366 -1.38192735135191 2.7406363729278 -1.22020992922742 2.80870461191921 -1.05412447224404 2.86671841735842 -0.884265523232729 2.9144701148786 -0.71124113314651 2.95178876579589 -0.53567068439593 2.97854077902551 -0.358182673620753 2.99463038930321 -0.179412461835124 6.4125 8.24889197104678 6.40954671411676 8.34756882505609 6.40069742846403 8.44589244153818 6.38598382118774 8.54351084746453 6.36545856318323 8.64007459427735 6.33919512954713 8.73523800882477 6.30728753655557 8.82866043078099 6.26985000511029 8.92000743212185 6.22701655185752 9.00895201429032 6.17894050944308 9.09517577876652 6.12579397762139 9.17837006685176 6.06776720718297 9.25823706458654 6.00506791890596 9.3344908688473 5.93792055996972 9.40685851080536 5.86656550049212 9.47508093308448 5.79125817306691 9.53891391711903 5.71226815838136 9.59812895739309 5.62987822018733 9.65251407943089 5.54438329308045 9.7018745986104 5.45608942671078 9.74603381708376 5.36531269020455 9.78483365630971 5.27237804071867 9.81813522293378 5.17761816017844 9.84581930599037 5.08137226436267 9.86778680364716 4.98398488859913 9.88395907796387 4.8858046544176 9.89427823639572 4.78718302157519 9.89870733903373 4.68847302992165 9.89723053083995 4.59002803560838 9.88985309840443 4.49220044616503 9.87660145102059 4.39534045897208 9.85752302614679 4.2997948076451 9.83268611959254 4.20590552081833 9.80217964103727 4.11400869777103 9.76611279575667 4.02443330527921 9.72461469369623 3.9375 9.6778338872911 3.85351998060403 9.62593783968693 3.77279387376494 9.56911232526527 3.69561065799393 9.50756076461952 3.62224662917168 9.44150349636197 3.55296441148079 9.37117698836879 3.48801201727941 9.29683299128637 3.42762195928134 9.21873763732936 3.37201041822084 9.1371704875964 3.32137646898174 9.05242353131398 3.27590136796101 8.96480014059075 3.23574790421791 8.87461398442411 3.20105981673138 8.78218790584663 3.17196127985184 8.68785276623179 3.14855645878922 8.59194626089608 3.13092913672854 8.49481171023746 3.11914241490786 8.39679683073744 3.11323848673222 8.29825249022628 3.11323848673222 8.19953145186727 3.11914241490786 8.10098711135611 3.13092913672854 8.00297223185608 3.14855645878922 7.90583768119747 3.17196127985184 7.80993117586176 3.20105981673138 7.71559603624691 3.23574790421791 7.62316995766944 3.27590136796101 7.5329838015028 3.32137646898174 7.44536041077957 3.37201041822084 7.36061345449715 3.42762195928134 7.27904630476419 3.48801201727941 7.20095095080718 3.55296441148079 7.12660695372476 3.62224662917168 7.05628044573158 3.69561065799394 6.99022317747404 3.77279387376495 6.92867161682828 3.85351998060404 6.87184610240663 3.93750000000001 6.81995005480245 4.02443330527921 6.77316924839732 4.11400869777103 6.73167114633688 4.20590552081834 6.69560430105629 4.2997948076451 6.66509782250101 4.39534045897208 6.64026091594677 4.49220044616503 6.62118249107296 4.59002803560838 6.60793084368913 4.68847302992165 6.60055341125361 4.78718302157519 6.59907660305983 4.8858046544176 6.60350570569783 4.98398488859913 6.61382486412969 5.08137226436266 6.62999713844639 5.17761816017844 6.65196463610318 5.27237804071866 6.67964871915977 5.36531269020455 6.71295028578384 5.45608942671078 6.7517501250098 5.54438329308045 6.79590934348316 5.62987822018733 6.84526986266266 5.71226815838136 6.89965498470046 5.79125817306691 6.95887002497453 5.86656550049211 7.02270300900907 5.93792055996972 7.09092543128819 6.00506791890596 7.16329307324625 6.06776720718296 7.23954687750701 6.12579397762139 7.3194138752418 6.17894050944308 7.40260816332702 6.22701655185751 7.48883192780323 6.26985000511029 7.5777765099717 6.30728753655556 7.66912351131256 6.33919512954713 7.76254593326878 6.36545856318323 7.8577093478162 6.38598382118774 7.95427309462902 6.40069742846403 8.05189150055536 6.40954671411676 8.15021511703746 171 70 172 173 172 70 170 70 171 170 69 70 174 70 71 174 173 70 169 69 170 175 174 71 168 69 169 176 175 71 167 69 168 177 176 71 166 69 167 178 71 72 178 177 71 165 68 69 165 69 166 179 178 72 164 68 165 180 179 72 163 68 164 181 180 72 162 68 163 162 67 68 182 181 72 182 72 73 161 67 162 183 182 73 160 67 161 184 183 73 159 67 160 185 184 73 158 66 67 158 67 159 186 185 73 157 66 158 187 73 74 187 186 73 156 66 157 188 187 74 155 66 156 155 65 66 189 188 74 154 65 155 190 189 74 190 74 75 153 65 154 191 190 75 152 65 153 152 64 65 192 191 75 151 64 152 193 192 75 150 63 64 150 64 151 194 193 75 194 75 76 149 63 150 195 194 76 148 62 63 148 63 149 196 195 76 147 62 148 197 196 76 197 76 77 146 61 62 146 62 147 198 197 77 145 61 146 144 60 61 144 61 145 143 60 144 142 60 143 142 59 60 141 58 59 141 59 142 140 58 141 276 80 277 278 277 80 278 80 81 275 80 276 279 278 81 274 80 275 274 79 80 280 279 81 273 79 274 281 280 81 272 79 273 282 281 81 282 81 82 271 79 272 271 78 79 283 282 82 270 78 271 284 283 82 269 78 270 285 284 82 268 78 269 268 77 78 286 285 82 286 82 83 267 198 77 267 77 268 267 199 198 287 286 83 266 199 267 266 200 199 288 287 83 265 200 266 265 201 200 289 288 83 264 201 265 264 202 201 290 289 83 263 203 202 263 202 264 291 290 83 291 83 84 262 204 203 262 203 263 292 291 84 261 205 204 261 206 205 261 204 262 293 292 84 260 207 206 260 206 261 294 293 84 259 208 207 259 207 260 295 294 84 258 209 208 258 208 259 296 295 84 85 296 84 257 210 209 257 209 258 297 296 85 256 106 210 256 210 257 298 297 85 255 107 106 255 108 107 255 106 256 299 298 85 254 108 255 254 109 108 300 299 85 253 110 109 253 109 254 301 300 85 252 110 253 252 111 110 86 301 85 302 301 86 251 112 111 251 111 252 303 302 86 250 112 251 250 113 112 304 303 86 249 114 113 249 113 250 305 304 86 87 306 305 87 307 306 87 305 86 308 307 87 309 308 87 310 309 87 88 311 310 88 312 311 88 313 312 88 310 87 89 212 211 89 314 313 89 315 314 89 211 315 89 313 88 487 129 128 486 130 129 486 131 130 486 129 487 488 128 127 488 487 128 485 131 486 485 132 131 489 126 125 489 127 126 489 488 127 484 132 485 484 133 132 490 125 124 490 489 125 483 133 484 483 134 133 483 135 134 491 124 123 491 490 124 482 135 483 482 136 135 492 123 122 492 491 123 481 136 482 481 137 136 493 492 122 493 121 120 493 122 121 480 137 481 480 138 137 494 120 119 494 493 120 479 138 480 479 139 138 479 140 139 495 119 118 495 494 119 478 58 140 478 140 479 496 117 116 496 118 117 496 495 118 477 58 478 477 56 57 477 57 58 497 116 115 497 496 116 476 56 477 498 115 114 498 114 249 498 249 248 498 497 115 90 213 212 90 214 213 90 215 214 90 212 89 475 56 476 475 55 56 499 248 247 499 498 248 474 55 475 474 54 55 500 499 247 500 247 246 473 54 474 473 53 54 501 500 246 501 246 245 472 52 53 472 53 473 502 244 243 502 245 244 502 501 245 471 52 472 471 51 52 503 502 243 503 243 242 470 51 471 470 50 51 504 503 242 504 242 241 91 216 215 91 217 216 91 215 90 469 49 50 469 50 470 505 241 240 505 504 241 468 49 469 468 48 49 506 240 239 506 505 240 467 48 468 467 47 48 507 239 238 507 506 239 466 47 467 466 46 47 508 238 237 508 507 238 465 46 466 465 45 46 92 217 91 92 218 217 92 219 218 509 236 235 509 237 236 509 508 237 510 235 234 510 509 235 511 234 233 511 510 234 512 233 232 512 511 233 513 232 231 513 512 232 93 220 219 93 221 220 93 219 92 514 513 231 514 231 230 515 230 229 515 514 230 516 229 228 516 515 229 517 228 227 517 516 228 94 222 221 94 223 222 94 221 93 95 223 94 95 224 223 96 224 95 96 225 224 96 226 225 381 43 382 381 42 43 383 382 43 383 43 44 380 41 42 380 42 381 384 45 465 384 44 45 384 383 44 379 41 380 385 465 464 385 384 465 378 40 41 378 41 379 386 385 464 386 464 463 377 40 378 387 463 462 387 386 463 376 39 40 376 40 377 388 387 462 388 462 461 375 39 376 389 388 461 389 461 460 374 38 39 374 39 375 390 389 460 390 460 459 373 38 374 97 518 517 97 227 226 97 226 96 97 517 227 391 390 459 391 459 458 372 38 373 392 391 458 392 458 457 371 37 38 371 38 372 393 392 457 370 37 371 394 393 457 394 457 456 369 37 370 395 394 456 395 456 455 368 37 369 368 36 37 396 395 455 396 455 454 367 36 368 397 454 453 397 396 454 366 36 367 398 453 452 398 397 453 365 36 366 98 518 97 399 398 452 399 452 451 364 36 365 400 399 451 400 451 450 35 36 364 35 364 363 401 400 450 362 35 363 402 401 450 402 450 449 361 35 362 403 402 449 403 449 448 360 35 361 404 448 447 404 403 448 99 519 518 99 520 519 99 518 98 405 447 446 405 404 447 406 405 446 34 359 358 34 360 359 34 35 360 357 34 358 356 34 357 100 520 99 33 353 352 33 354 353 33 355 354 33 356 355 33 34 356 351 33 352 101 521 520 101 520 100 32 347 346 32 348 347 32 349 348 32 350 349 32 351 350 32 33 351 102 522 521 102 521 101 31 32 346 31 342 341 31 343 342 31 344 343 31 345 344 31 346 345 592 442 441 591 443 442 591 442 592 593 441 440 593 592 441 590 443 591 594 593 440 589 443 590 589 444 443 595 440 439 595 594 440 588 444 589 588 445 444 596 439 438 596 595 439 587 445 588 587 406 446 587 446 445 597 596 438 597 438 437 586 407 406 586 406 587 598 597 437 585 408 407 585 407 586 103 523 522 103 522 102 599 598 437 599 437 436 584 409 408 584 408 585 600 599 436 600 436 435 583 410 409 583 409 584 601 435 434 601 600 435 582 411 410 582 410 583 30 338 337 30 339 338 30 31 341 30 340 339 30 341 340 602 601 434 581 412 411 581 411 582 603 602 434 603 434 433 580 412 581 604 603 433 604 433 432 579 413 412 579 412 580 605 432 431 605 604 432 578 414 413 578 413 579 606 431 430 606 605 431 577 415 414 577 414 578 607 606 430 576 416 415 576 415 577 608 430 429 608 607 430 575 417 416 575 416 576 104 524 523 104 523 103 609 429 428 609 608 429 574 418 417 574 417 575 610 428 427 610 609 428 573 418 574 29 333 332 29 334 333 29 335 334 29 336 335 29 337 336 29 30 337 611 427 426 611 610 427 572 419 418 572 418 573 612 611 426 571 420 419 571 419 572 613 426 425 613 612 426 570 316 420 570 420 571 569 317 316 569 316 570 568 318 317 568 317 569 105 524 104 105 525 524 567 319 318 567 318 568 28 329 328 28 330 329 28 331 330 28 332 331 28 29 332 566 319 567 1 421 525 1 525 105 27 326 325 27 327 326 27 328 327 27 28 328 2 422 421 2 421 1 26 27 325 26 323 322 26 324 323 26 325 324 3 422 2 3 423 422 25 320 319 25 321 320 25 322 321 25 319 566 25 26 322 4 424 423 4 423 3 24 25 566 24 564 563 24 565 564 24 566 565 5 425 424 5 613 425 5 424 4 23 24 563 23 561 560 23 562 561 23 563 562 6 614 613 6 613 5 22 23 560 22 557 556 22 558 557 22 559 558 22 560 559 7 615 614 7 616 615 7 614 6 21 22 556 21 553 552 21 554 553 21 555 554 21 556 555 8 617 616 8 616 7 20 21 552 20 549 548 20 550 549 20 551 550 20 552 551 9 618 617 9 619 618 9 617 8 19 545 544 19 546 545 19 547 546 19 548 547 19 20 548 10 620 619 10 621 620 10 619 9 18 540 539 18 541 540 18 542 541 18 543 542 18 544 543 18 19 544 11 622 621 11 623 622 11 621 10 17 18 539 17 536 535 17 537 536 17 538 537 17 539 538 12 624 623 12 625 624 12 626 625 12 623 11 16 532 531 16 533 532 16 534 533 16 535 534 16 17 535 13 627 626 13 628 627 13 629 628 13 626 12 15 528 527 15 529 528 15 530 529 15 531 530 15 16 531 14 527 526 14 630 629 14 526 630 14 629 13 14 15 527 
212 210 1 0 0.00073848673222044
-3.1125 -8.24889197104678 -3.5 -3.11545328588324 -8.15021511703747 -3.5 -3.12430257153597 -8.05189150055537 -3.5 -3.13901617881227 -7.95427309462903 -3.5 -3.15954143681677 -7.85770934781621 -3.5 -3.18580487045287 -7.76254593326878 -3.5 -3.21771246344444 -7.66912351131256 -3.5 -3.25514999488971 -7.57777650997171 -3.5 -3.29798344814249 -7.48883192780323 -3.5 -3.34605949055693 -7.40260816332703 -3.5 -3.39920602237861 -7.3194138752418 -3.5 -3.45723279281704 -7.23954687750702 -3.5 -3.51993208109405 -7.16329307324625 -3.5 -3.58707944003029 -7.09092543128819 -3.5 -3.65843449950789 -7.02270300900908 -3.5 -3.73374182693309 -6.95887002497453 -3.5 -3.81273184161864 -6.89965498470046 -3.5 -3.89512177981267 -6.84526986266267 -3.5 -3.98061670691956 -6.79590934348316 -3.5 -4.06891057328922 -6.7517501250098 -3.5 -4.15968730979545 -6.71295028578384 -3.5 -4.25262195928134 -6.67964871915977 -3.5 -4.34738183982157 -6.65196463610318 -3.5 -4.44362773563734 -6.62999713844639 -3.5 -4.54101511140087 -6.61382486412968 -3.5 -4.6391953455824 -6.60350570569783 -3.5 -4.73781697842482 -6.59907660305982 -3.5 -4.83652697007835 -6.60055341125361 -3.5 -4.93497196439163 -6.60793084368913 -3.5 -5.03279955383498 -6.62118249107297 -3.5 -5.12965954102792 -6.64026091594677 -3.5 -5.22520519235491 -6.66509782250101 -3.5 -5.31909447918167 -6.69560430105629 -3.5 -5.41099130222898 -6.73167114633688 -3.5 -5.5005666947208 -6.77316924839732 -3.5 -5.5875 -6.81995005480245 -3.5 -5.67148001939597 -6.87184610240663 -3.5 -5.75220612623506 -6.92867161682828 -3.5 -5.82938934200607 -6.99022317747404 -3.5 -5.90275337082833 -7.05628044573158 -3.5 -5.97203558851922 -7.12660695372476 -3.5 -6.03698798272059 -7.20095095080718 -3.5 -6.09737804071867 -7.2790463047642 -3.5 -6.15298958177917 -7.36061345449715 -3.5 -6.20362353101827 -7.44536041077957 -3.5 -6.249098632039 -7.53298380150281 -3.5 -6.2892520957821 -7.62316995766944 -3.5 -6.32394018326863 -7.71559603624692 -3.5 -6.35303872014816 -7.80993117586176 -3.5 -6.37644354121078 -7.90583768119748 -3.5 -6.39407086327147 -8.00297223185609 -3.5 -6.40585758509215 -8.10098711135611 -3.5 -6.41176151326778 -8.19953145186727 -3.5 -6.41176151326778 -8.29825249022629 -3.5 -6.40585758509215 -8.39679683073745 -3.5 -6.39407086327147 -8.49481171023747 -3.5 -6.37644354121078 -8.59194626089608 -3.5 -6.35303872014816 -8.68785276623179 -3.5 -6.32394018326862 -8.78218790584664 -3.5 -6.2892520957821 -8.87461398442411 -3.5 -6.24909863203899 -8.96480014059075 -3.5 -6.20362353101827 -9.05242353131399 -3.5 -6.15298958177917 -9.13717048759641 -3.5 -6.09737804071866 -9.21873763732936 -3.5 -6.03698798272059 -9.29683299128638 -3.5 -5.97203558851921 -9.3711769883688 -3.5 -5.90275337082833 -9.44150349636198 -3.5 -5.82938934200607 -9.50756076461952 -3.5 -5.75220612623506 -9.56911232526527 -3.5 -5.67148001939597 -9.62593783968693 -3.5 -5.5875 -9.6778338872911 -3.5 -5.50056669472079 -9.72461469369623 -3.5 -5.41099130222897 -9.76611279575667 -3.5 -5.31909447918167 -9.80217964103727 -3.5 -5.22520519235491 -9.83268611959254 -3.5 -5.12965954102792 -9.85752302614678 -3.5 -5.03279955383498 -9.87660145102059 -3.5 -4.93497196439163 -9.88985309840443 -3.5 -4.83652697007835 -9.89723053083994 -3.5 -4.73781697842482 -9.89870733903373 -3.5 -4.6391953455824 -9.89427823639572 -3.5 -4.54101511140087 -9.88395907796387 -3.5 -4.44362773563734 -9.86778680364716 -3.5 -4.34738183982157 -9.84581930599037 -3.5 -4.25262195928134 -9.81813522293378 -3.5 -4.15968730979545 -9.78483365630971 -3.5 -4.06891057328922 -9.74603381708375 -3.5 -3.98061670691956 -9.7018745986104 -3.5 -3.89512177981267 -9.65251407943089 -3.5 -3.81273184161865 -9.59812895739309 -3.5 -3.7337418269331 -9.53891391711903 -3.5 -3.65843449950789 -9.47508093308448 -3.5 -3.58707944003029 -9.40685851080537 -3.5 -3.51993208109405 -9.33449086884731 -3.5 -3.45723279281705 -9.25823706458654 -3.5 -3.39920602237862 -9.17837006685176 -3.5 -3.34605949055693 -9.09517577876653 -3.5 -3.29798344814249 -9.00895201429033 -3.5 -3.25514999488972 -8.92000743212185 -3.5 -3.21771246344444 -8.828660430781 -3.5 -3.18580487045288 -8.73523800882478 -3.5 -3.15954143681678 -8.64007459427736 -3.5 -3.13901617881227 -8.54351084746454 -3.5 -3.12430257153597 -8.44589244153819 -3.5 -3.11545328588324 -8.34756882505609 -3.5 -3.1125 -8.24889197104678 -3.5 -3.1125 -8.24889197104678 -5 -3.11545328588324 -8.15021511703747 -5 -3.12430257153597 -8.05189150055537 -5 -3.13901617881227 -7.95427309462903 -5 -3.15954143681677 -7.85770934781621 -5 -3.18580487045287 -7.76254593326878 -5 -3.21771246344444 -7.66912351131256 -5 -3.25514999488971 -7.57777650997171 -5 -3.29798344814249 -7.48883192780323 -5 -3.34605949055693 -7.40260816332703 -5 -3.39920602237861 -7.3194138752418 -5 -3.45723279281704 -7.23954687750702 -5 -3.51993208109405 -7.16329307324625 -5 -3.58707944003029 -7.09092543128819 -5 -3.65843449950789 -7.02270300900908 -5 -3.73374182693309 -6.95887002497453 -5 -3.81273184161864 -6.89965498470046 -5 -3.89512177981267 -6.84526986266267 -5 -3.98061670691956 -6.79590934348316 -5 -4.06891057328922 -6.7517501250098 -5 -4.15968730979545 -6.71295028578384 -5 -4.25262195928134 -6.67964871915977 -5 -4.34738183982157 -6.65196463610318 -5 -4.44362773563734 -6.62999713844639 -5 -4.54101511140087 -6.61382486412968 -5 -4.6391953455824 -6.60350570569783 -5 -4.73781697842482 -6.59907660305982 -5 -4.83652697007835 -6.60055341125361 -5 -4.93497196439163 -6.60793084368913 -5 -5.03279955383498 -6.62118249107297 -5 -5.12965954102792 -6.64026091594677 -5 -5.22520519235491 -6.66509782250101 -5 -5.31909447918167 -6.69560430105629 -5 -5.41099130222898 -6.73167114633688 -5 -5.5005666947208 -6.77316924839732 -5 -5.5875 -6.81995005480245 -5 -5.67148001939597 -6.87184610240663 -5 -5.75220612623506 -6.92867161682828 -5 -5.82938934200607 -6.99022317747404 -5 -5.90275337082833 -7.05628044573158 -5 -5.97203558851922 -7.12660695372476 -5 -6.03698798272059 -7.20095095080718 -5 -6.09737804071867 -7.2790463047642 -5 -6.15298958177917 -7.36061345449715 -5 -6.20362353101827 -7.44536041077957 -5 -6.249098632039 -7.53298380150281 -5 -6.2892520957821 -7.62316995766944 -5 -6.32394018326863 -7.71559603624692 -5 -6.35303872014816 -7.80993117586176 -5 -6.37644354121078 -7.90583768119748 -5 -6.39407086327147 -8.00297223185609 -5 -6.40585758509215 -8.10098711135611 -5 -6.41176151326778 -8.19953145186727 -5 -6.41176151326778 -8.29825249022629 -5 -6.40585758509215 -8.39679683073745 -5 -6.39407086327147 -8.49481171023747 -5 -6.37644354121078 -8.59194626089608 -5 -6.35303872014816 -8.68785276623179 -5 -6.32394018326862 -8.78218790584664 -5 -6.2892520957821 -8.87461398442411 -5 -6.24909863203899 -8.96480014059075 -5 -6.20362353101827 -9.05242353131399 -5 -6.15298958177917 -9.13717048759641 -5 -6.09737804071866 -9.21873763732936 -5 -6.03698798272059 -9.29683299128638 -5 -5.97203558851921 -9.3711769883688 -5 -5.90275337082833 -9.44150349636198 -5 -5.82938934200607 -9.50756076461952 -5 -5.75220612623506 -9.56911232526527 -5 -5.67148001939597 -9.62593783968693 -5 -5.5875 -9.6778338872911 -5 -5.50056669472079 -9.72461469369623 -5 -5.41099130222897 -9.76611279575667 -5 -5.31909447918167 -9.80217964103727 -5 -5.22520519235491 -9.83268611959254 -5 -5.12965954102792 -9.85752302614678 -5 -5.03279955383498 -9.87660145102059 -5 -4.93497196439163 -9.88985309840443 -5 -4.83652697007835 -9.89723053083994 -5 -4.73781697842482 -9.89870733903373 -5 -4.6391953455824 -9.89427823639572 -5 -4.54101511140087 -9.88395907796387 -5 -4.44362773563734 -9.86778680364716 -5 -4.34738183982157 -9.84581930599037 -5 -4.25262195928134 -9.81813522293378 -5 -4.15968730979545 -9.78483365630971 -5 -4.06891057328922 -9.74603381708375 -5 -3.98061670691956 -9.7018745986104 -5 -3.89512177981267 -9.65251407943089 -5 -3.81273184161865 -9.59812895739309 -5 -3.7337418269331 -9.53891391711903 -5 -3.65843449950789 -9.47508093308448 -5 -3.58707944003029 -9.40685851080537 -5 -3.51993208109405 -9.33449086884731 -5 -3.45723279281705 -9.25823706458654 -5 -3.39920602237862 -9.17837006685176 -5 -3.34605949055693 -9.09517577876653 -5 -3.29798344814249 -9.00895201429033 -5 -3.25514999488972 -8.92000743212185 -5 -3.21771246344444 -8.828660430781 -5 -3.18580487045288 -8.73523800882478 -5 -3.15954143681678 -8.64007459427736 -5 -3.13901617881227 -8.54351084746454 -5 -3.12430257153597 -8.44589244153819 -5 -3.11545328588324 -8.34756882505609 -5 -3.1125 -8.24889197104678 -5 0 2.5 0.059839860068377 2.5 0.119679720136754 2.5 0.179519580205131 2.5 0.239359440273508 2.5 0.299199300341885 2.5 0.359039160410262 2.5 0.418879020478639 2.5 0.478718880547016 2.5 0.538558740615393 2.5 0.59839860068377 2.5 0.658238460752147 2.5 0.718078320820524 2.5 0.777918180888901 2.5 0.837758040957278 2.5 0.897597901025655 2.5 0.957437761094033 2.5 1.01727762116241 2.5 1.07711748123079 2.5 1.13695734129916 2.5 1.19679720136754 2.5 1.25663706143592 2.5 1.31647692150429 2.5 1.37631678157267 2.5 1.43615664164105 2.5 1.49599650170942 2.5 1.5558363617778 2.5 1.61567622184618 2.5 1.67551608191456 2.5 1.73535594198293 2.5 1.79519580205131 2.5 1.85503566211969 2.5 1.91487552218806 2.5 1.97471538225644 2.5 2.03455524232482 2.5 2.09439510239319 2.5 2.15423496246157 2.5 2.21407482252995 2.5 2.27391468259833 2.5 2.3337545426667 2.5 2.39359440273508 2.5 2.45343426280346 2.5 2.51327412287183 2.5 2.57311398294021 2.5 2.63295384300859 2.5 2.69279370307697 2.5 2.75263356314534 2.5 2.81247342321372 2.5 2.8723132832821 2.5 2.93215314335048 2.5 2.99199300341885 2.5 3.05183286348723 2.5 3.11167272355561 2.5 3.17151258362398 2.5 3.23135244369236 2.5 3.29119230376074 2.5 3.35103216382912 2.5 3.41087202389749 2.5 3.47071188396587 2.5 3.53055174403425 2.5 3.59039160410262 2.5 3.650231464171 2.5 3.71007132423938 2.5 3.76991118430776 2.5 3.82975104437613 2.5 3.88959090444451 2.5 3.94943076451289 2.5 4.00927062458126 2.5 4.06911048464964 2.5 4.12895034471802 2.5 4.18879020478639 2.5 4.24863006485477 2.5 4.30846992492315 2.5 4.36830978499152 2.5 4.4281496450599 2.5 4.48798950512828 2.5 4.54782936519665 2.5 4.60766922526503 2.5 4.66750908533341 2.5 4.72734894540178 2.5 4.78718880547016 2.5 4.84702866553854 2.5 4.90686852560691 2.5 4.96670838567529 2.5 5.02654824574367 2.5 5.08638810581204 2.5 5.14622796588042 2.5 5.2060678259488 2.5 5.26590768601717 2.5 5.32574754608555 2.5 5.38558740615393 2.5 5.44542726622231 2.5 5.50526712629068 2.5 5.56510698635906 2.5 5.62494684642744 2.5 5.68478670649581 2.5 5.74462656656419 2.5 5.80446642663257 2.5 5.86430628670094 2.5 5.92414614676932 2.5 5.9839860068377 2.5 6.04382586690607 2.5 6.10366572697445 2.5 6.16350558704283 2.5 6.2233454471112 2.5 6.28318530717959 2.5 0 1 0.059839860068377 1 0.119679720136754 1 0.179519580205131 1 0.239359440273508 1 0.299199300341885 1 0.359039160410262 1 0.418879020478639 1 0.478718880547016 1 0.538558740615393 1 0.59839860068377 1 0.658238460752147 1 0.718078320820524 1 0.777918180888901 1 0.837758040957278 1 0.897597901025655 1 0.957437761094033 1 1.01727762116241 1 1.07711748123079 1 1.13695734129916 1 1.19679720136754 1 1.25663706143592 1 1.31647692150429 1 1.37631678157267 1 1.43615664164105 1 1.49599650170942 1 1.5558363617778 1 1.61567622184618 1 1.67551608191456 1 1.73535594198293 1 1.79519580205131 1 1.85503566211969 1 1.91487552218806 1 1.97471538225644 1 2.03455524232482 1 2.09439510239319 1 2.15423496246157 1 2.21407482252995 1 2.27391468259833 1 2.3337545426667 1 2.39359440273508 1 2.45343426280346 1 2.51327412287183 1 2.57311398294021 1 2.63295384300859 1 2.69279370307697 1 2.75263356314534 1 2.81247342321372 1 2.8723132832821 1 2.93215314335048 1 2.99199300341885 1 3.05183286348723 1 3.11167272355561 1 3.17151258362398 1 3.23135244369236 1 3.29119230376074 1 3.35103216382912 1 3.41087202389749 1 3.47071188396587 1 3.53055174403425 1 3.59039160410262 1 3.650231464171 1 3.71007132423938 1 3.76991118430776 1 3.82975104437613 1 3.88959090444451 1 3.94943076451289 1 4.00927062458126 1 4.06911048464964 1 4.12895034471802 1 4.18879020478639 1 4.24863006485477 1 4.30846992492315 1 4.36830978499152 1 4.4281496450599 1 4.48798950512828 1 4.54782936519665 1 4.60766922526503 1 4.66750908533341 1 4.72734894540178 1 4.78718880547016 1 4.84702866553854 1 4.90686852560691 1 4.96670838567529 1 5.02654824574367 1 5.08638810581204 1 5.14622796588042 1 5.2060678259488 1 5.26590768601717 1 5.32574754608555 1 5.38558740615393 1 5.44542726622231 1 5.50526712629068 1 5.56510698635906 1 5.62494684642744 1 5.68478670649581 1 5.74462656656419 1 5.80446642663257 1 5.86430628670094 1 5.92414614676932 1 5.9839860068377 1 6.04382586690607 1 6.10366572697445 1 6.16350558704283 1 6.2233454471112 1 6.28318530717959 1 2 1 107 2 107 108 3 108 109 3 2 108 4 109 110 4 110 111 4 3 109 5 4 111 6 111 112 6 5 111 7 112 113 7 113 114 7 6 112 8 7 114 9 114 115 9 8 114 10 115 116 10 9 115 11 116 117 11 10 116 12 117 118 12 11 117 13 118 119 13 119 120 13 12 118 14 13 120 15 120 121 15 14 120 16 121 122 16 15 121 17 122 123 17 16 122 18 123 124 18 17 123 19 124 125 19 18 124 20 125 126 20 19 125 21 126 127 21 20 126 22 127 128 22 21 127 23 22 128 23 128 129 23 129 130 24 23 130 24 130 131 25 24 131 26 25 131 26 131 132 26 132 133 27 26 133 28 27 133 28 133 134 28 134 135 29 28 135 29 135 136 30 29 136 31 30 136 31 136 137 31 137 138 32 31 138 33 138 139 33 139 140 33 32 138 34 33 140 35 140 141 35 34 140 36 141 142 36 35 141 37 142 143 37 143 144 37 36 142 38 37 144 39 144 145 39 38 144 40 145 146 40 39 145 41 146 147 41 40 146 42 147 148 42 41 147 43 148 149 43 42 148 44 149 150 44 43 149 45 150 151 45 44 150 46 151 152 46 45 151 47 152 153 47 153 154 47 46 152 48 47 154 49 48 154 49 154 155 50 49 155 50 155 156 51 50 156 51 156 157 52 51 157 52 157 158 53 52 158 53 158 159 54 53 159 54 159 160 55 54 160 55 160 161 56 55 161 56 161 162 57 56 162 57 162 163 57 163 164 58 57 164 59 58 164 59 164 165 60 59 165 60 165 166 61 60 166 61 166 167 62 61 167 62 167 168 63 62 168 63 168 169 64 63 169 64 169 170 65 64 170 65 170 171 66 171 172 66 65 171 67 172 173 67 173 174 67 66 172 68 67 174 69 174 175 69 175 176 69 68 174 70 69 176 71 176 177 71 70 176 72 177 178 72 178 179 72 71 177 73 72 179 74 73 179 74 179 180 75 74 180 75 180 181 76 75 181 76 181 182 77 76 182 77 182 183 78 77 183 78 183 184 79 78 184 79 184 185 79 185 186 80 79 186 81 80 186 81 186 187 82 81 187 82 187 188 83 82 188 83 188 189 84 83 189 84 189 190 85 84 190 85 190 191 86 85 191 86 191 192 87 86 192 87 192 193 88 87 193 88 193 194 89 88 194 89 194 195 90 89 195 90 195 196 91 90 196 91 196 197 92 91 197 92 197 198 92 198 199 93 92 199 94 93 199 94 199 200 95 94 200 95 200 201 96 202 203 96 95 201 96 201 202 97 203 204 97 96 203 98 97 204 99 204 205 99 98 204 100 205 206 100 99 205 101 206 207 101 100 206 102 207 208 102 101 207 103 208 209 103 209 210 103 102 208 104 103 210 105 210 211 105 104 210 106 105 211 106 211 212 
212 210 1 0 0.00100702736211954
4.96759997357646 -10.1422211760352 -3.5 4.96357276555387 -10.0076618296589 -3.5 4.9515055578456 -9.87358417081967 -3.5 4.93144154792338 -9.74046816273828 -3.5 4.90345255973542 -9.60879032617535 -3.5 4.86763878659528 -9.47902203361068 -3.5 4.82412843251587 -9.3516278218522 -3.5 4.77307725327231 -9.22706372911467 -3.5 4.71466799883671 -9.1057756625213 -3.5 4.64910975918066 -8.98819780187193 -3.5 4.57663721578745 -8.87475104539207 -3.5 4.49750980155323 -8.76584150302645 -3.5 4.41201077208459 -8.66185904267086 -3.5 4.32044619171699 -8.56317589454624 -3.5 4.22314383788389 -8.47014531871108 -3.5 4.12045202775861 -8.38310034048215 -3.5 4.01273837136923 -8.30235255829025 -3.5 3.9003884556501 -8.2281910282387 -3.5 3.78380446414071 -8.16088122935756 -3.5 3.66340373727299 -8.10066411325752 -3.5 3.53961727840085 -8.04775524158576 -3.5 3.41288821092009 -8.00234401437112 -3.5 3.28367019200161 -7.96459299202122 -3.5 3.15242578861646 -7.93463731339833 -3.5 3.01962482166619 -7.91258421205736 -3.5 2.88574268414592 -7.89851263237756 -3.5 2.75125863936081 -7.8924729469621 -3.5 2.61665410528781 -7.89448677631726 -3.5 2.48241093122424 -7.9045469114566 -3.5 2.3490096728924 -7.92261733970729 -3.5 2.21692787217476 -7.94863337362611 -3.5 2.08663834763796 -7.98250188256372 -3.5 1.9586075019651 -8.02410162604819 -3.5 1.83329365235514 -8.07328368779445 -3.5 1.71114538986629 -8.12987200878596 -3.5 1.59259997357646 -8.19366401752023 -3.5 1.47808176530923 -8.26443135516229 -3.5 1.36800071052866 -8.34192069301 -3.5 1.26275087084091 -8.42585463934512 -3.5 1.16270901335602 -8.51593273242359 -3.5 1.06823326195935 -8.61183251605065 -3.5 0.979661815321114 -8.71321069389032 -3.5 0.897311736232831 -8.81970435837715 -3.5 0.821477816604874 -8.93093228983118 -3.5 0.75243152218792 -9.04649632112539 -3.5 0.690420020796019 -9.16598276302071 -3.5 0.635665297509969 -9.28896388506613 -3.5 0.588363360028342 -9.41499944676269 -3.5 0.548683537010792 -9.5436382735102 -3.5 0.5167678719254 -9.67441987169526 -3.5 0.492730614569923 -9.80687607713883 -3.5 0.476657812087175 -9.9405327310025 -3.5 0.46860700093858 -10.0749113771541 -3.5 0.46860700093858 -10.2095309749164 -3.5 0.476657812087176 -10.3439096210679 -3.5 0.492730614569925 -10.4775662749316 -3.5 0.516767871925401 -10.6100224803752 -3.5 0.548683537010795 -10.7408040785602 -3.5 0.588363360028345 -10.8694429053078 -3.5 0.635665297509973 -10.9954784670043 -3.5 0.690420020796023 -11.1184595890497 -3.5 0.752431522187925 -11.2379460309451 -3.5 0.821477816604879 -11.3535100622393 -3.5 0.897311736232836 -11.4647379936933 -3.5 0.979661815321119 -11.5712316581801 -3.5 1.06823326195936 -11.6726098360198 -3.5 1.16270901335602 -11.7685096196469 -3.5 1.26275087084092 -11.8585877127253 -3.5 1.36800071052866 -11.9425216590604 -3.5 1.47808176530924 -12.0200109969082 -3.5 1.59259997357647 -12.0907783345502 -3.5 1.7111453898663 -12.1545703432845 -3.5 1.83329365235514 -12.211158664276 -3.5 1.9586075019651 -12.2603407260223 -3.5 2.08663834763796 -12.3019404695067 -3.5 2.21692787217476 -12.3358089784443 -3.5 2.34900967289241 -12.3618250123631 -3.5 2.48241093122425 -12.3798954406138 -3.5 2.61665410528781 -12.3899555757532 -3.5 2.75125863936081 -12.3919694051083 -3.5 2.88574268414592 -12.3859297196929 -3.5 3.01962482166619 -12.3718581400131 -3.5 3.15242578861646 -12.3498050386721 -3.5 3.28367019200161 -12.3198493600492 -3.5 3.41288821092009 -12.2820983376993 -3.5 3.53961727840085 -12.2366871104847 -3.5 3.66340373727298 -12.1837782388129 -3.5 3.78380446414071 -12.1235611227129 -3.5 3.90038845565009 -12.0562513238317 -3.5 4.01273837136922 -11.9820897937802 -3.5 4.12045202775861 -11.9013420115883 -3.5 4.22314383788389 -11.8142970333594 -3.5 4.32044619171698 -11.7212664575242 -3.5 4.41201077208458 -11.6225833093996 -3.5 4.49750980155322 -11.518600849044 -3.5 4.57663721578745 -11.4096913066784 -3.5 4.64910975918066 -11.2962445501985 -3.5 4.7146679988367 -11.1786666895491 -3.5 4.77307725327231 -11.0573786229558 -3.5 4.82412843251587 -10.9328145302183 -3.5 4.86763878659528 -10.8054203184598 -3.5 4.90345255973541 -10.6756520258951 -3.5 4.93144154792338 -10.5439741893322 -3.5 4.95150555784559 -10.4108581812508 -3.5 4.96357276555387 -10.2767805224116 -3.5 4.96759997357646 -10.1422211760352 -3.5 4.96759997357646 -10.1422211760352 -5 4.96357276555387 -10.0076618296589 -5 4.9515055578456 -9.87358417081967 -5 4.93144154792338 -9.74046816273828 -5 4.90345255973542 -9.60879032617535 -5 4.86763878659528 -9.47902203361068 -5 4.82412843251587 -9.3516278218522 -5 4.77307725327231 -9.22706372911467 -5 4.71466799883671 -9.1057756625213 -5 4.64910975918066 -8.98819780187193 -5 4.57663721578745 -8.87475104539207 -5 4.49750980155323 -8.76584150302645 -5 4.41201077208459 -8.66185904267086 -5 4.32044619171699 -8.56317589454624 -5 4.22314383788389 -8.47014531871108 -5 4.12045202775861 -8.38310034048215 -5 4.01273837136923 -8.30235255829025 -5 3.9003884556501 -8.2281910282387 -5 3.78380446414071 -8.16088122935756 -5 3.66340373727299 -8.10066411325752 -5 3.53961727840085 -8.04775524158576 -5 3.41288821092009 -8.00234401437112 -5 3.28367019200161 -7.96459299202122 -5 3.15242578861646 -7.93463731339833 -5 3.01962482166619 -7.91258421205736 -5 2.88574268414592 -7.89851263237756 -5 2.75125863936081 -7.8924729469621 -5 2.61665410528781 -7.89448677631726 -5 2.48241093122424 -7.9045469114566 -5 2.3490096728924 -7.92261733970729 -5 2.21692787217476 -7.94863337362611 -5 2.08663834763796 -7.98250188256372 -5 1.9586075019651 -8.02410162604819 -5 1.83329365235514 -8.07328368779445 -5 1.71114538986629 -8.12987200878596 -5 1.59259997357646 -8.19366401752023 -5 1.47808176530923 -8.26443135516229 -5 1.36800071052866 -8.34192069301 -5 1.26275087084091 -8.42585463934512 -5 1.16270901335602 -8.51593273242359 -5 1.06823326195935 -8.61183251605065 -5 0.979661815321114 -8.71321069389032 -5 0.897311736232831 -8.81970435837715 -5 0.821477816604874 -8.93093228983118 -5 0.75243152218792 -9.04649632112539 -5 0.690420020796019 -9.16598276302071 -5 0.635665297509969 -9.28896388506613 -5 0.588363360028342 -9.41499944676269 -5 0.548683537010792 -9.5436382735102 -5 0.5167678719254 -9.67441987169526 -5 0.492730614569923 -9.80687607713883 -5 0.476657812087175 -9.9405327310025 -5 0.46860700093858 -10.0749113771541 -5 0.46860700093858 -10.2095309749164 -5 0.476657812087176 -10.3439096210679 -5 0.492730614569925 -10.4775662749316 -5 0.516767871925401 -10.6100224803752 -5 0.548683537010795 -10.7408040785602 -5 0.588363360028345 -10.8694429053078 -5 0.635665297509973 -10.9954784670043 -5 0.690420020796023 -11.1184595890497 -5 0.752431522187925 -11.2379460309451 -5 0.821477816604879 -11.3535100622393 -5 0.897311736232836 -11.4647379936933 -5 0.979661815321119 -11.5712316581801 -5 1.06823326195936 -11.6726098360198 -5 1.16270901335602 -11.7685096196469 -5 1.26275087084092 -11.8585877127253 -5 1.36800071052866 -11.9425216590604 -5 1.47808176530924 -12.0200109969082 -5 1.59259997357647 -12.0907783345502 -5 1.7111453898663 -12.1545703432845 -5 1.83329365235514 -12.211158664276 -5 1.9586075019651 -12.2603407260223 -5 2.08663834763796 -12.3019404695067 -5 2.21692787217476 -12.3358089784443 -5 2.34900967289241 -12.3618250123631 -5 2.48241093122425 -12.3798954406138 -5 2.61665410528781 -12.3899555757532 -5 2.75125863936081 -12.3919694051083 -5 2.88574268414592 -12.3859297196929 -5 3.01962482166619 -12.3718581400131 -5 3.15242578861646 -12.3498050386721 -5 3.28367019200161 -12.3198493600492 -5 3.41288821092009 -12.2820983376993 -5 3.53961727840085 -12.2366871104847 -5 3.66340373727298 -12.1837782388129 -5 3.78380446414071 -12.1235611227129 -5 3.90038845565009 -12.0562513238317 -5 4.01273837136922 -11.9820897937802 -5 4.12045202775861 -11.9013420115883 -5 4.22314383788389 -11.8142970333594 -5 4.32044619171698 -11.7212664575242 -5 4.41201077208458 -11.6225833093996 -5 4.49750980155322 -11.518600849044 -5 4.57663721578745 -11.4096913066784 -5 4.64910975918066 -11.2962445501985 -5 4.7146679988367 -11.1786666895491 -5 4.77307725327231 -11.0573786229558 -5 4.82412843251587 -10.9328145302183 -5 4.86763878659528 -10.8054203184598 -5 4.90345255973541 -10.6756520258951 -5 4.93144154792338 -10.5439741893322 -5 4.95150555784559 -10.4108581812508 -5 4.96357276555387 -10.2767805224116 -5 4.96759997357646 -10.1422211760352 -5 0 2.5 0.059839860068377 2.5 0.119679720136754 2.5 0.179519580205131 2.5 0.239359440273508 2.5 0.299199300341885 2.5 0.359039160410262 2.5 0.418879020478639 2.5 0.478718880547016 2.5 0.538558740615393 2.5 0.59839860068377 2.5 0.658238460752147 2.5 0.718078320820524 2.5 0.777918180888901 2.5 0.837758040957278 2.5 0.897597901025655 2.5 0.957437761094033 2.5 1.01727762116241 2.5 1.07711748123079 2.5 1.13695734129916 2.5 1.19679720136754 2.5 1.25663706143592 2.5 1.31647692150429 2.5 1.37631678157267 2.5 1.43615664164105 2.5 1.49599650170942 2.5 1.5558363617778 2.5 1.61567622184618 2.5 1.67551608191456 2.5 1.73535594198293 2.5 1.79519580205131 2.5 1.85503566211969 2.5 1.91487552218806 2.5 1.97471538225644 2.5 2.03455524232482 2.5 2.09439510239319 2.5 2.15423496246157 2.5 2.21407482252995 2.5 2.27391468259833 2.5 2.3337545426667 2.5 2.39359440273508 2.5 2.45343426280346 2.5 2.51327412287183 2.5 2.57311398294021 2.5 2.63295384300859 2.5 2.69279370307697 2.5 2.75263356314534 2.5 2.81247342321372 2.5 2.8723132832821 2.5 2.93215314335048 2.5 2.99199300341885 2.5 3.05183286348723 2.5 3.11167272355561 2.5 3.17151258362398 2.5 3.23135244369236 2.5 3.29119230376074 2.5 3.35103216382912 2.5 3.41087202389749 2.5 3.47071188396587 2.5 3.53055174403425 2.5 3.59039160410262 2.5 3.650231464171 2.5 3.71007132423938 2.5 3.76991118430776 2.5 3.82975104437613 2.5 3.88959090444451 2.5 3.94943076451289 2.5 4.00927062458126 2.5 4.06911048464964 2.5 4.12895034471802 2.5 4.18879020478639 2.5 4.24863006485477 2.5 4.30846992492315 2.5 4.36830978499152 2.5 4.4281496450599 2.5 4.48798950512828 2.5 4.54782936519665 2.5 4.60766922526503 2.5 4.66750908533341 2.5 4.72734894540178 2.5 4.78718880547016 2.5 4.84702866553854 2.5 4.90686852560691 2.5 4.96670838567529 2.5 5.02654824574367 2.5 5.08638810581204 2.5 5.14622796588042 2.5 5.2060678259488 2.5 5.26590768601717 2.5 5.32574754608555 2.5 5.38558740615393 2.5 5.44542726622231 2.5 5.50526712629068 2.5 5.56510698635906 2.5 5.62494684642744 2.5 5.68478670649581 2.5 5.74462656656419 2.5 5.80446642663257 2.5 5.86430628670094 2.5 5.92414614676932 2.5 5.9839860068377 2.5 6.04382586690607 2.5 6.10366572697445 2.5 6.16350558704283 2.5 6.2233454471112 2.5 6.28318530717959 2.5 0 1 0.059839860068377 1 0.119679720136754 1 0.179519580205131 1 0.239359440273508 1 0.299199300341885 1 0.359039160410262 1 0.418879020478639 1 0.478718880547016 1 0.538558740615393 1 0.59839860068377 1 0.658238460752147 1 0.718078320820524 1 0.777918180888901 1 0.837758040957278 1 0.897597901025655 1 0.957437761094033 1 1.01727762116241 1 1.07711748123079 1 1.13695734129916 1 1.19679720136754 1 1.25663706143592 1 1.31647692150429 1 1.37631678157267 1 1.43615664164105 1 1.49599650170942 1 1.5558363617778 1 1.61567622184618 1 1.67551608191456 1 1.73535594198293 1 1.79519580205131 1 1.85503566211969 1 1.91487552218806 1 1.97471538225644 1 2.03455524232482 1 2.09439510239319 1 2.15423496246157 1 2.21407482252995 1 2.27391468259833 1 2.3337545426667 1 2.39359440273508 1 2.45343426280346 1 2.51327412287183 1 2.57311398294021 1 2.63295384300859 1 2.69279370307697 1 2.75263356314534 1 2.81247342321372 1 2.8723132832821 1 2.93215314335048 1 2.99199300341885 1 3.05183286348723 1 3.11167272355561 1 3.17151258362398 1 3.23135244369236 1 3.29119230376074 1 3.35103216382912 1 3.41087202389749 1 3.47071188396587 1 3.53055174403425 1 3.59039160410262 1 3.650231464171 1 3.71007132423938 1 3.76991118430776 1 3.82975104437613 1 3.88959090444451 1 3.94943076451289 1 4.00927062458126 1 4.06911048464964 1 4.12895034471802 1 4.18879020478639 1 4.24863006485477 1 4.30846992492315 1 4.36830978499152 1 4.4281496450599 1 4.48798950512828 1 4.54782936519665 1 4.60766922526503 1 4.66750908533341 1 4.72734894540178 1 4.78718880547016 1 4.84702866553854 1 4.90686852560691 1 4.96670838567529 1 5.02654824574367 1 5.08638810581204 1 5.14622796588042 1 5.2060678259488 1 5.26590768601717 1 5.32574754608555 1 5.38558740615393 1 5.44542726622231 1 5.50526712629068 1 5.56510698635906 1 5.62494684642744 1 5.68478670649581 1 5.74462656656419 1 5.80446642663257 1 5.86430628670094 1 5.92414614676932 1 5.9839860068377 1 6.04382586690607 1 6.10366572697445 1 6.16350558704283 1 6.2233454471112 1 6.28318530717959 1 2 1 107 2 107 108 3 108 109 3 2 108 4 109 110 4 110 111 4 3 109 5 4 111 6 111 112 6 5 111 7 112 113 7 113 114 7 6 112 8 7 114 9 114 115 9 8 114 10 115 116 10 9 115 11 116 117 11 10 116 12 117 118 12 11 117 13 118 119 13 119 120 13 12 118 14 13 120 15 120 121 15 14 120 16 121 122 16 15 121 17 122 123 17 16 122 18 123 124 18 17 123 19 124 125 19 18 124 20 125 126 20 19 125 21 126 127 21 20 126 22 127 128 22 21 127 23 22 128 23 128 129 23 129 130 24 23 130 24 130 131 25 24 131 26 25 131 26 131 132 26 132 133 27 26 133 28 27 133 28 133 134 28 134 135 29 28 135 29 135 136 30 29 136 31 30 136 31 136 137 31 137 138 32 31 138 33 138 139 33 139 140 33 32 138 34 33 140 35 140 141 35 34 140 36 141 142 36 35 141 37 142 143 37 143 144 37 36 142 38 37 144 39 144 145 39 38 144 40 145 146 40 39 145 41 146 147 41 40 146 42 147 148 42 41 147 43 148 149 43 42 148 44 149 150 44 43 149 45 150 151 45 44 150 46 151 152 46 45 151 47 152 153 47 153 154 47 46 152 48 47 154 49 48 154 49 154 155 50 49 155 50 155 156 51 50 156 51 156 157 52 51 157 52 157 158 53 52 158 53 158 159 54 53 159 54 159 160 55 54 160 55 160 161 56 55 161 56 161 162 57 56 162 57 162 163 57 163 164 58 57 164 59 58 164 59 164 165 60 59 165 60 165 166 61 60 166 61 166 167 62 61 167 62 167 168 63 62 168 63 168 169 64 63 169 64 169 170 65 64 170 65 170 171 66 171 172 66 65 171 67 172 173 67 173 174 67 66 172 68 67 174 69 174 175 69 175 176 69 68 174 70 69 176 71 176 177 71 70 176 72 177 178 72 178 179 72 71 177 73 72 179 74 73 179 74 179 180 75 74 180 75 180 181 76 75 181 76 181 182 77 76 182 77 182 183 78 77 183 78 183 184 79 78 184 79 184 185 79 185 186 80 79 186 81 80 186 81 186 187 82 81 187 82 187 188 83 82 188 83 188 189 84 83 189 84 189 190 85 84 190 85 190 191 86 85 191 86 191 192 87 86 192 87 192 193 88 87 193 88 193 194 89 88 194 89 194 195 90 89 195 90 195 196 91 90 196 91 196 197 92 91 197 92 197 198 92 198 199 93 92 199 94 93 199 94 199 200 95 94 200 95 200 201 96 202 203 96 95 201 96 201 202 97 203 204 97 96 203 98 97 204 99 204 205 99 98 204 100 205 206 100 99 205 101 206 207 101 100 206 102 207 208 102 101 207 103 208 209 103 209 210 103 102 208 104 103 210 105 210 211 105 104 210 106 105 211 106 211 212 
212 210 1 0 0.00100702736211933
-0.467599973576469 10.1422211760352 -3.5 -0.471627181599065 10.2767805224115 -3.5 -0.483694389307335 10.4108581812508 -3.5 -0.503758399229552 10.5439741893322 -3.5 -0.531747387417517 10.6756520258951 -3.5 -0.567561160557652 10.8054203184598 -3.5 -0.61107151463706 10.9328145302182 -3.5 -0.662122693880617 11.0573786229558 -3.5 -0.720531948316222 11.1786666895491 -3.5 -0.78609018797227 11.2962445501985 -3.5 -0.858562731365481 11.4096913066784 -3.5 -0.937690145599701 11.518600849044 -3.5 -1.02318917506834 11.6225833093996 -3.5 -1.11475375543594 11.7212664575242 -3.5 -1.21205610926904 11.8142970333594 -3.5 -1.31474791939432 11.9013420115883 -3.5 -1.4224615757837 11.9820897937802 -3.5 -1.53481149150283 12.0562513238317 -3.5 -1.65139548301222 12.1235611227129 -3.5 -1.77179620987995 12.1837782388129 -3.5 -1.89558266875208 12.2366871104847 -3.5 -2.02231173623284 12.2820983376993 -3.5 -2.15152975515132 12.3198493600492 -3.5 -2.28277415853647 12.3498050386721 -3.5 -2.41557512548674 12.3718581400131 -3.5 -2.54945726300701 12.3859297196929 -3.5 -2.68394130779213 12.3919694051083 -3.5 -2.81854584186513 12.3899555757532 -3.5 -2.95278901592869 12.3798954406138 -3.5 -3.08619027426053 12.3618250123631 -3.5 -3.21827207497818 12.3358089784443 -3.5 -3.34856159951497 12.3019404695067 -3.5 -3.47659244518783 12.2603407260222 -3.5 -3.6019062947978 12.211158664276 -3.5 -3.72405455728664 12.1545703432845 -3.5 -3.84259997357647 12.0907783345502 -3.5 -3.9571181818437 12.0200109969081 -3.5 -4.06719923662427 11.9425216590604 -3.5 -4.17244907631202 11.8585877127253 -3.5 -4.27249093379691 11.7685096196468 -3.5 -4.36696668519358 11.6726098360198 -3.5 -4.45553813183182 11.5712316581801 -3.5 -4.5378882109201 11.4647379936933 -3.5 -4.61372213054806 11.3535100622393 -3.5 -4.68276842496501 11.237946030945 -3.5 -4.74477992635691 11.1184595890497 -3.5 -4.79953464964296 10.9954784670043 -3.5 -4.84683658712459 10.8694429053077 -3.5 -4.88651641014214 10.7408040785602 -3.5 -4.91843207522753 10.6100224803752 -3.5 -4.94246933258301 10.4775662749316 -3.5 -4.95854213506576 10.3439096210679 -3.5 -4.96659294621435 10.2095309749164 -3.5 -4.96659294621435 10.0749113771541 -3.5 -4.95854213506576 9.94053273100249 -3.5 -4.94246933258301 9.80687607713882 -3.5 -4.91843207522753 9.67441987169525 -3.5 -4.88651641014214 9.54363827351019 -3.5 -4.84683658712459 9.41499944676268 -3.5 -4.79953464964296 9.28896388506612 -3.5 -4.74477992635691 9.16598276302071 -3.5 -4.68276842496501 9.04649632112539 -3.5 -4.61372213054805 8.93093228983118 -3.5 -4.5378882109201 8.81970435837715 -3.5 -4.45553813183181 8.71321069389031 -3.5 -4.36696668519357 8.61183251605064 -3.5 -4.27249093379691 8.51593273242358 -3.5 -4.17244907631201 8.42585463934511 -3.5 -4.06719923662427 8.34192069301 -3.5 -3.95711818184369 8.26443135516228 -3.5 -3.84259997357646 8.19366401752023 -3.5 -3.72405455728664 8.12987200878596 -3.5 -3.60190629479779 8.07328368779445 -3.5 -3.47659244518783 8.02410162604818 -3.5 -3.34856159951497 7.98250188256372 -3.5 -3.21827207497817 7.94863337362611 -3.5 -3.08619027426053 7.92261733970729 -3.5 -2.95278901592869 7.9045469114566 -3.5 -2.81854584186513 7.89448677631726 -3.5 -2.68394130779213 7.8924729469621 -3.5 -2.54945726300701 7.89851263237756 -3.5 -2.41557512548674 7.91258421205736 -3.5 -2.28277415853648 7.93463731339833 -3.5 -2.15152975515133 7.96459299202122 -3.5 -2.02231173623284 8.00234401437112 -3.5 -1.89558266875208 8.04775524158576 -3.5 -1.77179620987995 8.10066411325752 -3.5 -1.65139548301223 8.16088122935756 -3.5 -1.53481149150284 8.2281910282387 -3.5 -1.42246157578371 8.30235255829024 -3.5 -1.31474791939432 8.38310034048215 -3.5 -1.21205610926904 8.47014531871108 -3.5 -1.11475375543595 8.56317589454623 -3.5 -1.02318917506835 8.66185904267086 -3.5 -0.937690145599707 8.76584150302645 -3.5 -0.858562731365486 8.87475104539206 -3.5 -0.786090187972276 8.98819780187192 -3.5 -0.720531948316228 9.10577566252129 -3.5 -0.662122693880622 9.22706372911466 -3.5 -0.611071514637065 9.35162782185219 -3.5 -0.567561160557656 9.47902203361067 -3.5 -0.53174738741752 9.60879032617533 -3.5 -0.503758399229555 9.74046816273827 -3.5 -0.483694389307337 9.87358417081965 -3.5 -0.471627181599066 10.0076618296589 -3.5 -0.467599973576469 10.1422211760352 -3.5 -0.467599973576469 10.1422211760352 -5 -0.471627181599065 10.2767805224115 -5 -0.483694389307335 10.4108581812508 -5 -0.503758399229552 10.5439741893322 -5 -0.531747387417517 10.6756520258951 -5 -0.567561160557652 10.8054203184598 -5 -0.61107151463706 10.9328145302182 -5 -0.662122693880617 11.0573786229558 -5 -0.720531948316222 11.1786666895491 -5 -0.78609018797227 11.2962445501985 -5 -0.858562731365481 11.4096913066784 -5 -0.937690145599701 11.518600849044 -5 -1.02318917506834 11.6225833093996 -5 -1.11475375543594 11.7212664575242 -5 -1.21205610926904 11.8142970333594 -5 -1.31474791939432 11.9013420115883 -5 -1.4224615757837 11.9820897937802 -5 -1.53481149150283 12.0562513238317 -5 -1.65139548301222 12.1235611227129 -5 -1.77179620987995 12.1837782388129 -5 -1.89558266875208 12.2366871104847 -5 -2.02231173623284 12.2820983376993 -5 -2.15152975515132 12.3198493600492 -5 -2.28277415853647 12.3498050386721 -5 -2.41557512548674 12.3718581400131 -5 -2.54945726300701 12.3859297196929 -5 -2.68394130779213 12.3919694051083 -5 -2.81854584186513 12.3899555757532 -5 -2.95278901592869 12.3798954406138 -5 -3.08619027426053 12.3618250123631 -5 -3.21827207497818 12.3358089784443 -5 -3.34856159951497 12.3019404695067 -5 -3.47659244518783 12.2603407260222 -5 -3.6019062947978 12.211158664276 -5 -3.72405455728664 12.1545703432845 -5 -3.84259997357647 12.0907783345502 -5 -3.9571181818437 12.0200109969081 -5 -4.06719923662427 11.9425216590604 -5 -4.17244907631202 11.8585877127253 -5 -4.27249093379691 11.7685096196468 -5 -4.36696668519358 11.6726098360198 -5 -4.45553813183182 11.5712316581801 -5 -4.5378882109201 11.4647379936933 -5 -4.61372213054806 11.3535100622393 -5 -4.68276842496501 11.237946030945 -5 -4.74477992635691 11.1184595890497 -5 -4.79953464964296 10.9954784670043 -5 -4.84683658712459 10.8694429053077 -5 -4.88651641014214 10.7408040785602 -5 -4.91843207522753 10.6100224803752 -5 -4.94246933258301 10.4775662749316 -5 -4.95854213506576 10.3439096210679 -5 -4.96659294621435 10.2095309749164 -5 -4.96659294621435 10.0749113771541 -5 -4.95854213506576 9.94053273100249 -5 -4.94246933258301 9.80687607713882 -5 -4.91843207522753 9.67441987169525 -5 -4.88651641014214 9.54363827351019 -5 -4.84683658712459 9.41499944676268 -5 -4.79953464964296 9.28896388506612 -5 -4.74477992635691 9.16598276302071 -5 -4.68276842496501 9.04649632112539 -5 -4.61372213054805 8.93093228983118 -5 -4.5378882109201 8.81970435837715 -5 -4.45553813183181 8.71321069389031 -5 -4.36696668519357 8.61183251605064 -5 -4.27249093379691 8.51593273242358 -5 -4.17244907631201 8.42585463934511 -5 -4.06719923662427 8.34192069301 -5 -3.95711818184369 8.26443135516228 -5 -3.84259997357646 8.19366401752023 -5 -3.72405455728664 8.12987200878596 -5 -3.60190629479779 8.07328368779445 -5 -3.47659244518783 8.02410162604818 -5 -3.34856159951497 7.98250188256372 -5 -3.21827207497817 7.94863337362611 -5 -3.08619027426053 7.92261733970729 -5 -2.95278901592869 7.9045469114566 -5 -2.81854584186513 7.89448677631726 -5 -2.68394130779213 7.8924729469621 -5 -2.54945726300701 7.89851263237756 -5 -2.41557512548674 7.91258421205736 -5 -2.28277415853648 7.93463731339833 -5 -2.15152975515133 7.96459299202122 -5 -2.02231173623284 8.00234401437112 -5 -1.89558266875208 8.04775524158576 -5 -1.77179620987995 8.10066411325752 -5 -1.65139548301223 8.16088122935756 -5 -1.53481149150284 8.2281910282387 -5 -1.42246157578371 8.30235255829024 -5 -1.31474791939432 8.38310034048215 -5 -1.21205610926904 8.47014531871108 -5 -1.11475375543595 8.56317589454623 -5 -1.02318917506835 8.66185904267086 -5 -0.937690145599707 8.76584150302645 -5 -0.858562731365486 8.87475104539206 -5 -0.786090187972276 8.98819780187192 -5 -0.720531948316228 9.10577566252129 -5 -0.662122693880622 9.22706372911466 -5 -0.611071514637065 9.35162782185219 -5 -0.567561160557656 9.47902203361067 -5 -0.53174738741752 9.60879032617533 -5 -0.503758399229555 9.74046816273827 -5 -0.483694389307337 9.87358417081965 -5 -0.471627181599066 10.0076618296589 -5 -0.467599973576469 10.1422211760352 -5 0 2.5 0.059839860068377 2.5 0.119679720136754 2.5 0.179519580205131 2.5 0.239359440273508 2.5 0.299199300341885 2.5 0.359039160410262 2.5 0.418879020478639 2.5 0.478718880547016 2.5 0.538558740615393 2.5 0.59839860068377 2.5 0.658238460752147 2.5 0.718078320820524 2.5 0.777918180888901 2.5 0.837758040957278 2.5 0.897597901025655 2.5 0.957437761094033 2.5 1.01727762116241 2.5 1.07711748123079 2.5 1.13695734129916 2.5 1.19679720136754 2.5 1.25663706143592 2.5 1.31647692150429 2.5 1.37631678157267 2.5 1.43615664164105 2.5 1.49599650170942 2.5 1.5558363617778 2.5 1.61567622184618 2.5 1.67551608191456 2.5 1.73535594198293 2.5 1.79519580205131 2.5 1.85503566211969 2.5 1.91487552218806 2.5 1.97471538225644 2.5 2.03455524232482 2.5 2.09439510239319 2.5 2.15423496246157 2.5 2.21407482252995 2.5 2.27391468259833 2.5 2.3337545426667 2.5 2.39359440273508 2.5 2.45343426280346 2.5 2.51327412287183 2.5 2.57311398294021 2.5 2.63295384300859 2.5 2.69279370307697 2.5 2.75263356314534 2.5 2.81247342321372 2.5 2.8723132832821 2.5 2.93215314335048 2.5 2.99199300341885 2.5 3.05183286348723 2.5 3.11167272355561 2.5 3.17151258362398 2.5 3.23135244369236 2.5 3.29119230376074 2.5 3.35103216382912 2.5 3.41087202389749 2.5 3.47071188396587 2.5 3.53055174403425 2.5 3.59039160410262 2.5 3.650231464171 2.5 3.71007132423938 2.5 3.76991118430776 2.5 3.82975104437613 2.5 3.88959090444451 2.5 3.94943076451289 2.5 4.00927062458126 2.5 4.06911048464964 2.5 4.12895034471802 2.5 4.18879020478639 2.5 4.24863006485477 2.5 4.30846992492315 2.5 4.36830978499152 2.5 4.4281496450599 2.5 4.48798950512828 2.5 4.54782936519665 2.5 4.60766922526503 2.5 4.66750908533341 2.5 4.72734894540178 2.5 4.78718880547016 2.5 4.84702866553854 2.5 4.90686852560691 2.5 4.96670838567529 2.5 5.02654824574367 2.5 5.08638810581204 2.5 5.14622796588042 2.5 5.2060678259488 2.5 5.26590768601717 2.5 5.32574754608555 2.5 5.38558740615393 2.5 5.44542726622231 2.5 5.50526712629068 2.5 5.56510698635906 2.5 5.62494684642744 2.5 5.68478670649581 2.5 5.74462656656419 2.5 5.80446642663257 2.5 5.86430628670094 2.5 5.92414614676932 2.5 5.9839860068377 2.5 6.04382586690607 2.5 6.10366572697445 2.5 6.16350558704283 2.5 6.2233454471112 2.5 6.28318530717959 2.5 0 1 0.059839860068377 1 0.119679720136754 1 0.179519580205131 1 0.239359440273508 1 0.299199300341885 1 0.359039160410262 1 0.418879020478639 1 0.478718880547016 1 0.538558740615393 1 0.59839860068377 1 0.658238460752147 1 0.718078320820524 1 0.777918180888901 1 0.837758040957278 1 0.897597901025655 1 0.957437761094033 1 1.01727762116241 1 1.07711748123079 1 1.13695734129916 1 1.19679720136754 1 1.25663706143592 1 1.31647692150429 1 1.37631678157267 1 1.43615664164105 1 1.49599650170942 1 1.5558363617778 1 1.61567622184618 1 1.67551608191456 1 1.73535594198293 1 1.79519580205131 1 1.85503566211969 1 1.91487552218806 1 1.97471538225644 1 2.03455524232482 1 2.09439510239319 1 2.15423496246157 1 2.21407482252995 1 2.27391468259833 1 2.3337545426667 1 2.39359440273508 1 2.45343426280346 1 2.51327412287183 1 2.57311398294021 1 2.63295384300859 1 2.69279370307697 1 2.75263356314534 1 2.81247342321372 1 2.8723132832821 1 2.93215314335048 1 2.99199300341885 1 3.05183286348723 1 3.11167272355561 1 3.17151258362398 1 3.23135244369236 1 3.29119230376074 1 3.35103216382912 1 3.41087202389749 1 3.47071188396587 1 3.53055174403425 1 3.59039160410262 1 3.650231464171 1 3.71007132423938 1 3.76991118430776 1 3.82975104437613 1 3.88959090444451 1 3.94943076451289 1 4.00927062458126 1 4.06911048464964 1 4.12895034471802 1 4.18879020478639 1 4.24863006485477 1 4.30846992492315 1 4.36830978499152 1 4.4281496450599 1 4.48798950512828 1 4.54782936519665 1 4.60766922526503 1 4.66750908533341 1 4.72734894540178 1 4.78718880547016 1 4.84702866553854 1 4.90686852560691 1 4.96670838567529 1 5.02654824574367 1 5.08638810581204 1 5.14622796588042 1 5.2060678259488 1 5.26590768601717 1 5.32574754608555 1 5.38558740615393 1 5.44542726622231 1 5.50526712629068 1 5.56510698635906 1 5.62494684642744 1 5.68478670649581 1 5.74462656656419 1 5.80446642663257 1 5.86430628670094 1 5.92414614676932 1 5.9839860068377 1 6.04382586690607 1 6.10366572697445 1 6.16350558704283 1 6.2233454471112 1 6.28318530717959 1 2 1 107 2 107 108 3 108 109 3 2 108 4 109 110 4 110 111 4 3 109 5 4 111 6 111 112 6 5 111 7 112 113 7 113 114 7 6 112 8 7 114 9 114 115 9 8 114 10 115 116 10 9 115 11 116 117 11 10 116 12 117 118 12 11 117 13 118 119 13 119 120 13 12 118 14 13 120 15 120 121 15 14 120 16 121 122 16 15 121 17 122 123 17 16 122 18 123 124 18 17 123 19 124 125 19 18 124 20 125 126 20 19 125 21 126 127 21 20 126 22 127 128 22 21 127 23 22 128 23 128 129 23 129 130 24 23 130 24 130 131 25 24 131 26 25 131 26 131 132 26 132 133 27 26 133 28 27 133 28 133 134 28 134 135 29 28 135 29 135 136 30 29 136 31 30 136 31 136 137 31 137 138 32 31 138 33 138 139 33 139 140 33 32 138 34 33 140 35 140 141 35 34 140 36 141 142 36 35 141 37 142 143 37 143 144 37 36 142 38 37 144 39 144 145 39 38 144 40 145 146 40 39 145 41 146 147 41 40 146 42 147 148 42 41 147 43 148 149 43 42 148 44 149 150 44 43 149 45 150 151 45 44 150 46 151 152 46 45 151 47 152 153 47 153 154 47 46 152 48 47 154 49 48 154 49 154 155 50 49 155 50 155 156 51 50 156 51 156 157 52 51 157 52 157 158 53 52 158 53 158 159 54 53 159 54 159 160 55 54 160 55 160 161 56 55 161 56 161 162 57 56 162 57 162 163 57 163 164 58 57 164 59 58 164 59 164 165 60 59 165 60 165 166 61 60 166 61 166 167 62 61 167 62 167 168 63 62 168 63 168 169 64 63 169 64 169 170 65 64 170 65 170 171 66 171 172 66 65 171 67 172 173 67 173 174 67 66 172 68 67 174 69 174 175 69 175 176 69 68 174 70 69 176 71 176 177 71 70 176 72 177 178 72 178 179 72 71 177 73 72 179 74 73 179 74 179 180 75 74 180 75 180 181 76 75 181 76 181 182 77 76 182 77 182 183 78 77 183 78 183 184 79 78 184 79 184 185 79 185 186 80 79 186 81 80 186 81 186 187 82 81 187 82 187 188 83 82 188 83 188 189 84 83 189 84 189 190 85 84 190 85 190 191 86 85 191 86 191 192 87 86 192 87 192 193 88 87 193 88 193 194 89 88 194 89 194 195 90 89 195 90 195 196 91 90 196 91 196 197 92 91 197 92 197 198 92 198 199 93 92 199 94 93 199 94 199 200 95 94 200 95 200 201 96 202 203 96 95 201 96 201 202 97 203 204 97 96 203 98 97 204 99 204 205 99 98 204 100 205 206 100 99 205 101 206 207 101 100 206 102 207 208 102 101 207 103 208 209 103 209 210 103 102 208 104 103 210 105 210 211 105 104 210 106 105 211 106 211 212 
212 210 1 0 0.00134270314949069
3 -7.34788079488412e-16 -3.5 2.99463038930321 0.179412461835103 -3.5 2.97854077902551 0.358182673620733 -3.5 2.95178876579589 0.53567068439591 -3.5 2.9144701148786 0.711241133146493 -3.5 2.86671841735842 0.884265523232713 -3.5 2.80870461191921 1.05412447224403 -3.5 2.7406363729278 1.2202099292274 -3.5 2.66275736701366 1.3819273513519 -3.5 2.5753463808056 1.53869783221772 -3.5 2.47871632294798 1.68996017419087 -3.5 2.37321310396902 1.83517289734502 -3.5 2.25921439801083 1.97381617781914 -3.5 2.13712829085403 2.10539370865197 -3.5 2.00739181907657 2.22943447643218 -3.5 1.8704694055762 2.34549444740409 -3.5 1.72685119705702 2.45315815699329 -3.5 1.57705130943151 2.55204019706202 -3.5 1.421605987419 2.64178659557021 -3.5 1.2610716849287 2.72207608370359 -3.5 1.09602307309918 2.79262124593261 -3.5 0.927050983124842 2.85316954888546 -3.5 0.754760291233526 2.903504245352 -3.5 0.57976775338666 2.94344515018252 -3.5 0.402699797452967 2.9728492853038 -3.5 0.224190280759274 2.99161139154354 -3.5 0.0448782210457922 2.99966430543082 -3.5 -0.134594491051543 2.99697919962394 -3.5 -0.313585389802959 2.98356568610482 -3.5 -0.491453734245411 2.95947178177056 -3.5 -0.667562801868941 2.92478373654547 -3.5 -0.841282167918006 2.87962572462867 -3.5 -1.01198996214849 2.82415939998271 -3.5 -1.17907509496177 2.75858331765435 -3.5 -1.3419394449469 2.68313222299901 -3.5 -1.5 2.59807621135332 -3.5 -1.65269094435631 2.50371976116391 -3.5 -1.79946568406374 2.40040064403362 -3.5 -1.9397988036474 2.2884887155868 -3.5 -2.07318794696059 2.16838459148217 -3.5 -2.19915561548948 2.04051821331276 -3.5 -2.3172508776738 1.90534730952654 -3.5 -2.42705098312484 1.76335575687742 -3.5 -2.52816287596212 1.61505184827205 -3.5 -2.62022460185139 1.4609664732131 -3.5 -2.70290660370726 1.30165121735267 -3.5 -2.77591290142199 1.13767638795878 -3.5 -2.83898215139749 0.969628972363377 -3.5 -2.89188858208756 0.798110536700022 -3.5 -2.93444280220142 0.623735072453274 -3.5 -2.96649247867539 0.447126798528519 -3.5 -2.98792288198572 0.268917926710296 -3.5 -2.99865729685051 0.08974639850819 -3.5 -2.99865729685051 -0.0897463985082012 -3.5 -2.98792288198572 -0.268917926710307 -3.5 -2.96649247867538 -0.44712679852853 -3.5 -2.93444280220142 -0.623735072453285 -3.5 -2.89188858208756 -0.798110536700033 -3.5 -2.83898215139749 -0.969628972363388 -3.5 -2.77591290142199 -1.13767638795879 -3.5 -2.70290660370725 -1.30165121735268 -3.5 -2.62022460185138 -1.46096647321311 -3.5 -2.52816287596211 -1.61505184827206 -3.5 -2.42705098312484 -1.76335575687743 -3.5 -2.31725087767379 -1.90534730952654 -3.5 -2.19915561548947 -2.04051821331277 -3.5 -2.07318794696059 -2.16838459148218 -3.5 -1.93979880364739 -2.28848871558681 -3.5 -1.79946568406373 -2.40040064403363 -3.5 -1.6526909443563 -2.50371976116391 -3.5 -1.49999999999999 -2.59807621135332 -3.5 -1.34193944494689 -2.68313222299901 -3.5 -1.17907509496176 -2.75858331765435 -3.5 -1.01198996214848 -2.82415939998271 -3.5 -0.841282167918003 -2.87962572462867 -3.5 -0.667562801868939 -2.92478373654547 -3.5 -0.491453734245409 -2.95947178177056 -3.5 -0.313585389802957 -2.98356568610482 -3.5 -0.134594491051543 -2.99697919962394 -3.5 0.0448782210457921 -2.99966430543082 -3.5 0.224190280759273 -2.99161139154354 -3.5 0.402699797452966 -2.9728492853038 -3.5 0.579767753386658 -2.94344515018252 -3.5 0.754760291233523 -2.903504245352 -3.5 0.927050983124839 -2.85316954888546 -3.5 1.09602307309918 -2.79262124593261 -3.5 1.26107168492869 -2.7220760837036 -3.5 1.42160598741899 -2.64178659557022 -3.5 1.57705130943151 -2.55204019706202 -3.5 1.72685119705701 -2.4531581569933 -3.5 1.87046940557619 -2.34549444740409 -3.5 2.00739181907657 -2.22943447643219 -3.5 2.13712829085403 -2.10539370865198 -3.5 2.25921439801083 -1.97381617781915 -3.5 2.37321310396902 -1.83517289734503 -3.5 2.47871632294798 -1.68996017419088 -3.5 2.57534638080559 -1.53869783221773 -3.5 2.66275736701366 -1.38192735135191 -3.5 2.7406363729278 -1.22020992922742 -3.5 2.80870461191921 -1.05412447224404 -3.5 2.86671841735842 -0.884265523232729 -3.5 2.9144701148786 -0.71124113314651 -3.5 2.95178876579589 -0.535670684395929 -3.5 2.97854077902551 -0.358182673620753 -3.5 2.9946303893032 -0.179412461835124 -3.5 3 -7.34788079488412e-16 -3.5 3 -7.34788079488412e-16 -5 2.99463038930321 0.179412461835103 -5 2.97854077902551 0.358182673620733 -5 2.95178876579589 0.53567068439591 -5 2.9144701148786 0.711241133146493 -5 2.86671841735842 0.884265523232713 -5 2.80870461191921 1.05412447224403 -5 2.7406363729278 1.2202099292274 -5 2.66275736701366 1.3819273513519 -5 2.5753463808056 1.53869783221772 -5 2.47871632294798 1.68996017419087 -5 2.37321310396902 1.83517289734502 -5 2.25921439801083 1.97381617781914 -5 2.13712829085403 2.10539370865197 -5 2.00739181907657 2.22943447643218 -5 1.8704694055762 2.34549444740409 -5 1.72685119705702 2.45315815699329 -5 1.57705130943151 2.55204019706202 -5 1.421605987419 2.64178659557021 -5 1.2610716849287 2.72207608370359 -5 1.09602307309918 2.79262124593261 -5 0.927050983124842 2.85316954888546 -5 0.754760291233526 2.903504245352 -5 0.57976775338666 2.94344515018252 -5 0.402699797452967 2.9728492853038 -5 0.224190280759274 2.99161139154354 -5 0.0448782210457922 2.99966430543082 -5 -0.134594491051543 2.99697919962394 -5 -0.313585389802959 2.98356568610482 -5 -0.491453734245411 2.95947178177056 -5 -0.667562801868941 2.92478373654547 -5 -0.841282167918006 2.87962572462867 -5 -1.01198996214849 2.82415939998271 -5 -1.17907509496177 2.75858331765435 -5 -1.3419394449469 2.68313222299901 -5 -1.5 2.59807621135332 -5 -1.65269094435631 2.50371976116391 -5 -1.79946568406374 2.40040064403362 -5 -1.9397988036474 2.2884887155868 -5 -2.07318794696059 2.16838459148217 -5 -2.19915561548948 2.04051821331276 -5 -2.3172508776738 1.90534730952654 -5 -2.42705098312484 1.76335575687742 -5 -2.52816287596212 1.61505184827205 -5 -2.62022460185139 1.4609664732131 -5 -2.70290660370726 1.30165121735267 -5 -2.77591290142199 1.13767638795878 -5 -2.83898215139749 0.969628972363377 -5 -2.89188858208756 0.798110536700022 -5 -2.93444280220142 0.623735072453274 -5 -2.96649247867539 0.447126798528519 -5 -2.98792288198572 0.268917926710296 -5 -2.99865729685051 0.08974639850819 -5 -2.99865729685051 -0.0897463985082012 -5 -2.98792288198572 -0.268917926710307 -5 -2.96649247867538 -0.44712679852853 -5 -2.93444280220142 -0.623735072453285 -5 -2.89188858208756 -0.798110536700033 -5 -2.83898215139749 -0.969628972363388 -5 -2.77591290142199 -1.13767638795879 -5 -2.70290660370725 -1.30165121735268 -5 -2.62022460185138 -1.46096647321311 -5 -2.52816287596211 -1.61505184827206 -5 -2.42705098312484 -1.76335575687743 -5 -2.31725087767379 -1.90534730952654 -5 -2.19915561548947 -2.04051821331277 -5 -2.07318794696059 -2.16838459148218 -5 -1.93979880364739 -2.28848871558681 -5 -1.79946568406373 -2.40040064403363 -5 -1.6526909443563 -2.50371976116391 -5 -1.49999999999999 -2.59807621135332 -5 -1.34193944494689 -2.68313222299901 -5 -1.17907509496176 -2.75858331765435 -5 -1.01198996214848 -2.82415939998271 -5 -0.841282167918003 -2.87962572462867 -5 -0.667562801868939 -2.92478373654547 -5 -0.491453734245409 -2.95947178177056 -5 -0.313585389802957 -2.98356568610482 -5 -0.134594491051543 -2.99697919962394 -5 0.0448782210457921 -2.99966430543082 -5 0.224190280759273 -2.99161139154354 -5 0.402699797452966 -2.9728492853038 -5 0.579767753386658 -2.94344515018252 -5 0.754760291233523 -2.903504245352 -5 0.927050983124839 -2.85316954888546 -5 1.09602307309918 -2.79262124593261 -5 1.26107168492869 -2.7220760837036 -5 1.42160598741899 -2.64178659557022 -5 1.57705130943151 -2.55204019706202 -5 1.72685119705701 -2.4531581569933 -5 1.87046940557619 -2.34549444740409 -5 2.00739181907657 -2.22943447643219 -5 2.13712829085403 -2.10539370865198 -5 2.25921439801083 -1.97381617781915 -5 2.37321310396902 -1.83517289734503 -5 2.47871632294798 -1.68996017419088 -5 2.57534638080559 -1.53869783221773 -5 2.66275736701366 -1.38192735135191 -5 2.7406363729278 -1.22020992922742 -5 2.80870461191921 -1.05412447224404 -5 2.86671841735842 -0.884265523232729 -5 2.9144701148786 -0.71124113314651 -5 2.95178876579589 -0.535670684395929 -5 2.97854077902551 -0.358182673620753 -5 2.9946303893032 -0.179412461835124 -5 3 -7.34788079488412e-16 -5 0 2.5 0.059839860068377 2.5 0.119679720136754 2.5 0.179519580205131 2.5 0.239359440273508 2.5 0.299199300341885 2.5 0.359039160410262 2.5 0.418879020478639 2.5 0.478718880547016 2.5 0.538558740615393 2.5 0.59839860068377 2.5 0.658238460752147 2.5 0.718078320820524 2.5 0.777918180888901 2.5 0.837758040957278 2.5 0.897597901025655 2.5 0.957437761094033 2.5 1.01727762116241 2.5 1.07711748123079 2.5 1.13695734129916 2.5 1.19679720136754 2.5 1.25663706143592 2.5 1.31647692150429 2.5 1.37631678157267 2.5 1.43615664164105 2.5 1.49599650170942 2.5 1.5558363617778 2.5 1.61567622184618 2.5 1.67551608191456 2.5 1.73535594198293 2.5 1.79519580205131 2.5 1.85503566211969 2.5 1.91487552218806 2.5 1.97471538225644 2.5 2.03455524232482 2.5 2.09439510239319 2.5 2.15423496246157 2.5 2.21407482252995 2.5 2.27391468259833 2.5 2.3337545426667 2.5 2.39359440273508 2.5 2.45343426280346 2.5 2.51327412287183 2.5 2.57311398294021 2.5 2.63295384300859 2.5 2.69279370307697 2.5 2.75263356314534 2.5 2.81247342321372 2.5 2.8723132832821 2.5 2.93215314335048 2.5 2.99199300341885 2.5 3.05183286348723 2.5 3.11167272355561 2.5 3.17151258362398 2.5 3.23135244369236 2.5 3.29119230376074 2.5 3.35103216382912 2.5 3.41087202389749 2.5 3.47071188396587 2.5 3.53055174403425 2.5 3.59039160410262 2.5 3.650231464171 2.5 3.71007132423938 2.5 3.76991118430776 2.5 3.82975104437613 2.5 3.88959090444451 2.5 3.94943076451289 2.5 4.00927062458126 2.5 4.06911048464964 2.5 4.12895034471802 2.5 4.18879020478639 2.5 4.24863006485477 2.5 4.30846992492315 2.5 4.36830978499152 2.5 4.4281496450599 2.5 4.48798950512828 2.5 4.54782936519665 2.5 4.60766922526503 2.5 4.66750908533341 2.5 4.72734894540178 2.5 4.78718880547016 2.5 4.84702866553854 2.5 4.90686852560691 2.5 4.96670838567529 2.5 5.02654824574367 2.5 5.08638810581204 2.5 5.14622796588042 2.5 5.2060678259488 2.5 5.26590768601717 2.5 5.32574754608555 2.5 5.38558740615393 2.5 5.44542726622231 2.5 5.50526712629068 2.5 5.56510698635906 2.5 5.62494684642744 2.5 5.68478670649581 2.5 5.74462656656419 2.5 5.80446642663257 2.5 5.86430628670094 2.5 5.92414614676932 2.5 5.9839860068377 2.5 6.04382586690607 2.5 6.10366572697445 2.5 6.16350558704283 2.5 6.2233454471112 2.5 6.28318530717959 2.5 0 1 0.059839860068377 1 0.119679720136754 1 0.179519580205131 1 0.239359440273508 1 0.299199300341885 1 0.359039160410262 1 0.418879020478639 1 0.478718880547016 1 0.538558740615393 1 0.59839860068377 1 0.658238460752147 1 0.718078320820524 1 0.777918180888901 1 0.837758040957278 1 0.897597901025655 1 0.957437761094033 1 1.01727762116241 1 1.07711748123079 1 1.13695734129916 1 1.19679720136754 1 1.25663706143592 1 1.31647692150429 1 1.37631678157267 1 1.43615664164105 1 1.49599650170942 1 1.5558363617778 1 1.61567622184618 1 1.67551608191456 1 1.73535594198293 1 1.79519580205131 1 1.85503566211969 1 1.91487552218806 1 1.97471538225644 1 2.03455524232482 1 2.09439510239319 1 2.15423496246157 1 2.21407482252995 1 2.27391468259833 1 2.3337545426667 1 2.39359440273508 1 2.45343426280346 1 2.51327412287183 1 2.57311398294021 1 2.63295384300859 1 2.69279370307697 1 2.75263356314534 1 2.81247342321372 1 2.8723132832821 1 2.93215314335048 1 2.99199300341885 1 3.05183286348723 1 3.11167272355561 1 3.17151258362398 1 3.23135244369236 1 3.29119230376074 1 3.35103216382912 1 3.41087202389749 1 3.47071188396587 1 3.53055174403425 1 3.59039160410262 1 3.650231464171 1 3.71007132423938 1 3.76991118430776 1 3.82975104437613 1 3.88959090444451 1 3.94943076451289 1 4.00927062458126 1 4.06911048464964 1 4.12895034471802 1 4.18879020478639 1 4.24863006485477 1 4.30846992492315 1 4.36830978499152 1 4.4281496450599 1 4.48798950512828 1 4.54782936519665 1 4.60766922526503 1 4.66750908533341 1 4.72734894540178 1 4.78718880547016 1 4.84702866553854 1 4.90686852560691 1 4.96670838567529 1 5.02654824574367 1 5.08638810581204 1 5.14622796588042 1 5.2060678259488 1 5.26590768601717 1 5.32574754608555 1 5.38558740615393 1 5.44542726622231 1 5.50526712629068 1 5.56510698635906 1 5.62494684642744 1 5.68478670649581 1 5.74462656656419 1 5.80446642663257 1 5.86430628670094 1 5.92414614676932 1 5.9839860068377 1 6.04382586690607 1 6.10366572697445 1 6.16350558704283 1 6.2233454471112 1 6.28318530717959 1 2 1 107 2 107 108 3 108 109 3 2 108 4 109 110 4 110 111 4 3 109 5 4 111 6 111 112 6 5 111 7 112 113 7 113 114 7 6 112 8 7 114 9 114 115 9 8 114 10 115 116 10 9 115 11 116 117 11 10 116 12 117 118 12 11 117 13 118 119 13 119 120 13 12 118 14 13 120 15 120 121 15 14 120 16 121 122 16 15 121 17 122 123 17 16 122 18 123 124 18 17 123 19 124 125 19 18 124 20 125 126 20 19 125 21 126 127 21 20 126 22 127 128 22 21 127 23 22 128 23 128 129 23 129 130 24 23 130 24 130 131 25 24 131 26 25 131 26 131 132 26 132 133 27 26 133 28 27 133 28 133 134 28 134 135 29 28 135 29 135 136 30 29 136 31 30 136 31 136 137 31 137 138 32 31 138 33 138 139 33 139 140 33 32 138 34 33 140 35 140 141 35 34 140 36 141 142 36 35 141 37 142 143 37 143 144 37 36 142 38 37 144 39 144 145 39 38 144 40 145 146 40 39 145 41 146 147 41 40 146 42 147 148 42 41 147 43 148 149 43 42 148 44 149 150 44 43 149 45 150 151 45 44 150 46 151 152 46 45 151 47 152 153 47 153 154 47 46 152 48 47 154 49 48 154 49 154 155 50 49 155 50 155 156 51 50 156 51 156 157 52 51 157 52 157 158 53 52 158 53 158 159 54 53 159 54 159 160 55 54 160 55 160 161 56 55 161 56 161 162 57 56 162 57 162 163 57 163 164 58 57 164 59 58 164 59 164 165 60 59 165 60 165 166 61 60 166 61 166 167 62 61 167 62 167 168 63 62 168 63 168 169 64 63 169 64 169 170 65 64 170 65 170 171 66 171 172 66 65 171 67 172 173 67 173 174 67 66 172 68 67 174 69 174 175 69 175 176 69 68 174 70 69 176 71 176 177 71 70 176 72 177 178 72 178 179 72 71 177 73 72 179 74 73 179 74 179 180 75 74 180 75 180 181 76 75 181 76 181 182 77 76 182 77 182 183 78 77 183 78 183 184 79 78 184 79 184 185 79 185 186 80 79 186 81 80 186 81 186 187 82 81 187 82 187 188 83 82 188 83 188 189 84 83 189 84 189 190 85 84 190 85 190 191 86 85 191 86 191 192 87 86 192 87 192 193 88 87 193 88 193 194 89 88 194 89 194 195 90 89 195 90 195 196 91 90 196 91 196 197 92 91 197 92 197 198 92 198 199 93 92 199 94 93 199 94 199 200 95 94 200 95 200 201 96 202 203 96 95 201 96 201 202 97 203 204 97 96 203 98 97 204 99 204 205 99 98 204 100 205 206 100 99 205 101 206 207 101 100 206 102 207 208 102 101 207 103 208 209 103 209 210 103 102 208 104 103 210 105 210 211 105 104 210 106 105 211 106 211 212 
212 210 1 0 0.000738486732220942
6.4125 8.24889197104678 -3.5 6.40954671411676 8.34756882505608 -3.5 6.40069742846403 8.44589244153818 -3.5 6.38598382118774 8.54351084746453 -3.5 6.36545856318323 8.64007459427735 -3.5 6.33919512954713 8.73523800882477 -3.5 6.30728753655557 8.82866043078099 -3.5 6.26985000511029 8.92000743212185 -3.5 6.22701655185752 9.00895201429032 -3.5 6.17894050944308 9.09517577876652 -3.5 6.12579397762139 9.17837006685175 -3.5 6.06776720718296 9.25823706458654 -3.5 6.00506791890596 9.3344908688473 -3.5 5.93792055996972 9.40685851080536 -3.5 5.86656550049212 9.47508093308448 -3.5 5.79125817306691 9.53891391711903 -3.5 5.71226815838136 9.59812895739309 -3.5 5.62987822018733 9.65251407943089 -3.5 5.54438329308045 9.7018745986104 -3.5 5.45608942671078 9.74603381708375 -3.5 5.36531269020455 9.78483365630971 -3.5 5.27237804071866 9.81813522293378 -3.5 5.17761816017844 9.84581930599038 -3.5 5.08137226436266 9.86778680364716 -3.5 4.98398488859913 9.88395907796387 -3.5 4.8858046544176 9.89427823639572 -3.5 4.78718302157519 9.89870733903373 -3.5 4.68847302992165 9.89723053083995 -3.5 4.59002803560837 9.88985309840443 -3.5 4.49220044616503 9.87660145102059 -3.5 4.39534045897208 9.85752302614679 -3.5 4.2997948076451 9.83268611959254 -3.5 4.20590552081833 9.80217964103727 -3.5 4.11400869777103 9.76611279575667 -3.5 4.02443330527921 9.72461469369623 -3.5 3.9375 9.6778338872911 -3.5 3.85351998060403 9.62593783968693 -3.5 3.77279387376494 9.56911232526527 -3.5 3.69561065799393 9.50756076461952 -3.5 3.62224662917167 9.44150349636197 -3.5 3.55296441148079 9.37117698836879 -3.5 3.48801201727941 9.29683299128637 -3.5 3.42762195928134 9.21873763732936 -3.5 3.37201041822084 9.1371704875964 -3.5 3.32137646898174 9.05242353131398 -3.5 3.27590136796101 8.96480014059075 -3.5 3.23574790421791 8.87461398442411 -3.5 3.20105981673138 8.78218790584664 -3.5 3.17196127985184 8.68785276623179 -3.5 3.14855645878922 8.59194626089608 -3.5 3.13092913672854 8.49481171023746 -3.5 3.11914241490786 8.39679683073744 -3.5 3.11323848673222 8.29825249022628 -3.5 3.11323848673222 8.19953145186727 -3.5 3.11914241490786 8.10098711135611 -3.5 3.13092913672854 8.00297223185609 -3.5 3.14855645878922 7.90583768119747 -3.5 3.17196127985184 7.80993117586176 -3.5 3.20105981673138 7.71559603624691 -3.5 3.23574790421791 7.62316995766944 -3.5 3.27590136796101 7.5329838015028 -3.5 3.32137646898174 7.44536041077957 -3.5 3.37201041822084 7.36061345449715 -3.5 3.42762195928134 7.27904630476419 -3.5 3.48801201727942 7.20095095080718 -3.5 3.55296441148079 7.12660695372476 -3.5 3.62224662917168 7.05628044573158 -3.5 3.69561065799394 6.99022317747403 -3.5 3.77279387376495 6.92867161682828 -3.5 3.85351998060404 6.87184610240663 -3.5 3.93750000000001 6.81995005480245 -3.5 4.02443330527921 6.77316924839732 -3.5 4.11400869777103 6.73167114633688 -3.5 4.20590552081833 6.69560430105629 -3.5 4.2997948076451 6.66509782250101 -3.5 4.39534045897209 6.64026091594677 -3.5 4.49220044616503 6.62118249107297 -3.5 4.59002803560837 6.60793084368913 -3.5 4.68847302992165 6.60055341125361 -3.5 4.78718302157519 6.59907660305983 -3.5 4.8858046544176 6.60350570569783 -3.5 4.98398488859913 6.61382486412969 -3.5 5.08137226436266 6.62999713844639 -3.5 5.17761816017844 6.65196463610318 -3.5 5.27237804071866 6.67964871915977 -3.5 5.36531269020455 6.71295028578384 -3.5 5.45608942671078 6.7517501250098 -3.5 5.54438329308045 6.79590934348316 -3.5 5.62987822018733 6.84526986266266 -3.5 5.71226815838136 6.89965498470046 -3.5 5.79125817306691 6.95887002497453 -3.5 5.86656550049211 7.02270300900907 -3.5 5.93792055996972 7.09092543128819 -3.5 6.00506791890595 7.16329307324625 -3.5 6.06776720718296 7.23954687750701 -3.5 6.12579397762139 7.3194138752418 -3.5 6.17894050944308 7.40260816332703 -3.5 6.22701655185751 7.48883192780323 -3.5 6.26985000511029 7.5777765099717 -3.5 6.30728753655556 7.66912351131255 -3.5 6.33919512954713 7.76254593326878 -3.5 6.36545856318323 7.8577093478162 -3.5 6.38598382118774 7.95427309462902 -3.5 6.40069742846403 8.05189150055536 -3.5 6.40954671411676 8.15021511703746 -3.5 6.4125 8.24889197104678 -3.5 6.4125 8.24889197104678 -5 6.40954671411676 8.34756882505608 -5 6.40069742846403 8.44589244153818 -5 6.38598382118774 8.54351084746453 -5 6.36545856318323 8.64007459427735 -5 6.33919512954713 8.73523800882477 -5 6.30728753655557 8.82866043078099 -5 6.26985000511029 8.92000743212185 -5 6.22701655185752 9.00895201429032 -5 6.17894050944308 9.09517577876652 -5 6.12579397762139 9.17837006685175 -5 6.06776720718296 9.25823706458654 -5 6.00506791890596 9.3344908688473 -5 5.93792055996972 9.40685851080536 -5 5.86656550049212 9.47508093308448 -5 5.79125817306691 9.53891391711903 -5 5.71226815838136 9.59812895739309 -5 5.62987822018733 9.65251407943089 -5 5.54438329308045 9.7018745986104 -5 5.45608942671078 9.74603381708375 -5 5.36531269020455 9.78483365630971 -5 5.27237804071866 9.81813522293378 -5 5.17761816017844 9.84581930599038 -5 5.08137226436266 9.86778680364716 -5 4.98398488859913 9.88395907796387 -5 4.8858046544176 9.89427823639572 -5 4.78718302157519 9.89870733903373 -5 4.68847302992165 9.89723053083995 -5 4.59002803560837 9.88985309840443 -5 4.49220044616503 9.87660145102059 -5 4.39534045897208 9.85752302614679 -5 4.2997948076451 9.83268611959254 -5 4.20590552081833 9.80217964103727 -5 4.11400869777103 9.76611279575667 -5 4.02443330527921 9.72461469369623 -5 3.9375 9.6778338872911 -5 3.85351998060403 9.62593783968693 -5 3.77279387376494 9.56911232526527 -5 3.69561065799393 9.50756076461952 -5 3.62224662917167 9.44150349636197 -5 3.55296441148079 9.37117698836879 -5 3.48801201727941 9.29683299128637 -5 3.42762195928134 9.21873763732936 -5 3.37201041822084 9.1371704875964 -5 3.32137646898174 9.05242353131398 -5 3.27590136796101 8.96480014059075 -5 3.23574790421791 8.87461398442411 -5 3.20105981673138 8.78218790584664 -5 3.17196127985184 8.68785276623179 -5 3.14855645878922 8.59194626089608 -5 3.13092913672854 8.49481171023746 -5 3.11914241490786 8.39679683073744 -5 3.11323848673222 8.29825249022628 -5 3.11323848673222 8.19953145186727 -5 3.11914241490786 8.10098711135611 -5 3.13092913672854 8.00297223185609 -5 3.14855645878922 7.90583768119747 -5 3.17196127985184 7.80993117586176 -5 3.20105981673138 7.71559603624691 -5 3.23574790421791 7.62316995766944 -5 3.27590136796101 7.5329838015028 -5 3.32137646898174 7.44536041077957 -5 3.37201041822084 7.36061345449715 -5 3.42762195928134 7.27904630476419 -5 3.48801201727942 7.20095095080718 -5 3.55296441148079 7.12660695372476 -5 3.62224662917168 7.05628044573158 -5 3.69561065799394 6.99022317747403 -5 3.77279387376495 6.92867161682828 -5 3.85351998060404 6.87184610240663 -5 3.93750000000001 6.81995005480245 -5 4.02443330527921 6.77316924839732 -5 4.11400869777103 6.73167114633688 -5 4.20590552081833 6.69560430105629 -5 4.2997948076451 6.66509782250101 -5 4.39534045897209 6.64026091594677 -5 4.49220044616503 6.62118249107297 -5 4.59002803560837 6.60793084368913 -5 4.68847302992165 6.60055341125361 -5 4.78718302157519 6.59907660305983 -5 4.8858046544176 6.60350570569783 -5 4.98398488859913 6.61382486412969 -5 5.08137226436266 6.62999713844639 -5 5.17761816017844 6.65196463610318 -5 5.27237804071866 6.67964871915977 -5 5.36531269020455 6.71295028578384 -5 5.45608942671078 6.7517501250098 -5 5.54438329308045 6.79590934348316 -5 5.62987822018733 6.84526986266266 -5 5.71226815838136 6.89965498470046 -5 5.79125817306691 6.95887002497453 -5 5.86656550049211 7.02270300900907 -5 5.93792055996972 7.09092543128819 -5 6.00506791890595 7.16329307324625 -5 6.06776720718296 7.23954687750701 -5 6.12579397762139 7.3194138752418 -5 6.17894050944308 7.40260816332703 -5 6.22701655185751 7.48883192780323 -5 6.26985000511029 7.5777765099717 -5 6.30728753655556 7.66912351131255 -5 6.33919512954713 7.76254593326878 -5 6.36545856318323 7.8577093478162 -5 6.38598382118774 7.95427309462902 -5 6.40069742846403 8.05189150055536 -5 6.40954671411676 8.15021511703746 -5 6.4125 8.24889197104678 -5 0 2.5 0.059839860068377 2.5 0.119679720136754 2.5 0.179519580205131 2.5 0.239359440273508 2.5 0.299199300341885 2.5 0.359039160410262 2.5 0.418879020478639 2.5 0.478718880547016 2.5 0.538558740615393 2.5 0.59839860068377 2.5 0.658238460752147 2.5 0.718078320820524 2.5 0.777918180888901 2.5 0.837758040957278 2.5 0.897597901025655 2.5 0.957437761094033 2.5 1.01727762116241 2.5 1.07711748123079 2.5 1.13695734129916 2.5 1.19679720136754 2.5 1.25663706143592 2.5 1.31647692150429 2.5 1.37631678157267 2.5 1.43615664164105 2.5 1.49599650170942 2.5 1.5558363617778 2.5 1.61567622184618 2.5 1.67551608191456 2.5 1.73535594198293 2.5 1.79519580205131 2.5 1.85503566211969 2.5 1.91487552218806 2.5 1.97471538225644 2.5 2.03455524232482 2.5 2.09439510239319 2.5 2.15423496246157 2.5 2.21407482252995 2.5 2.27391468259833 2.5 2.3337545426667 2.5 2.39359440273508 2.5 2.45343426280346 2.5 2.51327412287183 2.5 2.57311398294021 2.5 2.63295384300859 2.5 2.69279370307697 2.5 2.75263356314534 2.5 2.81247342321372 2.5 2.8723132832821 2.5 2.93215314335048 2.5 2.99199300341885 2.5 3.05183286348723 2.5 3.11167272355561 2.5 3.17151258362398 2.5 3.23135244369236 2.5 3.29119230376074 2.5 3.35103216382912 2.5 3.41087202389749 2.5 3.47071188396587 2.5 3.53055174403425 2.5 3.59039160410262 2.5 3.650231464171 2.5 3.71007132423938 2.5 3.76991118430776 2.5 3.82975104437613 2.5 3.88959090444451 2.5 3.94943076451289 2.5 4.00927062458126 2.5 4.06911048464964 2.5 4.12895034471802 2.5 4.18879020478639 2.5 4.24863006485477 2.5 4.30846992492315 2.5 4.36830978499152 2.5 4.4281496450599 2.5 4.48798950512828 2.5 4.54782936519665 2.5 4.60766922526503 2.5 4.66750908533341 2.5 4.72734894540178 2.5 4.78718880547016 2.5 4.84702866553854 2.5 4.90686852560691 2.5 4.96670838567529 2.5 5.02654824574367 2.5 5.08638810581204 2.5 5.14622796588042 2.5 5.2060678259488 2.5 5.26590768601717 2.5 5.32574754608555 2.5 5.38558740615393 2.5 5.44542726622231 2.5 5.50526712629068 2.5 5.56510698635906 2.5 5.62494684642744 2.5 5.68478670649581 2.5 5.74462656656419 2.5 5.80446642663257 2.5 5.86430628670094 2.5 5.92414614676932 2.5 5.9839860068377 2.5 6.04382586690607 2.5 6.10366572697445 2.5 6.16350558704283 2.5 6.2233454471112 2.5 6.28318530717959 2.5 0 1 0.059839860068377 1 0.119679720136754 1 0.179519580205131 1 0.239359440273508 1 0.299199300341885 1 0.359039160410262 1 0.418879020478639 1 0.478718880547016 1 0.538558740615393 1 0.59839860068377 1 0.658238460752147 1 0.718078320820524 1 0.777918180888901 1 0.837758040957278 1 0.897597901025655 1 0.957437761094033 1 1.01727762116241 1 1.07711748123079 1 1.13695734129916 1 1.19679720136754 1 1.25663706143592 1 1.31647692150429 1 1.37631678157267 1 1.43615664164105 1 1.49599650170942 1 1.5558363617778 1 1.61567622184618 1 1.67551608191456 1 1.73535594198293 1 1.79519580205131 1 1.85503566211969 1 1.91487552218806 1 1.97471538225644 1 2.03455524232482 1 2.09439510239319 1 2.15423496246157 1 2.21407482252995 1 2.27391468259833 1 2.3337545426667 1 2.39359440273508 1 2.45343426280346 1 2.51327412287183 1 2.57311398294021 1 2.63295384300859 1 2.69279370307697 1 2.75263356314534 1 2.81247342321372 1 2.8723132832821 1 2.93215314335048 1 2.99199300341885 1 3.05183286348723 1 3.11167272355561 1 3.17151258362398 1 3.23135244369236 1 3.29119230376074 1 3.35103216382912 1 3.41087202389749 1 3.47071188396587 1 3.53055174403425 1 3.59039160410262 1 3.650231464171 1 3.71007132423938 1 3.76991118430776 1 3.82975104437613 1 3.88959090444451 1 3.94943076451289 1 4.00927062458126 1 4.06911048464964 1 4.12895034471802 1 4.18879020478639 1 4.24863006485477 1 4.30846992492315 1 4.36830978499152 1 4.4281496450599 1 4.48798950512828 1 4.54782936519665 1 4.60766922526503 1 4.66750908533341 1 4.72734894540178 1 4.78718880547016 1 4.84702866553854 1 4.90686852560691 1 4.96670838567529 1 5.02654824574367 1 5.08638810581204 1 5.14622796588042 1 5.2060678259488 1 5.26590768601717 1 5.32574754608555 1 5.38558740615393 1 5.44542726622231 1 5.50526712629068 1 5.56510698635906 1 5.62494684642744 1 5.68478670649581 1 5.74462656656419 1 5.80446642663257 1 5.86430628670094 1 5.92414614676932 1 5.9839860068377 1 6.04382586690607 1 6.10366572697445 1 6.16350558704283 1 6.2233454471112 1 6.28318530717959 1 2 1 107 2 107 108 3 108 109 3 2 108 4 109 110 4 110 111 4 3 109 5 4 111 6 111 112 6 5 111 7 112 113 7 113 114 7 6 112 8 7 114 9 114 115 9 8 114 10 115 116 10 9 115 11 116 117 11 10 116 12 117 118 12 11 117 13 118 119 13 119 120 13 12 118 14 13 120 15 120 121 15 14 120 16 121 122 16 15 121 17 122 123 17 16 122 18 123 124 18 17 123 19 124 125 19 18 124 20 125 126 20 19 125 21 126 127 21 20 126 22 127 128 22 21 127 23 22 128 23 128 129 23 129 130 24 23 130 24 130 131 25 24 131 26 25 131 26 131 132 26 132 133 27 26 133 28 27 133 28 133 134 28 134 135 29 28 135 29 135 136 30 29 136 31 30 136 31 136 137 31 137 138 32 31 138 33 138 139 33 139 140 33 32 138 34 33 140 35 140 141 35 34 140 36 141 142 36 35 141 37 142 143 37 143 144 37 36 142 38 37 144 39 144 145 39 38 144 40 145 146 40 39 145 41 146 147 41 40 146 42 147 148 42 41 147 43 148 149 43 42 148 44 149 150 44 43 149 45 150 151 45 44 150 46 151 152 46 45 151 47 152 153 47 153 154 47 46 152 48 47 154 49 48 154 49 154 155 50 49 155 50 155 156 51 50 156 51 156 157 52 51 157 52 157 158 53 52 158 53 158 159 54 53 159 54 159 160 55 54 160 55 160 161 56 55 161 56 161 162 57 56 162 57 162 163 57 163 164 58 57 164 59 58 164 59 164 165 60 59 165 60 165 166 61 60 166 61 166 167 62 61 167 62 167 168 63 62 168 63 168 169 64 63 169 64 169 170 65 64 170 65 170 171 66 171 172 66 65 171 67 172 173 67 173 174 67 66 172 68 67 174 69 174 175 69 175 176 69 68 174 70 69 176 71 176 177 71 70 176 72 177 178 72 178 179 72 71 177 73 72 179 74 73 179 74 179 180 75 74 180 75 180 181 76 75 181 76 181 182 77 76 182 77 182 183 78 77 183 78 183 184 79 78 184 79 184 185 79 185 186 80 79 186 81 80 186 81 186 187 82 81 187 82 187 188 83 82 188 83 188 189 84 83 189 84 189 190 85 84 190 85 190 191 86 85 191 86 191 192 87 86 192 87 192 193 88 87 193 88 193 194 89 88 194 89 194 195 90 89 195 90 195 196 91 90 196 91 196 197 92 91 197 92 197 198 92 198 199 93 92 199 94 93 199 94 199 200 95 94 200 95 200 201 96 202 203 96 95 201 96 201 202 97 203 204 97 96 203 98 97 204 99 204 205 99 98 204 100 205 206 100 99 205 101 206 207 101 100 206 102 207 208 102 101 207 103 208 209 103 209 210 103 102 208 104 103 210 105 210 211 105 104 210 106 105 211 106 211 212 

TShapes 59
Ve
1e-07
13.5 -3.30654635769785e-15 -3.5
0 0

0101101
*
Ed
 1e-07 1 1 0
1  1 0 0 6.28318530717959
2  1 1 0 0 6.28318530717959
2  2 2 0 0 6.28318530717959
6  1 1 0
6  2 2 0
0

0101000
+59 0 -59 0 *
Ve
1e-07
13.5 -3.30654635769785e-15 -5
0 0

0101101
*
Ed
 1e-07 1 1 0
1  2 0 0 1.5
3  3 4CN 1 0 0 1.5
7  3 4 1 0
0

0101000
-59 0 +57 0 *
Ed
 1e-07 1 1 0
1  3 0 0 6.28318530717959
2  5 1 0 0 6.28318530717959
2  6 3 0 0 6.28318530717959
6  5 1 0
6  6 3 0
0

0101000
+57 0 -57 0 *
Wi

0101100
-58 0 +56 0 +55 0 -56 0 *
Fa
0  1e-07 1 0
2  1
0101000
+54 0 *
Wi

0101100
+58 0 *
Ve
1e-07
-3.1125 -8.24889197104678 -3.5
0 0

0101101
*
Ed
 1e-07 1 1 0
1  4 0 0 6.28318530717959
2  7 2 0 0 6.28318530717959
2  8 4 0 0 6.28318530717959
6  7 4 0
6  8 2 0
0

0101100
+51 0 -51 0 *
Wi

0101100
-50 0 *
Ve
1e-07
4.96759997357646 -10.1422211760352 -3.5
0 0

0101101
*
Ed
 1e-07 1 1 0
1  5 0 0 6.28318530717959
2  9 2 0 0 6.28318530717959
2  10 5 0 0 6.28318530717959
6  9 5 0
6  10 2 0
0

0101100
+48 0 -48 0 *
Wi

0101100
-47 0 *
Ve
1e-07
-0.467599973576469 10.1422211760352 -3.5
0 0

0101101
*
Ed
 1e-07 1 1 0
1  6 0 0 6.28318530717959
2  11 2 0 0 6.28318530717959
2  12 6 0 0 6.28318530717959
6  11 6 0
6  12 2 0
0

0101100
+45 0 -45 0 *
Wi

0101100
-44 0 *
Ve
1.00000000734788e-07
3 -7.34788079488412e-16 -3.5
0 0

0101101
*
Ed
 1e-07 1 1 0
1  7 0 0 6.28318530717959
2  13 2 0 0 6.28318530717959
2  14 7 0 0 6.28318530717959
6  13 7 0
6  14 2 0
0

0101100
+42 0 -42 0 *
Wi

0101100
-41 0 *
Ve
1e-07
6.4125 8.24889197104678 -3.5
0 0

0101101
*
Ed
 1e-07 1 1 0
1  8 0 0 6.28318530717959
2  15 2 0 0 6.28318530717959
2  16 8 0 0 6.28318530717959
6  15 8 0
6  16 2 0
0

0101100
+39 0 -39 0 *
Wi

0101100
-38 0 *
Fa
0  1e-07 2 0
2  2
0101000
+52 0 +49 0 +46 0 +43 0 +40 0 +37 0 *
Wi

0101100
+55 0 *
Ve
1e-07
-3.1125 -8.24889197104678 -5
0 0

0101101
*
Ed
 1e-07 1 1 0
1  9 0 0 6.28318530717959
2  17 3 0 0 6.28318530717959
2  18 4 0 0 6.28318530717959
6  17 4 0
6  18 3 0
0

0101100
+34 0 -34 0 *
Wi

0101100
-33 0 *
Ve
1e-07
4.96759997357646 -10.1422211760352 -5
0 0

0101101
*
Ed
 1e-07 1 1 0
1  10 0 0 6.28318530717959
2  19 3 0 0 6.28318530717959
2  20 5 0 0 6.28318530717959
6  19 5 0
6  20 3 0
0

0101100
+31 0 -31 0 *
Wi

0101100
-30 0 *
Ve
1e-07
-0.467599973576469 10.1422211760352 -5
0 0

0101101
*
Ed
 1e-07 1 1 0
1  11 0 0 6.28318530717959
2  21 3 0 0 6.28318530717959
2  22 6 0 0 6.28318530717959
6  21 6 0
6  22 3 0
0

0101100
+28 0 -28 0 *
Wi

0101100
-27 0 *
Ve
1.00000000734788e-07
3 -7.34788079488412e-16 -5
0 0

0101101
*
Ed
 1e-07 1 1 0
1  12 0 0 6.28318530717959
2  23 3 0 0 6.28318530717959
2  24 7 0 0 6.28318530717959
6  23 7 0
6  24 3 0
0

0101100
+25 0 -25 0 *
Wi

0101100
-24 0 *
Ve
1e-07
6.4125 8.24889197104678 -5
0 0

0101101
*
Ed
 1e-07 1 1 0
1  13 0 0 6.28318530717959
2  25 3 0 0 6.28318530717959
2  26 8 0 0 6.28318530717959
6  25 8 0
6  26 3 0
0

0101100
+22 0 -22 0 *
Wi

0101100
-21 0 *
Fa
0  1e-07 3 0
2  3
0101000
+35 0 +32 0 +29 0 +26 0 +23 0 +20 0 *
Ed
 1e-07 1 1 0
1  14 0 1 2.5
3  27 28CN 4 0 1 2.5
7  27 28 4 0
0

0101000
+34 0 -51 0 *
Wi

0101100
-50 0 +18 0 +33 0 -18 0 *
Fa
0  1e-07 4 0
2  4
0101000
+17 0 *
Ed
 1e-07 1 1 0
1  15 0 1 2.5
3  29 30CN 5 0 1 2.5
7  29 30 5 0
0

0101000
+31 0 -48 0 *
Wi

0101100
-47 0 +15 0 +30 0 -15 0 *
Fa
0  1e-07 5 0
2  5
0101000
+14 0 *
Ed
 1e-07 1 1 0
1  16 0 1 2.5
3  31 32CN 6 0 1 2.5
7  31 32 6 0
0

0101000
+28 0 -45 0 *
Wi

0101100
-44 0 +12 0 +27 0 -12 0 *
Fa
0  1e-07 6 0
2  6
0101000
+11 0 *
Ed
 1e-07 1 1 0
1  17 0 1 2.5
3  33 34CN 7 0 1 2.5
7  33 34 7 0
0

0101000
+25 0 -42 0 *
Wi

0101100
-41 0 +9 0 +24 0 -9 0 *
Fa
0  1e-07 7 0
2  7
0101000
+8 0 *
Ed
 1e-07 1 1 0
1  18 0 1 2.5
3  35 36CN 8 0 1 2.5
7  35 36 8 0
0

0101000
+22 0 -39 0 *
Wi

0101100
-38 0 +6 0 +21 0 -6 0 *
Fa
0  1e-07 8 0
2  8
0101000
+5 0 *
Sh

0101100
+53 0 +36 0 -19 0 -16 0 -13 0 -10 0 -7 0 -4 0 *
So

0100000
+3 0 *
Co

1100000
+2 0 *

+1 0 