solid unnamed
facet normal 0.99999994 -0 0
    outer loop
        vertex 123.5 -3.75 11.75
        vertex 123.5 -3.75 -11.75
        vertex 123.5 3.75 11.75
    endloop
endfacet
facet normal 0.99999994 0 0
    outer loop
        vertex 123.5 3.75 11.75
        vertex 123.5 -3.75 -11.75
        vertex 123.5 3.75 -11.75
    endloop
endfacet
facet normal 0 1 0
    outer loop
        vertex 123.5 3.75 11.75
        vertex 123.5 3.75 -11.75
        vertex 117.75 3.75 11.75
    endloop
endfacet
facet normal 0 1 0
    outer loop
        vertex 117.75 3.75 11.75
        vertex 123.5 3.75 -11.75
        vertex 117.75 3.75 -11.75
    endloop
endfacet
facet normal -0.99999994 -0 -0
    outer loop
        vertex 117.75 3.75 11.75
        vertex 117.75 3.75 -11.75
        vertex 117.75 -3.75 11.75
    endloop
endfacet
facet normal -0.99999994 0 0
    outer loop
        vertex 117.75 -3.75 11.75
        vertex 117.75 3.75 -11.75
        vertex 117.75 -3.75 -11.75
    endloop
endfacet
facet normal 0 -1 0
    outer loop
        vertex 117.75 -3.75 11.75
        vertex 117.75 -3.75 -11.75
        vertex 123.5 -3.75 11.75
    endloop
endfacet
facet normal 0 -1 -0
    outer loop
        vertex 123.5 -3.75 11.75
        vertex 117.75 -3.75 -11.75
        vertex 123.5 -3.75 -11.75
    endloop
endfacet
facet normal 0 0 -1
    outer loop
        vertex 117.75 -3.75 -11.75
        vertex 117.75 3.75 -11.75
        vertex 123.5 -3.75 -11.75
    endloop
endfacet
facet normal 0 0 -1
    outer loop
        vertex 117.75 3.75 -11.75
        vertex 123.5 3.75 -11.75
        vertex 123.5 -3.75 -11.75
    endloop
endfacet
facet normal 0 0 1
    outer loop
        vertex 117.75 -3.75 11.75
        vertex 123.5 -3.75 11.75
        vertex 117.75 3.75 11.75
    endloop
endfacet
facet normal -0 0 1
    outer loop
        vertex 117.75 3.75 11.75
        vertex 123.5 -3.75 11.75
        vertex 123.5 3.75 11.75
    endloop
endfacet
facet normal 0.9238795 0.38268355 0
    outer loop
        vertex 115.53419 43.79686 11.75
        vertex 115.53419 43.79686 -11.75
        vertex 112.66406 50.725952 11.75
    endloop
endfacet
facet normal 0.9238795 0.38268355 0
    outer loop
        vertex 112.66406 50.725952 11.75
        vertex 115.53419 43.79686 -11.75
        vertex 112.66406 50.725952 -11.75
    endloop
endfacet
facet normal -0.38268363 0.92387944 0
    outer loop
        vertex 112.66406 50.725952 11.75
        vertex 112.66406 50.725952 -11.75
        vertex 107.35175 48.52552 11.75
    endloop
endfacet
facet normal -0.38268363 0.92387944 0
    outer loop
        vertex 107.35175 48.52552 11.75
        vertex 112.66406 50.725952 -11.75
        vertex 107.35175 48.52552 -11.75
    endloop
endfacet
facet normal -0.92387938 -0.38268369 -0
    outer loop
        vertex 107.35175 48.52552 11.75
        vertex 107.35175 48.52552 -11.75
        vertex 110.22188 41.59643 11.75
    endloop
endfacet
facet normal -0.92387938 -0.38268369 -0
    outer loop
        vertex 110.22188 41.59643 11.75
        vertex 107.35175 48.52552 -11.75
        vertex 110.22188 41.59643 -11.75
    endloop
endfacet
facet normal 0.3826831 -0.92387974 0
    outer loop
        vertex 110.22188 41.59643 11.75
        vertex 110.22188 41.59643 -11.75
        vertex 115.53419 43.79686 11.75
    endloop
endfacet
facet normal 0.3826831 -0.92387974 0
    outer loop
        vertex 115.53419 43.79686 11.75
        vertex 110.22188 41.59643 -11.75
        vertex 115.53419 43.79686 -11.75
    endloop
endfacet
facet normal 0 0 -1
    outer loop
        vertex 110.22188 41.59643 -11.75
        vertex 107.35175 48.52552 -11.75
        vertex 112.66406 50.725952 -11.75
    endloop
endfacet
facet normal 0 -0 -1
    outer loop
        vertex 112.66406 50.725952 -11.75
        vertex 115.53419 43.79686 -11.75
        vertex 110.22188 41.59643 -11.75
    endloop
endfacet
facet normal 0 -0 1
    outer loop
        vertex 110.22188 41.59643 11.75
        vertex 112.66406 50.725952 11.75
        vertex 107.35175 48.52552 11.75
    endloop
endfacet
facet normal 0 0 1
    outer loop
        vertex 112.66406 50.725952 11.75
        vertex 110.22188 41.59643 11.75
        vertex 115.53419 43.79686 11.75
    endloop
endfacet
facet normal 0.70710677 0.70710677 0
    outer loop
        vertex 89.97934 84.67604 11.75
        vertex 89.97934 84.67604 -11.75
        vertex 84.67604 89.97934 11.75
    endloop
endfacet
facet normal 0.70710677 0.70710677 0
    outer loop
        vertex 84.67604 89.97934 11.75
        vertex 89.97934 84.67604 -11.75
        vertex 84.67604 89.97934 -11.75
    endloop
endfacet
facet normal -0.70710617 0.70710748 0
    outer loop
        vertex 84.67604 89.97934 11.75
        vertex 84.67604 89.97934 -11.75
        vertex 80.61017 85.913475 11.75
    endloop
endfacet
facet normal -0.70710617 0.70710748 0
    outer loop
        vertex 80.61017 85.913475 11.75
        vertex 84.67604 89.97934 -11.75
        vertex 80.61017 85.913475 -11.75
    endloop
endfacet
facet normal -0.70710683 -0.70710683 -0
    outer loop
        vertex 80.61017 85.913475 11.75
        vertex 80.61017 85.913475 -11.75
        vertex 85.913475 80.61017 11.75
    endloop
endfacet
facet normal -0.70710683 -0.70710683 -0
    outer loop
        vertex 85.913475 80.61017 11.75
        vertex 80.61017 85.913475 -11.75
        vertex 85.913475 80.61017 -11.75
    endloop
endfacet
facet normal 0.70710748 -0.70710617 0
    outer loop
        vertex 85.913475 80.61017 11.75
        vertex 85.913475 80.61017 -11.75
        vertex 89.97934 84.67604 11.75
    endloop
endfacet
facet normal 0.70710748 -0.70710617 0
    outer loop
        vertex 89.97934 84.67604 11.75
        vertex 85.913475 80.61017 -11.75
        vertex 89.97934 84.67604 -11.75
    endloop
endfacet
facet normal 0 0 -1
    outer loop
        vertex 85.913475 80.61017 -11.75
        vertex 80.61017 85.913475 -11.75
        vertex 89.97934 84.67604 -11.75
    endloop
endfacet
facet normal 0 0 -1
    outer loop
        vertex 89.97934 84.67604 -11.75
        vertex 80.61017 85.913475 -11.75
        vertex 84.67604 89.97934 -11.75
    endloop
endfacet
facet normal 0 -0 1
    outer loop
        vertex 85.913475 80.61017 11.75
        vertex 89.97934 84.67604 11.75
        vertex 80.61017 85.913475 11.75
    endloop
endfacet
facet normal 0 0 1
    outer loop
        vertex 89.97934 84.67604 11.75
        vertex 84.67604 89.97934 11.75
        vertex 80.61017 85.913475 11.75
    endloop
endfacet
facet normal 0.38268355 0.9238795 0
    outer loop
        vertex 50.725952 112.66406 11.75
        vertex 50.725952 112.66406 -11.75
        vertex 43.79686 115.53419 11.75
    endloop
endfacet
facet normal 0.38268355 0.9238795 0
    outer loop
        vertex 43.79686 115.53419 11.75
        vertex 50.725952 112.66406 -11.75
        vertex 43.79686 115.53419 -11.75
    endloop
endfacet
facet normal -0.92387974 0.3826831 0
    outer loop
        vertex 43.79686 115.53419 11.75
        vertex 43.79686 115.53419 -11.75
        vertex 41.59643 110.22188 11.75
    endloop
endfacet
facet normal -0.92387974 0.3826831 0
    outer loop
        vertex 41.59643 110.22188 11.75
        vertex 43.79686 115.53419 -11.75
        vertex 41.59643 110.22188 -11.75
    endloop
endfacet
facet normal -0.38268369 -0.92387938 -0
    outer loop
        vertex 41.59643 110.22188 11.75
        vertex 41.59643 110.22188 -11.75
        vertex 48.52552 107.35175 11.75
    endloop
endfacet
facet normal -0.38268369 -0.92387938 -0
    outer loop
        vertex 48.52552 107.35175 11.75
        vertex 41.59643 110.22188 -11.75
        vertex 48.52552 107.35175 -11.75
    endloop
endfacet
facet normal 0.92387944 -0.38268363 0
    outer loop
        vertex 48.52552 107.35175 11.75
        vertex 48.52552 107.35175 -11.75
        vertex 50.725952 112.66406 11.75
    endloop
endfacet
facet normal 0.92387944 -0.38268363 0
    outer loop
        vertex 50.725952 112.66406 11.75
        vertex 48.52552 107.35175 -11.75
        vertex 50.725952 112.66406 -11.75
    endloop
endfacet
facet normal -0 0 -1
    outer loop
        vertex 50.725952 112.66406 -11.75
        vertex 41.59643 110.22188 -11.75
        vertex 43.79686 115.53419 -11.75
    endloop
endfacet
facet normal 0 0 -1
    outer loop
        vertex 41.59643 110.22188 -11.75
        vertex 50.725952 112.66406 -11.75
        vertex 48.52552 107.35175 -11.75
    endloop
endfacet
facet normal 0 0 1
    outer loop
        vertex 50.725952 112.66406 11.75
        vertex 43.79686 115.53419 11.75
        vertex 41.59643 110.22188 11.75
    endloop
endfacet
facet normal -0 0 1
    outer loop
        vertex 41.59643 110.22188 11.75
        vertex 48.52552 107.35175 11.75
        vertex 50.725952 112.66406 11.75
    endloop
endfacet
facet normal 0 0.99999994 0
    outer loop
        vertex 3.75 123.5 11.75
        vertex 3.75 123.5 -11.75
        vertex -3.75 123.5 11.75
    endloop
endfacet
facet normal 0 0.99999994 0
    outer loop
        vertex -3.75 123.5 11.75
        vertex 3.75 123.5 -11.75
        vertex -3.75 123.5 -11.75
    endloop
endfacet
facet normal -1 -0 -0
    outer loop
        vertex -3.75 123.5 11.75
        vertex -3.75 123.5 -11.75
        vertex -3.75 117.75 11.75
    endloop
endfacet
facet normal -1 0 0
    outer loop
        vertex -3.75 117.75 11.75
        vertex -3.75 123.5 -11.75
        vertex -3.75 117.75 -11.75
    endloop
endfacet
facet normal 0 -0.99999994 0
    outer loop
        vertex -3.75 117.75 11.75
        vertex -3.75 117.75 -11.75
        vertex 3.75 117.75 11.75
    endloop
endfacet
facet normal 0 -0.99999994 -0
    outer loop
        vertex 3.75 117.75 11.75
        vertex -3.75 117.75 -11.75
        vertex 3.75 117.75 -11.75
    endloop
endfacet
facet normal 1 -0 0
    outer loop
        vertex 3.75 117.75 11.75
        vertex 3.75 117.75 -11.75
        vertex 3.75 123.5 11.75
    endloop
endfacet
facet normal 1 0 0
    outer loop
        vertex 3.75 123.5 11.75
        vertex 3.75 117.75 -11.75
        vertex 3.75 123.5 -11.75
    endloop
endfacet
facet normal 0 0 -1
    outer loop
        vertex 3.75 117.75 -11.75
        vertex -3.75 117.75 -11.75
        vertex 3.75 123.5 -11.75
    endloop
endfacet
facet normal 0 0 -1
    outer loop
        vertex -3.75 117.75 -11.75
        vertex -3.75 123.5 -11.75
        vertex 3.75 123.5 -11.75
    endloop
endfacet
facet normal 0 -0 1
    outer loop
        vertex 3.75 117.75 11.75
        vertex 3.75 123.5 11.75
        vertex -3.75 117.75 11.75
    endloop
endfacet
facet normal 0 0 1
    outer loop
        vertex -3.75 117.75 11.75
        vertex 3.75 123.5 11.75
        vertex -3.75 123.5 11.75
    endloop
endfacet
facet normal -0.38268355 0.9238795 0
    outer loop
        vertex -43.79686 115.53419 11.75
        vertex -43.79686 115.53419 -11.75
        vertex -50.725952 112.66406 11.75
    endloop
endfacet
facet normal -0.38268355 0.9238795 0
    outer loop
        vertex -50.725952 112.66406 11.75
        vertex -43.79686 115.53419 -11.75
        vertex -50.725952 112.66406 -11.75
    endloop
endfacet
facet normal -0.92387944 -0.38268363 -0
    outer loop
        vertex -50.725952 112.66406 11.75
        vertex -50.725952 112.66406 -11.75
        vertex -48.52552 107.35175 11.75
    endloop
endfacet
facet normal -0.92387944 -0.38268363 -0
    outer loop
        vertex -48.52552 107.35175 11.75
        vertex -50.725952 112.66406 -11.75
        vertex -48.52552 107.35175 -11.75
    endloop
endfacet
facet normal 0.38268369 -0.92387938 0
    outer loop
        vertex -48.52552 107.35175 11.75
        vertex -48.52552 107.35175 -11.75
        vertex -41.59643 110.22188 11.75
    endloop
endfacet
facet normal 0.38268369 -0.92387938 0
    outer loop
        vertex -41.59643 110.22188 11.75
        vertex -48.52552 107.35175 -11.75
        vertex -41.59643 110.22188 -11.75
    endloop
endfacet
facet normal 0.92387974 0.3826831 0
    outer loop
        vertex -41.59643 110.22188 11.75
        vertex -41.59643 110.22188 -11.75
        vertex -43.79686 115.53419 11.75
    endloop
endfacet
facet normal 0.92387974 0.3826831 0
    outer loop
        vertex -43.79686 115.53419 11.75
        vertex -41.59643 110.22188 -11.75
        vertex -43.79686 115.53419 -11.75
    endloop
endfacet
facet normal 0 -0 -1
    outer loop
        vertex -43.79686 115.53419 -11.75
        vertex -41.59643 110.22188 -11.75
        vertex -50.725952 112.66406 -11.75
    endloop
endfacet
facet normal 0 0 -1
    outer loop
        vertex -50.725952 112.66406 -11.75
        vertex -41.59643 110.22188 -11.75
        vertex -48.52552 107.35175 -11.75
    endloop
endfacet
facet normal 0 0 1
    outer loop
        vertex -43.79686 115.53419 11.75
        vertex -50.725952 112.66406 11.75
        vertex -41.59643 110.22188 11.75
    endloop
endfacet
facet normal 0 0 1
    outer loop
        vertex -50.725952 112.66406 11.75
        vertex -48.52552 107.35175 11.75
        vertex -41.59643 110.22188 11.75
    endloop
endfacet
facet normal -0.70710677 0.70710677 0
    outer loop
        vertex -84.67604 89.97934 11.75
        vertex -84.67604 89.97934 -11.75
        vertex -89.97934 84.67604 11.75
    endloop
endfacet
facet normal -0.70710677 0.70710677 0
    outer loop
        vertex -89.97934 84.67604 11.75
        vertex -84.67604 89.97934 -11.75
        vertex -89.97934 84.67604 -11.75
    endloop
endfacet
facet normal -0.70710748 -0.70710617 -0
    outer loop
        vertex -89.97934 84.67604 11.75
        vertex -89.97934 84.67604 -11.75
        vertex -85.913475 80.61017 11.75
    endloop
endfacet
facet normal -0.70710748 -0.70710617 -0
    outer loop
        vertex -85.913475 80.61017 11.75
        vertex -89.97934 84.67604 -11.75
        vertex -85.913475 80.61017 -11.75
    endloop
endfacet
facet normal 0.70710683 -0.70710683 0
    outer loop
        vertex -85.913475 80.61017 11.75
        vertex -85.913475 80.61017 -11.75
        vertex -80.61017 85.913475 11.75
    endloop
endfacet
facet normal 0.70710683 -0.70710683 0
    outer loop
        vertex -80.61017 85.913475 11.75
        vertex -85.913475 80.61017 -11.75
        vertex -80.61017 85.913475 -11.75
    endloop
endfacet
facet normal 0.70710617 0.70710748 0
    outer loop
        vertex -80.61017 85.913475 11.75
        vertex -80.61017 85.913475 -11.75
        vertex -84.67604 89.97934 11.75
    endloop
endfacet
facet normal 0.70710617 0.70710748 0
    outer loop
        vertex -84.67604 89.97934 11.75
        vertex -80.61017 85.913475 -11.75
        vertex -84.67604 89.97934 -11.75
    endloop
endfacet
facet normal -0 0 -1
    outer loop
        vertex -80.61017 85.913475 -11.75
        vertex -85.913475 80.61017 -11.75
        vertex -84.67604 89.97934 -11.75
    endloop
endfacet
facet normal 0 0 -1
    outer loop
        vertex -89.97934 84.67604 -11.75
        vertex -84.67604 89.97934 -11.75
        vertex -85.913475 80.61017 -11.75
    endloop
endfacet
facet normal 0 0 1
    outer loop
        vertex -80.61017 85.913475 11.75
        vertex -84.67604 89.97934 11.75
        vertex -85.913475 80.61017 11.75
    endloop
endfacet
facet normal -0 0 1
    outer loop
        vertex -89.97934 84.67604 11.75
        vertex -85.913475 80.61017 11.75
        vertex -84.67604 89.97934 11.75
    endloop
endfacet
facet normal -0.9238795 0.38268355 0
    outer loop
        vertex -112.66406 50.725952 11.75
        vertex -112.66406 50.725952 -11.75
        vertex -115.53419 43.79686 11.75
    endloop
endfacet
facet normal -0.9238795 0.38268355 0
    outer loop
        vertex -115.53419 43.79686 11.75
        vertex -112.66406 50.725952 -11.75
        vertex -115.53419 43.79686 -11.75
    endloop
endfacet
facet normal -0.3826831 -0.92387974 -0
    outer loop
        vertex -115.53419 43.79686 11.75
        vertex -115.53419 43.79686 -11.75
        vertex -110.22188 41.59643 11.75
    endloop
endfacet
facet normal -0.3826831 -0.92387974 -0
    outer loop
        vertex -110.22188 41.59643 11.75
        vertex -115.53419 43.79686 -11.75
        vertex -110.22188 41.59643 -11.75
    endloop
endfacet
facet normal 0.92387938 -0.38268369 0
    outer loop
        vertex -110.22188 41.59643 11.75
        vertex -110.22188 41.59643 -11.75
        vertex -107.35175 48.52552 11.75
    endloop
endfacet
facet normal 0.92387938 -0.38268369 0
    outer loop
        vertex -107.35175 48.52552 11.75
        vertex -110.22188 41.59643 -11.75
        vertex -107.35175 48.52552 -11.75
    endloop
endfacet
facet normal 0.38268363 0.92387944 0
    outer loop
        vertex -107.35175 48.52552 11.75
        vertex -107.35175 48.52552 -11.75
        vertex -112.66406 50.725952 11.75
    endloop
endfacet
facet normal 0.38268363 0.92387944 0
    outer loop
        vertex -112.66406 50.725952 11.75
        vertex -107.35175 48.52552 -11.75
        vertex -112.66406 50.725952 -11.75
    endloop
endfacet
facet normal 0 0 -1
    outer loop
        vertex -112.66406 50.725952 -11.75
        vertex -107.35175 48.52552 -11.75
        vertex -110.22188 41.59643 -11.75
    endloop
endfacet
facet normal 0 0 -1
    outer loop
        vertex -115.53419 43.79686 -11.75
        vertex -112.66406 50.725952 -11.75
        vertex -110.22188 41.59643 -11.75
    endloop
endfacet
facet normal 0 0 1
    outer loop
        vertex -112.66406 50.725952 11.75
        vertex -110.22188 41.59643 11.75
        vertex -107.35175 48.52552 11.75
    endloop
endfacet
facet normal -0 0 1
    outer loop
        vertex -115.53419 43.79686 11.75
        vertex -110.22188 41.59643 11.75
        vertex -112.66406 50.725952 11.75
    endloop
endfacet
facet normal -0.99999994 -0 -0
    outer loop
        vertex -123.5 3.75 11.75
        vertex -123.5 3.75 -11.75
        vertex -123.5 -3.75 11.75
    endloop
endfacet
facet normal -0.99999994 0 0
    outer loop
        vertex -123.5 -3.75 11.75
        vertex -123.5 3.75 -11.75
        vertex -123.5 -3.75 -11.75
    endloop
endfacet
facet normal 0 -1 0
    outer loop
        vertex -123.5 -3.75 11.75
        vertex -123.5 -3.75 -11.75
        vertex -117.75 -3.75 11.75
    endloop
endfacet
facet normal 0 -1 -0
    outer loop
        vertex -117.75 -3.75 11.75
        vertex -123.5 -3.75 -11.75
        vertex -117.75 -3.75 -11.75
    endloop
endfacet
facet normal 0.99999994 -0 0
    outer loop
        vertex -117.75 -3.75 11.75
        vertex -117.75 -3.75 -11.75
        vertex -117.75 3.75 11.75
    endloop
endfacet
facet normal 0.99999994 0 0
    outer loop
        vertex -117.75 3.75 11.75
        vertex -117.75 -3.75 -11.75
        vertex -117.75 3.75 -11.75
    endloop
endfacet
facet normal 0 1 0
    outer loop
        vertex -117.75 3.75 11.75
        vertex -117.75 3.75 -11.75
        vertex -123.5 3.75 11.75
    endloop
endfacet
facet normal 0 1 0
    outer loop
        vertex -123.5 3.75 11.75
        vertex -117.75 3.75 -11.75
        vertex -123.5 3.75 -11.75
    endloop
endfacet
facet normal -0 -0 -1
    outer loop
        vertex -117.75 3.75 -11.75
        vertex -117.75 -3.75 -11.75
        vertex -123.5 3.75 -11.75
    endloop
endfacet
facet normal 0 0 -1
    outer loop
        vertex -117.75 -3.75 -11.75
        vertex -123.5 -3.75 -11.75
        vertex -123.5 3.75 -11.75
    endloop
endfacet
facet normal 0 0 1
    outer loop
        vertex -117.75 3.75 11.75
        vertex -123.5 3.75 11.75
        vertex -117.75 -3.75 11.75
    endloop
endfacet
facet normal 0 0 1
    outer loop
        vertex -117.75 -3.75 11.75
        vertex -123.5 3.75 11.75
        vertex -123.5 -3.75 11.75
    endloop
endfacet
facet normal -0.9238795 -0.38268355 -0
    outer loop
        vertex -115.53419 -43.79686 11.75
        vertex -115.53419 -43.79686 -11.75
        vertex -112.66406 -50.725952 11.75
    endloop
endfacet
facet normal -0.9238795 -0.38268355 -0
    outer loop
        vertex -112.66406 -50.725952 11.75
        vertex -115.53419 -43.79686 -11.75
        vertex -112.66406 -50.725952 -11.75
    endloop
endfacet
facet normal 0.38268363 -0.92387944 0
    outer loop
        vertex -112.66406 -50.725952 11.75
        vertex -112.66406 -50.725952 -11.75
        vertex -107.35175 -48.52552 11.75
    endloop
endfacet
facet normal 0.38268363 -0.92387944 0
    outer loop
        vertex -107.35175 -48.52552 11.75
        vertex -112.66406 -50.725952 -11.75
        vertex -107.35175 -48.52552 -11.75
    endloop
endfacet
facet normal 0.92387938 0.38268369 0
    outer loop
        vertex -107.35175 -48.52552 11.75
        vertex -107.35175 -48.52552 -11.75
        vertex -110.22188 -41.59643 11.75
    endloop
endfacet
facet normal 0.92387938 0.38268369 0
    outer loop
        vertex -110.22188 -41.59643 11.75
        vertex -107.35175 -48.52552 -11.75
        vertex -110.22188 -41.59643 -11.75
    endloop
endfacet
facet normal -0.3826831 0.92387974 0
    outer loop
        vertex -110.22188 -41.59643 11.75
        vertex -110.22188 -41.59643 -11.75
        vertex -115.53419 -43.79686 11.75
    endloop
endfacet
facet normal -0.3826831 0.92387974 0
    outer loop
        vertex -115.53419 -43.79686 11.75
        vertex -110.22188 -41.59643 -11.75
        vertex -115.53419 -43.79686 -11.75
    endloop
endfacet
facet normal 0 -0 -1
    outer loop
        vertex -110.22188 -41.59643 -11.75
        vertex -107.35175 -48.52552 -11.75
        vertex -112.66406 -50.725952 -11.75
    endloop
endfacet
facet normal 0 0 -1
    outer loop
        vertex -112.66406 -50.725952 -11.75
        vertex -115.53419 -43.79686 -11.75
        vertex -110.22188 -41.59643 -11.75
    endloop
endfacet
facet normal 0 0 1
    outer loop
        vertex -110.22188 -41.59643 11.75
        vertex -112.66406 -50.725952 11.75
        vertex -107.35175 -48.52552 11.75
    endloop
endfacet
facet normal 0 -0 1
    outer loop
        vertex -112.66406 -50.725952 11.75
        vertex -110.22188 -41.59643 11.75
        vertex -115.53419 -43.79686 11.75
    endloop
endfacet
facet normal -0.70710677 -0.70710677 -0
    outer loop
        vertex -89.97934 -84.67604 11.75
        vertex -89.97934 -84.67604 -11.75
        vertex -84.67604 -89.97934 11.75
    endloop
endfacet
facet normal -0.70710677 -0.70710677 -0
    outer loop
        vertex -84.67604 -89.97934 11.75
        vertex -89.97934 -84.67604 -11.75
        vertex -84.67604 -89.97934 -11.75
    endloop
endfacet
facet normal 0.70710617 -0.70710748 0
    outer loop
        vertex -84.67604 -89.97934 11.75
        vertex -84.67604 -89.97934 -11.75
        vertex -80.61017 -85.913475 11.75
    endloop
endfacet
facet normal 0.70710617 -0.70710748 0
    outer loop
        vertex -80.61017 -85.913475 11.75
        vertex -84.67604 -89.97934 -11.75
        vertex -80.61017 -85.913475 -11.75
    endloop
endfacet
facet normal 0.70710683 0.70710683 0
    outer loop
        vertex -80.61017 -85.913475 11.75
        vertex -80.61017 -85.913475 -11.75
        vertex -85.913475 -80.61017 11.75
    endloop
endfacet
facet normal 0.70710683 0.70710683 0
    outer loop
        vertex -85.913475 -80.61017 11.75
        vertex -80.61017 -85.913475 -11.75
        vertex -85.913475 -80.61017 -11.75
    endloop
endfacet
facet normal -0.70710748 0.70710617 0
    outer loop
        vertex -85.913475 -80.61017 11.75
        vertex -85.913475 -80.61017 -11.75
        vertex -89.97934 -84.67604 11.75
    endloop
endfacet
facet normal -0.70710748 0.70710617 0
    outer loop
        vertex -89.97934 -84.67604 11.75
        vertex -85.913475 -80.61017 -11.75
        vertex -89.97934 -84.67604 -11.75
    endloop
endfacet
facet normal 0 -0 -1
    outer loop
        vertex -85.913475 -80.61017 -11.75
        vertex -80.61017 -85.913475 -11.75
        vertex -89.97934 -84.67604 -11.75
    endloop
endfacet
facet normal 0 0 -1
    outer loop
        vertex -89.97934 -84.67604 -11.75
        vertex -80.61017 -85.913475 -11.75
        vertex -84.67604 -89.97934 -11.75
    endloop
endfacet
facet normal 0 0 1
    outer loop
        vertex -85.913475 -80.61017 11.75
        vertex -89.97934 -84.67604 11.75
        vertex -80.61017 -85.913475 11.75
    endloop
endfacet
facet normal 0 0 1
    outer loop
        vertex -89.97934 -84.67604 11.75
        vertex -84.67604 -89.97934 11.75
        vertex -80.61017 -85.913475 11.75
    endloop
endfacet
facet normal -0.38268355 -0.9238795 -0
    outer loop
        vertex -50.725952 -112.66406 11.75
        vertex -50.725952 -112.66406 -11.75
        vertex -43.79686 -115.53419 11.75
    endloop
endfacet
facet normal -0.38268355 -0.9238795 -0
    outer loop
        vertex -43.79686 -115.53419 11.75
        vertex -50.725952 -112.66406 -11.75
        vertex -43.79686 -115.53419 -11.75
    endloop
endfacet
facet normal 0.92387974 -0.3826831 0
    outer loop
        vertex -43.79686 -115.53419 11.75
        vertex -43.79686 -115.53419 -11.75
        vertex -41.59643 -110.22188 11.75
    endloop
endfacet
facet normal 0.92387974 -0.3826831 0
    outer loop
        vertex -41.59643 -110.22188 11.75
        vertex -43.79686 -115.53419 -11.75
        vertex -41.59643 -110.22188 -11.75
    endloop
endfacet
facet normal 0.38268369 0.92387938 0
    outer loop
        vertex -41.59643 -110.22188 11.75
        vertex -41.59643 -110.22188 -11.75
        vertex -48.52552 -107.35175 11.75
    endloop
endfacet
facet normal 0.38268369 0.92387938 0
    outer loop
        vertex -48.52552 -107.35175 11.75
        vertex -41.59643 -110.22188 -11.75
        vertex -48.52552 -107.35175 -11.75
    endloop
endfacet
facet normal -0.92387944 0.38268363 0
    outer loop
        vertex -48.52552 -107.35175 11.75
        vertex -48.52552 -107.35175 -11.75
        vertex -50.725952 -112.66406 11.75
    endloop
endfacet
facet normal -0.92387944 0.38268363 0
    outer loop
        vertex -50.725952 -112.66406 11.75
        vertex -48.52552 -107.35175 -11.75
        vertex -50.725952 -112.66406 -11.75
    endloop
endfacet
facet normal 0 0 -1
    outer loop
        vertex -50.725952 -112.66406 -11.75
        vertex -41.59643 -110.22188 -11.75
        vertex -43.79686 -115.53419 -11.75
    endloop
endfacet
facet normal -0 0 -1
    outer loop
        vertex -41.59643 -110.22188 -11.75
        vertex -50.725952 -112.66406 -11.75
        vertex -48.52552 -107.35175 -11.75
    endloop
endfacet
facet normal -0 0 1
    outer loop
        vertex -50.725952 -112.66406 11.75
        vertex -43.79686 -115.53419 11.75
        vertex -41.59643 -110.22188 11.75
    endloop
endfacet
facet normal 0 0 1
    outer loop
        vertex -41.59643 -110.22188 11.75
        vertex -48.52552 -107.35175 11.75
        vertex -50.725952 -112.66406 11.75
    endloop
endfacet
facet normal 0 -0.99999994 0
    outer loop
        vertex -3.75 -123.5 11.75
        vertex -3.75 -123.5 -11.75
        vertex 3.75 -123.5 11.75
    endloop
endfacet
facet normal 0 -0.99999994 -0
    outer loop
        vertex 3.75 -123.5 11.75
        vertex -3.75 -123.5 -11.75
        vertex 3.75 -123.5 -11.75
    endloop
endfacet
facet normal 1 -0 0
    outer loop
        vertex 3.75 -123.5 11.75
        vertex 3.75 -123.5 -11.75
        vertex 3.75 -117.75 11.75
    endloop
endfacet
facet normal 1 0 0
    outer loop
        vertex 3.75 -117.75 11.75
        vertex 3.75 -123.5 -11.75
        vertex 3.75 -117.75 -11.75
    endloop
endfacet
facet normal 0 0.99999994 0
    outer loop
        vertex 3.75 -117.75 11.75
        vertex 3.75 -117.75 -11.75
        vertex -3.75 -117.75 11.75
    endloop
endfacet
facet normal 0 0.99999994 0
    outer loop
        vertex -3.75 -117.75 11.75
        vertex 3.75 -117.75 -11.75
        vertex -3.75 -117.75 -11.75
    endloop
endfacet
facet normal -1 -0 -0
    outer loop
        vertex -3.75 -117.75 11.75
        vertex -3.75 -117.75 -11.75
        vertex -3.75 -123.5 11.75
    endloop
endfacet
facet normal -1 0 0
    outer loop
        vertex -3.75 -123.5 11.75
        vertex -3.75 -117.75 -11.75
        vertex -3.75 -123.5 -11.75
    endloop
endfacet
facet normal 0 0 -1
    outer loop
        vertex -3.75 -117.75 -11.75
        vertex 3.75 -117.75 -11.75
        vertex -3.75 -123.5 -11.75
    endloop
endfacet
facet normal 0 -0 -1
    outer loop
        vertex 3.75 -117.75 -11.75
        vertex 3.75 -123.5 -11.75
        vertex -3.75 -123.5 -11.75
    endloop
endfacet
facet normal -0 0 1
    outer loop
        vertex -3.75 -117.75 11.75
        vertex -3.75 -123.5 11.75
        vertex 3.75 -117.75 11.75
    endloop
endfacet
facet normal 0 0 1
    outer loop
        vertex 3.75 -117.75 11.75
        vertex -3.75 -123.5 11.75
        vertex 3.75 -123.5 11.75
    endloop
endfacet
facet normal 0.38268355 -0.9238795 0
    outer loop
        vertex 43.79686 -115.53419 11.75
        vertex 43.79686 -115.53419 -11.75
        vertex 50.725952 -112.66406 11.75
    endloop
endfacet
facet normal 0.38268355 -0.9238795 0
    outer loop
        vertex 50.725952 -112.66406 11.75
        vertex 43.79686 -115.53419 -11.75
        vertex 50.725952 -112.66406 -11.75
    endloop
endfacet
facet normal 0.92387944 0.38268363 0
    outer loop
        vertex 50.725952 -112.66406 11.75
        vertex 50.725952 -112.66406 -11.75
        vertex 48.52552 -107.35175 11.75
    endloop
endfacet
facet normal 0.92387944 0.38268363 0
    outer loop
        vertex 48.52552 -107.35175 11.75
        vertex 50.725952 -112.66406 -11.75
        vertex 48.52552 -107.35175 -11.75
    endloop
endfacet
facet normal -0.38268369 0.92387938 0
    outer loop
        vertex 48.52552 -107.35175 11.75
        vertex 48.52552 -107.35175 -11.75
        vertex 41.59643 -110.22188 11.75
    endloop
endfacet
facet normal -0.38268369 0.92387938 0
    outer loop
        vertex 41.59643 -110.22188 11.75
        vertex 48.52552 -107.35175 -11.75
        vertex 41.59643 -110.22188 -11.75
    endloop
endfacet
facet normal -0.92387974 -0.3826831 -0
    outer loop
        vertex 41.59643 -110.22188 11.75
        vertex 41.59643 -110.22188 -11.75
        vertex 43.79686 -115.53419 11.75
    endloop
endfacet
facet normal -0.92387974 -0.3826831 -0
    outer loop
        vertex 43.79686 -115.53419 11.75
        vertex 41.59643 -110.22188 -11.75
        vertex 43.79686 -115.53419 -11.75
    endloop
endfacet
facet normal 0 0 -1
    outer loop
        vertex 43.79686 -115.53419 -11.75
        vertex 41.59643 -110.22188 -11.75
        vertex 50.725952 -112.66406 -11.75
    endloop
endfacet
facet normal 0 0 -1
    outer loop
        vertex 50.725952 -112.66406 -11.75
        vertex 41.59643 -110.22188 -11.75
        vertex 48.52552 -107.35175 -11.75
    endloop
endfacet
facet normal 0 -0 1
    outer loop
        vertex 43.79686 -115.53419 11.75
        vertex 50.725952 -112.66406 11.75
        vertex 41.59643 -110.22188 11.75
    endloop
endfacet
facet normal 0 0 1
    outer loop
        vertex 50.725952 -112.66406 11.75
        vertex 48.52552 -107.35175 11.75
        vertex 41.59643 -110.22188 11.75
    endloop
endfacet
facet normal 0.70710677 -0.70710677 0
    outer loop
        vertex 84.67604 -89.97934 11.75
        vertex 84.67604 -89.97934 -11.75
        vertex 89.97934 -84.67604 11.75
    endloop
endfacet
facet normal 0.70710677 -0.70710677 0
    outer loop
        vertex 89.97934 -84.67604 11.75
        vertex 84.67604 -89.97934 -11.75
        vertex 89.97934 -84.67604 -11.75
    endloop
endfacet
facet normal 0.70710748 0.70710617 0
    outer loop
        vertex 89.97934 -84.67604 11.75
        vertex 89.97934 -84.67604 -11.75
        vertex 85.913475 -80.61017 11.75
    endloop
endfacet
facet normal 0.70710748 0.70710617 0
    outer loop
        vertex 85.913475 -80.61017 11.75
        vertex 89.97934 -84.67604 -11.75
        vertex 85.913475 -80.61017 -11.75
    endloop
endfacet
facet normal -0.70710683 0.70710683 0
    outer loop
        vertex 85.913475 -80.61017 11.75
        vertex 85.913475 -80.61017 -11.75
        vertex 80.61017 -85.913475 11.75
    endloop
endfacet
facet normal -0.70710683 0.70710683 0
    outer loop
        vertex 80.61017 -85.913475 11.75
        vertex 85.913475 -80.61017 -11.75
        vertex 80.61017 -85.913475 -11.75
    endloop
endfacet
facet normal -0.70710617 -0.70710748 -0
    outer loop
        vertex 80.61017 -85.913475 11.75
        vertex 80.61017 -85.913475 -11.75
        vertex 84.67604 -89.97934 11.75
    endloop
endfacet
facet normal -0.70710617 -0.70710748 -0
    outer loop
        vertex 84.67604 -89.97934 11.75
        vertex 80.61017 -85.913475 -11.75
        vertex 84.67604 -89.97934 -11.75
    endloop
endfacet
facet normal 0 0 -1
    outer loop
        vertex 80.61017 -85.913475 -11.75
        vertex 85.913475 -80.61017 -11.75
        vertex 84.67604 -89.97934 -11.75
    endloop
endfacet
facet normal -0 0 -1
    outer loop
        vertex 89.97934 -84.67604 -11.75
        vertex 84.67604 -89.97934 -11.75
        vertex 85.913475 -80.61017 -11.75
    endloop
endfacet
facet normal -0 0 1
    outer loop
        vertex 80.61017 -85.913475 11.75
        vertex 84.67604 -89.97934 11.75
        vertex 85.913475 -80.61017 11.75
    endloop
endfacet
facet normal 0 0 1
    outer loop
        vertex 89.97934 -84.67604 11.75
        vertex 85.913475 -80.61017 11.75
        vertex 84.67604 -89.97934 11.75
    endloop
endfacet
facet normal 0.9238795 -0.38268355 0
    outer loop
        vertex 112.66406 -50.725952 11.75
        vertex 112.66406 -50.725952 -11.75
        vertex 115.53419 -43.79686 11.75
    endloop
endfacet
facet normal 0.9238795 -0.38268355 0
    outer loop
        vertex 115.53419 -43.79686 11.75
        vertex 112.66406 -50.725952 -11.75
        vertex 115.53419 -43.79686 -11.75
    endloop
endfacet
facet normal 0.3826831 0.92387974 0
    outer loop
        vertex 115.53419 -43.79686 11.75
        vertex 115.53419 -43.79686 -11.75
        vertex 110.22188 -41.59643 11.75
    endloop
endfacet
facet normal 0.3826831 0.92387974 0
    outer loop
        vertex 110.22188 -41.59643 11.75
        vertex 115.53419 -43.79686 -11.75
        vertex 110.22188 -41.59643 -11.75
    endloop
endfacet
facet normal -0.92387938 0.38268369 0
    outer loop
        vertex 110.22188 -41.59643 11.75
        vertex 110.22188 -41.59643 -11.75
        vertex 107.35175 -48.52552 11.75
    endloop
endfacet
facet normal -0.92387938 0.38268369 0
    outer loop
        vertex 107.35175 -48.52552 11.75
        vertex 110.22188 -41.59643 -11.75
        vertex 107.35175 -48.52552 -11.75
    endloop
endfacet
facet normal -0.38268363 -0.92387944 -0
    outer loop
        vertex 107.35175 -48.52552 11.75
        vertex 107.35175 -48.52552 -11.75
        vertex 112.66406 -50.725952 11.75
    endloop
endfacet
facet normal -0.38268363 -0.92387944 -0
    outer loop
        vertex 112.66406 -50.725952 11.75
        vertex 107.35175 -48.52552 -11.75
        vertex 112.66406 -50.725952 -11.75
    endloop
endfacet
facet normal 0 0 -1
    outer loop
        vertex 112.66406 -50.725952 -11.75
        vertex 107.35175 -48.52552 -11.75
        vertex 110.22188 -41.59643 -11.75
    endloop
endfacet
facet normal -0 0 -1
    outer loop
        vertex 115.53419 -43.79686 -11.75
        vertex 112.66406 -50.725952 -11.75
        vertex 110.22188 -41.59643 -11.75
    endloop
endfacet
facet normal 0 0 1
    outer loop
        vertex 112.66406 -50.725952 11.75
        vertex 110.22188 -41.59643 11.75
        vertex 107.35175 -48.52552 11.75
    endloop
endfacet
facet normal 0 0 1
    outer loop
        vertex 115.53419 -43.79686 11.75
        vertex 110.22188 -41.59643 11.75
        vertex 112.66406 -50.725952 11.75
    endloop
endfacet
facet normal -0.99969876 0.02454218 0
    outer loop
        vertex -142.82774 7.0166774 -21
        vertex -143 -0 -21
        vertex -142.82774 7.0166774 21
    endloop
endfacet
facet normal -0.99729061 0.07356352 0
    outer loop
        vertex -142.31142 14.016451 -21
        vertex -142.82774 7.0166774 -21
        vertex -142.82774 7.0166774 21
    endloop
endfacet
facet normal -0.99247956 0.12241091 0
    outer loop
        vertex -141.45224 20.982458 -21
        vertex -142.31142 14.016451 -21
        vertex -142.31142 14.016451 21
    endloop
endfacet
facet normal -0.99247956 0.12241091 0
    outer loop
        vertex -141.45224 20.982458 21
        vertex -141.45224 20.982458 -21
        vertex -142.31142 14.016451 21
    endloop
endfacet
facet normal -0.98527753 0.17096262 0
    outer loop
        vertex -140.25229 27.897917 21
        vertex -140.25229 27.897917 -21
        vertex -141.45224 20.982458 21
    endloop
endfacet
facet normal -0.97570217 0.21910135 0
    outer loop
        vertex -140.25229 27.897917 21
        vertex -138.71446 34.746166 -21
        vertex -140.25229 27.897917 -21
    endloop
endfacet
facet normal -0.96377635 0.26671186 0
    outer loop
        vertex -138.71446 34.746166 21
        vertex -136.84247 41.510708 -21
        vertex -138.71446 34.746166 -21
    endloop
endfacet
facet normal -0.96377635 0.26671186 0
    outer loop
        vertex -138.71446 34.746166 21
        vertex -136.84247 41.510708 21
        vertex -136.84247 41.510708 -21
    endloop
endfacet
facet normal -0.94952786 0.31368271 0
    outer loop
        vertex -136.84247 41.510708 21
        vertex -134.6408 48.17525 21
        vertex -134.6408 48.17525 -21
    endloop
endfacet
facet normal -0.93299264 0.3598955 0
    outer loop
        vertex -134.6408 48.17525 -21
        vertex -134.6408 48.17525 21
        vertex -132.11476 54.723732 -21
    endloop
endfacet
facet normal -0.9142099 0.40524086 0
    outer loop
        vertex -132.11476 54.723732 -21
        vertex -132.11476 54.723732 21
        vertex -129.27046 61.140377 -21
    endloop
endfacet
facet normal -0.9142099 0.40524086 0
    outer loop
        vertex -129.27046 61.140377 -21
        vertex -132.11476 54.723732 21
        vertex -129.27046 61.140377 21
    endloop
endfacet
facet normal -0.89322448 0.44961101 0
    outer loop
        vertex -126.11474 67.40973 -21
        vertex -129.27046 61.140377 21
        vertex -126.11474 67.40973 21
    endloop
endfacet
facet normal -0.87008697 0.49289826 0
    outer loop
        vertex -122.65519 73.516685 -21
        vertex -126.11474 67.40973 -21
        vertex -126.11474 67.40973 21
    endloop
endfacet
facet normal -0.84485412 0.53499669 0
    outer loop
        vertex -118.900154 79.44655 -21
        vertex -122.65519 73.516685 -21
        vertex -122.65519 73.516685 21
    endloop
endfacet
facet normal -0.84485412 0.53499669 0
    outer loop
        vertex -118.900154 79.44655 21
        vertex -118.900154 79.44655 -21
        vertex -122.65519 73.516685 21
    endloop
endfacet
facet normal -0.81758475 0.57580835 0
    outer loop
        vertex -114.85868 85.185 21
        vertex -114.85868 85.185 -21
        vertex -118.900154 79.44655 21
    endloop
endfacet
facet normal -0.78834641 0.61523157 0
    outer loop
        vertex -114.85868 85.185 21
        vertex -110.5405 90.71824 -21
        vertex -114.85868 85.185 -21
    endloop
endfacet
facet normal -0.75720894 0.65317273 0
    outer loop
        vertex -110.5405 90.71824 21
        vertex -105.95601 96.032936 -21
        vertex -110.5405 90.71824 -21
    endloop
endfacet
facet normal -0.75720894 0.65317273 0
    outer loop
        vertex -110.5405 90.71824 21
        vertex -105.95601 96.032936 21
        vertex -105.95601 96.032936 -21
    endloop
endfacet
facet normal -0.72424722 0.68954051 0
    outer loop
        vertex -105.95601 96.032936 21
        vertex -101.11627 101.11627 21
        vertex -101.11627 101.11627 -21
    endloop
endfacet
facet normal -0.68954051 0.72424722 0
    outer loop
        vertex -101.11627 101.11627 -21
        vertex -101.11627 101.11627 21
        vertex -96.032936 105.95601 -21
    endloop
endfacet
facet normal -0.65317273 0.75720894 0
    outer loop
        vertex -96.032936 105.95601 -21
        vertex -96.032936 105.95601 21
        vertex -90.71824 110.5405 -21
    endloop
endfacet
facet normal -0.65317273 0.75720894 0
    outer loop
        vertex -90.71824 110.5405 -21
        vertex -96.032936 105.95601 21
        vertex -90.71824 110.5405 21
    endloop
endfacet
facet normal -0.61523157 0.78834641 0
    outer loop
        vertex -85.185 114.85868 -21
        vertex -90.71824 110.5405 21
        vertex -85.185 114.85868 21
    endloop
endfacet
facet normal -0.57580835 0.81758475 0
    outer loop
        vertex -79.44655 118.900154 -21
        vertex -85.185 114.85868 -21
        vertex -85.185 114.85868 21
    endloop
endfacet
facet normal -0.53499669 0.84485412 0
    outer loop
        vertex -73.516685 122.65519 -21
        vertex -79.44655 118.900154 -21
        vertex -79.44655 118.900154 21
    endloop
endfacet
facet normal -0.53499669 0.84485412 0
    outer loop
        vertex -73.516685 122.65519 21
        vertex -73.516685 122.65519 -21
        vertex -79.44655 118.900154 21
    endloop
endfacet
facet normal -0.49289826 0.87008697 0
    outer loop
        vertex -67.40973 126.11474 21
        vertex -67.40973 126.11474 -21
        vertex -73.516685 122.65519 21
    endloop
endfacet
facet normal -0.40524086 0.9142099 0
    outer loop
        vertex -61.140377 129.27046 21
        vertex -54.723732 132.11476 -21
        vertex -61.140377 129.27046 -21
    endloop
endfacet
facet normal -0.3598955 0.93299264 0
    outer loop
        vertex -54.723732 132.11476 21
        vertex -48.17525 134.6408 -21
        vertex -54.723732 132.11476 -21
    endloop
endfacet
facet normal -0.31368271 0.94952786 0
    outer loop
        vertex -41.510708 136.84247 21
        vertex -41.510708 136.84247 -21
        vertex -48.17525 134.6408 21
    endloop
endfacet
facet normal -0.26671186 0.96377635 0
    outer loop
        vertex -34.746166 138.71446 21
        vertex -34.746166 138.71446 -21
        vertex -41.510708 136.84247 21
    endloop
endfacet
facet normal -0.21910135 0.97570217 0
    outer loop
        vertex -27.897917 140.25229 21
        vertex -27.897917 140.25229 -21
        vertex -34.746166 138.71446 21
    endloop
endfacet
facet normal -0.12241091 0.99247956 0
    outer loop
        vertex -14.016451 142.31142 -21
        vertex -20.982458 141.45224 -21
        vertex -20.982458 141.45224 21
    endloop
endfacet
facet normal -0.07356352 0.99729061 0
    outer loop
        vertex -7.0166774 142.82774 -21
        vertex -14.016451 142.31142 -21
        vertex -14.016451 142.31142 21
    endloop
endfacet
facet normal -0.02454218 0.99969876 0
    outer loop
        vertex 0.000000000000008756224 143 -21
        vertex -7.0166774 142.82774 21
        vertex 0.000000000000008756224 143 21
    endloop
endfacet
facet normal 0.02454218 0.99969876 -0
    outer loop
        vertex 7.0166774 142.82774 -21
        vertex 0.000000000000008756224 143 21
        vertex 7.0166774 142.82774 21
    endloop
endfacet
facet normal 0.07356352 0.99729061 -0
    outer loop
        vertex 14.016451 142.31142 -21
        vertex 7.0166774 142.82774 21
        vertex 14.016451 142.31142 21
    endloop
endfacet
facet normal 0.17096262 0.98527753 -0
    outer loop
        vertex 20.982458 141.45224 -21
        vertex 20.982458 141.45224 21
        vertex 27.897917 140.25229 -21
    endloop
endfacet
facet normal 0.21910135 0.97570217 -0
    outer loop
        vertex 27.897917 140.25229 -21
        vertex 27.897917 140.25229 21
        vertex 34.746166 138.71446 -21
    endloop
endfacet
facet normal 0.26671186 0.96377635 -0
    outer loop
        vertex 34.746166 138.71446 -21
        vertex 34.746166 138.71446 21
        vertex 41.510708 136.84247 -21
    endloop
endfacet
facet normal 0.31368271 0.94952786 0
    outer loop
        vertex 41.510708 136.84247 21
        vertex 48.17525 134.6408 21
        vertex 48.17525 134.6408 -21
    endloop
endfacet
facet normal 0.3598955 0.93299264 0
    outer loop
        vertex 48.17525 134.6408 21
        vertex 54.723732 132.11476 21
        vertex 54.723732 132.11476 -21
    endloop
endfacet
facet normal 0.40524086 0.9142099 0
    outer loop
        vertex 54.723732 132.11476 21
        vertex 61.140377 129.27046 21
        vertex 61.140377 129.27046 -21
    endloop
endfacet
facet normal 0.49289826 0.87008697 0
    outer loop
        vertex 67.40973 126.11474 21
        vertex 73.516685 122.65519 -21
        vertex 67.40973 126.11474 -21
    endloop
endfacet
facet normal 0.53499669 0.84485412 0
    outer loop
        vertex 73.516685 122.65519 21
        vertex 79.44655 118.900154 -21
        vertex 73.516685 122.65519 -21
    endloop
endfacet
facet normal 0.57580835 0.81758475 0
    outer loop
        vertex 79.44655 118.900154 21
        vertex 85.185 114.85868 -21
        vertex 79.44655 118.900154 -21
    endloop
endfacet
facet normal 0.61523157 0.78834641 0
    outer loop
        vertex 90.71824 110.5405 21
        vertex 90.71824 110.5405 -21
        vertex 85.185 114.85868 21
    endloop
endfacet
facet normal 0.65317273 0.75720894 0
    outer loop
        vertex 96.032936 105.95601 21
        vertex 96.032936 105.95601 -21
        vertex 90.71824 110.5405 21
    endloop
endfacet
facet normal 0.68954051 0.72424722 0
    outer loop
        vertex 101.11627 101.11627 21
        vertex 101.11627 101.11627 -21
        vertex 96.032936 105.95601 21
    endloop
endfacet
facet normal 0.75720894 0.65317273 0
    outer loop
        vertex 110.5405 90.71824 -21
        vertex 105.95601 96.032936 -21
        vertex 105.95601 96.032936 21
    endloop
endfacet
facet normal 0.78834641 0.61523157 0
    outer loop
        vertex 114.85868 85.185 -21
        vertex 110.5405 90.71824 -21
        vertex 110.5405 90.71824 21
    endloop
endfacet
facet normal 0.81758475 0.57580835 0
    outer loop
        vertex 118.900154 79.44655 -21
        vertex 114.85868 85.185 -21
        vertex 114.85868 85.185 21
    endloop
endfacet
facet normal 0.84485412 0.53499669 -0
    outer loop
        vertex 122.65519 73.516685 -21
        vertex 118.900154 79.44655 21
        vertex 122.65519 73.516685 21
    endloop
endfacet
facet normal 0.87008697 0.49289826 -0
    outer loop
        vertex 126.11474 67.40973 -21
        vertex 122.65519 73.516685 21
        vertex 126.11474 67.40973 21
    endloop
endfacet
facet normal 0.89322448 0.44961101 -0
    outer loop
        vertex 129.27046 61.140377 -21
        vertex 126.11474 67.40973 21
        vertex 129.27046 61.140377 21
    endloop
endfacet
facet normal 0.9142099 0.40524086 -0
    outer loop
        vertex 132.11476 54.723732 -21
        vertex 129.27046 61.140377 21
        vertex 132.11476 54.723732 21
    endloop
endfacet
facet normal 0.93299264 0.3598955 -0
    outer loop
        vertex 134.6408 48.17525 -21
        vertex 132.11476 54.723732 21
        vertex 134.6408 48.17525 21
    endloop
endfacet
facet normal 0.96377635 0.26671186 -0
    outer loop
        vertex 136.84247 41.510708 -21
        vertex 136.84247 41.510708 21
        vertex 138.71446 34.746166 -21
    endloop
endfacet
facet normal 0.97570217 0.21910135 -0
    outer loop
        vertex 138.71446 34.746166 -21
        vertex 138.71446 34.746166 21
        vertex 140.25229 27.897917 -21
    endloop
endfacet
facet normal 0.98527753 0.17096262 -0
    outer loop
        vertex 140.25229 27.897917 -21
        vertex 140.25229 27.897917 21
        vertex 141.45224 20.982458 -21
    endloop
endfacet
facet normal 0.99969876 0.02454218 -0
    outer loop
        vertex 143 -0 -21
        vertex 142.82774 7.0166774 21
        vertex 143 -0 21
    endloop
endfacet
facet normal 0.99247956 0.12241091 0
    outer loop
        vertex 142.31142 14.016451 -21
        vertex 141.45224 20.982458 -21
        vertex 141.45224 20.982458 21
    endloop
endfacet
facet normal 0.99969876 0.02454218 -0
    outer loop
        vertex 142.82774 7.0166774 -21
        vertex 142.82774 7.0166774 21
        vertex 143 -0 -21
    endloop
endfacet
facet normal 0.99729061 0.07356352 -0
    outer loop
        vertex 142.31142 14.016451 -21
        vertex 142.31142 14.016451 21
        vertex 142.82774 7.0166774 -21
    endloop
endfacet
facet normal 0.99247956 0.12241091 -0
    outer loop
        vertex 142.31142 14.016451 -21
        vertex 141.45224 20.982458 21
        vertex 142.31142 14.016451 21
    endloop
endfacet
facet normal 0.98527753 0.17096262 -0
    outer loop
        vertex 141.45224 20.982458 -21
        vertex 140.25229 27.897917 21
        vertex 141.45224 20.982458 21
    endloop
endfacet
facet normal 0.97570217 0.21910135 -0
    outer loop
        vertex 140.25229 27.897917 -21
        vertex 138.71446 34.746166 21
        vertex 140.25229 27.897917 21
    endloop
endfacet
facet normal 0.96377635 0.26671186 -0
    outer loop
        vertex 138.71446 34.746166 -21
        vertex 136.84247 41.510708 21
        vertex 138.71446 34.746166 21
    endloop
endfacet
facet normal 0.94952786 0.31368271 -0
    outer loop
        vertex 136.84247 41.510708 -21
        vertex 134.6408 48.17525 21
        vertex 136.84247 41.510708 21
    endloop
endfacet
facet normal 0.94952786 0.31368271 0
    outer loop
        vertex 136.84247 41.510708 -21
        vertex 134.6408 48.17525 -21
        vertex 134.6408 48.17525 21
    endloop
endfacet
facet normal 0.93299264 0.3598955 0
    outer loop
        vertex 134.6408 48.17525 -21
        vertex 132.11476 54.723732 -21
        vertex 132.11476 54.723732 21
    endloop
endfacet
facet normal 0.9142099 0.40524086 0
    outer loop
        vertex 132.11476 54.723732 -21
        vertex 129.27046 61.140377 -21
        vertex 129.27046 61.140377 21
    endloop
endfacet
facet normal 0.89322448 0.44961101 0
    outer loop
        vertex 129.27046 61.140377 -21
        vertex 126.11474 67.40973 -21
        vertex 126.11474 67.40973 21
    endloop
endfacet
facet normal 0.87008697 0.49289826 0
    outer loop
        vertex 126.11474 67.40973 -21
        vertex 122.65519 73.516685 -21
        vertex 122.65519 73.516685 21
    endloop
endfacet
facet normal 0.84485412 0.53499669 0
    outer loop
        vertex 122.65519 73.516685 -21
        vertex 118.900154 79.44655 -21
        vertex 118.900154 79.44655 21
    endloop
endfacet
facet normal 0.81758475 0.57580835 0
    outer loop
        vertex 118.900154 79.44655 21
        vertex 118.900154 79.44655 -21
        vertex 114.85868 85.185 21
    endloop
endfacet
facet normal 0.78834641 0.61523157 0
    outer loop
        vertex 114.85868 85.185 21
        vertex 114.85868 85.185 -21
        vertex 110.5405 90.71824 21
    endloop
endfacet
facet normal 0.75720894 0.65317273 0
    outer loop
        vertex 110.5405 90.71824 21
        vertex 110.5405 90.71824 -21
        vertex 105.95601 96.032936 21
    endloop
endfacet
facet normal 0.72424722 0.68954051 0
    outer loop
        vertex 105.95601 96.032936 21
        vertex 105.95601 96.032936 -21
        vertex 101.11627 101.11627 21
    endloop
endfacet
facet normal 0.72424722 0.68954051 0
    outer loop
        vertex 101.11627 101.11627 21
        vertex 105.95601 96.032936 -21
        vertex 101.11627 101.11627 -21
    endloop
endfacet
facet normal 0.68954051 0.72424722 0
    outer loop
        vertex 96.032936 105.95601 21
        vertex 101.11627 101.11627 -21
        vertex 96.032936 105.95601 -21
    endloop
endfacet
facet normal 0.65317273 0.75720894 0
    outer loop
        vertex 90.71824 110.5405 21
        vertex 96.032936 105.95601 -21
        vertex 90.71824 110.5405 -21
    endloop
endfacet
facet normal 0.61523157 0.78834641 0
    outer loop
        vertex 85.185 114.85868 21
        vertex 90.71824 110.5405 -21
        vertex 85.185 114.85868 -21
    endloop
endfacet
facet normal 0.57580835 0.81758475 0
    outer loop
        vertex 79.44655 118.900154 21
        vertex 85.185 114.85868 21
        vertex 85.185 114.85868 -21
    endloop
endfacet
facet normal 0.53499669 0.84485412 0
    outer loop
        vertex 73.516685 122.65519 21
        vertex 79.44655 118.900154 21
        vertex 79.44655 118.900154 -21
    endloop
endfacet
facet normal 0.49289826 0.87008697 0
    outer loop
        vertex 67.40973 126.11474 21
        vertex 73.516685 122.65519 21
        vertex 73.516685 122.65519 -21
    endloop
endfacet
facet normal 0.44961101 0.89322448 0
    outer loop
        vertex 61.140377 129.27046 21
        vertex 67.40973 126.11474 21
        vertex 67.40973 126.11474 -21
    endloop
endfacet
facet normal 0.44961101 0.89322448 -0
    outer loop
        vertex 61.140377 129.27046 -21
        vertex 61.140377 129.27046 21
        vertex 67.40973 126.11474 -21
    endloop
endfacet
facet normal 0.40524086 0.9142099 -0
    outer loop
        vertex 54.723732 132.11476 -21
        vertex 54.723732 132.11476 21
        vertex 61.140377 129.27046 -21
    endloop
endfacet
facet normal 0.3598955 0.93299264 -0
    outer loop
        vertex 48.17525 134.6408 -21
        vertex 48.17525 134.6408 21
        vertex 54.723732 132.11476 -21
    endloop
endfacet
facet normal 0.31368271 0.94952786 -0
    outer loop
        vertex 41.510708 136.84247 -21
        vertex 41.510708 136.84247 21
        vertex 48.17525 134.6408 -21
    endloop
endfacet
facet normal 0.26671186 0.96377635 -0
    outer loop
        vertex 41.510708 136.84247 -21
        vertex 34.746166 138.71446 21
        vertex 41.510708 136.84247 21
    endloop
endfacet
facet normal 0.21910135 0.97570217 -0
    outer loop
        vertex 34.746166 138.71446 -21
        vertex 27.897917 140.25229 21
        vertex 34.746166 138.71446 21
    endloop
endfacet
facet normal 0.17096262 0.98527753 -0
    outer loop
        vertex 27.897917 140.25229 -21
        vertex 20.982458 141.45224 21
        vertex 27.897917 140.25229 21
    endloop
endfacet
facet normal 0.12241091 0.99247956 -0
    outer loop
        vertex 20.982458 141.45224 -21
        vertex 14.016451 142.31142 21
        vertex 20.982458 141.45224 21
    endloop
endfacet
facet normal 0.12241091 0.99247956 0
    outer loop
        vertex 20.982458 141.45224 -21
        vertex 14.016451 142.31142 -21
        vertex 14.016451 142.31142 21
    endloop
endfacet
facet normal 0.07356352 0.99729061 0
    outer loop
        vertex 14.016451 142.31142 -21
        vertex 7.0166774 142.82774 -21
        vertex 7.0166774 142.82774 21
    endloop
endfacet
facet normal 0.02454218 0.99969876 0
    outer loop
        vertex 7.0166774 142.82774 -21
        vertex 0.000000000000008756224 143 -21
        vertex 0.000000000000008756224 143 21
    endloop
endfacet
facet normal -0.02454218 0.99969876 0
    outer loop
        vertex 0.000000000000008756224 143 -21
        vertex -7.0166774 142.82774 -21
        vertex -7.0166774 142.82774 21
    endloop
endfacet
facet normal -0.07356352 0.99729061 0
    outer loop
        vertex -7.0166774 142.82774 21
        vertex -7.0166774 142.82774 -21
        vertex -14.016451 142.31142 21
    endloop
endfacet
facet normal -0.12241091 0.99247956 0
    outer loop
        vertex -14.016451 142.31142 21
        vertex -14.016451 142.31142 -21
        vertex -20.982458 141.45224 21
    endloop
endfacet
facet normal -0.17096262 0.98527753 0
    outer loop
        vertex -20.982458 141.45224 21
        vertex -20.982458 141.45224 -21
        vertex -27.897917 140.25229 21
    endloop
endfacet
facet normal -0.17096262 0.98527753 0
    outer loop
        vertex -27.897917 140.25229 21
        vertex -20.982458 141.45224 -21
        vertex -27.897917 140.25229 -21
    endloop
endfacet
facet normal -0.21910135 0.97570217 0
    outer loop
        vertex -34.746166 138.71446 21
        vertex -27.897917 140.25229 -21
        vertex -34.746166 138.71446 -21
    endloop
endfacet
facet normal -0.26671186 0.96377635 0
    outer loop
        vertex -41.510708 136.84247 21
        vertex -34.746166 138.71446 -21
        vertex -41.510708 136.84247 -21
    endloop
endfacet
facet normal -0.31368271 0.94952786 0
    outer loop
        vertex -48.17525 134.6408 21
        vertex -41.510708 136.84247 -21
        vertex -48.17525 134.6408 -21
    endloop
endfacet
facet normal -0.3598955 0.93299264 0
    outer loop
        vertex -54.723732 132.11476 21
        vertex -48.17525 134.6408 21
        vertex -48.17525 134.6408 -21
    endloop
endfacet
facet normal -0.40524086 0.9142099 0
    outer loop
        vertex -61.140377 129.27046 21
        vertex -54.723732 132.11476 21
        vertex -54.723732 132.11476 -21
    endloop
endfacet
facet normal -0.44961101 0.89322448 0
    outer loop
        vertex -67.40973 126.11474 21
        vertex -61.140377 129.27046 21
        vertex -61.140377 129.27046 -21
    endloop
endfacet
facet normal -0.44961101 0.89322448 0
    outer loop
        vertex -67.40973 126.11474 -21
        vertex -67.40973 126.11474 21
        vertex -61.140377 129.27046 -21
    endloop
endfacet
facet normal -0.49289826 0.87008697 0
    outer loop
        vertex -73.516685 122.65519 -21
        vertex -73.516685 122.65519 21
        vertex -67.40973 126.11474 -21
    endloop
endfacet
facet normal -0.57580835 0.81758475 0
    outer loop
        vertex -85.185 114.85868 21
        vertex -79.44655 118.900154 21
        vertex -79.44655 118.900154 -21
    endloop
endfacet
facet normal -0.61523157 0.78834641 0
    outer loop
        vertex -90.71824 110.5405 21
        vertex -85.185 114.85868 -21
        vertex -90.71824 110.5405 -21
    endloop
endfacet
facet normal -0.68954051 0.72424722 0
    outer loop
        vertex -96.032936 105.95601 21
        vertex -96.032936 105.95601 -21
        vertex -101.11627 101.11627 21
    endloop
endfacet
facet normal -0.72424722 0.68954051 0
    outer loop
        vertex -101.11627 101.11627 -21
        vertex -105.95601 96.032936 -21
        vertex -105.95601 96.032936 21
    endloop
endfacet
facet normal -0.78834641 0.61523157 0
    outer loop
        vertex -110.5405 90.71824 -21
        vertex -114.85868 85.185 21
        vertex -110.5405 90.71824 21
    endloop
endfacet
facet normal -0.81758475 0.57580835 0
    outer loop
        vertex -118.900154 79.44655 -21
        vertex -118.900154 79.44655 21
        vertex -114.85868 85.185 -21
    endloop
endfacet
facet normal -0.87008697 0.49289826 0
    outer loop
        vertex -126.11474 67.40973 21
        vertex -122.65519 73.516685 21
        vertex -122.65519 73.516685 -21
    endloop
endfacet
facet normal -0.89322448 0.44961101 0
    outer loop
        vertex -129.27046 61.140377 21
        vertex -126.11474 67.40973 -21
        vertex -129.27046 61.140377 -21
    endloop
endfacet
facet normal -0.93299264 0.3598955 0
    outer loop
        vertex -132.11476 54.723732 21
        vertex -132.11476 54.723732 -21
        vertex -134.6408 48.17525 21
    endloop
endfacet
facet normal -0.94952786 0.31368271 0
    outer loop
        vertex -134.6408 48.17525 -21
        vertex -136.84247 41.510708 -21
        vertex -136.84247 41.510708 21
    endloop
endfacet
facet normal -0.97570217 0.21910135 0
    outer loop
        vertex -138.71446 34.746166 -21
        vertex -140.25229 27.897917 21
        vertex -138.71446 34.746166 21
    endloop
endfacet
facet normal -0.98527753 0.17096262 0
    outer loop
        vertex -141.45224 20.982458 -21
        vertex -141.45224 20.982458 21
        vertex -140.25229 27.897917 -21
    endloop
endfacet
facet normal -0.99969876 0.02454218 0
    outer loop
        vertex -142.82774 7.0166774 21
        vertex -143 -0 -21
        vertex -143 -0 21
    endloop
endfacet
facet normal -0.99729061 0.07356352 0
    outer loop
        vertex -142.31142 14.016451 -21
        vertex -142.82774 7.0166774 21
        vertex -142.31142 14.016451 21
    endloop
endfacet
facet normal 0.99729061 0.07356352 0
    outer loop
        vertex 142.31142 14.016451 21
        vertex 142.82774 7.0166774 21
        vertex 142.82774 7.0166774 -21
    endloop
endfacet
facet normal -0 0 -1
    outer loop
        vertex -6.1334596 124.849434 -21
        vertex -12.252143 124.39809 -21
        vertex -7.0166774 142.82774 -21
    endloop
endfacet
facet normal 0 0 -1
    outer loop
        vertex -6.1334596 124.849434 -21
        vertex -7.0166774 142.82774 -21
        vertex 0 125 -21
    endloop
endfacet
facet normal -0 0 -1
    outer loop
        vertex -12.252143 124.39809 -21
        vertex -18.341309 123.647064 -21
        vertex -14.016451 142.31142 -21
    endloop
endfacet
facet normal 0 0 -1
    outer loop
        vertex -18.341309 123.647064 -21
        vertex -20.982458 141.45224 -21
        vertex -14.016451 142.31142 -21
    endloop
endfacet
facet normal 0 0 -0.99999994
    outer loop
        vertex -24.38629 122.59816 -21
        vertex -27.897917 140.25229 -21
        vertex -20.982458 141.45224 -21
    endloop
endfacet
facet normal 0 0 -1
    outer loop
        vertex -30.372522 121.25391 -21
        vertex -27.897917 140.25229 -21
        vertex -24.38629 122.59816 -21
    endloop
endfacet
facet normal 0 0 -1
    outer loop
        vertex -36.285583 119.617546 -21
        vertex -34.746166 138.71446 -21
        vertex -30.372522 121.25391 -21
    endloop
endfacet
facet normal 0 0 -1
    outer loop
        vertex -41.510708 136.84247 -21
        vertex -34.746166 138.71446 -21
        vertex -36.285583 119.617546 -21
    endloop
endfacet
facet normal 0 0 -1
    outer loop
        vertex -48.17525 134.6408 -21
        vertex -41.510708 136.84247 -21
        vertex -42.111233 117.69301 -21
    endloop
endfacet
facet normal 0 0 -1
    outer loop
        vertex -48.17525 134.6408 -21
        vertex -42.111233 117.69301 -21
        vertex -47.83543 115.48494 -21
    endloop
endfacet
facet normal 0 0 -0.99999994
    outer loop
        vertex -54.723732 132.11476 -21
        vertex -47.83543 115.48494 -21
        vertex -53.444386 112.998665 -21
    endloop
endfacet
facet normal 0 -0 -1
    outer loop
        vertex -54.723732 132.11476 -21
        vertex -53.444386 112.998665 -21
        vertex -61.140377 129.27046 -21
    endloop
endfacet
facet normal 0 -0 -0.99999994
    outer loop
        vertex -61.140377 129.27046 -21
        vertex -58.924595 110.24016 -21
        vertex -67.40973 126.11474 -21
    endloop
endfacet
facet normal 0 0 -1
    outer loop
        vertex -64.26285 107.21607 -21
        vertex -67.40973 126.11474 -21
        vertex -58.924595 110.24016 -21
    endloop
endfacet
facet normal 0 0 -1
    outer loop
        vertex -69.44628 103.9337 -21
        vertex -73.516685 122.65519 -21
        vertex -64.26285 107.21607 -21
    endloop
endfacet
facet normal 0 0 -1
    outer loop
        vertex -79.44655 118.900154 -21
        vertex -73.516685 122.65519 -21
        vertex -69.44628 103.9337 -21
    endloop
endfacet
facet normal 0 0 -1
    outer loop
        vertex -85.185 114.85868 -21
        vertex -79.44655 118.900154 -21
        vertex -74.46242 100.40094 -21
    endloop
endfacet
facet normal 0 0 -1
    outer loop
        vertex -85.185 114.85868 -21
        vertex -74.46242 100.40094 -21
        vertex -79.29916 96.626305 -21
    endloop
endfacet
facet normal 0 0 -1
    outer loop
        vertex -90.71824 110.5405 -21
        vertex -79.29916 96.626305 -21
        vertex -83.94487 92.61889 -21
    endloop
endfacet
facet normal 0 -0 -0.99999994
    outer loop
        vertex -90.71824 110.5405 -21
        vertex -83.94487 92.61889 -21
        vertex -96.032936 105.95601 -21
    endloop
endfacet
facet normal 0 0 -1
    outer loop
        vertex -105.95601 96.032936 -21
        vertex -101.11627 101.11627 -21
        vertex -92.61889 83.94487 -21
    endloop
endfacet
facet normal 0 0 -1
    outer loop
        vertex -101.11627 101.11627 -21
        vertex -88.38834 88.38834 -21
        vertex -92.61889 83.94487 -21
    endloop
endfacet
facet normal 0 0 -1
    outer loop
        vertex -110.5405 90.71824 -21
        vertex -105.95601 96.032936 -21
        vertex -96.626305 79.29916 -21
    endloop
endfacet
facet normal 0 0 -1
    outer loop
        vertex -105.95601 96.032936 -21
        vertex -92.61889 83.94487 -21
        vertex -96.626305 79.29916 -21
    endloop
endfacet
facet normal 0 0 -1
    outer loop
        vertex -114.85868 85.185 -21
        vertex -110.5405 90.71824 -21
        vertex -100.40094 74.46242 -21
    endloop
endfacet
facet normal 0 0 -1
    outer loop
        vertex -110.5405 90.71824 -21
        vertex -96.626305 79.29916 -21
        vertex -100.40094 74.46242 -21
    endloop
endfacet
facet normal 0 0 -1
    outer loop
        vertex -118.900154 79.44655 -21
        vertex -114.85868 85.185 -21
        vertex -103.9337 69.44628 -21
    endloop
endfacet
facet normal 0 0 -1
    outer loop
        vertex -114.85868 85.185 -21
        vertex -100.40094 74.46242 -21
        vertex -103.9337 69.44628 -21
    endloop
endfacet
facet normal 0 0 -1
    outer loop
        vertex -122.65519 73.516685 -21
        vertex -118.900154 79.44655 -21
        vertex -107.21607 64.26285 -21
    endloop
endfacet
facet normal 0 0 -1
    outer loop
        vertex -118.900154 79.44655 -21
        vertex -103.9337 69.44628 -21
        vertex -107.21607 64.26285 -21
    endloop
endfacet
facet normal 0 0 -0.99999994
    outer loop
        vertex -126.11474 67.40973 -21
        vertex -122.65519 73.516685 -21
        vertex -110.24016 58.924595 -21
    endloop
endfacet
facet normal 0 0 -1
    outer loop
        vertex -122.65519 73.516685 -21
        vertex -107.21607 64.26285 -21
        vertex -110.24016 58.924595 -21
    endloop
endfacet
facet normal 0 0 -1
    outer loop
        vertex -129.27046 61.140377 -21
        vertex -126.11474 67.40973 -21
        vertex -112.998665 53.444386 -21
    endloop
endfacet
facet normal 0 0 -1
    outer loop
        vertex -126.11474 67.40973 -21
        vertex -110.24016 58.924595 -21
        vertex -112.998665 53.444386 -21
    endloop
endfacet
facet normal 0 0 -1
    outer loop
        vertex -132.11476 54.723732 -21
        vertex -129.27046 61.140377 -21
        vertex -115.48494 47.83543 -21
    endloop
endfacet
facet normal 0 0 -1
    outer loop
        vertex -129.27046 61.140377 -21
        vertex -112.998665 53.444386 -21
        vertex -115.48494 47.83543 -21
    endloop
endfacet
facet normal 0 0 -1
    outer loop
        vertex -134.6408 48.17525 -21
        vertex -132.11476 54.723732 -21
        vertex -117.69301 42.111233 -21
    endloop
endfacet
facet normal 0 0 -1
    outer loop
        vertex -132.11476 54.723732 -21
        vertex -115.48494 47.83543 -21
        vertex -117.69301 42.111233 -21
    endloop
endfacet
facet normal 0 0 -1
    outer loop
        vertex -136.84247 41.510708 -21
        vertex -134.6408 48.17525 -21
        vertex -119.617546 36.285583 -21
    endloop
endfacet
facet normal 0 0 -1
    outer loop
        vertex -134.6408 48.17525 -21
        vertex -117.69301 42.111233 -21
        vertex -119.617546 36.285583 -21
    endloop
endfacet
facet normal 0 0 -0.99999994
    outer loop
        vertex -138.71446 34.746166 -21
        vertex -136.84247 41.510708 -21
        vertex -121.25391 30.372522 -21
    endloop
endfacet
facet normal 0 0 -1
    outer loop
        vertex -136.84247 41.510708 -21
        vertex -119.617546 36.285583 -21
        vertex -121.25391 30.372522 -21
    endloop
endfacet
facet normal 0 0 -0.99999994
    outer loop
        vertex -140.25229 27.897917 -21
        vertex -138.71446 34.746166 -21
        vertex -122.59816 24.38629 -21
    endloop
endfacet
facet normal 0 0 -1
    outer loop
        vertex -138.71446 34.746166 -21
        vertex -121.25391 30.372522 -21
        vertex -122.59816 24.38629 -21
    endloop
endfacet
facet normal 0 0 -1
    outer loop
        vertex -141.45224 20.982458 -21
        vertex -140.25229 27.897917 -21
        vertex -123.647064 18.341309 -21
    endloop
endfacet
facet normal 0 0 -1
    outer loop
        vertex -140.25229 27.897917 -21
        vertex -122.59816 24.38629 -21
        vertex -123.647064 18.341309 -21
    endloop
endfacet
facet normal 0 0 -1
    outer loop
        vertex -142.31142 14.016451 -21
        vertex -141.45224 20.982458 -21
        vertex -124.39809 12.252143 -21
    endloop
endfacet
facet normal 0 0 -1
    outer loop
        vertex -141.45224 20.982458 -21
        vertex -123.647064 18.341309 -21
        vertex -124.39809 12.252143 -21
    endloop
endfacet
facet normal 0 0 -0.99999994
    outer loop
        vertex -142.82774 7.0166774 -21
        vertex -142.31142 14.016451 -21
        vertex -124.849434 6.1334596 -21
    endloop
endfacet
facet normal 0 0 -1
    outer loop
        vertex -142.31142 14.016451 -21
        vertex -124.39809 12.252143 -21
        vertex -124.849434 6.1334596 -21
    endloop
endfacet
facet normal 0 0 -1
    outer loop
        vertex -143 -0 -21
        vertex -142.82774 7.0166774 -21
        vertex -125 -0 -21
    endloop
endfacet
facet normal 0 0 -1
    outer loop
        vertex -142.82774 7.0166774 -21
        vertex -124.849434 6.1334596 -21
        vertex -125 -0 -21
    endloop
endfacet
facet normal 0 0 -1
    outer loop
        vertex -142.82774 -7.0166774 -21
        vertex -143 -0 -21
        vertex -124.849434 -6.1334596 -21
    endloop
endfacet
facet normal 0 0 -1
    outer loop
        vertex -143 -0 -21
        vertex -125 -0 -21
        vertex -124.849434 -6.1334596 -21
    endloop
endfacet
facet normal 0 0 -1
    outer loop
        vertex -142.31142 -14.016451 -21
        vertex -142.82774 -7.0166774 -21
        vertex -124.39809 -12.252143 -21
    endloop
endfacet
facet normal 0 0 -1
    outer loop
        vertex -142.82774 -7.0166774 -21
        vertex -124.849434 -6.1334596 -21
        vertex -124.39809 -12.252143 -21
    endloop
endfacet
facet normal 0 0 -1
    outer loop
        vertex -141.45224 -20.982458 -21
        vertex -142.31142 -14.016451 -21
        vertex -123.647064 -18.341309 -21
    endloop
endfacet
facet normal 0 0 -1
    outer loop
        vertex -142.31142 -14.016451 -21
        vertex -124.39809 -12.252143 -21
        vertex -123.647064 -18.341309 -21
    endloop
endfacet
facet normal 0 0 -0.99999994
    outer loop
        vertex -140.25229 -27.897917 -21
        vertex -141.45224 -20.982458 -21
        vertex -122.59816 -24.38629 -21
    endloop
endfacet
facet normal 0 0 -1
    outer loop
        vertex -141.45224 -20.982458 -21
        vertex -123.647064 -18.341309 -21
        vertex -122.59816 -24.38629 -21
    endloop
endfacet
facet normal 0 0 -1
    outer loop
        vertex -138.71446 -34.746166 -21
        vertex -140.25229 -27.897917 -21
        vertex -121.25391 -30.372522 -21
    endloop
endfacet
facet normal 0 0 -1
    outer loop
        vertex -140.25229 -27.897917 -21
        vertex -122.59816 -24.38629 -21
        vertex -121.25391 -30.372522 -21
    endloop
endfacet
facet normal 0 0 -1
    outer loop
        vertex -136.84247 -41.510708 -21
        vertex -138.71446 -34.746166 -21
        vertex -119.617546 -36.285583 -21
    endloop
endfacet
facet normal 0 0 -1
    outer loop
        vertex -138.71446 -34.746166 -21
        vertex -121.25391 -30.372522 -21
        vertex -119.617546 -36.285583 -21
    endloop
endfacet
facet normal 0 0 -1
    outer loop
        vertex -134.6408 -48.17525 -21
        vertex -136.84247 -41.510708 -21
        vertex -117.69301 -42.111233 -21
    endloop
endfacet
facet normal 0 0 -1
    outer loop
        vertex -136.84247 -41.510708 -21
        vertex -119.617546 -36.285583 -21
        vertex -117.69301 -42.111233 -21
    endloop
endfacet
facet normal 0 0 -0.99999994
    outer loop
        vertex -132.11476 -54.723732 -21
        vertex -134.6408 -48.17525 -21
        vertex -115.48494 -47.83543 -21
    endloop
endfacet
facet normal 0 0 -1
    outer loop
        vertex -134.6408 -48.17525 -21
        vertex -117.69301 -42.111233 -21
        vertex -115.48494 -47.83543 -21
    endloop
endfacet
facet normal 0 0 -1
    outer loop
        vertex -129.27046 -61.140377 -21
        vertex -132.11476 -54.723732 -21
        vertex -112.998665 -53.444386 -21
    endloop
endfacet
facet normal 0 0 -0.99999994
    outer loop
        vertex -132.11476 -54.723732 -21
        vertex -115.48494 -47.83543 -21
        vertex -112.998665 -53.444386 -21
    endloop
endfacet
facet normal 0 0 -0.99999994
    outer loop
        vertex -126.11474 -67.40973 -21
        vertex -129.27046 -61.140377 -21
        vertex -110.24016 -58.924595 -21
    endloop
endfacet
facet normal 0 0 -1
    outer loop
        vertex -129.27046 -61.140377 -21
        vertex -112.998665 -53.444386 -21
        vertex -110.24016 -58.924595 -21
    endloop
endfacet
facet normal 0 0 -0.99999994
    outer loop
        vertex -122.65519 -73.516685 -21
        vertex -126.11474 -67.40973 -21
        vertex -107.21607 -64.26285 -21
    endloop
endfacet
facet normal 0 0 -1
    outer loop
        vertex -126.11474 -67.40973 -21
        vertex -110.24016 -58.924595 -21
        vertex -107.21607 -64.26285 -21
    endloop
endfacet
facet normal 0 0 -1
    outer loop
        vertex -118.900154 -79.44655 -21
        vertex -122.65519 -73.516685 -21
        vertex -103.9337 -69.44628 -21
    endloop
endfacet
facet normal 0 0 -1
    outer loop
        vertex -122.65519 -73.516685 -21
        vertex -107.21607 -64.26285 -21
        vertex -103.9337 -69.44628 -21
    endloop
endfacet
facet normal 0 0 -1
    outer loop
        vertex -114.85868 -85.185 -21
        vertex -118.900154 -79.44655 -21
        vertex -100.40094 -74.46242 -21
    endloop
endfacet
facet normal 0 0 -1
    outer loop
        vertex -118.900154 -79.44655 -21
        vertex -103.9337 -69.44628 -21
        vertex -100.40094 -74.46242 -21
    endloop
endfacet
facet normal 0 0 -1
    outer loop
        vertex -110.5405 -90.71824 -21
        vertex -114.85868 -85.185 -21
        vertex -96.626305 -79.29916 -21
    endloop
endfacet
facet normal 0 0 -1
    outer loop
        vertex -114.85868 -85.185 -21
        vertex -100.40094 -74.46242 -21
        vertex -96.626305 -79.29916 -21
    endloop
endfacet
facet normal 0 0 -1
    outer loop
        vertex -105.95601 -96.032936 -21
        vertex -110.5405 -90.71824 -21
        vertex -92.61889 -83.94487 -21
    endloop
endfacet
facet normal 0 0 -1
    outer loop
        vertex -110.5405 -90.71824 -21
        vertex -96.626305 -79.29916 -21
        vertex -92.61889 -83.94487 -21
    endloop
endfacet
facet normal 0 0 -0.99999994
    outer loop
        vertex -101.11627 -101.11627 -21
        vertex -105.95601 -96.032936 -21
        vertex -88.38834 -88.38834 -21
    endloop
endfacet
facet normal 0 0 -1
    outer loop
        vertex -105.95601 -96.032936 -21
        vertex -92.61889 -83.94487 -21
        vertex -88.38834 -88.38834 -21
    endloop
endfacet
facet normal 0 0 -1
    outer loop
        vertex -96.032936 -105.95601 -21
        vertex -101.11627 -101.11627 -21
        vertex -83.94487 -92.61889 -21
    endloop
endfacet
facet normal 0 0 -1
    outer loop
        vertex -101.11627 -101.11627 -21
        vertex -88.38834 -88.38834 -21
        vertex -83.94487 -92.61889 -21
    endloop
endfacet
facet normal 0 0 -1
    outer loop
        vertex -90.71824 -110.5405 -21
        vertex -96.032936 -105.95601 -21
        vertex -79.29916 -96.626305 -21
    endloop
endfacet
facet normal 0 0 -1
    outer loop
        vertex -96.032936 -105.95601 -21
        vertex -83.94487 -92.61889 -21
        vertex -79.29916 -96.626305 -21
    endloop
endfacet
facet normal 0 0 -1
    outer loop
        vertex -85.185 -114.85868 -21
        vertex -90.71824 -110.5405 -21
        vertex -74.46242 -100.40094 -21
    endloop
endfacet
facet normal 0 0 -1
    outer loop
        vertex -90.71824 -110.5405 -21
        vertex -79.29916 -96.626305 -21
        vertex -74.46242 -100.40094 -21
    endloop
endfacet
facet normal 0 0 -1
    outer loop
        vertex -79.44655 -118.900154 -21
        vertex -85.185 -114.85868 -21
        vertex -69.44628 -103.9337 -21
    endloop
endfacet
facet normal 0 0 -1
    outer loop
        vertex -85.185 -114.85868 -21
        vertex -74.46242 -100.40094 -21
        vertex -69.44628 -103.9337 -21
    endloop
endfacet
facet normal 0 0 -1
    outer loop
        vertex -73.516685 -122.65519 -21
        vertex -79.44655 -118.900154 -21
        vertex -64.26285 -107.21607 -21
    endloop
endfacet
facet normal 0 0 -1
    outer loop
        vertex -79.44655 -118.900154 -21
        vertex -69.44628 -103.9337 -21
        vertex -64.26285 -107.21607 -21
    endloop
endfacet
facet normal 0 0 -0.99999994
    outer loop
        vertex -67.40973 -126.11474 -21
        vertex -73.516685 -122.65519 -21
        vertex -58.924595 -110.24016 -21
    endloop
endfacet
facet normal 0 0 -1
    outer loop
        vertex -73.516685 -122.65519 -21
        vertex -64.26285 -107.21607 -21
        vertex -58.924595 -110.24016 -21
    endloop
endfacet
facet normal 0 0 -1
    outer loop
        vertex -61.140377 -129.27046 -21
        vertex -67.40973 -126.11474 -21
        vertex -53.444386 -112.998665 -21
    endloop
endfacet
facet normal 0 0 -1
    outer loop
        vertex -67.40973 -126.11474 -21
        vertex -58.924595 -110.24016 -21
        vertex -53.444386 -112.998665 -21
    endloop
endfacet
facet normal 0 0 -1
    outer loop
        vertex -54.723732 -132.11476 -21
        vertex -61.140377 -129.27046 -21
        vertex -47.83543 -115.48494 -21
    endloop
endfacet
facet normal 0 0 -1
    outer loop
        vertex -61.140377 -129.27046 -21
        vertex -53.444386 -112.998665 -21
        vertex -47.83543 -115.48494 -21
    endloop
endfacet
facet normal 0 0 -1
    outer loop
        vertex -48.17525 -134.6408 -21
        vertex -54.723732 -132.11476 -21
        vertex -42.111233 -117.69301 -21
    endloop
endfacet
facet normal 0 0 -1
    outer loop
        vertex -54.723732 -132.11476 -21
        vertex -47.83543 -115.48494 -21
        vertex -42.111233 -117.69301 -21
    endloop
endfacet
facet normal 0 0 -1
    outer loop
        vertex -41.510708 -136.84247 -21
        vertex -48.17525 -134.6408 -21
        vertex -36.285583 -119.617546 -21
    endloop
endfacet
facet normal 0 0 -1
    outer loop
        vertex -48.17525 -134.6408 -21
        vertex -42.111233 -117.69301 -21
        vertex -36.285583 -119.617546 -21
    endloop
endfacet
facet normal 0 0 -0.99999994
    outer loop
        vertex -34.746166 -138.71446 -21
        vertex -41.510708 -136.84247 -21
        vertex -30.372522 -121.25391 -21
    endloop
endfacet
facet normal 0 0 -1
    outer loop
        vertex -41.510708 -136.84247 -21
        vertex -36.285583 -119.617546 -21
        vertex -30.372522 -121.25391 -21
    endloop
endfacet
facet normal 0 0 -0.99999994
    outer loop
        vertex -27.897917 -140.25229 -21
        vertex -34.746166 -138.71446 -21
        vertex -24.38629 -122.59816 -21
    endloop
endfacet
facet normal 0 0 -1
    outer loop
        vertex -34.746166 -138.71446 -21
        vertex -30.372522 -121.25391 -21
        vertex -24.38629 -122.59816 -21
    endloop
endfacet
facet normal 0 0 -1
    outer loop
        vertex -20.982458 -141.45224 -21
        vertex -27.897917 -140.25229 -21
        vertex -18.341309 -123.647064 -21
    endloop
endfacet
facet normal 0 0 -1
    outer loop
        vertex -27.897917 -140.25229 -21
        vertex -24.38629 -122.59816 -21
        vertex -18.341309 -123.647064 -21
    endloop
endfacet
facet normal 0 0 -1
    outer loop
        vertex -14.016451 -142.31142 -21
        vertex -20.982458 -141.45224 -21
        vertex -12.252143 -124.39809 -21
    endloop
endfacet
facet normal 0 0 -1
    outer loop
        vertex -20.982458 -141.45224 -21
        vertex -18.341309 -123.647064 -21
        vertex -12.252143 -124.39809 -21
    endloop
endfacet
facet normal 0 0 -0.99999994
    outer loop
        vertex -7.0166774 -142.82774 -21
        vertex -14.016451 -142.31142 -21
        vertex -6.1334596 -124.849434 -21
    endloop
endfacet
facet normal 0 0 -1
    outer loop
        vertex -14.016451 -142.31142 -21
        vertex -12.252143 -124.39809 -21
        vertex -6.1334596 -124.849434 -21
    endloop
endfacet
facet normal 0 0 -1
    outer loop
        vertex -0.000000000000008756224 -143 -21
        vertex -7.0166774 -142.82774 -21
        vertex 0 -125 -21
    endloop
endfacet
facet normal 0 0 -1
    outer loop
        vertex -7.0166774 -142.82774 -21
        vertex -6.1334596 -124.849434 -21
        vertex 0 -125 -21
    endloop
endfacet
facet normal -0 0 -1
    outer loop
        vertex 7.0166774 -142.82774 -21
        vertex -0.000000000000008756224 -143 -21
        vertex 6.1334596 -124.849434 -21
    endloop
endfacet
facet normal 0 0 -1
    outer loop
        vertex -0.000000000000008756224 -143 -21
        vertex 0 -125 -21
        vertex 6.1334596 -124.849434 -21
    endloop
endfacet
facet normal -0 0 -1
    outer loop
        vertex 14.016451 -142.31142 -21
        vertex 7.0166774 -142.82774 -21
        vertex 12.252143 -124.39809 -21
    endloop
endfacet
facet normal 0 0 -1
    outer loop
        vertex 7.0166774 -142.82774 -21
        vertex 6.1334596 -124.849434 -21
        vertex 12.252143 -124.39809 -21
    endloop
endfacet
facet normal -0 0 -1
    outer loop
        vertex 20.982458 -141.45224 -21
        vertex 14.016451 -142.31142 -21
        vertex 18.341309 -123.647064 -21
    endloop
endfacet
facet normal 0 0 -1
    outer loop
        vertex 14.016451 -142.31142 -21
        vertex 12.252143 -124.39809 -21
        vertex 18.341309 -123.647064 -21
    endloop
endfacet
facet normal -0 0 -0.99999994
    outer loop
        vertex 27.897917 -140.25229 -21
        vertex 20.982458 -141.45224 -21
        vertex 24.38629 -122.59816 -21
    endloop
endfacet
facet normal 0 0 -1
    outer loop
        vertex 20.982458 -141.45224 -21
        vertex 18.341309 -123.647064 -21
        vertex 24.38629 -122.59816 -21
    endloop
endfacet
facet normal -0 0 -1
    outer loop
        vertex 34.746166 -138.71446 -21
        vertex 27.897917 -140.25229 -21
        vertex 30.372522 -121.25391 -21
    endloop
endfacet
facet normal 0 0 -1
    outer loop
        vertex 27.897917 -140.25229 -21
        vertex 24.38629 -122.59816 -21
        vertex 30.372522 -121.25391 -21
    endloop
endfacet
facet normal -0 0 -1
    outer loop
        vertex 41.510708 -136.84247 -21
        vertex 34.746166 -138.71446 -21
        vertex 36.285583 -119.617546 -21
    endloop
endfacet
facet normal 0 0 -1
    outer loop
        vertex 34.746166 -138.71446 -21
        vertex 30.372522 -121.25391 -21
        vertex 36.285583 -119.617546 -21
    endloop
endfacet
facet normal -0 0 -1
    outer loop
        vertex 48.17525 -134.6408 -21
        vertex 41.510708 -136.84247 -21
        vertex 42.111233 -117.69301 -21
    endloop
endfacet
facet normal 0 0 -1
    outer loop
        vertex 41.510708 -136.84247 -21
        vertex 36.285583 -119.617546 -21
        vertex 42.111233 -117.69301 -21
    endloop
endfacet
facet normal -0 0 -0.99999994
    outer loop
        vertex 54.723732 -132.11476 -21
        vertex 48.17525 -134.6408 -21
        vertex 47.83543 -115.48494 -21
    endloop
endfacet
facet normal 0 0 -1
    outer loop
        vertex 48.17525 -134.6408 -21
        vertex 42.111233 -117.69301 -21
        vertex 47.83543 -115.48494 -21
    endloop
endfacet
facet normal -0 0 -1
    outer loop
        vertex 61.140377 -129.27046 -21
        vertex 54.723732 -132.11476 -21
        vertex 53.444386 -112.998665 -21
    endloop
endfacet
facet normal 0 0 -0.99999994
    outer loop
        vertex 54.723732 -132.11476 -21
        vertex 47.83543 -115.48494 -21
        vertex 53.444386 -112.998665 -21
    endloop
endfacet
facet normal -0 0 -0.99999994
    outer loop
        vertex 67.40973 -126.11474 -21
        vertex 61.140377 -129.27046 -21
        vertex 58.924595 -110.24016 -21
    endloop
endfacet
facet normal 0 0 -1
    outer loop
        vertex 61.140377 -129.27046 -21
        vertex 53.444386 -112.998665 -21
        vertex 58.924595 -110.24016 -21
    endloop
endfacet
facet normal -0 0 -0.99999994
    outer loop
        vertex 73.516685 -122.65519 -21
        vertex 67.40973 -126.11474 -21
        vertex 64.26285 -107.21607 -21
    endloop
endfacet
facet normal 0 0 -1
    outer loop
        vertex 67.40973 -126.11474 -21
        vertex 58.924595 -110.24016 -21
        vertex 64.26285 -107.21607 -21
    endloop
endfacet
facet normal -0 0 -1
    outer loop
        vertex 79.44655 -118.900154 -21
        vertex 73.516685 -122.65519 -21
        vertex 69.44628 -103.9337 -21
    endloop
endfacet
facet normal 0 0 -1
    outer loop
        vertex 73.516685 -122.65519 -21
        vertex 64.26285 -107.21607 -21
        vertex 69.44628 -103.9337 -21
    endloop
endfacet
facet normal -0 0 -1
    outer loop
        vertex 85.185 -114.85868 -21
        vertex 79.44655 -118.900154 -21
        vertex 74.46242 -100.40094 -21
    endloop
endfacet
facet normal 0 0 -1
    outer loop
        vertex 79.44655 -118.900154 -21
        vertex 69.44628 -103.9337 -21
        vertex 74.46242 -100.40094 -21
    endloop
endfacet
facet normal -0 0 -1
    outer loop
        vertex 90.71824 -110.5405 -21
        vertex 85.185 -114.85868 -21
        vertex 79.29916 -96.626305 -21
    endloop
endfacet
facet normal 0 0 -1
    outer loop
        vertex 85.185 -114.85868 -21
        vertex 74.46242 -100.40094 -21
        vertex 79.29916 -96.626305 -21
    endloop
endfacet
facet normal -0 0 -1
    outer loop
        vertex 96.032936 -105.95601 -21
        vertex 90.71824 -110.5405 -21
        vertex 83.94487 -92.61889 -21
    endloop
endfacet
facet normal 0 0 -1
    outer loop
        vertex 90.71824 -110.5405 -21
        vertex 79.29916 -96.626305 -21
        vertex 83.94487 -92.61889 -21
    endloop
endfacet
facet normal -0 0 -0.99999994
    outer loop
        vertex 101.11627 -101.11627 -21
        vertex 96.032936 -105.95601 -21
        vertex 88.38834 -88.38834 -21
    endloop
endfacet
facet normal 0 0 -1
    outer loop
        vertex 96.032936 -105.95601 -21
        vertex 83.94487 -92.61889 -21
        vertex 88.38834 -88.38834 -21
    endloop
endfacet
facet normal -0 0 -1
    outer loop
        vertex 105.95601 -96.032936 -21
        vertex 101.11627 -101.11627 -21
        vertex 92.61889 -83.94487 -21
    endloop
endfacet
facet normal 0 0 -1
    outer loop
        vertex 101.11627 -101.11627 -21
        vertex 88.38834 -88.38834 -21
        vertex 92.61889 -83.94487 -21
    endloop
endfacet
facet normal -0 0 -1
    outer loop
        vertex 110.5405 -90.71824 -21
        vertex 105.95601 -96.032936 -21
        vertex 96.626305 -79.29916 -21
    endloop
endfacet
facet normal 0 0 -1
    outer loop
        vertex 105.95601 -96.032936 -21
        vertex 92.61889 -83.94487 -21
        vertex 96.626305 -79.29916 -21
    endloop
endfacet
facet normal -0 0 -1
    outer loop
        vertex 114.85868 -85.185 -21
        vertex 110.5405 -90.71824 -21
        vertex 100.40094 -74.46242 -21
    endloop
endfacet
facet normal 0 0 -1
    outer loop
        vertex 110.5405 -90.71824 -21
        vertex 96.626305 -79.29916 -21
        vertex 100.40094 -74.46242 -21
    endloop
endfacet
facet normal -0 0 -1
    outer loop
        vertex 118.900154 -79.44655 -21
        vertex 114.85868 -85.185 -21
        vertex 103.9337 -69.44628 -21
    endloop
endfacet
facet normal 0 0 -1
    outer loop
        vertex 114.85868 -85.185 -21
        vertex 100.40094 -74.46242 -21
        vertex 103.9337 -69.44628 -21
    endloop
endfacet
facet normal -0 0 -1
    outer loop
        vertex 122.65519 -73.516685 -21
        vertex 118.900154 -79.44655 -21
        vertex 107.21607 -64.26285 -21
    endloop
endfacet
facet normal 0 0 -1
    outer loop
        vertex 118.900154 -79.44655 -21
        vertex 103.9337 -69.44628 -21
        vertex 107.21607 -64.26285 -21
    endloop
endfacet
facet normal -0 0 -0.99999994
    outer loop
        vertex 126.11474 -67.40973 -21
        vertex 122.65519 -73.516685 -21
        vertex 110.24016 -58.924595 -21
    endloop
endfacet
facet normal 0 0 -1
    outer loop
        vertex 122.65519 -73.516685 -21
        vertex 107.21607 -64.26285 -21
        vertex 110.24016 -58.924595 -21
    endloop
endfacet
facet normal -0 0 -1
    outer loop
        vertex 129.27046 -61.140377 -21
        vertex 126.11474 -67.40973 -21
        vertex 112.998665 -53.444386 -21
    endloop
endfacet
facet normal 0 0 -1
    outer loop
        vertex 126.11474 -67.40973 -21
        vertex 110.24016 -58.924595 -21
        vertex 112.998665 -53.444386 -21
    endloop
endfacet
facet normal -0 0 -1
    outer loop
        vertex 132.11476 -54.723732 -21
        vertex 129.27046 -61.140377 -21
        vertex 115.48494 -47.83543 -21
    endloop
endfacet
facet normal 0 0 -1
    outer loop
        vertex 129.27046 -61.140377 -21
        vertex 112.998665 -53.444386 -21
        vertex 115.48494 -47.83543 -21
    endloop
endfacet
facet normal -0 0 -1
    outer loop
        vertex 134.6408 -48.17525 -21
        vertex 132.11476 -54.723732 -21
        vertex 117.69301 -42.111233 -21
    endloop
endfacet
facet normal 0 0 -1
    outer loop
        vertex 132.11476 -54.723732 -21
        vertex 115.48494 -47.83543 -21
        vertex 117.69301 -42.111233 -21
    endloop
endfacet
facet normal -0 0 -1
    outer loop
        vertex 136.84247 -41.510708 -21
        vertex 134.6408 -48.17525 -21
        vertex 119.617546 -36.285583 -21
    endloop
endfacet
facet normal 0 0 -1
    outer loop
        vertex 134.6408 -48.17525 -21
        vertex 117.69301 -42.111233 -21
        vertex 119.617546 -36.285583 -21
    endloop
endfacet
facet normal -0 0 -0.99999994
    outer loop
        vertex 138.71446 -34.746166 -21
        vertex 136.84247 -41.510708 -21
        vertex 121.25391 -30.372522 -21
    endloop
endfacet
facet normal 0 0 -1
    outer loop
        vertex 136.84247 -41.510708 -21
        vertex 119.617546 -36.285583 -21
        vertex 121.25391 -30.372522 -21
    endloop
endfacet
facet normal -0 0 -0.99999994
    outer loop
        vertex 140.25229 -27.897917 -21
        vertex 138.71446 -34.746166 -21
        vertex 122.59816 -24.38629 -21
    endloop
endfacet
facet normal 0 0 -1
    outer loop
        vertex 138.71446 -34.746166 -21
        vertex 121.25391 -30.372522 -21
        vertex 122.59816 -24.38629 -21
    endloop
endfacet
facet normal -0 0 -1
    outer loop
        vertex 141.45224 -20.982458 -21
        vertex 140.25229 -27.897917 -21
        vertex 123.647064 -18.341309 -21
    endloop
endfacet
facet normal 0 0 -1
    outer loop
        vertex 140.25229 -27.897917 -21
        vertex 122.59816 -24.38629 -21
        vertex 123.647064 -18.341309 -21
    endloop
endfacet
facet normal -0 0 -1
    outer loop
        vertex 142.31142 -14.016451 -21
        vertex 141.45224 -20.982458 -21
        vertex 124.39809 -12.252143 -21
    endloop
endfacet
facet normal 0 0 -1
    outer loop
        vertex 141.45224 -20.982458 -21
        vertex 123.647064 -18.341309 -21
        vertex 124.39809 -12.252143 -21
    endloop
endfacet
facet normal -0 0 -0.99999994
    outer loop
        vertex 142.82774 -7.0166774 -21
        vertex 142.31142 -14.016451 -21
        vertex 124.849434 -6.1334596 -21
    endloop
endfacet
facet normal 0 0 -1
    outer loop
        vertex 142.31142 -14.016451 -21
        vertex 124.39809 -12.252143 -21
        vertex 124.849434 -6.1334596 -21
    endloop
endfacet
facet normal -0 0 -1
    outer loop
        vertex 143 -0 -21
        vertex 142.82774 -7.0166774 -21
        vertex 125 -0 -21
    endloop
endfacet
facet normal 0 0 -1
    outer loop
        vertex 142.82774 -7.0166774 -21
        vertex 124.849434 -6.1334596 -21
        vertex 125 -0 -21
    endloop
endfacet
facet normal 0 -0 -1
    outer loop
        vertex 142.82774 7.0166774 -21
        vertex 143 -0 -21
        vertex 124.849434 6.1334596 -21
    endloop
endfacet
facet normal 0 0 -1
    outer loop
        vertex 143 -0 -21
        vertex 125 -0 -21
        vertex 124.849434 6.1334596 -21
    endloop
endfacet
facet normal 0 -0 -1
    outer loop
        vertex 142.31142 14.016451 -21
        vertex 142.82774 7.0166774 -21
        vertex 124.39809 12.252143 -21
    endloop
endfacet
facet normal -0 0 -1
    outer loop
        vertex 142.82774 7.0166774 -21
        vertex 124.849434 6.1334596 -21
        vertex 124.39809 12.252143 -21
    endloop
endfacet
facet normal 0 -0 -1
    outer loop
        vertex 141.45224 20.982458 -21
        vertex 142.31142 14.016451 -21
        vertex 123.647064 18.341309 -21
    endloop
endfacet
facet normal -0 0 -1
    outer loop
        vertex 142.31142 14.016451 -21
        vertex 124.39809 12.252143 -21
        vertex 123.647064 18.341309 -21
    endloop
endfacet
facet normal 0 -0 -0.99999994
    outer loop
        vertex 140.25229 27.897917 -21
        vertex 141.45224 20.982458 -21
        vertex 122.59816 24.38629 -21
    endloop
endfacet
facet normal -0 0 -1
    outer loop
        vertex 141.45224 20.982458 -21
        vertex 123.647064 18.341309 -21
        vertex 122.59816 24.38629 -21
    endloop
endfacet
facet normal 0 -0 -1
    outer loop
        vertex 138.71446 34.746166 -21
        vertex 140.25229 27.897917 -21
        vertex 121.25391 30.372522 -21
    endloop
endfacet
facet normal -0 0 -1
    outer loop
        vertex 140.25229 27.897917 -21
        vertex 122.59816 24.38629 -21
        vertex 121.25391 30.372522 -21
    endloop
endfacet
facet normal 0 -0 -1
    outer loop
        vertex 136.84247 41.510708 -21
        vertex 138.71446 34.746166 -21
        vertex 119.617546 36.285583 -21
    endloop
endfacet
facet normal -0 0 -1
    outer loop
        vertex 138.71446 34.746166 -21
        vertex 121.25391 30.372522 -21
        vertex 119.617546 36.285583 -21
    endloop
endfacet
facet normal 0 -0 -1
    outer loop
        vertex 134.6408 48.17525 -21
        vertex 136.84247 41.510708 -21
        vertex 117.69301 42.111233 -21
    endloop
endfacet
facet normal -0 0 -1
    outer loop
        vertex 136.84247 41.510708 -21
        vertex 119.617546 36.285583 -21
        vertex 117.69301 42.111233 -21
    endloop
endfacet
facet normal 0 -0 -0.99999994
    outer loop
        vertex 132.11476 54.723732 -21
        vertex 134.6408 48.17525 -21
        vertex 115.48494 47.83543 -21
    endloop
endfacet
facet normal 0 0 -1
    outer loop
        vertex 134.6408 48.17525 -21
        vertex 117.69301 42.111233 -21
        vertex 115.48494 47.83543 -21
    endloop
endfacet
facet normal 0 -0 -1
    outer loop
        vertex 129.27046 61.140377 -21
        vertex 132.11476 54.723732 -21
        vertex 112.998665 53.444386 -21
    endloop
endfacet
facet normal 0 0 -0.99999994
    outer loop
        vertex 132.11476 54.723732 -21
        vertex 115.48494 47.83543 -21
        vertex 112.998665 53.444386 -21
    endloop
endfacet
facet normal 0 -0 -0.99999994
    outer loop
        vertex 126.11474 67.40973 -21
        vertex 129.27046 61.140377 -21
        vertex 110.24016 58.924595 -21
    endloop
endfacet
facet normal 0 0 -1
    outer loop
        vertex 129.27046 61.140377 -21
        vertex 112.998665 53.444386 -21
        vertex 110.24016 58.924595 -21
    endloop
endfacet
facet normal 0 -0 -0.99999994
    outer loop
        vertex 122.65519 73.516685 -21
        vertex 126.11474 67.40973 -21
        vertex 107.21607 64.26285 -21
    endloop
endfacet
facet normal 0 0 -1
    outer loop
        vertex 126.11474 67.40973 -21
        vertex 110.24016 58.924595 -21
        vertex 107.21607 64.26285 -21
    endloop
endfacet
facet normal 0 -0 -1
    outer loop
        vertex 118.900154 79.44655 -21
        vertex 122.65519 73.516685 -21
        vertex 103.9337 69.44628 -21
    endloop
endfacet
facet normal 0 0 -1
    outer loop
        vertex 122.65519 73.516685 -21
        vertex 107.21607 64.26285 -21
        vertex 103.9337 69.44628 -21
    endloop
endfacet
facet normal 0 -0 -1
    outer loop
        vertex 114.85868 85.185 -21
        vertex 118.900154 79.44655 -21
        vertex 100.40094 74.46242 -21
    endloop
endfacet
facet normal 0 0 -1
    outer loop
        vertex 118.900154 79.44655 -21
        vertex 103.9337 69.44628 -21
        vertex 100.40094 74.46242 -21
    endloop
endfacet
facet normal 0 -0 -1
    outer loop
        vertex 110.5405 90.71824 -21
        vertex 114.85868 85.185 -21
        vertex 96.626305 79.29916 -21
    endloop
endfacet
facet normal 0 0 -1
    outer loop
        vertex 114.85868 85.185 -21
        vertex 100.40094 74.46242 -21
        vertex 96.626305 79.29916 -21
    endloop
endfacet
facet normal 0 -0 -1
    outer loop
        vertex 105.95601 96.032936 -21
        vertex 110.5405 90.71824 -21
        vertex 92.61889 83.94487 -21
    endloop
endfacet
facet normal 0 0 -1
    outer loop
        vertex 110.5405 90.71824 -21
        vertex 96.626305 79.29916 -21
        vertex 92.61889 83.94487 -21
    endloop
endfacet
facet normal 0 -0 -0.99999994
    outer loop
        vertex 101.11627 101.11627 -21
        vertex 105.95601 96.032936 -21
        vertex 88.38834 88.38834 -21
    endloop
endfacet
facet normal 0 0 -1
    outer loop
        vertex 105.95601 96.032936 -21
        vertex 92.61889 83.94487 -21
        vertex 88.38834 88.38834 -21
    endloop
endfacet
facet normal 0 -0 -1
    outer loop
        vertex 96.032936 105.95601 -21
        vertex 101.11627 101.11627 -21
        vertex 83.94487 92.61889 -21
    endloop
endfacet
facet normal 0 0 -1
    outer loop
        vertex 101.11627 101.11627 -21
        vertex 88.38834 88.38834 -21
        vertex 83.94487 92.61889 -21
    endloop
endfacet
facet normal 0 -0 -1
    outer loop
        vertex 90.71824 110.5405 -21
        vertex 96.032936 105.95601 -21
        vertex 79.29916 96.626305 -21
    endloop
endfacet
facet normal 0 0 -1
    outer loop
        vertex 96.032936 105.95601 -21
        vertex 83.94487 92.61889 -21
        vertex 79.29916 96.626305 -21
    endloop
endfacet
facet normal 0 -0 -1
    outer loop
        vertex 85.185 114.85868 -21
        vertex 90.71824 110.5405 -21
        vertex 74.46242 100.40094 -21
    endloop
endfacet
facet normal 0 0 -1
    outer loop
        vertex 90.71824 110.5405 -21
        vertex 79.29916 96.626305 -21
        vertex 74.46242 100.40094 -21
    endloop
endfacet
facet normal 0 -0 -1
    outer loop
        vertex 79.44655 118.900154 -21
        vertex 85.185 114.85868 -21
        vertex 69.44628 103.9337 -21
    endloop
endfacet
facet normal 0 0 -1
    outer loop
        vertex 85.185 114.85868 -21
        vertex 74.46242 100.40094 -21
        vertex 69.44628 103.9337 -21
    endloop
endfacet
facet normal 0 -0 -1
    outer loop
        vertex 73.516685 122.65519 -21
        vertex 79.44655 118.900154 -21
        vertex 64.26285 107.21607 -21
    endloop
endfacet
facet normal 0 0 -1
    outer loop
        vertex 79.44655 118.900154 -21
        vertex 69.44628 103.9337 -21
        vertex 64.26285 107.21607 -21
    endloop
endfacet
facet normal 0 -0 -0.99999994
    outer loop
        vertex 67.40973 126.11474 -21
        vertex 73.516685 122.65519 -21
        vertex 58.924595 110.24016 -21
    endloop
endfacet
facet normal 0 0 -1
    outer loop
        vertex 73.516685 122.65519 -21
        vertex 64.26285 107.21607 -21
        vertex 58.924595 110.24016 -21
    endloop
endfacet
facet normal 0 -0 -1
    outer loop
        vertex 61.140377 129.27046 -21
        vertex 67.40973 126.11474 -21
        vertex 53.444386 112.998665 -21
    endloop
endfacet
facet normal 0 0 -1
    outer loop
        vertex 67.40973 126.11474 -21
        vertex 58.924595 110.24016 -21
        vertex 53.444386 112.998665 -21
    endloop
endfacet
facet normal 0 -0 -1
    outer loop
        vertex 54.723732 132.11476 -21
        vertex 61.140377 129.27046 -21
        vertex 47.83543 115.48494 -21
    endloop
endfacet
facet normal 0 0 -1
    outer loop
        vertex 61.140377 129.27046 -21
        vertex 53.444386 112.998665 -21
        vertex 47.83543 115.48494 -21
    endloop
endfacet
facet normal 0 -0 -1
    outer loop
        vertex 48.17525 134.6408 -21
        vertex 54.723732 132.11476 -21
        vertex 42.111233 117.69301 -21
    endloop
endfacet
facet normal 0 0 -1
    outer loop
        vertex 54.723732 132.11476 -21
        vertex 47.83543 115.48494 -21
        vertex 42.111233 117.69301 -21
    endloop
endfacet
facet normal 0 -0 -1
    outer loop
        vertex 41.510708 136.84247 -21
        vertex 48.17525 134.6408 -21
        vertex 36.285583 119.617546 -21
    endloop
endfacet
facet normal 0 0 -1
    outer loop
        vertex 48.17525 134.6408 -21
        vertex 42.111233 117.69301 -21
        vertex 36.285583 119.617546 -21
    endloop
endfacet
facet normal 0 -0 -0.99999994
    outer loop
        vertex 34.746166 138.71446 -21
        vertex 41.510708 136.84247 -21
        vertex 30.372522 121.25391 -21
    endloop
endfacet
facet normal 0 0 -1
    outer loop
        vertex 41.510708 136.84247 -21
        vertex 36.285583 119.617546 -21
        vertex 30.372522 121.25391 -21
    endloop
endfacet
facet normal 0 0 -1
    outer loop
        vertex -24.38629 122.59816 -21
        vertex -20.982458 141.45224 -21
        vertex -18.341309 123.647064 -21
    endloop
endfacet
facet normal 0 0 -1
    outer loop
        vertex -96.032936 105.95601 -21
        vertex -83.94487 92.61889 -21
        vertex -88.38834 88.38834 -21
    endloop
endfacet
facet normal 0 0 -1
    outer loop
        vertex -90.71824 110.5405 -21
        vertex -85.185 114.85868 -21
        vertex -79.29916 96.626305 -21
    endloop
endfacet
facet normal 0 0 -1
    outer loop
        vertex -74.46242 100.40094 -21
        vertex -79.44655 118.900154 -21
        vertex -69.44628 103.9337 -21
    endloop
endfacet
facet normal 0 0 -0.99999994
    outer loop
        vertex -64.26285 107.21607 -21
        vertex -73.516685 122.65519 -21
        vertex -67.40973 126.11474 -21
    endloop
endfacet
facet normal -0 0 -1
    outer loop
        vertex -53.444386 112.998665 -21
        vertex -58.924595 110.24016 -21
        vertex -61.140377 129.27046 -21
    endloop
endfacet
facet normal 0 -0 -0.99999994
    outer loop
        vertex -48.17525 134.6408 -21
        vertex -47.83543 115.48494 -21
        vertex -54.723732 132.11476 -21
    endloop
endfacet
facet normal 0 -0 -1
    outer loop
        vertex -41.510708 136.84247 -21
        vertex -36.285583 119.617546 -21
        vertex -42.111233 117.69301 -21
    endloop
endfacet
facet normal 0 0 -1
    outer loop
        vertex -34.746166 138.71446 -21
        vertex -27.897917 140.25229 -21
        vertex -30.372522 121.25391 -21
    endloop
endfacet
facet normal 0 0 -1
    outer loop
        vertex -7.0166774 142.82774 -21
        vertex -12.252143 124.39809 -21
        vertex -14.016451 142.31142 -21
    endloop
endfacet
facet normal 0 0 -1
    outer loop
        vertex 0.000000000000008756224 143 -21
        vertex 0 125 -21
        vertex -7.0166774 142.82774 -21
    endloop
endfacet
facet normal -0 0 -1
    outer loop
        vertex 7.0166774 142.82774 -21
        vertex 0 125 -21
        vertex 0.000000000000008756224 143 -21
    endloop
endfacet
facet normal 0 0 -1
    outer loop
        vertex 6.1334596 124.849434 -21
        vertex 0 125 -21
        vertex 7.0166774 142.82774 -21
    endloop
endfacet
facet normal -0 0 -0.99999994
    outer loop
        vertex 14.016451 142.31142 -21
        vertex 6.1334596 124.849434 -21
        vertex 7.0166774 142.82774 -21
    endloop
endfacet
facet normal 0 0 -1
    outer loop
        vertex 12.252143 124.39809 -21
        vertex 6.1334596 124.849434 -21
        vertex 14.016451 142.31142 -21
    endloop
endfacet
facet normal 0 0 -1
    outer loop
        vertex 12.252143 124.39809 -21
        vertex 14.016451 142.31142 -21
        vertex 20.982458 141.45224 -21
    endloop
endfacet
facet normal 0 0 -1
    outer loop
        vertex 12.252143 124.39809 -21
        vertex 20.982458 141.45224 -21
        vertex 18.341309 123.647064 -21
    endloop
endfacet
facet normal 0 -0 -1
    outer loop
        vertex 20.982458 141.45224 -21
        vertex 27.897917 140.25229 -21
        vertex 18.341309 123.647064 -21
    endloop
endfacet
facet normal 0 0 -1
    outer loop
        vertex 27.897917 140.25229 -21
        vertex 24.38629 122.59816 -21
        vertex 18.341309 123.647064 -21
    endloop
endfacet
facet normal -0 0 -0.99999994
    outer loop
        vertex 34.746166 138.71446 -21
        vertex 24.38629 122.59816 -21
        vertex 27.897917 140.25229 -21
    endloop
endfacet
facet normal 0 0 -1
    outer loop
        vertex 30.372522 121.25391 -21
        vertex 24.38629 122.59816 -21
        vertex 34.746166 138.71446 -21
    endloop
endfacet
facet normal 0 -0 -0.99999994
    outer loop
        vertex -96.032936 105.95601 -21
        vertex -88.38834 88.38834 -21
        vertex -101.11627 101.11627 -21
    endloop
endfacet
facet normal 0 0 1
    outer loop
        vertex -6.1334596 124.849434 21
        vertex -7.0166774 142.82774 21
        vertex -12.252143 124.39809 21
    endloop
endfacet
facet normal 0 -0 1
    outer loop
        vertex -6.1334596 124.849434 21
        vertex 0 125 21
        vertex -7.0166774 142.82774 21
    endloop
endfacet
facet normal 0 0 1
    outer loop
        vertex -12.252143 124.39809 21
        vertex -14.016451 142.31142 21
        vertex -18.341309 123.647064 21
    endloop
endfacet
facet normal 0 -0 1
    outer loop
        vertex -18.341309 123.647064 21
        vertex -14.016451 142.31142 21
        vertex -20.982458 141.45224 21
    endloop
endfacet
facet normal 0 -0 0.99999994
    outer loop
        vertex -24.38629 122.59816 21
        vertex -20.982458 141.45224 21
        vertex -27.897917 140.25229 21
    endloop
endfacet
facet normal 0 0 1
    outer loop
        vertex -30.372522 121.25391 21
        vertex -24.38629 122.59816 21
        vertex -27.897917 140.25229 21
    endloop
endfacet
facet normal 0 0 1
    outer loop
        vertex -36.285583 119.617546 21
        vertex -30.372522 121.25391 21
        vertex -34.746166 138.71446 21
    endloop
endfacet
facet normal -0 0 1
    outer loop
        vertex -41.510708 136.84247 21
        vertex -36.285583 119.617546 21
        vertex -34.746166 138.71446 21
    endloop
endfacet
facet normal -0 0 1
    outer loop
        vertex -48.17525 134.6408 21
        vertex -42.111233 117.69301 21
        vertex -41.510708 136.84247 21
    endloop
endfacet
facet normal 0 0 1
    outer loop
        vertex -48.17525 134.6408 21
        vertex -47.83543 115.48494 21
        vertex -42.111233 117.69301 21
    endloop
endfacet
facet normal 0 0 0.99999994
    outer loop
        vertex -54.723732 132.11476 21
        vertex -53.444386 112.998665 21
        vertex -47.83543 115.48494 21
    endloop
endfacet
facet normal 0 0 1
    outer loop
        vertex -54.723732 132.11476 21
        vertex -61.140377 129.27046 21
        vertex -53.444386 112.998665 21
    endloop
endfacet
facet normal 0 0 0.99999994
    outer loop
        vertex -61.140377 129.27046 21
        vertex -67.40973 126.11474 21
        vertex -58.924595 110.24016 21
    endloop
endfacet
facet normal 0 -0 1
    outer loop
        vertex -64.26285 107.21607 21
        vertex -58.924595 110.24016 21
        vertex -67.40973 126.11474 21
    endloop
endfacet
facet normal 0 -0 1
    outer loop
        vertex -69.44628 103.9337 21
        vertex -64.26285 107.21607 21
        vertex -73.516685 122.65519 21
    endloop
endfacet
facet normal -0 0 1
    outer loop
        vertex -79.44655 118.900154 21
        vertex -69.44628 103.9337 21
        vertex -73.516685 122.65519 21
    endloop
endfacet
facet normal -0 0 1
    outer loop
        vertex -85.185 114.85868 21
        vertex -74.46242 100.40094 21
        vertex -79.44655 118.900154 21
    endloop
endfacet
facet normal 0 0 1
    outer loop
        vertex -85.185 114.85868 21
        vertex -79.29916 96.626305 21
        vertex -74.46242 100.40094 21
    endloop
endfacet
facet normal 0 0 1
    outer loop
        vertex -90.71824 110.5405 21
        vertex -83.94487 92.61889 21
        vertex -79.29916 96.626305 21
    endloop
endfacet
facet normal 0 0 0.99999994
    outer loop
        vertex -90.71824 110.5405 21
        vertex -96.032936 105.95601 21
        vertex -83.94487 92.61889 21
    endloop
endfacet
facet normal -0 0 1
    outer loop
        vertex -105.95601 96.032936 21
        vertex -92.61889 83.94487 21
        vertex -101.11627 101.11627 21
    endloop
endfacet
facet normal 0 0 1
    outer loop
        vertex -101.11627 101.11627 21
        vertex -92.61889 83.94487 21
        vertex -88.38834 88.38834 21
    endloop
endfacet
facet normal -0 0 1
    outer loop
        vertex -110.5405 90.71824 21
        vertex -96.626305 79.29916 21
        vertex -105.95601 96.032936 21
    endloop
endfacet
facet normal 0 0 1
    outer loop
        vertex -105.95601 96.032936 21
        vertex -96.626305 79.29916 21
        vertex -92.61889 83.94487 21
    endloop
endfacet
facet normal -0 0 1
    outer loop
        vertex -114.85868 85.185 21
        vertex -100.40094 74.46242 21
        vertex -110.5405 90.71824 21
    endloop
endfacet
facet normal 0 0 1
    outer loop
        vertex -110.5405 90.71824 21
        vertex -100.40094 74.46242 21
        vertex -96.626305 79.29916 21
    endloop
endfacet
facet normal -0 0 1
    outer loop
        vertex -118.900154 79.44655 21
        vertex -103.9337 69.44628 21
        vertex -114.85868 85.185 21
    endloop
endfacet
facet normal 0 0 1
    outer loop
        vertex -114.85868 85.185 21
        vertex -103.9337 69.44628 21
        vertex -100.40094 74.46242 21
    endloop
endfacet
facet normal -0 0 1
    outer loop
        vertex -122.65519 73.516685 21
        vertex -107.21607 64.26285 21
        vertex -118.900154 79.44655 21
    endloop
endfacet
facet normal 0 0 1
    outer loop
        vertex -118.900154 79.44655 21
        vertex -107.21607 64.26285 21
        vertex -103.9337 69.44628 21
    endloop
endfacet
facet normal -0 0 0.99999994
    outer loop
        vertex -126.11474 67.40973 21
        vertex -110.24016 58.924595 21
        vertex -122.65519 73.516685 21
    endloop
endfacet
facet normal 0 0 1
    outer loop
        vertex -122.65519 73.516685 21
        vertex -110.24016 58.924595 21
        vertex -107.21607 64.26285 21
    endloop
endfacet
facet normal -0 0 1
    outer loop
        vertex -129.27046 61.140377 21
        vertex -112.998665 53.444386 21
        vertex -126.11474 67.40973 21
    endloop
endfacet
facet normal 0 0 1
    outer loop
        vertex -126.11474 67.40973 21
        vertex -112.998665 53.444386 21
        vertex -110.24016 58.924595 21
    endloop
endfacet
facet normal -0 0 1
    outer loop
        vertex -132.11476 54.723732 21
        vertex -115.48494 47.83543 21
        vertex -129.27046 61.140377 21
    endloop
endfacet
facet normal 0 0 1
    outer loop
        vertex -129.27046 61.140377 21
        vertex -115.48494 47.83543 21
        vertex -112.998665 53.444386 21
    endloop
endfacet
facet normal -0 0 1
    outer loop
        vertex -134.6408 48.17525 21
        vertex -117.69301 42.111233 21
        vertex -132.11476 54.723732 21
    endloop
endfacet
facet normal 0 0 1
    outer loop
        vertex -132.11476 54.723732 21
        vertex -117.69301 42.111233 21
        vertex -115.48494 47.83543 21
    endloop
endfacet
facet normal -0 0 1
    outer loop
        vertex -136.84247 41.510708 21
        vertex -119.617546 36.285583 21
        vertex -134.6408 48.17525 21
    endloop
endfacet
facet normal 0 0 1
    outer loop
        vertex -134.6408 48.17525 21
        vertex -119.617546 36.285583 21
        vertex -117.69301 42.111233 21
    endloop
endfacet
facet normal -0 0 0.99999994
    outer loop
        vertex -138.71446 34.746166 21
        vertex -121.25391 30.372522 21
        vertex -136.84247 41.510708 21
    endloop
endfacet
facet normal 0 0 1
    outer loop
        vertex -136.84247 41.510708 21
        vertex -121.25391 30.372522 21
        vertex -119.617546 36.285583 21
    endloop
endfacet
facet normal -0 0 0.99999994
    outer loop
        vertex -140.25229 27.897917 21
        vertex -122.59816 24.38629 21
        vertex -138.71446 34.746166 21
    endloop
endfacet
facet normal 0 0 1
    outer loop
        vertex -138.71446 34.746166 21
        vertex -122.59816 24.38629 21
        vertex -121.25391 30.372522 21
    endloop
endfacet
facet normal -0 0 1
    outer loop
        vertex -141.45224 20.982458 21
        vertex -123.647064 18.341309 21
        vertex -140.25229 27.897917 21
    endloop
endfacet
facet normal 0 0 1
    outer loop
        vertex -140.25229 27.897917 21
        vertex -123.647064 18.341309 21
        vertex -122.59816 24.38629 21
    endloop
endfacet
facet normal -0 0 1
    outer loop
        vertex -142.31142 14.016451 21
        vertex -124.39809 12.252143 21
        vertex -141.45224 20.982458 21
    endloop
endfacet
facet normal 0 0 1
    outer loop
        vertex -141.45224 20.982458 21
        vertex -124.39809 12.252143 21
        vertex -123.647064 18.341309 21
    endloop
endfacet
facet normal -0 0 0.99999994
    outer loop
        vertex -142.82774 7.0166774 21
        vertex -124.849434 6.1334596 21
        vertex -142.31142 14.016451 21
    endloop
endfacet
facet normal 0 0 1
    outer loop
        vertex -142.31142 14.016451 21
        vertex -124.849434 6.1334596 21
        vertex -124.39809 12.252143 21
    endloop
endfacet
facet normal 0 0 1
    outer loop
        vertex -143 -0 21
        vertex -125 -0 21
        vertex -142.82774 7.0166774 21
    endloop
endfacet
facet normal 0 0 1
    outer loop
        vertex -142.82774 7.0166774 21
        vertex -125 -0 21
        vertex -124.849434 6.1334596 21
    endloop
endfacet
facet normal 0 -0 1
    outer loop
        vertex -142.82774 -7.0166774 21
        vertex -124.849434 -6.1334596 21
        vertex -143 -0 21
    endloop
endfacet
facet normal -0 0 1
    outer loop
        vertex -143 -0 21
        vertex -124.849434 -6.1334596 21
        vertex -125 -0 21
    endloop
endfacet
facet normal 0 -0 1
    outer loop
        vertex -142.31142 -14.016451 21
        vertex -124.39809 -12.252143 21
        vertex -142.82774 -7.0166774 21
    endloop
endfacet
facet normal -0 0 1
    outer loop
        vertex -142.82774 -7.0166774 21
        vertex -124.39809 -12.252143 21
        vertex -124.849434 -6.1334596 21
    endloop
endfacet
facet normal 0 -0 1
    outer loop
        vertex -141.45224 -20.982458 21
        vertex -123.647064 -18.341309 21
        vertex -142.31142 -14.016451 21
    endloop
endfacet
facet normal -0 0 1
    outer loop
        vertex -142.31142 -14.016451 21
        vertex -123.647064 -18.341309 21
        vertex -124.39809 -12.252143 21
    endloop
endfacet
facet normal 0 -0 0.99999994
    outer loop
        vertex -140.25229 -27.897917 21
        vertex -122.59816 -24.38629 21
        vertex -141.45224 -20.982458 21
    endloop
endfacet
facet normal -0 0 1
    outer loop
        vertex -141.45224 -20.982458 21
        vertex -122.59816 -24.38629 21
        vertex -123.647064 -18.341309 21
    endloop
endfacet
facet normal 0 -0 1
    outer loop
        vertex -138.71446 -34.746166 21
        vertex -121.25391 -30.372522 21
        vertex -140.25229 -27.897917 21
    endloop
endfacet
facet normal -0 0 1
    outer loop
        vertex -140.25229 -27.897917 21
        vertex -121.25391 -30.372522 21
        vertex -122.59816 -24.38629 21
    endloop
endfacet
facet normal 0 -0 1
    outer loop
        vertex -136.84247 -41.510708 21
        vertex -119.617546 -36.285583 21
        vertex -138.71446 -34.746166 21
    endloop
endfacet
facet normal -0 0 1
    outer loop
        vertex -138.71446 -34.746166 21
        vertex -119.617546 -36.285583 21
        vertex -121.25391 -30.372522 21
    endloop
endfacet
facet normal 0 -0 1
    outer loop
        vertex -134.6408 -48.17525 21
        vertex -117.69301 -42.111233 21
        vertex -136.84247 -41.510708 21
    endloop
endfacet
facet normal -0 0 1
    outer loop
        vertex -136.84247 -41.510708 21
        vertex -117.69301 -42.111233 21
        vertex -119.617546 -36.285583 21
    endloop
endfacet
facet normal 0 -0 0.99999994
    outer loop
        vertex -132.11476 -54.723732 21
        vertex -115.48494 -47.83543 21
        vertex -134.6408 -48.17525 21
    endloop
endfacet
facet normal 0 0 1
    outer loop
        vertex -134.6408 -48.17525 21
        vertex -115.48494 -47.83543 21
        vertex -117.69301 -42.111233 21
    endloop
endfacet
facet normal 0 -0 1
    outer loop
        vertex -129.27046 -61.140377 21
        vertex -112.998665 -53.444386 21
        vertex -132.11476 -54.723732 21
    endloop
endfacet
facet normal 0 0 0.99999994
    outer loop
        vertex -132.11476 -54.723732 21
        vertex -112.998665 -53.444386 21
        vertex -115.48494 -47.83543 21
    endloop
endfacet
facet normal 0 -0 0.99999994
    outer loop
        vertex -126.11474 -67.40973 21
        vertex -110.24016 -58.924595 21
        vertex -129.27046 -61.140377 21
    endloop
endfacet
facet normal 0 0 1
    outer loop
        vertex -129.27046 -61.140377 21
        vertex -110.24016 -58.924595 21
        vertex -112.998665 -53.444386 21
    endloop
endfacet
facet normal 0 -0 0.99999994
    outer loop
        vertex -122.65519 -73.516685 21
        vertex -107.21607 -64.26285 21
        vertex -126.11474 -67.40973 21
    endloop
endfacet
facet normal 0 0 1
    outer loop
        vertex -126.11474 -67.40973 21
        vertex -107.21607 -64.26285 21
        vertex -110.24016 -58.924595 21
    endloop
endfacet
facet normal 0 -0 1
    outer loop
        vertex -118.900154 -79.44655 21
        vertex -103.9337 -69.44628 21
        vertex -122.65519 -73.516685 21
    endloop
endfacet
facet normal 0 0 1
    outer loop
        vertex -122.65519 -73.516685 21
        vertex -103.9337 -69.44628 21
        vertex -107.21607 -64.26285 21
    endloop
endfacet
facet normal 0 -0 1
    outer loop
        vertex -114.85868 -85.185 21
        vertex -100.40094 -74.46242 21
        vertex -118.900154 -79.44655 21
    endloop
endfacet
facet normal 0 0 1
    outer loop
        vertex -118.900154 -79.44655 21
        vertex -100.40094 -74.46242 21
        vertex -103.9337 -69.44628 21
    endloop
endfacet
facet normal 0 -0 1
    outer loop
        vertex -110.5405 -90.71824 21
        vertex -96.626305 -79.29916 21
        vertex -114.85868 -85.185 21
    endloop
endfacet
facet normal 0 0 1
    outer loop
        vertex -114.85868 -85.185 21
        vertex -96.626305 -79.29916 21
        vertex -100.40094 -74.46242 21
    endloop
endfacet
facet normal 0 -0 1
    outer loop
        vertex -105.95601 -96.032936 21
        vertex -92.61889 -83.94487 21
        vertex -110.5405 -90.71824 21
    endloop
endfacet
facet normal 0 0 1
    outer loop
        vertex -110.5405 -90.71824 21
        vertex -92.61889 -83.94487 21
        vertex -96.626305 -79.29916 21
    endloop
endfacet
facet normal 0 -0 0.99999994
    outer loop
        vertex -101.11627 -101.11627 21
        vertex -88.38834 -88.38834 21
        vertex -105.95601 -96.032936 21
    endloop
endfacet
facet normal 0 0 1
    outer loop
        vertex -105.95601 -96.032936 21
        vertex -88.38834 -88.38834 21
        vertex -92.61889 -83.94487 21
    endloop
endfacet
facet normal 0 -0 1
    outer loop
        vertex -96.032936 -105.95601 21
        vertex -83.94487 -92.61889 21
        vertex -101.11627 -101.11627 21
    endloop
endfacet
facet normal 0 0 1
    outer loop
        vertex -101.11627 -101.11627 21
        vertex -83.94487 -92.61889 21
        vertex -88.38834 -88.38834 21
    endloop
endfacet
facet normal 0 -0 1
    outer loop
        vertex -90.71824 -110.5405 21
        vertex -79.29916 -96.626305 21
        vertex -96.032936 -105.95601 21
    endloop
endfacet
facet normal 0 0 1
    outer loop
        vertex -96.032936 -105.95601 21
        vertex -79.29916 -96.626305 21
        vertex -83.94487 -92.61889 21
    endloop
endfacet
facet normal 0 -0 1
    outer loop
        vertex -85.185 -114.85868 21
        vertex -74.46242 -100.40094 21
        vertex -90.71824 -110.5405 21
    endloop
endfacet
facet normal 0 0 1
    outer loop
        vertex -90.71824 -110.5405 21
        vertex -74.46242 -100.40094 21
        vertex -79.29916 -96.626305 21
    endloop
endfacet
facet normal 0 -0 1
    outer loop
        vertex -79.44655 -118.900154 21
        vertex -69.44628 -103.9337 21
        vertex -85.185 -114.85868 21
    endloop
endfacet
facet normal 0 0 1
    outer loop
        vertex -85.185 -114.85868 21
        vertex -69.44628 -103.9337 21
        vertex -74.46242 -100.40094 21
    endloop
endfacet
facet normal 0 -0 1
    outer loop
        vertex -73.516685 -122.65519 21
        vertex -64.26285 -107.21607 21
        vertex -79.44655 -118.900154 21
    endloop
endfacet
facet normal 0 0 1
    outer loop
        vertex -79.44655 -118.900154 21
        vertex -64.26285 -107.21607 21
        vertex -69.44628 -103.9337 21
    endloop
endfacet
facet normal 0 -0 0.99999994
    outer loop
        vertex -67.40973 -126.11474 21
        vertex -58.924595 -110.24016 21
        vertex -73.516685 -122.65519 21
    endloop
endfacet
facet normal 0 0 1
    outer loop
        vertex -73.516685 -122.65519 21
        vertex -58.924595 -110.24016 21
        vertex -64.26285 -107.21607 21
    endloop
endfacet
facet normal 0 -0 1
    outer loop
        vertex -61.140377 -129.27046 21
        vertex -53.444386 -112.998665 21
        vertex -67.40973 -126.11474 21
    endloop
endfacet
facet normal 0 0 1
    outer loop
        vertex -67.40973 -126.11474 21
        vertex -53.444386 -112.998665 21
        vertex -58.924595 -110.24016 21
    endloop
endfacet
facet normal 0 -0 1
    outer loop
        vertex -54.723732 -132.11476 21
        vertex -47.83543 -115.48494 21
        vertex -61.140377 -129.27046 21
    endloop
endfacet
facet normal 0 0 1
    outer loop
        vertex -61.140377 -129.27046 21
        vertex -47.83543 -115.48494 21
        vertex -53.444386 -112.998665 21
    endloop
endfacet
facet normal 0 -0 1
    outer loop
        vertex -48.17525 -134.6408 21
        vertex -42.111233 -117.69301 21
        vertex -54.723732 -132.11476 21
    endloop
endfacet
facet normal 0 0 1
    outer loop
        vertex -54.723732 -132.11476 21
        vertex -42.111233 -117.69301 21
        vertex -47.83543 -115.48494 21
    endloop
endfacet
facet normal 0 -0 1
    outer loop
        vertex -41.510708 -136.84247 21
        vertex -36.285583 -119.617546 21
        vertex -48.17525 -134.6408 21
    endloop
endfacet
facet normal 0 0 1
    outer loop
        vertex -48.17525 -134.6408 21
        vertex -36.285583 -119.617546 21
        vertex -42.111233 -117.69301 21
    endloop
endfacet
facet normal 0 -0 0.99999994
    outer loop
        vertex -34.746166 -138.71446 21
        vertex -30.372522 -121.25391 21
        vertex -41.510708 -136.84247 21
    endloop
endfacet
facet normal 0 0 1
    outer loop
        vertex -41.510708 -136.84247 21
        vertex -30.372522 -121.25391 21
        vertex -36.285583 -119.617546 21
    endloop
endfacet
facet normal 0 -0 0.99999994
    outer loop
        vertex -27.897917 -140.25229 21
        vertex -24.38629 -122.59816 21
        vertex -34.746166 -138.71446 21
    endloop
endfacet
facet normal 0 0 1
    outer loop
        vertex -34.746166 -138.71446 21
        vertex -24.38629 -122.59816 21
        vertex -30.372522 -121.25391 21
    endloop
endfacet
facet normal 0 -0 1
    outer loop
        vertex -20.982458 -141.45224 21
        vertex -18.341309 -123.647064 21
        vertex -27.897917 -140.25229 21
    endloop
endfacet
facet normal 0 0 1
    outer loop
        vertex -27.897917 -140.25229 21
        vertex -18.341309 -123.647064 21
        vertex -24.38629 -122.59816 21
    endloop
endfacet
facet normal 0 -0 1
    outer loop
        vertex -14.016451 -142.31142 21
        vertex -12.252143 -124.39809 21
        vertex -20.982458 -141.45224 21
    endloop
endfacet
facet normal 0 0 1
    outer loop
        vertex -20.982458 -141.45224 21
        vertex -12.252143 -124.39809 21
        vertex -18.341309 -123.647064 21
    endloop
endfacet
facet normal 0 -0 0.99999994
    outer loop
        vertex -7.0166774 -142.82774 21
        vertex -6.1334596 -124.849434 21
        vertex -14.016451 -142.31142 21
    endloop
endfacet
facet normal 0 0 1
    outer loop
        vertex -14.016451 -142.31142 21
        vertex -6.1334596 -124.849434 21
        vertex -12.252143 -124.39809 21
    endloop
endfacet
facet normal 0 -0 1
    outer loop
        vertex -0.000000000000008756224 -143 21
        vertex 0 -125 21
        vertex -7.0166774 -142.82774 21
    endloop
endfacet
facet normal 0 0 1
    outer loop
        vertex -7.0166774 -142.82774 21
        vertex 0 -125 21
        vertex -6.1334596 -124.849434 21
    endloop
endfacet
facet normal 0 0 1
    outer loop
        vertex 7.0166774 -142.82774 21
        vertex 6.1334596 -124.849434 21
        vertex -0.000000000000008756224 -143 21
    endloop
endfacet
facet normal 0 0 1
    outer loop
        vertex -0.000000000000008756224 -143 21
        vertex 6.1334596 -124.849434 21
        vertex 0 -125 21
    endloop
endfacet
facet normal 0 0 1
    outer loop
        vertex 14.016451 -142.31142 21
        vertex 12.252143 -124.39809 21
        vertex 7.0166774 -142.82774 21
    endloop
endfacet
facet normal 0 -0 1
    outer loop
        vertex 7.0166774 -142.82774 21
        vertex 12.252143 -124.39809 21
        vertex 6.1334596 -124.849434 21
    endloop
endfacet
facet normal 0 0 1
    outer loop
        vertex 20.982458 -141.45224 21
        vertex 18.341309 -123.647064 21
        vertex 14.016451 -142.31142 21
    endloop
endfacet
facet normal 0 -0 1
    outer loop
        vertex 14.016451 -142.31142 21
        vertex 18.341309 -123.647064 21
        vertex 12.252143 -124.39809 21
    endloop
endfacet
facet normal 0 0 0.99999994
    outer loop
        vertex 27.897917 -140.25229 21
        vertex 24.38629 -122.59816 21
        vertex 20.982458 -141.45224 21
    endloop
endfacet
facet normal 0 -0 1
    outer loop
        vertex 20.982458 -141.45224 21
        vertex 24.38629 -122.59816 21
        vertex 18.341309 -123.647064 21
    endloop
endfacet
facet normal 0 0 1
    outer loop
        vertex 34.746166 -138.71446 21
        vertex 30.372522 -121.25391 21
        vertex 27.897917 -140.25229 21
    endloop
endfacet
facet normal 0 -0 1
    outer loop
        vertex 27.897917 -140.25229 21
        vertex 30.372522 -121.25391 21
        vertex 24.38629 -122.59816 21
    endloop
endfacet
facet normal 0 0 1
    outer loop
        vertex 41.510708 -136.84247 21
        vertex 36.285583 -119.617546 21
        vertex 34.746166 -138.71446 21
    endloop
endfacet
facet normal 0 -0 1
    outer loop
        vertex 34.746166 -138.71446 21
        vertex 36.285583 -119.617546 21
        vertex 30.372522 -121.25391 21
    endloop
endfacet
facet normal 0 0 1
    outer loop
        vertex 48.17525 -134.6408 21
        vertex 42.111233 -117.69301 21
        vertex 41.510708 -136.84247 21
    endloop
endfacet
facet normal 0 -0 1
    outer loop
        vertex 41.510708 -136.84247 21
        vertex 42.111233 -117.69301 21
        vertex 36.285583 -119.617546 21
    endloop
endfacet
facet normal 0 0 0.99999994
    outer loop
        vertex 54.723732 -132.11476 21
        vertex 47.83543 -115.48494 21
        vertex 48.17525 -134.6408 21
    endloop
endfacet
facet normal 0 0 1
    outer loop
        vertex 48.17525 -134.6408 21
        vertex 47.83543 -115.48494 21
        vertex 42.111233 -117.69301 21
    endloop
endfacet
facet normal 0 0 1
    outer loop
        vertex 61.140377 -129.27046 21
        vertex 53.444386 -112.998665 21
        vertex 54.723732 -132.11476 21
    endloop
endfacet
facet normal 0 0 0.99999994
    outer loop
        vertex 54.723732 -132.11476 21
        vertex 53.444386 -112.998665 21
        vertex 47.83543 -115.48494 21
    endloop
endfacet
facet normal 0 0 0.99999994
    outer loop
        vertex 67.40973 -126.11474 21
        vertex 58.924595 -110.24016 21
        vertex 61.140377 -129.27046 21
    endloop
endfacet
facet normal 0 0 1
    outer loop
        vertex 61.140377 -129.27046 21
        vertex 58.924595 -110.24016 21
        vertex 53.444386 -112.998665 21
    endloop
endfacet
facet normal 0 0 0.99999994
    outer loop
        vertex 73.516685 -122.65519 21
        vertex 64.26285 -107.21607 21
        vertex 67.40973 -126.11474 21
    endloop
endfacet
facet normal 0 0 1
    outer loop
        vertex 67.40973 -126.11474 21
        vertex 64.26285 -107.21607 21
        vertex 58.924595 -110.24016 21
    endloop
endfacet
facet normal 0 0 1
    outer loop
        vertex 79.44655 -118.900154 21
        vertex 69.44628 -103.9337 21
        vertex 73.516685 -122.65519 21
    endloop
endfacet
facet normal 0 0 1
    outer loop
        vertex 73.516685 -122.65519 21
        vertex 69.44628 -103.9337 21
        vertex 64.26285 -107.21607 21
    endloop
endfacet
facet normal 0 0 1
    outer loop
        vertex 85.185 -114.85868 21
        vertex 74.46242 -100.40094 21
        vertex 79.44655 -118.900154 21
    endloop
endfacet
facet normal 0 0 1
    outer loop
        vertex 79.44655 -118.900154 21
        vertex 74.46242 -100.40094 21
        vertex 69.44628 -103.9337 21
    endloop
endfacet
facet normal 0 0 1
    outer loop
        vertex 90.71824 -110.5405 21
        vertex 79.29916 -96.626305 21
        vertex 85.185 -114.85868 21
    endloop
endfacet
facet normal 0 0 1
    outer loop
        vertex 85.185 -114.85868 21
        vertex 79.29916 -96.626305 21
        vertex 74.46242 -100.40094 21
    endloop
endfacet
facet normal 0 0 1
    outer loop
        vertex 96.032936 -105.95601 21
        vertex 83.94487 -92.61889 21
        vertex 90.71824 -110.5405 21
    endloop
endfacet
facet normal 0 0 1
    outer loop
        vertex 90.71824 -110.5405 21
        vertex 83.94487 -92.61889 21
        vertex 79.29916 -96.626305 21
    endloop
endfacet
facet normal 0 0 0.99999994
    outer loop
        vertex 101.11627 -101.11627 21
        vertex 88.38834 -88.38834 21
        vertex 96.032936 -105.95601 21
    endloop
endfacet
facet normal 0 0 1
    outer loop
        vertex 96.032936 -105.95601 21
        vertex 88.38834 -88.38834 21
        vertex 83.94487 -92.61889 21
    endloop
endfacet
facet normal 0 0 1
    outer loop
        vertex 105.95601 -96.032936 21
        vertex 92.61889 -83.94487 21
        vertex 101.11627 -101.11627 21
    endloop
endfacet
facet normal 0 0 1
    outer loop
        vertex 101.11627 -101.11627 21
        vertex 92.61889 -83.94487 21
        vertex 88.38834 -88.38834 21
    endloop
endfacet
facet normal 0 0 1
    outer loop
        vertex 110.5405 -90.71824 21
        vertex 96.626305 -79.29916 21
        vertex 105.95601 -96.032936 21
    endloop
endfacet
facet normal 0 0 1
    outer loop
        vertex 105.95601 -96.032936 21
        vertex 96.626305 -79.29916 21
        vertex 92.61889 -83.94487 21
    endloop
endfacet
facet normal 0 0 1
    outer loop
        vertex 114.85868 -85.185 21
        vertex 100.40094 -74.46242 21
        vertex 110.5405 -90.71824 21
    endloop
endfacet
facet normal 0 0 1
    outer loop
        vertex 110.5405 -90.71824 21
        vertex 100.40094 -74.46242 21
        vertex 96.626305 -79.29916 21
    endloop
endfacet
facet normal 0 0 1
    outer loop
        vertex 118.900154 -79.44655 21
        vertex 103.9337 -69.44628 21
        vertex 114.85868 -85.185 21
    endloop
endfacet
facet normal 0 0 1
    outer loop
        vertex 114.85868 -85.185 21
        vertex 103.9337 -69.44628 21
        vertex 100.40094 -74.46242 21
    endloop
endfacet
facet normal 0 0 1
    outer loop
        vertex 122.65519 -73.516685 21
        vertex 107.21607 -64.26285 21
        vertex 118.900154 -79.44655 21
    endloop
endfacet
facet normal 0 0 1
    outer loop
        vertex 118.900154 -79.44655 21
        vertex 107.21607 -64.26285 21
        vertex 103.9337 -69.44628 21
    endloop
endfacet
facet normal 0 0 0.99999994
    outer loop
        vertex 126.11474 -67.40973 21
        vertex 110.24016 -58.924595 21
        vertex 122.65519 -73.516685 21
    endloop
endfacet
facet normal 0 0 1
    outer loop
        vertex 122.65519 -73.516685 21
        vertex 110.24016 -58.924595 21
        vertex 107.21607 -64.26285 21
    endloop
endfacet
facet normal 0 0 1
    outer loop
        vertex 129.27046 -61.140377 21
        vertex 112.998665 -53.444386 21
        vertex 126.11474 -67.40973 21
    endloop
endfacet
facet normal 0 0 1
    outer loop
        vertex 126.11474 -67.40973 21
        vertex 112.998665 -53.444386 21
        vertex 110.24016 -58.924595 21
    endloop
endfacet
facet normal 0 0 1
    outer loop
        vertex 132.11476 -54.723732 21
        vertex 115.48494 -47.83543 21
        vertex 129.27046 -61.140377 21
    endloop
endfacet
facet normal 0 0 1
    outer loop
        vertex 129.27046 -61.140377 21
        vertex 115.48494 -47.83543 21
        vertex 112.998665 -53.444386 21
    endloop
endfacet
facet normal 0 0 1
    outer loop
        vertex 134.6408 -48.17525 21
        vertex 117.69301 -42.111233 21
        vertex 132.11476 -54.723732 21
    endloop
endfacet
facet normal 0 0 1
    outer loop
        vertex 132.11476 -54.723732 21
        vertex 117.69301 -42.111233 21
        vertex 115.48494 -47.83543 21
    endloop
endfacet
facet normal 0 0 1
    outer loop
        vertex 136.84247 -41.510708 21
        vertex 119.617546 -36.285583 21
        vertex 134.6408 -48.17525 21
    endloop
endfacet
facet normal 0 0 1
    outer loop
        vertex 134.6408 -48.17525 21
        vertex 119.617546 -36.285583 21
        vertex 117.69301 -42.111233 21
    endloop
endfacet
facet normal 0 0 0.99999994
    outer loop
        vertex 138.71446 -34.746166 21
        vertex 121.25391 -30.372522 21
        vertex 136.84247 -41.510708 21
    endloop
endfacet
facet normal 0 0 1
    outer loop
        vertex 136.84247 -41.510708 21
        vertex 121.25391 -30.372522 21
        vertex 119.617546 -36.285583 21
    endloop
endfacet
facet normal 0 0 0.99999994
    outer loop
        vertex 140.25229 -27.897917 21
        vertex 122.59816 -24.38629 21
        vertex 138.71446 -34.746166 21
    endloop
endfacet
facet normal 0 0 1
    outer loop
        vertex 138.71446 -34.746166 21
        vertex 122.59816 -24.38629 21
        vertex 121.25391 -30.372522 21
    endloop
endfacet
facet normal 0 0 1
    outer loop
        vertex 141.45224 -20.982458 21
        vertex 123.647064 -18.341309 21
        vertex 140.25229 -27.897917 21
    endloop
endfacet
facet normal 0 0 1
    outer loop
        vertex 140.25229 -27.897917 21
        vertex 123.647064 -18.341309 21
        vertex 122.59816 -24.38629 21
    endloop
endfacet
facet normal 0 0 1
    outer loop
        vertex 142.31142 -14.016451 21
        vertex 124.39809 -12.252143 21
        vertex 141.45224 -20.982458 21
    endloop
endfacet
facet normal 0 0 1
    outer loop
        vertex 141.45224 -20.982458 21
        vertex 124.39809 -12.252143 21
        vertex 123.647064 -18.341309 21
    endloop
endfacet
facet normal 0 0 0.99999994
    outer loop
        vertex 142.82774 -7.0166774 21
        vertex 124.849434 -6.1334596 21
        vertex 142.31142 -14.016451 21
    endloop
endfacet
facet normal 0 0 1
    outer loop
        vertex 142.31142 -14.016451 21
        vertex 124.849434 -6.1334596 21
        vertex 124.39809 -12.252143 21
    endloop
endfacet
facet normal 0 0 1
    outer loop
        vertex 143 -0 21
        vertex 125 -0 21
        vertex 142.82774 -7.0166774 21
    endloop
endfacet
facet normal 0 0 1
    outer loop
        vertex 142.82774 -7.0166774 21
        vertex 125 -0 21
        vertex 124.849434 -6.1334596 21
    endloop
endfacet
facet normal 0 0 1
    outer loop
        vertex 142.82774 7.0166774 21
        vertex 124.849434 6.1334596 21
        vertex 143 -0 21
    endloop
endfacet
facet normal 0 0 1
    outer loop
        vertex 143 -0 21
        vertex 124.849434 6.1334596 21
        vertex 125 -0 21
    endloop
endfacet
facet normal 0 0 1
    outer loop
        vertex 142.31142 14.016451 21
        vertex 124.39809 12.252143 21
        vertex 142.82774 7.0166774 21
    endloop
endfacet
facet normal 0 0 1
    outer loop
        vertex 142.82774 7.0166774 21
        vertex 124.39809 12.252143 21
        vertex 124.849434 6.1334596 21
    endloop
endfacet
facet normal 0 0 1
    outer loop
        vertex 141.45224 20.982458 21
        vertex 123.647064 18.341309 21
        vertex 142.31142 14.016451 21
    endloop
endfacet
facet normal 0 0 1
    outer loop
        vertex 142.31142 14.016451 21
        vertex 123.647064 18.341309 21
        vertex 124.39809 12.252143 21
    endloop
endfacet
facet normal 0 0 0.99999994
    outer loop
        vertex 140.25229 27.897917 21
        vertex 122.59816 24.38629 21
        vertex 141.45224 20.982458 21
    endloop
endfacet
facet normal 0 0 1
    outer loop
        vertex 141.45224 20.982458 21
        vertex 122.59816 24.38629 21
        vertex 123.647064 18.341309 21
    endloop
endfacet
facet normal 0 0 1
    outer loop
        vertex 138.71446 34.746166 21
        vertex 121.25391 30.372522 21
        vertex 140.25229 27.897917 21
    endloop
endfacet
facet normal 0 0 1
    outer loop
        vertex 140.25229 27.897917 21
        vertex 121.25391 30.372522 21
        vertex 122.59816 24.38629 21
    endloop
endfacet
facet normal 0 0 1
    outer loop
        vertex 136.84247 41.510708 21
        vertex 119.617546 36.285583 21
        vertex 138.71446 34.746166 21
    endloop
endfacet
facet normal 0 0 1
    outer loop
        vertex 138.71446 34.746166 21
        vertex 119.617546 36.285583 21
        vertex 121.25391 30.372522 21
    endloop
endfacet
facet normal 0 0 1
    outer loop
        vertex 134.6408 48.17525 21
        vertex 117.69301 42.111233 21
        vertex 136.84247 41.510708 21
    endloop
endfacet
facet normal 0 0 1
    outer loop
        vertex 136.84247 41.510708 21
        vertex 117.69301 42.111233 21
        vertex 119.617546 36.285583 21
    endloop
endfacet
facet normal 0 0 0.99999994
    outer loop
        vertex 132.11476 54.723732 21
        vertex 115.48494 47.83543 21
        vertex 134.6408 48.17525 21
    endloop
endfacet
facet normal 0 0 1
    outer loop
        vertex 134.6408 48.17525 21
        vertex 115.48494 47.83543 21
        vertex 117.69301 42.111233 21
    endloop
endfacet
facet normal 0 0 1
    outer loop
        vertex 129.27046 61.140377 21
        vertex 112.998665 53.444386 21
        vertex 132.11476 54.723732 21
    endloop
endfacet
facet normal 0 0 0.99999994
    outer loop
        vertex 132.11476 54.723732 21
        vertex 112.998665 53.444386 21
        vertex 115.48494 47.83543 21
    endloop
endfacet
facet normal 0 0 0.99999994
    outer loop
        vertex 126.11474 67.40973 21
        vertex 110.24016 58.924595 21
        vertex 129.27046 61.140377 21
    endloop
endfacet
facet normal 0 0 1
    outer loop
        vertex 129.27046 61.140377 21
        vertex 110.24016 58.924595 21
        vertex 112.998665 53.444386 21
    endloop
endfacet
facet normal 0 0 0.99999994
    outer loop
        vertex 122.65519 73.516685 21
        vertex 107.21607 64.26285 21
        vertex 126.11474 67.40973 21
    endloop
endfacet
facet normal 0 0 1
    outer loop
        vertex 126.11474 67.40973 21
        vertex 107.21607 64.26285 21
        vertex 110.24016 58.924595 21
    endloop
endfacet
facet normal 0 0 1
    outer loop
        vertex 118.900154 79.44655 21
        vertex 103.9337 69.44628 21
        vertex 122.65519 73.516685 21
    endloop
endfacet
facet normal 0 0 1
    outer loop
        vertex 122.65519 73.516685 21
        vertex 103.9337 69.44628 21
        vertex 107.21607 64.26285 21
    endloop
endfacet
facet normal 0 0 1
    outer loop
        vertex 114.85868 85.185 21
        vertex 100.40094 74.46242 21
        vertex 118.900154 79.44655 21
    endloop
endfacet
facet normal 0 0 1
    outer loop
        vertex 118.900154 79.44655 21
        vertex 100.40094 74.46242 21
        vertex 103.9337 69.44628 21
    endloop
endfacet
facet normal 0 0 1
    outer loop
        vertex 110.5405 90.71824 21
        vertex 96.626305 79.29916 21
        vertex 114.85868 85.185 21
    endloop
endfacet
facet normal 0 0 1
    outer loop
        vertex 114.85868 85.185 21
        vertex 96.626305 79.29916 21
        vertex 100.40094 74.46242 21
    endloop
endfacet
facet normal 0 0 1
    outer loop
        vertex 105.95601 96.032936 21
        vertex 92.61889 83.94487 21
        vertex 110.5405 90.71824 21
    endloop
endfacet
facet normal 0 0 1
    outer loop
        vertex 110.5405 90.71824 21
        vertex 92.61889 83.94487 21
        vertex 96.626305 79.29916 21
    endloop
endfacet
facet normal 0 0 0.99999994
    outer loop
        vertex 101.11627 101.11627 21
        vertex 88.38834 88.38834 21
        vertex 105.95601 96.032936 21
    endloop
endfacet
facet normal 0 0 1
    outer loop
        vertex 105.95601 96.032936 21
        vertex 88.38834 88.38834 21
        vertex 92.61889 83.94487 21
    endloop
endfacet
facet normal 0 0 1
    outer loop
        vertex 96.032936 105.95601 21
        vertex 83.94487 92.61889 21
        vertex 101.11627 101.11627 21
    endloop
endfacet
facet normal 0 0 1
    outer loop
        vertex 101.11627 101.11627 21
        vertex 83.94487 92.61889 21
        vertex 88.38834 88.38834 21
    endloop
endfacet
facet normal 0 0 1
    outer loop
        vertex 90.71824 110.5405 21
        vertex 79.29916 96.626305 21
        vertex 96.032936 105.95601 21
    endloop
endfacet
facet normal 0 0 1
    outer loop
        vertex 96.032936 105.95601 21
        vertex 79.29916 96.626305 21
        vertex 83.94487 92.61889 21
    endloop
endfacet
facet normal 0 0 1
    outer loop
        vertex 85.185 114.85868 21
        vertex 74.46242 100.40094 21
        vertex 90.71824 110.5405 21
    endloop
endfacet
facet normal 0 0 1
    outer loop
        vertex 90.71824 110.5405 21
        vertex 74.46242 100.40094 21
        vertex 79.29916 96.626305 21
    endloop
endfacet
facet normal 0 0 1
    outer loop
        vertex 79.44655 118.900154 21
        vertex 69.44628 103.9337 21
        vertex 85.185 114.85868 21
    endloop
endfacet
facet normal 0 0 1
    outer loop
        vertex 85.185 114.85868 21
        vertex 69.44628 103.9337 21
        vertex 74.46242 100.40094 21
    endloop
endfacet
facet normal 0 0 1
    outer loop
        vertex 73.516685 122.65519 21
        vertex 64.26285 107.21607 21
        vertex 79.44655 118.900154 21
    endloop
endfacet
facet normal 0 0 1
    outer loop
        vertex 79.44655 118.900154 21
        vertex 64.26285 107.21607 21
        vertex 69.44628 103.9337 21
    endloop
endfacet
facet normal 0 0 0.99999994
    outer loop
        vertex 67.40973 126.11474 21
        vertex 58.924595 110.24016 21
        vertex 73.516685 122.65519 21
    endloop
endfacet
facet normal 0 0 1
    outer loop
        vertex 73.516685 122.65519 21
        vertex 58.924595 110.24016 21
        vertex 64.26285 107.21607 21
    endloop
endfacet
facet normal 0 0 1
    outer loop
        vertex 61.140377 129.27046 21
        vertex 53.444386 112.998665 21
        vertex 67.40973 126.11474 21
    endloop
endfacet
facet normal 0 0 1
    outer loop
        vertex 67.40973 126.11474 21
        vertex 53.444386 112.998665 21
        vertex 58.924595 110.24016 21
    endloop
endfacet
facet normal 0 0 1
    outer loop
        vertex 54.723732 132.11476 21
        vertex 47.83543 115.48494 21
        vertex 61.140377 129.27046 21
    endloop
endfacet
facet normal 0 0 1
    outer loop
        vertex 61.140377 129.27046 21
        vertex 47.83543 115.48494 21
        vertex 53.444386 112.998665 21
    endloop
endfacet
facet normal 0 0 1
    outer loop
        vertex 48.17525 134.6408 21
        vertex 42.111233 117.69301 21
        vertex 54.723732 132.11476 21
    endloop
endfacet
facet normal 0 0 1
    outer loop
        vertex 54.723732 132.11476 21
        vertex 42.111233 117.69301 21
        vertex 47.83543 115.48494 21
    endloop
endfacet
facet normal 0 0 1
    outer loop
        vertex 41.510708 136.84247 21
        vertex 36.285583 119.617546 21
        vertex 48.17525 134.6408 21
    endloop
endfacet
facet normal 0 0 1
    outer loop
        vertex 48.17525 134.6408 21
        vertex 36.285583 119.617546 21
        vertex 42.111233 117.69301 21
    endloop
endfacet
facet normal 0 0 0.99999994
    outer loop
        vertex 34.746166 138.71446 21
        vertex 30.372522 121.25391 21
        vertex 41.510708 136.84247 21
    endloop
endfacet
facet normal 0 0 1
    outer loop
        vertex 41.510708 136.84247 21
        vertex 30.372522 121.25391 21
        vertex 36.285583 119.617546 21
    endloop
endfacet
facet normal 0 0 1
    outer loop
        vertex -24.38629 122.59816 21
        vertex -18.341309 123.647064 21
        vertex -20.982458 141.45224 21
    endloop
endfacet
facet normal 0 0 1
    outer loop
        vertex -96.032936 105.95601 21
        vertex -88.38834 88.38834 21
        vertex -83.94487 92.61889 21
    endloop
endfacet
facet normal -0 0 1
    outer loop
        vertex -90.71824 110.5405 21
        vertex -79.29916 96.626305 21
        vertex -85.185 114.85868 21
    endloop
endfacet
facet normal 0 -0 1
    outer loop
        vertex -74.46242 100.40094 21
        vertex -69.44628 103.9337 21
        vertex -79.44655 118.900154 21
    endloop
endfacet
facet normal 0 0 0.99999994
    outer loop
        vertex -64.26285 107.21607 21
        vertex -67.40973 126.11474 21
        vertex -73.516685 122.65519 21
    endloop
endfacet
facet normal 0 0 1
    outer loop
        vertex -53.444386 112.998665 21
        vertex -61.140377 129.27046 21
        vertex -58.924595 110.24016 21
    endloop
endfacet
facet normal 0 0 0.99999994
    outer loop
        vertex -48.17525 134.6408 21
        vertex -54.723732 132.11476 21
        vertex -47.83543 115.48494 21
    endloop
endfacet
facet normal 0 0 1
    outer loop
        vertex -41.510708 136.84247 21
        vertex -42.111233 117.69301 21
        vertex -36.285583 119.617546 21
    endloop
endfacet
facet normal -0 0 1
    outer loop
        vertex -34.746166 138.71446 21
        vertex -30.372522 121.25391 21
        vertex -27.897917 140.25229 21
    endloop
endfacet
facet normal 0 0 1
    outer loop
        vertex -7.0166774 142.82774 21
        vertex -14.016451 142.31142 21
        vertex -12.252143 124.39809 21
    endloop
endfacet
facet normal 0 0 1
    outer loop
        vertex 0.000000000000008756224 143 21
        vertex -7.0166774 142.82774 21
        vertex 0 125 21
    endloop
endfacet
facet normal 0 0 1
    outer loop
        vertex 7.0166774 142.82774 21
        vertex 0.000000000000008756224 143 21
        vertex 0 125 21
    endloop
endfacet
facet normal 0 -0 1
    outer loop
        vertex 6.1334596 124.849434 21
        vertex 7.0166774 142.82774 21
        vertex 0 125 21
    endloop
endfacet
facet normal 0 0 0.99999994
    outer loop
        vertex 14.016451 142.31142 21
        vertex 7.0166774 142.82774 21
        vertex 6.1334596 124.849434 21
    endloop
endfacet
facet normal 0 -0 1
    outer loop
        vertex 12.252143 124.39809 21
        vertex 14.016451 142.31142 21
        vertex 6.1334596 124.849434 21
    endloop
endfacet
facet normal 0 0 1
    outer loop
        vertex 12.252143 124.39809 21
        vertex 20.982458 141.45224 21
        vertex 14.016451 142.31142 21
    endloop
endfacet
facet normal -0 0 1
    outer loop
        vertex 12.252143 124.39809 21
        vertex 18.341309 123.647064 21
        vertex 20.982458 141.45224 21
    endloop
endfacet
facet normal 0 0 1
    outer loop
        vertex 20.982458 141.45224 21
        vertex 18.341309 123.647064 21
        vertex 27.897917 140.25229 21
    endloop
endfacet
facet normal 0 0 1
    outer loop
        vertex 27.897917 140.25229 21
        vertex 18.341309 123.647064 21
        vertex 24.38629 122.59816 21
    endloop
endfacet
facet normal 0 0 0.99999994
    outer loop
        vertex 34.746166 138.71446 21
        vertex 27.897917 140.25229 21
        vertex 24.38629 122.59816 21
    endloop
endfacet
facet normal 0 -0 1
    outer loop
        vertex 30.372522 121.25391 21
        vertex 34.746166 138.71446 21
        vertex 24.38629 122.59816 21
    endloop
endfacet
facet normal 0 0 0.99999994
    outer loop
        vertex -96.032936 105.95601 21
        vertex -101.11627 101.11627 21
        vertex -88.38834 88.38834 21
    endloop
endfacet
facet normal -0.99969876 -0.02454218 -0
    outer loop
        vertex -142.82774 -7.0166774 21
        vertex -143 -0 21
        vertex -142.82774 -7.0166774 -21
    endloop
endfacet
facet normal -0.99729061 -0.07356352 0
    outer loop
        vertex -142.31142 -14.016451 21
        vertex -142.82774 -7.0166774 21
        vertex -142.82774 -7.0166774 -21
    endloop
endfacet
facet normal -0.99247956 -0.12241091 0
    outer loop
        vertex -141.45224 -20.982458 21
        vertex -142.31142 -14.016451 21
        vertex -142.31142 -14.016451 -21
    endloop
endfacet
facet normal -0.99247956 -0.12241091 0
    outer loop
        vertex -141.45224 -20.982458 -21
        vertex -141.45224 -20.982458 21
        vertex -142.31142 -14.016451 -21
    endloop
endfacet
facet normal -0.98527753 -0.17096262 0
    outer loop
        vertex -140.25229 -27.897917 -21
        vertex -140.25229 -27.897917 21
        vertex -141.45224 -20.982458 -21
    endloop
endfacet
facet normal -0.97570217 -0.21910135 0
    outer loop
        vertex -140.25229 -27.897917 -21
        vertex -138.71446 -34.746166 21
        vertex -140.25229 -27.897917 21
    endloop
endfacet
facet normal -0.96377635 -0.26671186 0
    outer loop
        vertex -138.71446 -34.746166 -21
        vertex -136.84247 -41.510708 21
        vertex -138.71446 -34.746166 21
    endloop
endfacet
facet normal -0.96377635 -0.26671186 0
    outer loop
        vertex -138.71446 -34.746166 -21
        vertex -136.84247 -41.510708 -21
        vertex -136.84247 -41.510708 21
    endloop
endfacet
facet normal -0.94952786 -0.31368271 0
    outer loop
        vertex -136.84247 -41.510708 -21
        vertex -134.6408 -48.17525 -21
        vertex -134.6408 -48.17525 21
    endloop
endfacet
facet normal -0.93299264 -0.3598955 -0
    outer loop
        vertex -134.6408 -48.17525 21
        vertex -134.6408 -48.17525 -21
        vertex -132.11476 -54.723732 21
    endloop
endfacet
facet normal -0.9142099 -0.40524086 -0
    outer loop
        vertex -132.11476 -54.723732 21
        vertex -132.11476 -54.723732 -21
        vertex -129.27046 -61.140377 21
    endloop
endfacet
facet normal -0.9142099 -0.40524086 -0
    outer loop
        vertex -129.27046 -61.140377 21
        vertex -132.11476 -54.723732 -21
        vertex -129.27046 -61.140377 -21
    endloop
endfacet
facet normal -0.89322448 -0.44961101 -0
    outer loop
        vertex -126.11474 -67.40973 21
        vertex -129.27046 -61.140377 -21
        vertex -126.11474 -67.40973 -21
    endloop
endfacet
facet normal -0.87008697 -0.49289826 0
    outer loop
        vertex -122.65519 -73.516685 21
        vertex -126.11474 -67.40973 21
        vertex -126.11474 -67.40973 -21
    endloop
endfacet
facet normal -0.84485412 -0.53499669 0
    outer loop
        vertex -118.900154 -79.44655 21
        vertex -122.65519 -73.516685 21
        vertex -122.65519 -73.516685 -21
    endloop
endfacet
facet normal -0.84485412 -0.53499669 0
    outer loop
        vertex -118.900154 -79.44655 -21
        vertex -118.900154 -79.44655 21
        vertex -122.65519 -73.516685 -21
    endloop
endfacet
facet normal -0.81758475 -0.57580835 0
    outer loop
        vertex -114.85868 -85.185 -21
        vertex -114.85868 -85.185 21
        vertex -118.900154 -79.44655 -21
    endloop
endfacet
facet normal -0.78834641 -0.61523157 0
    outer loop
        vertex -114.85868 -85.185 -21
        vertex -110.5405 -90.71824 21
        vertex -114.85868 -85.185 21
    endloop
endfacet
facet normal -0.75720894 -0.65317273 0
    outer loop
        vertex -110.5405 -90.71824 -21
        vertex -105.95601 -96.032936 21
        vertex -110.5405 -90.71824 21
    endloop
endfacet
facet normal -0.75720894 -0.65317273 0
    outer loop
        vertex -110.5405 -90.71824 -21
        vertex -105.95601 -96.032936 -21
        vertex -105.95601 -96.032936 21
    endloop
endfacet
facet normal -0.72424722 -0.68954051 0
    outer loop
        vertex -105.95601 -96.032936 -21
        vertex -101.11627 -101.11627 -21
        vertex -101.11627 -101.11627 21
    endloop
endfacet
facet normal -0.68954051 -0.72424722 -0
    outer loop
        vertex -101.11627 -101.11627 21
        vertex -101.11627 -101.11627 -21
        vertex -96.032936 -105.95601 21
    endloop
endfacet
facet normal -0.65317273 -0.75720894 -0
    outer loop
        vertex -96.032936 -105.95601 21
        vertex -96.032936 -105.95601 -21
        vertex -90.71824 -110.5405 21
    endloop
endfacet
facet normal -0.65317273 -0.75720894 -0
    outer loop
        vertex -90.71824 -110.5405 21
        vertex -96.032936 -105.95601 -21
        vertex -90.71824 -110.5405 -21
    endloop
endfacet
facet normal -0.61523157 -0.78834641 -0
    outer loop
        vertex -85.185 -114.85868 21
        vertex -90.71824 -110.5405 -21
        vertex -85.185 -114.85868 -21
    endloop
endfacet
facet normal -0.57580835 -0.81758475 0
    outer loop
        vertex -79.44655 -118.900154 21
        vertex -85.185 -114.85868 21
        vertex -85.185 -114.85868 -21
    endloop
endfacet
facet normal -0.53499669 -0.84485412 0
    outer loop
        vertex -73.516685 -122.65519 21
        vertex -79.44655 -118.900154 21
        vertex -79.44655 -118.900154 -21
    endloop
endfacet
facet normal -0.53499669 -0.84485412 0
    outer loop
        vertex -73.516685 -122.65519 -21
        vertex -73.516685 -122.65519 21
        vertex -79.44655 -118.900154 -21
    endloop
endfacet
facet normal -0.49289826 -0.87008697 0
    outer loop
        vertex -67.40973 -126.11474 -21
        vertex -67.40973 -126.11474 21
        vertex -73.516685 -122.65519 -21
    endloop
endfacet
facet normal -0.40524086 -0.9142099 0
    outer loop
        vertex -61.140377 -129.27046 -21
        vertex -54.723732 -132.11476 21
        vertex -61.140377 -129.27046 21
    endloop
endfacet
facet normal -0.3598955 -0.93299264 0
    outer loop
        vertex -54.723732 -132.11476 -21
        vertex -48.17525 -134.6408 21
        vertex -54.723732 -132.11476 21
    endloop
endfacet
facet normal -0.31368271 -0.94952786 0
    outer loop
        vertex -41.510708 -136.84247 -21
        vertex -41.510708 -136.84247 21
        vertex -48.17525 -134.6408 -21
    endloop
endfacet
facet normal -0.26671186 -0.96377635 0
    outer loop
        vertex -34.746166 -138.71446 -21
        vertex -34.746166 -138.71446 21
        vertex -41.510708 -136.84247 -21
    endloop
endfacet
facet normal -0.21910135 -0.97570217 0
    outer loop
        vertex -27.897917 -140.25229 -21
        vertex -27.897917 -140.25229 21
        vertex -34.746166 -138.71446 -21
    endloop
endfacet
facet normal -0.12241091 -0.99247956 0
    outer loop
        vertex -14.016451 -142.31142 21
        vertex -20.982458 -141.45224 21
        vertex -20.982458 -141.45224 -21
    endloop
endfacet
facet normal -0.07356352 -0.99729061 0
    outer loop
        vertex -7.0166774 -142.82774 21
        vertex -14.016451 -142.31142 21
        vertex -14.016451 -142.31142 -21
    endloop
endfacet
facet normal -0.02454218 -0.99969876 -0
    outer loop
        vertex -0.000000000000008756224 -143 21
        vertex -7.0166774 -142.82774 -21
        vertex -0.000000000000008756224 -143 -21
    endloop
endfacet
facet normal 0.02454218 -0.99969876 0
    outer loop
        vertex 7.0166774 -142.82774 21
        vertex -0.000000000000008756224 -143 -21
        vertex 7.0166774 -142.82774 -21
    endloop
endfacet
facet normal 0.07356352 -0.99729061 0
    outer loop
        vertex 14.016451 -142.31142 21
        vertex 7.0166774 -142.82774 -21
        vertex 14.016451 -142.31142 -21
    endloop
endfacet
facet normal 0.17096262 -0.98527753 0
    outer loop
        vertex 20.982458 -141.45224 21
        vertex 20.982458 -141.45224 -21
        vertex 27.897917 -140.25229 21
    endloop
endfacet
facet normal 0.21910135 -0.97570217 0
    outer loop
        vertex 27.897917 -140.25229 21
        vertex 27.897917 -140.25229 -21
        vertex 34.746166 -138.71446 21
    endloop
endfacet
facet normal 0.26671186 -0.96377635 0
    outer loop
        vertex 34.746166 -138.71446 21
        vertex 34.746166 -138.71446 -21
        vertex 41.510708 -136.84247 21
    endloop
endfacet
facet normal 0.31368271 -0.94952786 0
    outer loop
        vertex 41.510708 -136.84247 -21
        vertex 48.17525 -134.6408 -21
        vertex 48.17525 -134.6408 21
    endloop
endfacet
facet normal 0.3598955 -0.93299264 0
    outer loop
        vertex 48.17525 -134.6408 -21
        vertex 54.723732 -132.11476 -21
        vertex 54.723732 -132.11476 21
    endloop
endfacet
facet normal 0.40524086 -0.9142099 0
    outer loop
        vertex 54.723732 -132.11476 -21
        vertex 61.140377 -129.27046 -21
        vertex 61.140377 -129.27046 21
    endloop
endfacet
facet normal 0.49289826 -0.87008697 0
    outer loop
        vertex 67.40973 -126.11474 -21
        vertex 73.516685 -122.65519 21
        vertex 67.40973 -126.11474 21
    endloop
endfacet
facet normal 0.53499669 -0.84485412 0
    outer loop
        vertex 73.516685 -122.65519 -21
        vertex 79.44655 -118.900154 21
        vertex 73.516685 -122.65519 21
    endloop
endfacet
facet normal 0.57580835 -0.81758475 0
    outer loop
        vertex 79.44655 -118.900154 -21
        vertex 85.185 -114.85868 21
        vertex 79.44655 -118.900154 21
    endloop
endfacet
facet normal 0.61523157 -0.78834641 0
    outer loop
        vertex 90.71824 -110.5405 -21
        vertex 90.71824 -110.5405 21
        vertex 85.185 -114.85868 -21
    endloop
endfacet
facet normal 0.65317273 -0.75720894 0
    outer loop
        vertex 96.032936 -105.95601 -21
        vertex 96.032936 -105.95601 21
        vertex 90.71824 -110.5405 -21
    endloop
endfacet
facet normal 0.68954051 -0.72424722 0
    outer loop
        vertex 101.11627 -101.11627 -21
        vertex 101.11627 -101.11627 21
        vertex 96.032936 -105.95601 -21
    endloop
endfacet
facet normal 0.75720894 -0.65317273 0
    outer loop
        vertex 110.5405 -90.71824 21
        vertex 105.95601 -96.032936 21
        vertex 105.95601 -96.032936 -21
    endloop
endfacet
facet normal 0.78834641 -0.61523157 0
    outer loop
        vertex 114.85868 -85.185 21
        vertex 110.5405 -90.71824 21
        vertex 110.5405 -90.71824 -21
    endloop
endfacet
facet normal 0.81758475 -0.57580835 0
    outer loop
        vertex 118.900154 -79.44655 21
        vertex 114.85868 -85.185 21
        vertex 114.85868 -85.185 -21
    endloop
endfacet
facet normal 0.84485412 -0.53499669 0
    outer loop
        vertex 122.65519 -73.516685 21
        vertex 118.900154 -79.44655 -21
        vertex 122.65519 -73.516685 -21
    endloop
endfacet
facet normal 0.87008697 -0.49289826 0
    outer loop
        vertex 126.11474 -67.40973 21
        vertex 122.65519 -73.516685 -21
        vertex 126.11474 -67.40973 -21
    endloop
endfacet
facet normal 0.89322448 -0.44961101 0
    outer loop
        vertex 129.27046 -61.140377 21
        vertex 126.11474 -67.40973 -21
        vertex 129.27046 -61.140377 -21
    endloop
endfacet
facet normal 0.9142099 -0.40524086 0
    outer loop
        vertex 132.11476 -54.723732 21
        vertex 129.27046 -61.140377 -21
        vertex 132.11476 -54.723732 -21
    endloop
endfacet
facet normal 0.93299264 -0.3598955 0
    outer loop
        vertex 134.6408 -48.17525 21
        vertex 132.11476 -54.723732 -21
        vertex 134.6408 -48.17525 -21
    endloop
endfacet
facet normal 0.96377635 -0.26671186 0
    outer loop
        vertex 136.84247 -41.510708 21
        vertex 136.84247 -41.510708 -21
        vertex 138.71446 -34.746166 21
    endloop
endfacet
facet normal 0.97570217 -0.21910135 0
    outer loop
        vertex 138.71446 -34.746166 21
        vertex 138.71446 -34.746166 -21
        vertex 140.25229 -27.897917 21
    endloop
endfacet
facet normal 0.98527753 -0.17096262 0
    outer loop
        vertex 140.25229 -27.897917 21
        vertex 140.25229 -27.897917 -21
        vertex 141.45224 -20.982458 21
    endloop
endfacet
facet normal 0.99969876 -0.02454218 0
    outer loop
        vertex 143 -0 21
        vertex 142.82774 -7.0166774 -21
        vertex 143 -0 -21
    endloop
endfacet
facet normal 0.99247956 -0.12241091 0
    outer loop
        vertex 142.31142 -14.016451 21
        vertex 141.45224 -20.982458 21
        vertex 141.45224 -20.982458 -21
    endloop
endfacet
facet normal 0.99969876 -0.02454218 0
    outer loop
        vertex 142.82774 -7.0166774 21
        vertex 142.82774 -7.0166774 -21
        vertex 143 -0 21
    endloop
endfacet
facet normal 0.99729061 -0.07356352 0
    outer loop
        vertex 142.31142 -14.016451 21
        vertex 142.31142 -14.016451 -21
        vertex 142.82774 -7.0166774 21
    endloop
endfacet
facet normal 0.99247956 -0.12241091 0
    outer loop
        vertex 142.31142 -14.016451 21
        vertex 141.45224 -20.982458 -21
        vertex 142.31142 -14.016451 -21
    endloop
endfacet
facet normal 0.98527753 -0.17096262 0
    outer loop
        vertex 141.45224 -20.982458 21
        vertex 140.25229 -27.897917 -21
        vertex 141.45224 -20.982458 -21
    endloop
endfacet
facet normal 0.97570217 -0.21910135 0
    outer loop
        vertex 140.25229 -27.897917 21
        vertex 138.71446 -34.746166 -21
        vertex 140.25229 -27.897917 -21
    endloop
endfacet
facet normal 0.96377635 -0.26671186 0
    outer loop
        vertex 138.71446 -34.746166 21
        vertex 136.84247 -41.510708 -21
        vertex 138.71446 -34.746166 -21
    endloop
endfacet
facet normal 0.94952786 -0.31368271 0
    outer loop
        vertex 136.84247 -41.510708 21
        vertex 134.6408 -48.17525 -21
        vertex 136.84247 -41.510708 -21
    endloop
endfacet
facet normal 0.94952786 -0.31368271 0
    outer loop
        vertex 136.84247 -41.510708 21
        vertex 134.6408 -48.17525 21
        vertex 134.6408 -48.17525 -21
    endloop
endfacet
facet normal 0.93299264 -0.3598955 0
    outer loop
        vertex 134.6408 -48.17525 21
        vertex 132.11476 -54.723732 21
        vertex 132.11476 -54.723732 -21
    endloop
endfacet
facet normal 0.9142099 -0.40524086 0
    outer loop
        vertex 132.11476 -54.723732 21
        vertex 129.27046 -61.140377 21
        vertex 129.27046 -61.140377 -21
    endloop
endfacet
facet normal 0.89322448 -0.44961101 0
    outer loop
        vertex 129.27046 -61.140377 21
        vertex 126.11474 -67.40973 21
        vertex 126.11474 -67.40973 -21
    endloop
endfacet
facet normal 0.87008697 -0.49289826 0
    outer loop
        vertex 126.11474 -67.40973 21
        vertex 122.65519 -73.516685 21
        vertex 122.65519 -73.516685 -21
    endloop
endfacet
facet normal 0.84485412 -0.53499669 0
    outer loop
        vertex 122.65519 -73.516685 21
        vertex 118.900154 -79.44655 21
        vertex 118.900154 -79.44655 -21
    endloop
endfacet
facet normal 0.81758475 -0.57580835 0
    outer loop
        vertex 118.900154 -79.44655 -21
        vertex 118.900154 -79.44655 21
        vertex 114.85868 -85.185 -21
    endloop
endfacet
facet normal 0.78834641 -0.61523157 0
    outer loop
        vertex 114.85868 -85.185 -21
        vertex 114.85868 -85.185 21
        vertex 110.5405 -90.71824 -21
    endloop
endfacet
facet normal 0.75720894 -0.65317273 0
    outer loop
        vertex 110.5405 -90.71824 -21
        vertex 110.5405 -90.71824 21
        vertex 105.95601 -96.032936 -21
    endloop
endfacet
facet normal 0.72424722 -0.68954051 0
    outer loop
        vertex 105.95601 -96.032936 -21
        vertex 105.95601 -96.032936 21
        vertex 101.11627 -101.11627 -21
    endloop
endfacet
facet normal 0.72424722 -0.68954051 0
    outer loop
        vertex 101.11627 -101.11627 -21
        vertex 105.95601 -96.032936 21
        vertex 101.11627 -101.11627 21
    endloop
endfacet
facet normal 0.68954051 -0.72424722 0
    outer loop
        vertex 96.032936 -105.95601 -21
        vertex 101.11627 -101.11627 21
        vertex 96.032936 -105.95601 21
    endloop
endfacet
facet normal 0.65317273 -0.75720894 0
    outer loop
        vertex 90.71824 -110.5405 -21
        vertex 96.032936 -105.95601 21
        vertex 90.71824 -110.5405 21
    endloop
endfacet
facet normal 0.61523157 -0.78834641 0
    outer loop
        vertex 85.185 -114.85868 -21
        vertex 90.71824 -110.5405 21
        vertex 85.185 -114.85868 21
    endloop
endfacet
facet normal 0.57580835 -0.81758475 0
    outer loop
        vertex 79.44655 -118.900154 -21
        vertex 85.185 -114.85868 -21
        vertex 85.185 -114.85868 21
    endloop
endfacet
facet normal 0.53499669 -0.84485412 0
    outer loop
        vertex 73.516685 -122.65519 -21
        vertex 79.44655 -118.900154 -21
        vertex 79.44655 -118.900154 21
    endloop
endfacet
facet normal 0.49289826 -0.87008697 0
    outer loop
        vertex 67.40973 -126.11474 -21
        vertex 73.516685 -122.65519 -21
        vertex 73.516685 -122.65519 21
    endloop
endfacet
facet normal 0.44961101 -0.89322448 0
    outer loop
        vertex 61.140377 -129.27046 -21
        vertex 67.40973 -126.11474 -21
        vertex 67.40973 -126.11474 21
    endloop
endfacet
facet normal 0.44961101 -0.89322448 0
    outer loop
        vertex 61.140377 -129.27046 21
        vertex 61.140377 -129.27046 -21
        vertex 67.40973 -126.11474 21
    endloop
endfacet
facet normal 0.40524086 -0.9142099 0
    outer loop
        vertex 54.723732 -132.11476 21
        vertex 54.723732 -132.11476 -21
        vertex 61.140377 -129.27046 21
    endloop
endfacet
facet normal 0.3598955 -0.93299264 0
    outer loop
        vertex 48.17525 -134.6408 21
        vertex 48.17525 -134.6408 -21
        vertex 54.723732 -132.11476 21
    endloop
endfacet
facet normal 0.31368271 -0.94952786 0
    outer loop
        vertex 41.510708 -136.84247 21
        vertex 41.510708 -136.84247 -21
        vertex 48.17525 -134.6408 21
    endloop
endfacet
facet normal 0.26671186 -0.96377635 0
    outer loop
        vertex 41.510708 -136.84247 21
        vertex 34.746166 -138.71446 -21
        vertex 41.510708 -136.84247 -21
    endloop
endfacet
facet normal 0.21910135 -0.97570217 0
    outer loop
        vertex 34.746166 -138.71446 21
        vertex 27.897917 -140.25229 -21
        vertex 34.746166 -138.71446 -21
    endloop
endfacet
facet normal 0.17096262 -0.98527753 0
    outer loop
        vertex 27.897917 -140.25229 21
        vertex 20.982458 -141.45224 -21
        vertex 27.897917 -140.25229 -21
    endloop
endfacet
facet normal 0.12241091 -0.99247956 0
    outer loop
        vertex 20.982458 -141.45224 21
        vertex 14.016451 -142.31142 -21
        vertex 20.982458 -141.45224 -21
    endloop
endfacet
facet normal 0.12241091 -0.99247956 0
    outer loop
        vertex 20.982458 -141.45224 21
        vertex 14.016451 -142.31142 21
        vertex 14.016451 -142.31142 -21
    endloop
endfacet
facet normal 0.07356352 -0.99729061 0
    outer loop
        vertex 14.016451 -142.31142 21
        vertex 7.0166774 -142.82774 21
        vertex 7.0166774 -142.82774 -21
    endloop
endfacet
facet normal 0.02454218 -0.99969876 0
    outer loop
        vertex 7.0166774 -142.82774 21
        vertex -0.000000000000008756224 -143 21
        vertex -0.000000000000008756224 -143 -21
    endloop
endfacet
facet normal -0.02454218 -0.99969876 0
    outer loop
        vertex -0.000000000000008756224 -143 21
        vertex -7.0166774 -142.82774 21
        vertex -7.0166774 -142.82774 -21
    endloop
endfacet
facet normal -0.07356352 -0.99729061 0
    outer loop
        vertex -7.0166774 -142.82774 -21
        vertex -7.0166774 -142.82774 21
        vertex -14.016451 -142.31142 -21
    endloop
endfacet
facet normal -0.12241091 -0.99247956 0
    outer loop
        vertex -14.016451 -142.31142 -21
        vertex -14.016451 -142.31142 21
        vertex -20.982458 -141.45224 -21
    endloop
endfacet
facet normal -0.17096262 -0.98527753 0
    outer loop
        vertex -20.982458 -141.45224 -21
        vertex -20.982458 -141.45224 21
        vertex -27.897917 -140.25229 -21
    endloop
endfacet
facet normal -0.17096262 -0.98527753 0
    outer loop
        vertex -27.897917 -140.25229 -21
        vertex -20.982458 -141.45224 21
        vertex -27.897917 -140.25229 21
    endloop
endfacet
facet normal -0.21910135 -0.97570217 0
    outer loop
        vertex -34.746166 -138.71446 -21
        vertex -27.897917 -140.25229 21
        vertex -34.746166 -138.71446 21
    endloop
endfacet
facet normal -0.26671186 -0.96377635 0
    outer loop
        vertex -41.510708 -136.84247 -21
        vertex -34.746166 -138.71446 21
        vertex -41.510708 -136.84247 21
    endloop
endfacet
facet normal -0.31368271 -0.94952786 0
    outer loop
        vertex -48.17525 -134.6408 -21
        vertex -41.510708 -136.84247 21
        vertex -48.17525 -134.6408 21
    endloop
endfacet
facet normal -0.3598955 -0.93299264 0
    outer loop
        vertex -54.723732 -132.11476 -21
        vertex -48.17525 -134.6408 -21
        vertex -48.17525 -134.6408 21
    endloop
endfacet
facet normal -0.40524086 -0.9142099 0
    outer loop
        vertex -61.140377 -129.27046 -21
        vertex -54.723732 -132.11476 -21
        vertex -54.723732 -132.11476 21
    endloop
endfacet
facet normal -0.44961101 -0.89322448 0
    outer loop
        vertex -67.40973 -126.11474 -21
        vertex -61.140377 -129.27046 -21
        vertex -61.140377 -129.27046 21
    endloop
endfacet
facet normal -0.44961101 -0.89322448 -0
    outer loop
        vertex -67.40973 -126.11474 21
        vertex -67.40973 -126.11474 -21
        vertex -61.140377 -129.27046 21
    endloop
endfacet
facet normal -0.49289826 -0.87008697 -0
    outer loop
        vertex -73.516685 -122.65519 21
        vertex -73.516685 -122.65519 -21
        vertex -67.40973 -126.11474 21
    endloop
endfacet
facet normal -0.57580835 -0.81758475 0
    outer loop
        vertex -85.185 -114.85868 -21
        vertex -79.44655 -118.900154 -21
        vertex -79.44655 -118.900154 21
    endloop
endfacet
facet normal -0.61523157 -0.78834641 0
    outer loop
        vertex -90.71824 -110.5405 -21
        vertex -85.185 -114.85868 21
        vertex -90.71824 -110.5405 21
    endloop
endfacet
facet normal -0.68954051 -0.72424722 0
    outer loop
        vertex -96.032936 -105.95601 -21
        vertex -96.032936 -105.95601 21
        vertex -101.11627 -101.11627 -21
    endloop
endfacet
facet normal -0.72424722 -0.68954051 0
    outer loop
        vertex -101.11627 -101.11627 21
        vertex -105.95601 -96.032936 21
        vertex -105.95601 -96.032936 -21
    endloop
endfacet
facet normal -0.78834641 -0.61523157 -0
    outer loop
        vertex -110.5405 -90.71824 21
        vertex -114.85868 -85.185 -21
        vertex -110.5405 -90.71824 -21
    endloop
endfacet
facet normal -0.81758475 -0.57580835 -0
    outer loop
        vertex -118.900154 -79.44655 21
        vertex -118.900154 -79.44655 -21
        vertex -114.85868 -85.185 21
    endloop
endfacet
facet normal -0.87008697 -0.49289826 0
    outer loop
        vertex -126.11474 -67.40973 -21
        vertex -122.65519 -73.516685 -21
        vertex -122.65519 -73.516685 21
    endloop
endfacet
facet normal -0.89322448 -0.44961101 0
    outer loop
        vertex -129.27046 -61.140377 -21
        vertex -126.11474 -67.40973 21
        vertex -129.27046 -61.140377 21
    endloop
endfacet
facet normal -0.93299264 -0.3598955 0
    outer loop
        vertex -132.11476 -54.723732 -21
        vertex -132.11476 -54.723732 21
        vertex -134.6408 -48.17525 -21
    endloop
endfacet
facet normal -0.94952786 -0.31368271 0
    outer loop
        vertex -134.6408 -48.17525 21
        vertex -136.84247 -41.510708 21
        vertex -136.84247 -41.510708 -21
    endloop
endfacet
facet normal -0.97570217 -0.21910135 -0
    outer loop
        vertex -138.71446 -34.746166 21
        vertex -140.25229 -27.897917 -21
        vertex -138.71446 -34.746166 -21
    endloop
endfacet
facet normal -0.98527753 -0.17096262 -0
    outer loop
        vertex -141.45224 -20.982458 21
        vertex -141.45224 -20.982458 -21
        vertex -140.25229 -27.897917 21
    endloop
endfacet
facet normal -0.99969876 -0.02454218 0
    outer loop
        vertex -142.82774 -7.0166774 -21
        vertex -143 -0 21
        vertex -143 -0 -21
    endloop
endfacet
facet normal -0.99729061 -0.07356352 -0
    outer loop
        vertex -142.31142 -14.016451 21
        vertex -142.82774 -7.0166774 -21
        vertex -142.31142 -14.016451 -21
    endloop
endfacet
facet normal 0.99729061 -0.07356352 0
    outer loop
        vertex 142.31142 -14.016451 -21
        vertex 142.82774 -7.0166774 -21
        vertex 142.82774 -7.0166774 21
    endloop
endfacet
facet normal 0.99969882 -0.02454092 0
    outer loop
        vertex -124.849434 6.1334596 -21
        vertex -124.849434 6.1334596 21
        vertex -125 -0 -21
    endloop
endfacet
facet normal 0.99729043 -0.07356556 0
    outer loop
        vertex -124.39809 12.252143 -21
        vertex -124.849434 6.1334596 21
        vertex -124.849434 6.1334596 -21
    endloop
endfacet
facet normal 0.99247962 -0.12240993 0
    outer loop
        vertex -123.647064 18.341309 -21
        vertex -124.39809 12.252143 21
        vertex -124.39809 12.252143 -21
    endloop
endfacet
facet normal 0.99247962 -0.12240993 0
    outer loop
        vertex -123.647064 18.341309 21
        vertex -124.39809 12.252143 21
        vertex -123.647064 18.341309 -21
    endloop
endfacet
facet normal 0.98527753 -0.17096199 0
    outer loop
        vertex -122.59816 24.38629 21
        vertex -123.647064 18.341309 21
        vertex -122.59816 24.38629 -21
    endloop
endfacet
facet normal 0.97570217 -0.21910124 0
    outer loop
        vertex -122.59816 24.38629 21
        vertex -122.59816 24.38629 -21
        vertex -121.25391 30.372522 -21
    endloop
endfacet
facet normal 0.96377629 -0.26671213 0
    outer loop
        vertex -121.25391 30.372522 21
        vertex -121.25391 30.372522 -21
        vertex -119.617546 36.285583 -21
    endloop
endfacet
facet normal 0.96377629 -0.26671213 0
    outer loop
        vertex -121.25391 30.372522 21
        vertex -119.617546 36.285583 -21
        vertex -119.617546 36.285583 21
    endloop
endfacet
facet normal 0.94952804 -0.31368217 0
    outer loop
        vertex -119.617546 36.285583 21
        vertex -117.69301 42.111233 -21
        vertex -117.69301 42.111233 21
    endloop
endfacet
facet normal 0.9329927 -0.35989538 0
    outer loop
        vertex -117.69301 42.111233 -21
        vertex -115.48494 47.83543 -21
        vertex -117.69301 42.111233 21
    endloop
endfacet
facet normal 0.91421008 -0.40524077 0
    outer loop
        vertex -115.48494 47.83543 -21
        vertex -112.998665 53.444386 -21
        vertex -115.48494 47.83543 21
    endloop
endfacet
facet normal 0.91421008 -0.40524077 0
    outer loop
        vertex -112.998665 53.444386 -21
        vertex -112.998665 53.444386 21
        vertex -115.48494 47.83543 21
    endloop
endfacet
facet normal 0.89322418 -0.44961149 0
    outer loop
        vertex -110.24016 58.924595 -21
        vertex -110.24016 58.924595 21
        vertex -112.998665 53.444386 21
    endloop
endfacet
facet normal 0.87008673 -0.49289852 0
    outer loop
        vertex -107.21607 64.26285 -21
        vertex -110.24016 58.924595 21
        vertex -110.24016 58.924595 -21
    endloop
endfacet
facet normal 0.84485364 -0.5349974 0
    outer loop
        vertex -103.9337 69.44628 -21
        vertex -107.21607 64.26285 21
        vertex -107.21607 64.26285 -21
    endloop
endfacet
facet normal 0.84485364 -0.5349974 0
    outer loop
        vertex -103.9337 69.44628 21
        vertex -107.21607 64.26285 21
        vertex -103.9337 69.44628 -21
    endloop
endfacet
facet normal 0.81758487 -0.57580805 0
    outer loop
        vertex -100.40094 74.46242 21
        vertex -103.9337 69.44628 21
        vertex -100.40094 74.46242 -21
    endloop
endfacet
facet normal 0.78834581 -0.61523235 0
    outer loop
        vertex -100.40094 74.46242 21
        vertex -100.40094 74.46242 -21
        vertex -96.626305 79.29916 -21
    endloop
endfacet
facet normal 0.75720924 -0.65317243 0
    outer loop
        vertex -96.626305 79.29916 21
        vertex -96.626305 79.29916 -21
        vertex -92.61889 83.94487 -21
    endloop
endfacet
facet normal 0.75720924 -0.65317243 0
    outer loop
        vertex -96.626305 79.29916 21
        vertex -92.61889 83.94487 -21
        vertex -92.61889 83.94487 21
    endloop
endfacet
facet normal 0.72424656 -0.68954104 0
    outer loop
        vertex -92.61889 83.94487 21
        vertex -88.38834 88.38834 -21
        vertex -88.38834 88.38834 21
    endloop
endfacet
facet normal 0.68954104 -0.72424656 0
    outer loop
        vertex -88.38834 88.38834 -21
        vertex -83.94487 92.61889 -21
        vertex -88.38834 88.38834 21
    endloop
endfacet
facet normal 0.65317243 -0.75720924 0
    outer loop
        vertex -83.94487 92.61889 -21
        vertex -79.29916 96.626305 -21
        vertex -83.94487 92.61889 21
    endloop
endfacet
facet normal 0.65317243 -0.75720924 0
    outer loop
        vertex -79.29916 96.626305 -21
        vertex -79.29916 96.626305 21
        vertex -83.94487 92.61889 21
    endloop
endfacet
facet normal 0.61523235 -0.78834581 0
    outer loop
        vertex -74.46242 100.40094 -21
        vertex -74.46242 100.40094 21
        vertex -79.29916 96.626305 21
    endloop
endfacet
facet normal 0.57580805 -0.81758487 0
    outer loop
        vertex -69.44628 103.9337 -21
        vertex -74.46242 100.40094 21
        vertex -74.46242 100.40094 -21
    endloop
endfacet
facet normal 0.5349974 -0.84485364 0
    outer loop
        vertex -64.26285 107.21607 -21
        vertex -69.44628 103.9337 21
        vertex -69.44628 103.9337 -21
    endloop
endfacet
facet normal 0.5349974 -0.84485364 0
    outer loop
        vertex -64.26285 107.21607 21
        vertex -69.44628 103.9337 21
        vertex -64.26285 107.21607 -21
    endloop
endfacet
facet normal 0.49289852 -0.87008673 0
    outer loop
        vertex -58.924595 110.24016 21
        vertex -64.26285 107.21607 21
        vertex -58.924595 110.24016 -21
    endloop
endfacet
facet normal 0.44961149 -0.89322418 0
    outer loop
        vertex -58.924595 110.24016 21
        vertex -58.924595 110.24016 -21
        vertex -53.444386 112.998665 -21
    endloop
endfacet
facet normal 0.40524077 -0.91421008 0
    outer loop
        vertex -53.444386 112.998665 21
        vertex -53.444386 112.998665 -21
        vertex -47.83543 115.48494 -21
    endloop
endfacet
facet normal 0.35989538 -0.9329927 0
    outer loop
        vertex -47.83543 115.48494 21
        vertex -42.111233 117.69301 -21
        vertex -42.111233 117.69301 21
    endloop
endfacet
facet normal 0.26671213 -0.96377629 0
    outer loop
        vertex -36.285583 119.617546 21
        vertex -36.285583 119.617546 -21
        vertex -30.372522 121.25391 -21
    endloop
endfacet
facet normal 0.21910124 -0.97570217 0
    outer loop
        vertex -30.372522 121.25391 21
        vertex -30.372522 121.25391 -21
        vertex -24.38629 122.59816 -21
    endloop
endfacet
facet normal 0.17096199 -0.98527753 0
    outer loop
        vertex -18.341309 123.647064 21
        vertex -24.38629 122.59816 21
        vertex -18.341309 123.647064 -21
    endloop
endfacet
facet normal 0.12240993 -0.99247962 0
    outer loop
        vertex -12.252143 124.39809 21
        vertex -18.341309 123.647064 21
        vertex -12.252143 124.39809 -21
    endloop
endfacet
facet normal 0.07356556 -0.99729043 0
    outer loop
        vertex -6.1334596 124.849434 21
        vertex -12.252143 124.39809 21
        vertex -6.1334596 124.849434 -21
    endloop
endfacet
facet normal -0.02454092 -0.99969882 0
    outer loop
        vertex 6.1334596 124.849434 -21
        vertex 0 125 21
        vertex 0 125 -21
    endloop
endfacet
facet normal -0.07356556 -0.99729043 0
    outer loop
        vertex 12.252143 124.39809 -21
        vertex 6.1334596 124.849434 21
        vertex 6.1334596 124.849434 -21
    endloop
endfacet
facet normal -0.12240993 -0.99247962 0
    outer loop
        vertex 18.341309 123.647064 -21
        vertex 18.341309 123.647064 21
        vertex 12.252143 124.39809 21
    endloop
endfacet
facet normal -0.17096199 -0.98527753 0
    outer loop
        vertex 24.38629 122.59816 -21
        vertex 24.38629 122.59816 21
        vertex 18.341309 123.647064 21
    endloop
endfacet
facet normal -0.21910124 -0.97570217 0
    outer loop
        vertex 30.372522 121.25391 -21
        vertex 30.372522 121.25391 21
        vertex 24.38629 122.59816 21
    endloop
endfacet
facet normal -0.31368217 -0.94952804 0
    outer loop
        vertex 36.285583 119.617546 -21
        vertex 42.111233 117.69301 -21
        vertex 36.285583 119.617546 21
    endloop
endfacet
facet normal -0.35989538 -0.9329927 0
    outer loop
        vertex 42.111233 117.69301 -21
        vertex 47.83543 115.48494 -21
        vertex 42.111233 117.69301 21
    endloop
endfacet
facet normal -0.40524077 -0.91421008 0
    outer loop
        vertex 47.83543 115.48494 21
        vertex 53.444386 112.998665 -21
        vertex 53.444386 112.998665 21
    endloop
endfacet
facet normal -0.44961149 -0.89322418 0
    outer loop
        vertex 53.444386 112.998665 21
        vertex 58.924595 110.24016 -21
        vertex 58.924595 110.24016 21
    endloop
endfacet
facet normal -0.49289852 -0.87008673 0
    outer loop
        vertex 58.924595 110.24016 21
        vertex 64.26285 107.21607 -21
        vertex 64.26285 107.21607 21
    endloop
endfacet
facet normal -0.57580805 -0.81758487 -0
    outer loop
        vertex 69.44628 103.9337 21
        vertex 69.44628 103.9337 -21
        vertex 74.46242 100.40094 -21
    endloop
endfacet
facet normal -0.61523235 -0.78834581 -0
    outer loop
        vertex 74.46242 100.40094 21
        vertex 74.46242 100.40094 -21
        vertex 79.29916 96.626305 -21
    endloop
endfacet
facet normal -0.65317243 -0.75720924 -0
    outer loop
        vertex 79.29916 96.626305 21
        vertex 79.29916 96.626305 -21
        vertex 83.94487 92.61889 -21
    endloop
endfacet
facet normal -0.68954104 -0.72424656 -0
    outer loop
        vertex 88.38834 88.38834 21
        vertex 83.94487 92.61889 21
        vertex 88.38834 88.38834 -21
    endloop
endfacet
facet normal -0.72424656 -0.68954104 -0
    outer loop
        vertex 92.61889 83.94487 21
        vertex 88.38834 88.38834 21
        vertex 92.61889 83.94487 -21
    endloop
endfacet
facet normal -0.75720924 -0.65317243 -0
    outer loop
        vertex 96.626305 79.29916 21
        vertex 92.61889 83.94487 21
        vertex 96.626305 79.29916 -21
    endloop
endfacet
facet normal -0.81758487 -0.57580805 0
    outer loop
        vertex 103.9337 69.44628 -21
        vertex 100.40094 74.46242 21
        vertex 100.40094 74.46242 -21
    endloop
endfacet
facet normal -0.84485364 -0.5349974 0
    outer loop
        vertex 107.21607 64.26285 -21
        vertex 103.9337 69.44628 21
        vertex 103.9337 69.44628 -21
    endloop
endfacet
facet normal -0.87008673 -0.49289852 0
    outer loop
        vertex 110.24016 58.924595 -21
        vertex 107.21607 64.26285 21
        vertex 107.21607 64.26285 -21
    endloop
endfacet
facet normal -0.89322418 -0.44961149 0
    outer loop
        vertex 112.998665 53.444386 -21
        vertex 112.998665 53.444386 21
        vertex 110.24016 58.924595 21
    endloop
endfacet
facet normal -0.91421008 -0.40524077 0
    outer loop
        vertex 115.48494 47.83543 -21
        vertex 115.48494 47.83543 21
        vertex 112.998665 53.444386 21
    endloop
endfacet
facet normal -0.9329927 -0.35989538 0
    outer loop
        vertex 117.69301 42.111233 -21
        vertex 117.69301 42.111233 21
        vertex 115.48494 47.83543 21
    endloop
endfacet
facet normal -0.94952804 -0.31368217 0
    outer loop
        vertex 119.617546 36.285583 -21
        vertex 119.617546 36.285583 21
        vertex 117.69301 42.111233 21
    endloop
endfacet
facet normal -0.96377629 -0.26671213 0
    outer loop
        vertex 121.25391 30.372522 -21
        vertex 121.25391 30.372522 21
        vertex 119.617546 36.285583 21
    endloop
endfacet
facet normal -0.97570217 -0.21910124 0
    outer loop
        vertex 122.59816 24.38629 -21
        vertex 122.59816 24.38629 21
        vertex 121.25391 30.372522 21
    endloop
endfacet
facet normal -0.99969882 -0.02454092 0
    outer loop
        vertex 125 -0 -21
        vertex 125 -0 21
        vertex 124.849434 6.1334596 21
    endloop
endfacet
facet normal -0.99247962 -0.12240993 0
    outer loop
        vertex 124.39809 12.252143 -21
        vertex 123.647064 18.341309 21
        vertex 123.647064 18.341309 -21
    endloop
endfacet
facet normal -0.99969882 -0.02454092 0
    outer loop
        vertex 124.849434 6.1334596 -21
        vertex 125 -0 -21
        vertex 124.849434 6.1334596 21
    endloop
endfacet
facet normal -0.99729043 -0.07356556 0
    outer loop
        vertex 124.39809 12.252143 -21
        vertex 124.849434 6.1334596 -21
        vertex 124.39809 12.252143 21
    endloop
endfacet
facet normal -0.99247962 -0.12240993 0
    outer loop
        vertex 124.39809 12.252143 -21
        vertex 124.39809 12.252143 21
        vertex 123.647064 18.341309 21
    endloop
endfacet
facet normal -0.98527753 -0.17096199 0
    outer loop
        vertex 123.647064 18.341309 -21
        vertex 123.647064 18.341309 21
        vertex 122.59816 24.38629 21
    endloop
endfacet
facet normal -0.98527753 -0.17096199 0
    outer loop
        vertex 123.647064 18.341309 -21
        vertex 122.59816 24.38629 21
        vertex 122.59816 24.38629 -21
    endloop
endfacet
facet normal -0.97570217 -0.21910124 0
    outer loop
        vertex 122.59816 24.38629 -21
        vertex 121.25391 30.372522 21
        vertex 121.25391 30.372522 -21
    endloop
endfacet
facet normal -0.96377629 -0.26671213 0
    outer loop
        vertex 121.25391 30.372522 -21
        vertex 119.617546 36.285583 21
        vertex 119.617546 36.285583 -21
    endloop
endfacet
facet normal -0.94952804 -0.31368217 0
    outer loop
        vertex 119.617546 36.285583 -21
        vertex 117.69301 42.111233 21
        vertex 117.69301 42.111233 -21
    endloop
endfacet
facet normal -0.9329927 -0.35989538 0
    outer loop
        vertex 117.69301 42.111233 -21
        vertex 115.48494 47.83543 21
        vertex 115.48494 47.83543 -21
    endloop
endfacet
facet normal -0.91421008 -0.40524077 0
    outer loop
        vertex 115.48494 47.83543 -21
        vertex 112.998665 53.444386 21
        vertex 112.998665 53.444386 -21
    endloop
endfacet
facet normal -0.89322418 -0.44961149 0
    outer loop
        vertex 112.998665 53.444386 -21
        vertex 110.24016 58.924595 21
        vertex 110.24016 58.924595 -21
    endloop
endfacet
facet normal -0.87008673 -0.49289852 -0
    outer loop
        vertex 110.24016 58.924595 21
        vertex 107.21607 64.26285 21
        vertex 110.24016 58.924595 -21
    endloop
endfacet
facet normal -0.84485364 -0.5349974 -0
    outer loop
        vertex 107.21607 64.26285 21
        vertex 103.9337 69.44628 21
        vertex 107.21607 64.26285 -21
    endloop
endfacet
facet normal -0.81758487 -0.57580805 -0
    outer loop
        vertex 103.9337 69.44628 21
        vertex 100.40094 74.46242 21
        vertex 103.9337 69.44628 -21
    endloop
endfacet
facet normal -0.78834581 -0.61523235 -0
    outer loop
        vertex 100.40094 74.46242 21
        vertex 96.626305 79.29916 21
        vertex 100.40094 74.46242 -21
    endloop
endfacet
facet normal -0.78834581 -0.61523235 -0
    outer loop
        vertex 96.626305 79.29916 21
        vertex 96.626305 79.29916 -21
        vertex 100.40094 74.46242 -21
    endloop
endfacet
facet normal -0.75720924 -0.65317243 -0
    outer loop
        vertex 92.61889 83.94487 21
        vertex 92.61889 83.94487 -21
        vertex 96.626305 79.29916 -21
    endloop
endfacet
facet normal -0.72424656 -0.68954104 -0
    outer loop
        vertex 88.38834 88.38834 21
        vertex 88.38834 88.38834 -21
        vertex 92.61889 83.94487 -21
    endloop
endfacet
facet normal -0.68954104 -0.72424656 -0
    outer loop
        vertex 83.94487 92.61889 21
        vertex 83.94487 92.61889 -21
        vertex 88.38834 88.38834 -21
    endloop
endfacet
facet normal -0.65317243 -0.75720924 0
    outer loop
        vertex 79.29916 96.626305 21
        vertex 83.94487 92.61889 -21
        vertex 83.94487 92.61889 21
    endloop
endfacet
facet normal -0.61523235 -0.78834581 0
    outer loop
        vertex 74.46242 100.40094 21
        vertex 79.29916 96.626305 -21
        vertex 79.29916 96.626305 21
    endloop
endfacet
facet normal -0.57580805 -0.81758487 0
    outer loop
        vertex 69.44628 103.9337 21
        vertex 74.46242 100.40094 -21
        vertex 74.46242 100.40094 21
    endloop
endfacet
facet normal -0.5349974 -0.84485364 0
    outer loop
        vertex 64.26285 107.21607 21
        vertex 69.44628 103.9337 -21
        vertex 69.44628 103.9337 21
    endloop
endfacet
facet normal -0.5349974 -0.84485364 0
    outer loop
        vertex 64.26285 107.21607 -21
        vertex 69.44628 103.9337 -21
        vertex 64.26285 107.21607 21
    endloop
endfacet
facet normal -0.49289852 -0.87008673 0
    outer loop
        vertex 58.924595 110.24016 -21
        vertex 64.26285 107.21607 -21
        vertex 58.924595 110.24016 21
    endloop
endfacet
facet normal -0.44961149 -0.89322418 0
    outer loop
        vertex 53.444386 112.998665 -21
        vertex 58.924595 110.24016 -21
        vertex 53.444386 112.998665 21
    endloop
endfacet
facet normal -0.40524077 -0.91421008 0
    outer loop
        vertex 47.83543 115.48494 -21
        vertex 53.444386 112.998665 -21
        vertex 47.83543 115.48494 21
    endloop
endfacet
facet normal -0.35989538 -0.9329927 0
    outer loop
        vertex 47.83543 115.48494 -21
        vertex 47.83543 115.48494 21
        vertex 42.111233 117.69301 21
    endloop
endfacet
facet normal -0.31368217 -0.94952804 0
    outer loop
        vertex 42.111233 117.69301 -21
        vertex 42.111233 117.69301 21
        vertex 36.285583 119.617546 21
    endloop
endfacet
facet normal -0.26671213 -0.96377629 0
    outer loop
        vertex 36.285583 119.617546 -21
        vertex 36.285583 119.617546 21
        vertex 30.372522 121.25391 21
    endloop
endfacet
facet normal -0.26671213 -0.96377629 0
    outer loop
        vertex 36.285583 119.617546 -21
        vertex 30.372522 121.25391 21
        vertex 30.372522 121.25391 -21
    endloop
endfacet
facet normal -0.21910124 -0.97570217 0
    outer loop
        vertex 30.372522 121.25391 -21
        vertex 24.38629 122.59816 21
        vertex 24.38629 122.59816 -21
    endloop
endfacet
facet normal -0.17096199 -0.98527753 0
    outer loop
        vertex 24.38629 122.59816 -21
        vertex 18.341309 123.647064 21
        vertex 18.341309 123.647064 -21
    endloop
endfacet
facet normal -0.12240993 -0.99247962 0
    outer loop
        vertex 18.341309 123.647064 -21
        vertex 12.252143 124.39809 21
        vertex 12.252143 124.39809 -21
    endloop
endfacet
facet normal -0.07356556 -0.99729043 -0
    outer loop
        vertex 12.252143 124.39809 21
        vertex 6.1334596 124.849434 21
        vertex 12.252143 124.39809 -21
    endloop
endfacet
facet normal -0.02454092 -0.99969882 -0
    outer loop
        vertex 6.1334596 124.849434 21
        vertex 0 125 21
        vertex 6.1334596 124.849434 -21
    endloop
endfacet
facet normal 0.02454092 -0.99969882 0
    outer loop
        vertex 0 125 21
        vertex -6.1334596 124.849434 21
        vertex 0 125 -21
    endloop
endfacet
facet normal 0.02454092 -0.99969882 0
    outer loop
        vertex -6.1334596 124.849434 21
        vertex -6.1334596 124.849434 -21
        vertex 0 125 -21
    endloop
endfacet
facet normal 0.07356556 -0.99729043 0
    outer loop
        vertex -12.252143 124.39809 21
        vertex -12.252143 124.39809 -21
        vertex -6.1334596 124.849434 -21
    endloop
endfacet
facet normal 0.12240993 -0.99247962 0
    outer loop
        vertex -18.341309 123.647064 21
        vertex -18.341309 123.647064 -21
        vertex -12.252143 124.39809 -21
    endloop
endfacet
facet normal 0.17096199 -0.98527753 0
    outer loop
        vertex -24.38629 122.59816 21
        vertex -24.38629 122.59816 -21
        vertex -18.341309 123.647064 -21
    endloop
endfacet
facet normal 0.21910124 -0.97570217 0
    outer loop
        vertex -30.372522 121.25391 21
        vertex -24.38629 122.59816 -21
        vertex -24.38629 122.59816 21
    endloop
endfacet
facet normal 0.26671213 -0.96377629 0
    outer loop
        vertex -36.285583 119.617546 21
        vertex -30.372522 121.25391 -21
        vertex -30.372522 121.25391 21
    endloop
endfacet
facet normal 0.31368217 -0.94952804 0
    outer loop
        vertex -42.111233 117.69301 21
        vertex -36.285583 119.617546 -21
        vertex -36.285583 119.617546 21
    endloop
endfacet
facet normal 0.31368217 -0.94952804 0
    outer loop
        vertex -42.111233 117.69301 -21
        vertex -36.285583 119.617546 -21
        vertex -42.111233 117.69301 21
    endloop
endfacet
facet normal 0.35989538 -0.9329927 0
    outer loop
        vertex -47.83543 115.48494 -21
        vertex -42.111233 117.69301 -21
        vertex -47.83543 115.48494 21
    endloop
endfacet
facet normal 0.40524077 -0.91421008 0
    outer loop
        vertex -47.83543 115.48494 -21
        vertex -47.83543 115.48494 21
        vertex -53.444386 112.998665 21
    endloop
endfacet
facet normal 0.44961149 -0.89322418 0
    outer loop
        vertex -53.444386 112.998665 -21
        vertex -53.444386 112.998665 21
        vertex -58.924595 110.24016 21
    endloop
endfacet
facet normal 0.49289852 -0.87008673 0
    outer loop
        vertex -64.26285 107.21607 -21
        vertex -58.924595 110.24016 -21
        vertex -64.26285 107.21607 21
    endloop
endfacet
facet normal 0.57580805 -0.81758487 0
    outer loop
        vertex -74.46242 100.40094 21
        vertex -69.44628 103.9337 -21
        vertex -69.44628 103.9337 21
    endloop
endfacet
facet normal 0.61523235 -0.78834581 0
    outer loop
        vertex -79.29916 96.626305 21
        vertex -79.29916 96.626305 -21
        vertex -74.46242 100.40094 -21
    endloop
endfacet
facet normal 0.68954104 -0.72424656 0
    outer loop
        vertex -83.94487 92.61889 21
        vertex -88.38834 88.38834 21
        vertex -83.94487 92.61889 -21
    endloop
endfacet
facet normal 0.72424656 -0.68954104 0
    outer loop
        vertex -88.38834 88.38834 -21
        vertex -92.61889 83.94487 21
        vertex -92.61889 83.94487 -21
    endloop
endfacet
facet normal 0.78834581 -0.61523235 0
    outer loop
        vertex -96.626305 79.29916 -21
        vertex -96.626305 79.29916 21
        vertex -100.40094 74.46242 21
    endloop
endfacet
facet normal 0.81758487 -0.57580805 0
    outer loop
        vertex -103.9337 69.44628 -21
        vertex -100.40094 74.46242 -21
        vertex -103.9337 69.44628 21
    endloop
endfacet
facet normal 0.87008673 -0.49289852 0
    outer loop
        vertex -110.24016 58.924595 21
        vertex -107.21607 64.26285 -21
        vertex -107.21607 64.26285 21
    endloop
endfacet
facet normal 0.89322418 -0.44961149 0
    outer loop
        vertex -112.998665 53.444386 21
        vertex -112.998665 53.444386 -21
        vertex -110.24016 58.924595 -21
    endloop
endfacet
facet normal 0.9329927 -0.35989538 0
    outer loop
        vertex -115.48494 47.83543 21
        vertex -117.69301 42.111233 21
        vertex -115.48494 47.83543 -21
    endloop
endfacet
facet normal 0.94952804 -0.31368217 0
    outer loop
        vertex -117.69301 42.111233 -21
        vertex -119.617546 36.285583 21
        vertex -119.617546 36.285583 -21
    endloop
endfacet
facet normal 0.97570217 -0.21910124 0
    outer loop
        vertex -121.25391 30.372522 -21
        vertex -121.25391 30.372522 21
        vertex -122.59816 24.38629 21
    endloop
endfacet
facet normal 0.98527753 -0.17096199 0
    outer loop
        vertex -123.647064 18.341309 -21
        vertex -122.59816 24.38629 -21
        vertex -123.647064 18.341309 21
    endloop
endfacet
facet normal 0.99969882 -0.02454092 0
    outer loop
        vertex -124.849434 6.1334596 21
        vertex -125 -0 21
        vertex -125 -0 -21
    endloop
endfacet
facet normal 0.99729043 -0.07356556 0
    outer loop
        vertex -124.39809 12.252143 -21
        vertex -124.39809 12.252143 21
        vertex -124.849434 6.1334596 21
    endloop
endfacet
facet normal -0.99729043 -0.07356556 0
    outer loop
        vertex 124.39809 12.252143 21
        vertex 124.849434 6.1334596 -21
        vertex 124.849434 6.1334596 21
    endloop
endfacet
facet normal 0.99969882 0.02454092 0
    outer loop
        vertex -124.849434 -6.1334596 21
        vertex -124.849434 -6.1334596 -21
        vertex -125 -0 21
    endloop
endfacet
facet normal 0.99729043 0.07356556 0
    outer loop
        vertex -124.39809 -12.252143 21
        vertex -124.849434 -6.1334596 -21
        vertex -124.849434 -6.1334596 21
    endloop
endfacet
facet normal 0.99247962 0.12240993 0
    outer loop
        vertex -123.647064 -18.341309 21
        vertex -124.39809 -12.252143 -21
        vertex -124.39809 -12.252143 21
    endloop
endfacet
facet normal 0.99247962 0.12240993 -0
    outer loop
        vertex -123.647064 -18.341309 -21
        vertex -124.39809 -12.252143 -21
        vertex -123.647064 -18.341309 21
    endloop
endfacet
facet normal 0.98527753 0.17096199 -0
    outer loop
        vertex -122.59816 -24.38629 -21
        vertex -123.647064 -18.341309 -21
        vertex -122.59816 -24.38629 21
    endloop
endfacet
facet normal 0.97570217 0.21910124 -0
    outer loop
        vertex -122.59816 -24.38629 -21
        vertex -122.59816 -24.38629 21
        vertex -121.25391 -30.372522 21
    endloop
endfacet
facet normal 0.96377629 0.26671213 -0
    outer loop
        vertex -121.25391 -30.372522 -21
        vertex -121.25391 -30.372522 21
        vertex -119.617546 -36.285583 21
    endloop
endfacet
facet normal 0.96377629 0.26671213 0
    outer loop
        vertex -121.25391 -30.372522 -21
        vertex -119.617546 -36.285583 21
        vertex -119.617546 -36.285583 -21
    endloop
endfacet
facet normal 0.94952804 0.31368217 0
    outer loop
        vertex -119.617546 -36.285583 -21
        vertex -117.69301 -42.111233 21
        vertex -117.69301 -42.111233 -21
    endloop
endfacet
facet normal 0.9329927 0.35989538 0
    outer loop
        vertex -117.69301 -42.111233 21
        vertex -115.48494 -47.83543 21
        vertex -117.69301 -42.111233 -21
    endloop
endfacet
facet normal 0.91421008 0.40524077 0
    outer loop
        vertex -115.48494 -47.83543 21
        vertex -112.998665 -53.444386 21
        vertex -115.48494 -47.83543 -21
    endloop
endfacet
facet normal 0.91421008 0.40524077 0
    outer loop
        vertex -112.998665 -53.444386 21
        vertex -112.998665 -53.444386 -21
        vertex -115.48494 -47.83543 -21
    endloop
endfacet
facet normal 0.89322418 0.44961149 0
    outer loop
        vertex -110.24016 -58.924595 21
        vertex -110.24016 -58.924595 -21
        vertex -112.998665 -53.444386 -21
    endloop
endfacet
facet normal 0.87008673 0.49289852 0
    outer loop
        vertex -107.21607 -64.26285 21
        vertex -110.24016 -58.924595 -21
        vertex -110.24016 -58.924595 21
    endloop
endfacet
facet normal 0.84485364 0.5349974 0
    outer loop
        vertex -103.9337 -69.44628 21
        vertex -107.21607 -64.26285 -21
        vertex -107.21607 -64.26285 21
    endloop
endfacet
facet normal 0.84485364 0.5349974 -0
    outer loop
        vertex -103.9337 -69.44628 -21
        vertex -107.21607 -64.26285 -21
        vertex -103.9337 -69.44628 21
    endloop
endfacet
facet normal 0.81758487 0.57580805 -0
    outer loop
        vertex -100.40094 -74.46242 -21
        vertex -103.9337 -69.44628 -21
        vertex -100.40094 -74.46242 21
    endloop
endfacet
facet normal 0.78834581 0.61523235 -0
    outer loop
        vertex -100.40094 -74.46242 -21
        vertex -100.40094 -74.46242 21
        vertex -96.626305 -79.29916 21
    endloop
endfacet
facet normal 0.75720924 0.65317243 -0
    outer loop
        vertex -96.626305 -79.29916 -21
        vertex -96.626305 -79.29916 21
        vertex -92.61889 -83.94487 21
    endloop
endfacet
facet normal 0.75720924 0.65317243 0
    outer loop
        vertex -96.626305 -79.29916 -21
        vertex -92.61889 -83.94487 21
        vertex -92.61889 -83.94487 -21
    endloop
endfacet
facet normal 0.72424656 0.68954104 0
    outer loop
        vertex -92.61889 -83.94487 -21
        vertex -88.38834 -88.38834 21
        vertex -88.38834 -88.38834 -21
    endloop
endfacet
facet normal 0.68954104 0.72424656 0
    outer loop
        vertex -88.38834 -88.38834 21
        vertex -83.94487 -92.61889 21
        vertex -88.38834 -88.38834 -21
    endloop
endfacet
facet normal 0.65317243 0.75720924 0
    outer loop
        vertex -83.94487 -92.61889 21
        vertex -79.29916 -96.626305 21
        vertex -83.94487 -92.61889 -21
    endloop
endfacet
facet normal 0.65317243 0.75720924 0
    outer loop
        vertex -79.29916 -96.626305 21
        vertex -79.29916 -96.626305 -21
        vertex -83.94487 -92.61889 -21
    endloop
endfacet
facet normal 0.61523235 0.78834581 0
    outer loop
        vertex -74.46242 -100.40094 21
        vertex -74.46242 -100.40094 -21
        vertex -79.29916 -96.626305 -21
    endloop
endfacet
facet normal 0.57580805 0.81758487 0
    outer loop
        vertex -69.44628 -103.9337 21
        vertex -74.46242 -100.40094 -21
        vertex -74.46242 -100.40094 21
    endloop
endfacet
facet normal 0.5349974 0.84485364 0
    outer loop
        vertex -64.26285 -107.21607 21
        vertex -69.44628 -103.9337 -21
        vertex -69.44628 -103.9337 21
    endloop
endfacet
facet normal 0.5349974 0.84485364 -0
    outer loop
        vertex -64.26285 -107.21607 -21
        vertex -69.44628 -103.9337 -21
        vertex -64.26285 -107.21607 21
    endloop
endfacet
facet normal 0.49289852 0.87008673 -0
    outer loop
        vertex -58.924595 -110.24016 -21
        vertex -64.26285 -107.21607 -21
        vertex -58.924595 -110.24016 21
    endloop
endfacet
facet normal 0.44961149 0.89322418 -0
    outer loop
        vertex -58.924595 -110.24016 -21
        vertex -58.924595 -110.24016 21
        vertex -53.444386 -112.998665 21
    endloop
endfacet
facet normal 0.40524077 0.91421008 -0
    outer loop
        vertex -53.444386 -112.998665 -21
        vertex -53.444386 -112.998665 21
        vertex -47.83543 -115.48494 21
    endloop
endfacet
facet normal 0.35989538 0.9329927 0
    outer loop
        vertex -47.83543 -115.48494 -21
        vertex -42.111233 -117.69301 21
        vertex -42.111233 -117.69301 -21
    endloop
endfacet
facet normal 0.26671213 0.96377629 -0
    outer loop
        vertex -36.285583 -119.617546 -21
        vertex -36.285583 -119.617546 21
        vertex -30.372522 -121.25391 21
    endloop
endfacet
facet normal 0.21910124 0.97570217 -0
    outer loop
        vertex -30.372522 -121.25391 -21
        vertex -30.372522 -121.25391 21
        vertex -24.38629 -122.59816 21
    endloop
endfacet
facet normal 0.17096199 0.98527753 -0
    outer loop
        vertex -18.341309 -123.647064 -21
        vertex -24.38629 -122.59816 -21
        vertex -18.341309 -123.647064 21
    endloop
endfacet
facet normal 0.12240993 0.99247962 -0
    outer loop
        vertex -12.252143 -124.39809 -21
        vertex -18.341309 -123.647064 -21
        vertex -12.252143 -124.39809 21
    endloop
endfacet
facet normal 0.07356556 0.99729043 -0
    outer loop
        vertex -6.1334596 -124.849434 -21
        vertex -12.252143 -124.39809 -21
        vertex -6.1334596 -124.849434 21
    endloop
endfacet
facet normal -0.02454092 0.99969882 0
    outer loop
        vertex 6.1334596 -124.849434 21
        vertex 0 -125 -21
        vertex 0 -125 21
    endloop
endfacet
facet normal -0.07356556 0.99729043 0
    outer loop
        vertex 12.252143 -124.39809 21
        vertex 6.1334596 -124.849434 -21
        vertex 6.1334596 -124.849434 21
    endloop
endfacet
facet normal -0.12240993 0.99247962 0
    outer loop
        vertex 18.341309 -123.647064 21
        vertex 18.341309 -123.647064 -21
        vertex 12.252143 -124.39809 -21
    endloop
endfacet
facet normal -0.17096199 0.98527753 0
    outer loop
        vertex 24.38629 -122.59816 21
        vertex 24.38629 -122.59816 -21
        vertex 18.341309 -123.647064 -21
    endloop
endfacet
facet normal -0.21910124 0.97570217 0
    outer loop
        vertex 30.372522 -121.25391 21
        vertex 30.372522 -121.25391 -21
        vertex 24.38629 -122.59816 -21
    endloop
endfacet
facet normal -0.31368217 0.94952804 0
    outer loop
        vertex 36.285583 -119.617546 21
        vertex 42.111233 -117.69301 21
        vertex 36.285583 -119.617546 -21
    endloop
endfacet
facet normal -0.35989538 0.9329927 0
    outer loop
        vertex 42.111233 -117.69301 21
        vertex 47.83543 -115.48494 21
        vertex 42.111233 -117.69301 -21
    endloop
endfacet
facet normal -0.40524077 0.91421008 0
    outer loop
        vertex 47.83543 -115.48494 -21
        vertex 53.444386 -112.998665 21
        vertex 53.444386 -112.998665 -21
    endloop
endfacet
facet normal -0.44961149 0.89322418 0
    outer loop
        vertex 53.444386 -112.998665 -21
        vertex 58.924595 -110.24016 21
        vertex 58.924595 -110.24016 -21
    endloop
endfacet
facet normal -0.49289852 0.87008673 0
    outer loop
        vertex 58.924595 -110.24016 -21
        vertex 64.26285 -107.21607 21
        vertex 64.26285 -107.21607 -21
    endloop
endfacet
facet normal -0.57580805 0.81758487 0
    outer loop
        vertex 69.44628 -103.9337 -21
        vertex 69.44628 -103.9337 21
        vertex 74.46242 -100.40094 21
    endloop
endfacet
facet normal -0.61523235 0.78834581 0
    outer loop
        vertex 74.46242 -100.40094 -21
        vertex 74.46242 -100.40094 21
        vertex 79.29916 -96.626305 21
    endloop
endfacet
facet normal -0.65317243 0.75720924 0
    outer loop
        vertex 79.29916 -96.626305 -21
        vertex 79.29916 -96.626305 21
        vertex 83.94487 -92.61889 21
    endloop
endfacet
facet normal -0.68954104 0.72424656 0
    outer loop
        vertex 88.38834 -88.38834 -21
        vertex 83.94487 -92.61889 -21
        vertex 88.38834 -88.38834 21
    endloop
endfacet
facet normal -0.72424656 0.68954104 0
    outer loop
        vertex 92.61889 -83.94487 -21
        vertex 88.38834 -88.38834 -21
        vertex 92.61889 -83.94487 21
    endloop
endfacet
facet normal -0.75720924 0.65317243 0
    outer loop
        vertex 96.626305 -79.29916 -21
        vertex 92.61889 -83.94487 -21
        vertex 96.626305 -79.29916 21
    endloop
endfacet
facet normal -0.81758487 0.57580805 0
    outer loop
        vertex 103.9337 -69.44628 21
        vertex 100.40094 -74.46242 -21
        vertex 100.40094 -74.46242 21
    endloop
endfacet
facet normal -0.84485364 0.5349974 0
    outer loop
        vertex 107.21607 -64.26285 21
        vertex 103.9337 -69.44628 -21
        vertex 103.9337 -69.44628 21
    endloop
endfacet
facet normal -0.87008673 0.49289852 0
    outer loop
        vertex 110.24016 -58.924595 21
        vertex 107.21607 -64.26285 -21
        vertex 107.21607 -64.26285 21
    endloop
endfacet
facet normal -0.89322418 0.44961149 0
    outer loop
        vertex 112.998665 -53.444386 21
        vertex 112.998665 -53.444386 -21
        vertex 110.24016 -58.924595 -21
    endloop
endfacet
facet normal -0.91421008 0.40524077 0
    outer loop
        vertex 115.48494 -47.83543 21
        vertex 115.48494 -47.83543 -21
        vertex 112.998665 -53.444386 -21
    endloop
endfacet
facet normal -0.9329927 0.35989538 0
    outer loop
        vertex 117.69301 -42.111233 21
        vertex 117.69301 -42.111233 -21
        vertex 115.48494 -47.83543 -21
    endloop
endfacet
facet normal -0.94952804 0.31368217 0
    outer loop
        vertex 119.617546 -36.285583 21
        vertex 119.617546 -36.285583 -21
        vertex 117.69301 -42.111233 -21
    endloop
endfacet
facet normal -0.96377629 0.26671213 0
    outer loop
        vertex 121.25391 -30.372522 21
        vertex 121.25391 -30.372522 -21
        vertex 119.617546 -36.285583 -21
    endloop
endfacet
facet normal -0.97570217 0.21910124 0
    outer loop
        vertex 122.59816 -24.38629 21
        vertex 122.59816 -24.38629 -21
        vertex 121.25391 -30.372522 -21
    endloop
endfacet
facet normal -0.99969882 0.02454092 0
    outer loop
        vertex 125 -0 21
        vertex 125 -0 -21
        vertex 124.849434 -6.1334596 -21
    endloop
endfacet
facet normal -0.99247962 0.12240993 0
    outer loop
        vertex 124.39809 -12.252143 21
        vertex 123.647064 -18.341309 -21
        vertex 123.647064 -18.341309 21
    endloop
endfacet
facet normal -0.99969882 0.02454092 0
    outer loop
        vertex 124.849434 -6.1334596 21
        vertex 125 -0 21
        vertex 124.849434 -6.1334596 -21
    endloop
endfacet
facet normal -0.99729043 0.07356556 0
    outer loop
        vertex 124.39809 -12.252143 21
        vertex 124.849434 -6.1334596 21
        vertex 124.39809 -12.252143 -21
    endloop
endfacet
facet normal -0.99247962 0.12240993 0
    outer loop
        vertex 124.39809 -12.252143 21
        vertex 124.39809 -12.252143 -21
        vertex 123.647064 -18.341309 -21
    endloop
endfacet
facet normal -0.98527753 0.17096199 0
    outer loop
        vertex 123.647064 -18.341309 21
        vertex 123.647064 -18.341309 -21
        vertex 122.59816 -24.38629 -21
    endloop
endfacet
facet normal -0.98527753 0.17096199 0
    outer loop
        vertex 123.647064 -18.341309 21
        vertex 122.59816 -24.38629 -21
        vertex 122.59816 -24.38629 21
    endloop
endfacet
facet normal -0.97570217 0.21910124 0
    outer loop
        vertex 122.59816 -24.38629 21
        vertex 121.25391 -30.372522 -21
        vertex 121.25391 -30.372522 21
    endloop
endfacet
facet normal -0.96377629 0.26671213 0
    outer loop
        vertex 121.25391 -30.372522 21
        vertex 119.617546 -36.285583 -21
        vertex 119.617546 -36.285583 21
    endloop
endfacet
facet normal -0.94952804 0.31368217 0
    outer loop
        vertex 119.617546 -36.285583 21
        vertex 117.69301 -42.111233 -21
        vertex 117.69301 -42.111233 21
    endloop
endfacet
facet normal -0.9329927 0.35989538 0
    outer loop
        vertex 117.69301 -42.111233 21
        vertex 115.48494 -47.83543 -21
        vertex 115.48494 -47.83543 21
    endloop
endfacet
facet normal -0.91421008 0.40524077 0
    outer loop
        vertex 115.48494 -47.83543 21
        vertex 112.998665 -53.444386 -21
        vertex 112.998665 -53.444386 21
    endloop
endfacet
facet normal -0.89322418 0.44961149 0
    outer loop
        vertex 112.998665 -53.444386 21
        vertex 110.24016 -58.924595 -21
        vertex 110.24016 -58.924595 21
    endloop
endfacet
facet normal -0.87008673 0.49289852 0
    outer loop
        vertex 110.24016 -58.924595 -21
        vertex 107.21607 -64.26285 -21
        vertex 110.24016 -58.924595 21
    endloop
endfacet
facet normal -0.84485364 0.5349974 0
    outer loop
        vertex 107.21607 -64.26285 -21
        vertex 103.9337 -69.44628 -21
        vertex 107.21607 -64.26285 21
    endloop
endfacet
facet normal -0.81758487 0.57580805 0
    outer loop
        vertex 103.9337 -69.44628 -21
        vertex 100.40094 -74.46242 -21
        vertex 103.9337 -69.44628 21
    endloop
endfacet
facet normal -0.78834581 0.61523235 0
    outer loop
        vertex 100.40094 -74.46242 -21
        vertex 96.626305 -79.29916 -21
        vertex 100.40094 -74.46242 21
    endloop
endfacet
facet normal -0.78834581 0.61523235 0
    outer loop
        vertex 96.626305 -79.29916 -21
        vertex 96.626305 -79.29916 21
        vertex 100.40094 -74.46242 21
    endloop
endfacet
facet normal -0.75720924 0.65317243 0
    outer loop
        vertex 92.61889 -83.94487 -21
        vertex 92.61889 -83.94487 21
        vertex 96.626305 -79.29916 21
    endloop
endfacet
facet normal -0.72424656 0.68954104 0
    outer loop
        vertex 88.38834 -88.38834 -21
        vertex 88.38834 -88.38834 21
        vertex 92.61889 -83.94487 21
    endloop
endfacet
facet normal -0.68954104 0.72424656 0
    outer loop
        vertex 83.94487 -92.61889 -21
        vertex 83.94487 -92.61889 21
        vertex 88.38834 -88.38834 21
    endloop
endfacet
facet normal -0.65317243 0.75720924 0
    outer loop
        vertex 79.29916 -96.626305 -21
        vertex 83.94487 -92.61889 21
        vertex 83.94487 -92.61889 -21
    endloop
endfacet
facet normal -0.61523235 0.78834581 0
    outer loop
        vertex 74.46242 -100.40094 -21
        vertex 79.29916 -96.626305 21
        vertex 79.29916 -96.626305 -21
    endloop
endfacet
facet normal -0.57580805 0.81758487 0
    outer loop
        vertex 69.44628 -103.9337 -21
        vertex 74.46242 -100.40094 21
        vertex 74.46242 -100.40094 -21
    endloop
endfacet
facet normal -0.5349974 0.84485364 0
    outer loop
        vertex 64.26285 -107.21607 -21
        vertex 69.44628 -103.9337 21
        vertex 69.44628 -103.9337 -21
    endloop
endfacet
facet normal -0.5349974 0.84485364 0
    outer loop
        vertex 64.26285 -107.21607 21
        vertex 69.44628 -103.9337 21
        vertex 64.26285 -107.21607 -21
    endloop
endfacet
facet normal -0.49289852 0.87008673 0
    outer loop
        vertex 58.924595 -110.24016 21
        vertex 64.26285 -107.21607 21
        vertex 58.924595 -110.24016 -21
    endloop
endfacet
facet normal -0.44961149 0.89322418 0
    outer loop
        vertex 53.444386 -112.998665 21
        vertex 58.924595 -110.24016 21
        vertex 53.444386 -112.998665 -21
    endloop
endfacet
facet normal -0.40524077 0.91421008 0
    outer loop
        vertex 47.83543 -115.48494 21
        vertex 53.444386 -112.998665 21
        vertex 47.83543 -115.48494 -21
    endloop
endfacet
facet normal -0.35989538 0.9329927 0
    outer loop
        vertex 47.83543 -115.48494 21
        vertex 47.83543 -115.48494 -21
        vertex 42.111233 -117.69301 -21
    endloop
endfacet
facet normal -0.31368217 0.94952804 0
    outer loop
        vertex 42.111233 -117.69301 21
        vertex 42.111233 -117.69301 -21
        vertex 36.285583 -119.617546 -21
    endloop
endfacet
facet normal -0.26671213 0.96377629 0
    outer loop
        vertex 36.285583 -119.617546 21
        vertex 36.285583 -119.617546 -21
        vertex 30.372522 -121.25391 -21
    endloop
endfacet
facet normal -0.26671213 0.96377629 0
    outer loop
        vertex 36.285583 -119.617546 21
        vertex 30.372522 -121.25391 -21
        vertex 30.372522 -121.25391 21
    endloop
endfacet
facet normal -0.21910124 0.97570217 0
    outer loop
        vertex 30.372522 -121.25391 21
        vertex 24.38629 -122.59816 -21
        vertex 24.38629 -122.59816 21
    endloop
endfacet
facet normal -0.17096199 0.98527753 0
    outer loop
        vertex 24.38629 -122.59816 21
        vertex 18.341309 -123.647064 -21
        vertex 18.341309 -123.647064 21
    endloop
endfacet
facet normal -0.12240993 0.99247962 0
    outer loop
        vertex 18.341309 -123.647064 21
        vertex 12.252143 -124.39809 -21
        vertex 12.252143 -124.39809 21
    endloop
endfacet
facet normal -0.07356556 0.99729043 0
    outer loop
        vertex 12.252143 -124.39809 -21
        vertex 6.1334596 -124.849434 -21
        vertex 12.252143 -124.39809 21
    endloop
endfacet
facet normal -0.02454092 0.99969882 0
    outer loop
        vertex 6.1334596 -124.849434 -21
        vertex 0 -125 -21
        vertex 6.1334596 -124.849434 21
    endloop
endfacet
facet normal 0.02454092 0.99969882 -0
    outer loop
        vertex 0 -125 -21
        vertex -6.1334596 -124.849434 -21
        vertex 0 -125 21
    endloop
endfacet
facet normal 0.02454092 0.99969882 -0
    outer loop
        vertex -6.1334596 -124.849434 -21
        vertex -6.1334596 -124.849434 21
        vertex 0 -125 21
    endloop
endfacet
facet normal 0.07356556 0.99729043 -0
    outer loop
        vertex -12.252143 -124.39809 -21
        vertex -12.252143 -124.39809 21
        vertex -6.1334596 -124.849434 21
    endloop
endfacet
facet normal 0.12240993 0.99247962 -0
    outer loop
        vertex -18.341309 -123.647064 -21
        vertex -18.341309 -123.647064 21
        vertex -12.252143 -124.39809 21
    endloop
endfacet
facet normal 0.17096199 0.98527753 -0
    outer loop
        vertex -24.38629 -122.59816 -21
        vertex -24.38629 -122.59816 21
        vertex -18.341309 -123.647064 21
    endloop
endfacet
facet normal 0.21910124 0.97570217 0
    outer loop
        vertex -30.372522 -121.25391 -21
        vertex -24.38629 -122.59816 21
        vertex -24.38629 -122.59816 -21
    endloop
endfacet
facet normal 0.26671213 0.96377629 0
    outer loop
        vertex -36.285583 -119.617546 -21
        vertex -30.372522 -121.25391 21
        vertex -30.372522 -121.25391 -21
    endloop
endfacet
facet normal 0.31368217 0.94952804 0
    outer loop
        vertex -42.111233 -117.69301 -21
        vertex -36.285583 -119.617546 21
        vertex -36.285583 -119.617546 -21
    endloop
endfacet
facet normal 0.31368217 0.94952804 0
    outer loop
        vertex -42.111233 -117.69301 21
        vertex -36.285583 -119.617546 21
        vertex -42.111233 -117.69301 -21
    endloop
endfacet
facet normal 0.35989538 0.9329927 0
    outer loop
        vertex -47.83543 -115.48494 21
        vertex -42.111233 -117.69301 21
        vertex -47.83543 -115.48494 -21
    endloop
endfacet
facet normal 0.40524077 0.91421008 0
    outer loop
        vertex -47.83543 -115.48494 21
        vertex -47.83543 -115.48494 -21
        vertex -53.444386 -112.998665 -21
    endloop
endfacet
facet normal 0.44961149 0.89322418 0
    outer loop
        vertex -53.444386 -112.998665 21
        vertex -53.444386 -112.998665 -21
        vertex -58.924595 -110.24016 -21
    endloop
endfacet
facet normal 0.49289852 0.87008673 0
    outer loop
        vertex -64.26285 -107.21607 21
        vertex -58.924595 -110.24016 21
        vertex -64.26285 -107.21607 -21
    endloop
endfacet
facet normal 0.57580805 0.81758487 0
    outer loop
        vertex -74.46242 -100.40094 -21
        vertex -69.44628 -103.9337 21
        vertex -69.44628 -103.9337 -21
    endloop
endfacet
facet normal 0.61523235 0.78834581 -0
    outer loop
        vertex -79.29916 -96.626305 -21
        vertex -79.29916 -96.626305 21
        vertex -74.46242 -100.40094 21
    endloop
endfacet
facet normal 0.68954104 0.72424656 -0
    outer loop
        vertex -83.94487 -92.61889 -21
        vertex -88.38834 -88.38834 -21
        vertex -83.94487 -92.61889 21
    endloop
endfacet
facet normal 0.72424656 0.68954104 0
    outer loop
        vertex -88.38834 -88.38834 21
        vertex -92.61889 -83.94487 -21
        vertex -92.61889 -83.94487 21
    endloop
endfacet
facet normal 0.78834581 0.61523235 0
    outer loop
        vertex -96.626305 -79.29916 21
        vertex -96.626305 -79.29916 -21
        vertex -100.40094 -74.46242 -21
    endloop
endfacet
facet normal 0.81758487 0.57580805 0
    outer loop
        vertex -103.9337 -69.44628 21
        vertex -100.40094 -74.46242 21
        vertex -103.9337 -69.44628 -21
    endloop
endfacet
facet normal 0.87008673 0.49289852 0
    outer loop
        vertex -110.24016 -58.924595 -21
        vertex -107.21607 -64.26285 21
        vertex -107.21607 -64.26285 -21
    endloop
endfacet
facet normal 0.89322418 0.44961149 -0
    outer loop
        vertex -112.998665 -53.444386 -21
        vertex -112.998665 -53.444386 21
        vertex -110.24016 -58.924595 21
    endloop
endfacet
facet normal 0.9329927 0.35989538 -0
    outer loop
        vertex -115.48494 -47.83543 -21
        vertex -117.69301 -42.111233 -21
        vertex -115.48494 -47.83543 21
    endloop
endfacet
facet normal 0.94952804 0.31368217 0
    outer loop
        vertex -117.69301 -42.111233 21
        vertex -119.617546 -36.285583 -21
        vertex -119.617546 -36.285583 21
    endloop
endfacet
facet normal 0.97570217 0.21910124 0
    outer loop
        vertex -121.25391 -30.372522 21
        vertex -121.25391 -30.372522 -21
        vertex -122.59816 -24.38629 -21
    endloop
endfacet
facet normal 0.98527753 0.17096199 0
    outer loop
        vertex -123.647064 -18.341309 21
        vertex -122.59816 -24.38629 21
        vertex -123.647064 -18.341309 -21
    endloop
endfacet
facet normal 0.99969882 0.02454092 0
    outer loop
        vertex -124.849434 -6.1334596 -21
        vertex -125 -0 -21
        vertex -125 -0 21
    endloop
endfacet
facet normal 0.99729043 0.07356556 0
    outer loop
        vertex -124.39809 -12.252143 21
        vertex -124.39809 -12.252143 -21
        vertex -124.849434 -6.1334596 -21
    endloop
endfacet
facet normal -0.99729043 0.07356556 0
    outer loop
        vertex 124.39809 -12.252143 -21
        vertex 124.849434 -6.1334596 21
        vertex 124.849434 -6.1334596 -21
    endloop
endfacet
facet normal -0.91756082 0.39759547 0
    outer loop
        vertex -114.09912 47.261406 12
        vertex -114.09912 47.261406 16
        vertex -112.50853 50.932133 12
    endloop
endfacet
facet normal -0.90752524 0.41999763 0
    outer loop
        vertex -112.50853 50.932133 12
        vertex -111.64268 52.803055 16
        vertex -112.50853 50.932133 -12
    endloop
endfacet
facet normal -0.90752518 0.41999763 0
    outer loop
        vertex -112.50853 50.932133 -12
        vertex -111.64268 52.803055 16
        vertex -111.64268 52.803055 -16
    endloop
endfacet
facet normal -0.91756082 0.39759547 0
    outer loop
        vertex -114.09912 47.261406 -12
        vertex -112.50853 50.932133 -12
        vertex -114.09912 47.261406 -16
    endloop
endfacet
facet normal -0.91417795 0.40522718 0.00834866
    outer loop
        vertex -112.50853 50.932133 12
        vertex -114.09912 47.261406 16
        vertex -111.64268 52.803055 16
    endloop
endfacet
facet normal -0.93869781 0.34474128 0
    outer loop
        vertex -115.569984 43.54109 -12
        vertex -116.28069 41.605896 -16
        vertex -115.569984 43.54109 12
    endloop
endfacet
facet normal -0.93296021 0.35988262 -0.00834479
    outer loop
        vertex -115.569984 43.54109 -12
        vertex -114.09912 47.261406 -16
        vertex -116.28069 41.605896 -16
    endloop
endfacet
facet normal -0.92995727 0.36766753 0
    outer loop
        vertex -115.569984 43.54109 12
        vertex -114.09912 47.261406 16
        vertex -114.09912 47.261406 12
    endloop
endfacet
facet normal -0.71846706 0.69556093 0
    outer loop
        vertex -87.32769 87.32769 12
        vertex -90.110306 84.45344 12
        vertex -87.32769 87.32769 16
    endloop
endfacet
facet normal -0.69556093 0.71846706 0
    outer loop
        vertex -87.32769 87.32769 12
        vertex -87.32769 87.32769 16
        vertex -84.45344 90.110306 12
    endloop
endfacet
facet normal -0.67771858 0.7353214 0
    outer loop
        vertex -84.45344 90.110306 12
        vertex -82.93753 91.50746 16
        vertex -84.45344 90.110306 -12
    endloop
endfacet
facet normal -0.67771852 0.73532134 0
    outer loop
        vertex -84.45344 90.110306 -12
        vertex -82.93753 91.50746 16
        vertex -82.93753 91.50746 -16
    endloop
endfacet
facet normal -0.69556093 0.71846706 0
    outer loop
        vertex -87.32769 87.32769 -12
        vertex -84.45344 90.110306 -12
        vertex -87.32769 87.32769 -16
    endloop
endfacet
facet normal -0.71846706 0.69556093 0
    outer loop
        vertex -87.32769 87.32769 -12
        vertex -87.32769 87.32769 -16
        vertex -90.110306 84.45344 -12
    endloop
endfacet
facet normal -0.7353214 0.67771858 0
    outer loop
        vertex -90.110306 84.45344 -12
        vertex -91.50746 82.93753 -16
        vertex -90.110306 84.45344 12
    endloop
endfacet
facet normal -0.72422254 0.68951589 -0.00834761
    outer loop
        vertex -90.110306 84.45344 -12
        vertex -87.32769 87.32769 -16
        vertex -91.50746 82.93753 -16
    endloop
endfacet
facet normal -0.39759547 0.91756082 0
    outer loop
        vertex -47.261406 114.09912 12
        vertex -50.932133 112.50853 12
        vertex -47.261406 114.09912 16
    endloop
endfacet
facet normal -0.34474128 0.93869781 0
    outer loop
        vertex -43.54109 115.569984 12
        vertex -41.605896 116.28069 16
        vertex -43.54109 115.569984 -12
    endloop
endfacet
facet normal -0.34474126 0.93869776 0
    outer loop
        vertex -43.54109 115.569984 -12
        vertex -41.605896 116.28069 16
        vertex -41.605896 116.28069 -16
    endloop
endfacet
facet normal -0.36766753 0.92995727 0
    outer loop
        vertex -43.54109 115.569984 12
        vertex -47.261406 114.09912 12
        vertex -47.261406 114.09912 16
    endloop
endfacet
facet normal -0.39759547 0.91756082 0
    outer loop
        vertex -47.261406 114.09912 -12
        vertex -47.261406 114.09912 -16
        vertex -50.932133 112.50853 -12
    endloop
endfacet
facet normal -0.41999763 0.90752524 0
    outer loop
        vertex -50.932133 112.50853 -12
        vertex -52.803055 111.64268 -16
        vertex -50.932133 112.50853 12
    endloop
endfacet
facet normal -0.40522718 0.91417795 -0.00834866
    outer loop
        vertex -50.932133 112.50853 -12
        vertex -47.261406 114.09912 -16
        vertex -52.803055 111.64268 -16
    endloop
endfacet
facet normal -0.35988262 0.93296021 0.00834479
    outer loop
        vertex -43.54109 115.569984 12
        vertex -47.261406 114.09912 16
        vertex -41.605896 116.28069 16
    endloop
endfacet
facet normal -0.01619699 0.99986881 0
    outer loop
        vertex -0.0000001756407 123.5 12
        vertex -4 123.4352 12
        vertex 0.000000000000007562194 123.5 16
    endloop
endfacet
facet normal 0.040727 0.9991703 0
    outer loop
        vertex 4 123.4352 12
        vertex 6.0598574 123.35124 16
        vertex 4 123.4352 -12
    endloop
endfacet
facet normal 0.04072701 0.9991703 0
    outer loop
        vertex 4 123.4352 -12
        vertex 6.0598574 123.35124 16
        vertex 6.0598574 123.35124 -16
    endloop
endfacet
facet normal 0.01619699 0.99986887 0
    outer loop
        vertex 4 123.4352 12
        vertex -0.0000001756407 123.5 12
        vertex 0.000000000000007562194 123.5 16
    endloop
endfacet
facet normal -0.01619699 0.99986881 -0
    outer loop
        vertex -0.0000001756407 123.5 -12
        vertex 0.000000000000007562194 123.5 -16
        vertex -4 123.4352 -12
    endloop
endfacet
facet normal -0.040727 0.9991703 0
    outer loop
        vertex -4 123.4352 -12
        vertex -6.0598574 123.35124 -16
        vertex -4 123.4352 12
    endloop
endfacet
facet normal -0.02453985 0.99966401 -0.00834617
    outer loop
        vertex -4 123.4352 -12
        vertex 0.000000000000007562194 123.5 -16
        vertex -6.0598574 123.35124 -16
    endloop
endfacet
facet normal 0.02453985 0.99966401 0.00834617
    outer loop
        vertex 4 123.4352 12
        vertex 0.000000000000007562194 123.5 16
        vertex 6.0598574 123.35124 16
    endloop
endfacet
facet normal 0.39759547 0.91756082 -0
    outer loop
        vertex 47.261406 114.09912 12
        vertex 47.261406 114.09912 16
        vertex 50.932133 112.50853 12
    endloop
endfacet
facet normal 0.41999763 0.90752524 0
    outer loop
        vertex 50.932133 112.50853 12
        vertex 52.803055 111.64268 16
        vertex 50.932133 112.50853 -12
    endloop
endfacet
facet normal 0.41999763 0.90752518 0
    outer loop
        vertex 50.932133 112.50853 -12
        vertex 52.803055 111.64268 16
        vertex 52.803055 111.64268 -16
    endloop
endfacet
facet normal 0.39759547 0.91756082 0
    outer loop
        vertex 47.261406 114.09912 -12
        vertex 50.932133 112.50853 -12
        vertex 47.261406 114.09912 -16
    endloop
endfacet
facet normal 0.40522718 0.91417795 0.00834866
    outer loop
        vertex 50.932133 112.50853 12
        vertex 47.261406 114.09912 16
        vertex 52.803055 111.64268 16
    endloop
endfacet
facet normal 0.34474128 0.93869781 -0
    outer loop
        vertex 43.54109 115.569984 -12
        vertex 41.605896 116.28069 -16
        vertex 43.54109 115.569984 12
    endloop
endfacet
facet normal 0.35988262 0.93296021 -0.00834479
    outer loop
        vertex 43.54109 115.569984 -12
        vertex 47.261406 114.09912 -16
        vertex 41.605896 116.28069 -16
    endloop
endfacet
facet normal 0.36766753 0.92995727 0
    outer loop
        vertex 43.54109 115.569984 12
        vertex 47.261406 114.09912 16
        vertex 47.261406 114.09912 12
    endloop
endfacet
facet normal 0.69556093 0.71846706 -0
    outer loop
        vertex 87.32769 87.32769 12
        vertex 84.45344 90.110306 12
        vertex 87.32769 87.32769 16
    endloop
endfacet
facet normal 0.71846706 0.69556093 -0
    outer loop
        vertex 87.32769 87.32769 12
        vertex 87.32769 87.32769 16
        vertex 90.110306 84.45344 12
    endloop
endfacet
facet normal 0.7353214 0.67771858 0
    outer loop
        vertex 90.110306 84.45344 12
        vertex 91.50746 82.93753 16
        vertex 90.110306 84.45344 -12
    endloop
endfacet
facet normal 0.73532134 0.67771852 0
    outer loop
        vertex 90.110306 84.45344 -12
        vertex 91.50746 82.93753 16
        vertex 91.50746 82.93753 -16
    endloop
endfacet
facet normal 0.71846706 0.69556093 0
    outer loop
        vertex 87.32769 87.32769 -12
        vertex 90.110306 84.45344 -12
        vertex 87.32769 87.32769 -16
    endloop
endfacet
facet normal 0.69556093 0.71846706 0
    outer loop
        vertex 87.32769 87.32769 -12
        vertex 87.32769 87.32769 -16
        vertex 84.45344 90.110306 -12
    endloop
endfacet
facet normal 0.67771858 0.7353214 -0
    outer loop
        vertex 84.45344 90.110306 -12
        vertex 82.93753 91.50746 -16
        vertex 84.45344 90.110306 12
    endloop
endfacet
facet normal 0.68951589 0.72422254 -0.00834761
    outer loop
        vertex 84.45344 90.110306 -12
        vertex 87.32769 87.32769 -16
        vertex 82.93753 91.50746 -16
    endloop
endfacet
facet normal 0.91756082 0.39759547 -0
    outer loop
        vertex 114.09912 47.261406 12
        vertex 112.50853 50.932133 12
        vertex 114.09912 47.261406 16
    endloop
endfacet
facet normal 0.93869781 0.34474128 0
    outer loop
        vertex 115.569984 43.54109 12
        vertex 116.28069 41.605896 16
        vertex 115.569984 43.54109 -12
    endloop
endfacet
facet normal 0.93869776 0.34474126 0
    outer loop
        vertex 115.569984 43.54109 -12
        vertex 116.28069 41.605896 16
        vertex 116.28069 41.605896 -16
    endloop
endfacet
facet normal 0.92995727 0.36766753 0
    outer loop
        vertex 115.569984 43.54109 12
        vertex 114.09912 47.261406 12
        vertex 114.09912 47.261406 16
    endloop
endfacet
facet normal 0.91756082 0.39759547 0
    outer loop
        vertex 114.09912 47.261406 -12
        vertex 114.09912 47.261406 -16
        vertex 112.50853 50.932133 -12
    endloop
endfacet
facet normal 0.90752524 0.41999763 -0
    outer loop
        vertex 112.50853 50.932133 -12
        vertex 111.64268 52.803055 -16
        vertex 112.50853 50.932133 12
    endloop
endfacet
facet normal 0.91417795 0.40522718 -0.00834866
    outer loop
        vertex 112.50853 50.932133 -12
        vertex 114.09912 47.261406 -16
        vertex 111.64268 52.803055 -16
    endloop
endfacet
facet normal 0.93296021 0.35988262 0.00834479
    outer loop
        vertex 115.569984 43.54109 12
        vertex 114.09912 47.261406 16
        vertex 116.28069 41.605896 16
    endloop
endfacet
facet normal -0.99966401 0.02453985 -0.00834617
    outer loop
        vertex -123.35124 6.0598574 -16
        vertex -123.5 -0 -16
        vertex -123.4352 4 -12
    endloop
endfacet
facet normal -0.9991703 0.04072701 0
    outer loop
        vertex -123.35124 6.0598574 16
        vertex -123.35124 6.0598574 -16
        vertex -123.4352 4 -12
    endloop
endfacet
facet normal -0.99729037 0.07356544 0
    outer loop
        vertex -123.35124 6.0598574 16
        vertex -122.90531 12.105117 -16
        vertex -123.35124 6.0598574 -16
    endloop
endfacet
facet normal -0.99247956 0.12241026 0
    outer loop
        vertex -122.90531 12.105117 16
        vertex -122.1633 18.121212 -16
        vertex -122.90531 12.105117 -16
    endloop
endfacet
facet normal -0.99247956 0.12241026 0
    outer loop
        vertex -122.90531 12.105117 16
        vertex -122.1633 18.121212 16
        vertex -122.1633 18.121212 -16
    endloop
endfacet
facet normal -0.98527747 0.17096293 0
    outer loop
        vertex -122.1633 18.121212 16
        vertex -121.126976 24.093655 16
        vertex -121.126976 24.093655 -16
    endloop
endfacet
facet normal -0.97570223 0.21910049 0
    outer loop
        vertex -121.126976 24.093655 -16
        vertex -121.126976 24.093655 16
        vertex -119.79886 30.00805 -16
    endloop
endfacet
facet normal -0.96377593 0.26671302 0
    outer loop
        vertex -119.79886 30.00805 -16
        vertex -119.79886 30.00805 16
        vertex -118.18213 35.850155 -16
    endloop
endfacet
facet normal -0.96377593 0.26671302 0
    outer loop
        vertex -118.18213 35.850155 -16
        vertex -119.79886 30.00805 16
        vertex -118.18213 35.850155 16
    endloop
endfacet
facet normal -0.94952834 0.31368113 0
    outer loop
        vertex -116.28069 41.605896 -16
        vertex -118.18213 35.850155 16
        vertex -116.28069 41.605896 16
    endloop
endfacet
facet normal -0.93869776 0.34474126 0
    outer loop
        vertex -115.569984 43.54109 12
        vertex -116.28069 41.605896 -16
        vertex -116.28069 41.605896 16
    endloop
endfacet
facet normal -0.92995727 0.36766753 0
    outer loop
        vertex -114.09912 47.261406 -12
        vertex -114.09912 47.261406 -16
        vertex -115.569984 43.54109 -12
    endloop
endfacet
facet normal -0.91417795 0.40522718 -0.00834866
    outer loop
        vertex -112.50853 50.932133 -12
        vertex -111.64268 52.803055 -16
        vertex -114.09912 47.261406 -16
    endloop
endfacet
facet normal -0.89322412 0.44961169 0
    outer loop
        vertex -108.917274 58.217495 16
        vertex -108.917274 58.217495 -16
        vertex -111.64268 52.803055 16
    endloop
endfacet
facet normal -0.8700875 0.49289715 0
    outer loop
        vertex -108.917274 58.217495 16
        vertex -105.92949 63.491688 -16
        vertex -108.917274 58.217495 -16
    endloop
endfacet
facet normal -0.84485286 0.53499883 0
    outer loop
        vertex -105.92949 63.491688 16
        vertex -102.68649 68.61292 -16
        vertex -105.92949 63.491688 -16
    endloop
endfacet
facet normal -0.84485286 0.53499883 0
    outer loop
        vertex -105.92949 63.491688 16
        vertex -102.68649 68.61292 16
        vertex -102.68649 68.61292 -16
    endloop
endfacet
facet normal -0.81758505 0.57580787 0
    outer loop
        vertex -102.68649 68.61292 16
        vertex -99.19613 73.56886 16
        vertex -99.19613 73.56886 -16
    endloop
endfacet
facet normal -0.78834659 0.61523139 0
    outer loop
        vertex -99.19613 73.56886 -16
        vertex -99.19613 73.56886 16
        vertex -95.46679 78.34757 -16
    endloop
endfacet
facet normal -0.75720865 0.65317309 0
    outer loop
        vertex -95.46679 78.34757 -16
        vertex -95.46679 78.34757 16
        vertex -91.50746 82.93753 -16
    endloop
endfacet
facet normal -0.72422254 0.68951589 0.00834761
    outer loop
        vertex -91.50746 82.93753 16
        vertex -87.32769 87.32769 16
        vertex -90.110306 84.45344 12
    endloop
endfacet
facet normal -0.68951589 0.72422254 0.00834761
    outer loop
        vertex -84.45344 90.110306 12
        vertex -87.32769 87.32769 16
        vertex -82.93753 91.50746 16
    endloop
endfacet
facet normal -0.65317309 0.75720865 0
    outer loop
        vertex -82.93753 91.50746 -16
        vertex -82.93753 91.50746 16
        vertex -78.34757 95.46679 -16
    endloop
endfacet
facet normal -0.65317309 0.75720865 0
    outer loop
        vertex -78.34757 95.46679 -16
        vertex -82.93753 91.50746 16
        vertex -78.34757 95.46679 16
    endloop
endfacet
facet normal -0.61523139 0.78834659 0
    outer loop
        vertex -73.56886 99.19613 -16
        vertex -78.34757 95.46679 16
        vertex -73.56886 99.19613 16
    endloop
endfacet
facet normal -0.57580787 0.81758505 0
    outer loop
        vertex -68.61292 102.68649 -16
        vertex -73.56886 99.19613 -16
        vertex -73.56886 99.19613 16
    endloop
endfacet
facet normal -0.53499883 0.84485286 0
    outer loop
        vertex -63.491688 105.92949 -16
        vertex -68.61292 102.68649 -16
        vertex -68.61292 102.68649 16
    endloop
endfacet
facet normal -0.53499883 0.84485286 0
    outer loop
        vertex -63.491688 105.92949 16
        vertex -63.491688 105.92949 -16
        vertex -68.61292 102.68649 16
    endloop
endfacet
facet normal -0.44961169 0.89322412 0
    outer loop
        vertex -52.803055 111.64268 16
        vertex -52.803055 111.64268 -16
        vertex -58.217495 108.917274 16
    endloop
endfacet
facet normal -0.40522718 0.91417795 0.00834869
    outer loop
        vertex -47.261406 114.09912 16
        vertex -50.932133 112.50853 12
        vertex -52.803055 111.64268 16
    endloop
endfacet
facet normal -0.35988262 0.93296021 -0.00834479
    outer loop
        vertex -43.54109 115.569984 -12
        vertex -41.605896 116.28069 -16
        vertex -47.261406 114.09912 -16
    endloop
endfacet
facet normal -0.26671302 0.96377593 0
    outer loop
        vertex -30.00805 119.79886 -16
        vertex -35.850155 118.18213 -16
        vertex -35.850155 118.18213 16
    endloop
endfacet
facet normal -0.21910049 0.97570223 0
    outer loop
        vertex -24.093655 121.126976 -16
        vertex -30.00805 119.79886 -16
        vertex -30.00805 119.79886 16
    endloop
endfacet
facet normal -0.17096293 0.98527747 0
    outer loop
        vertex -18.121212 122.1633 -16
        vertex -24.093655 121.126976 -16
        vertex -24.093655 121.126976 16
    endloop
endfacet
facet normal -0.12241026 0.99247956 0
    outer loop
        vertex -12.105117 122.90531 -16
        vertex -18.121212 122.1633 16
        vertex -12.105117 122.90531 16
    endloop
endfacet
facet normal -0.07356544 0.99729037 0
    outer loop
        vertex -6.0598574 123.35124 -16
        vertex -12.105117 122.90531 16
        vertex -6.0598574 123.35124 16
    endloop
endfacet
facet normal 0.01619699 0.99986887 0
    outer loop
        vertex 0.000000000000007562194 123.5 -16
        vertex -0.0000001756407 123.5 -12
        vertex 4 123.4352 -12
    endloop
endfacet
facet normal 0.07356544 0.99729037 -0
    outer loop
        vertex 6.0598574 123.35124 -16
        vertex 6.0598574 123.35124 16
        vertex 12.105117 122.90531 -16
    endloop
endfacet
facet normal 0.12241026 0.99247956 -0
    outer loop
        vertex 12.105117 122.90531 -16
        vertex 12.105117 122.90531 16
        vertex 18.121212 122.1633 -16
    endloop
endfacet
facet normal 0.17096293 0.98527747 0
    outer loop
        vertex 18.121212 122.1633 16
        vertex 24.093655 121.126976 16
        vertex 24.093655 121.126976 -16
    endloop
endfacet
facet normal 0.21910049 0.97570223 0
    outer loop
        vertex 24.093655 121.126976 16
        vertex 30.00805 119.79886 16
        vertex 30.00805 119.79886 -16
    endloop
endfacet
facet normal 0.26671302 0.96377593 0
    outer loop
        vertex 30.00805 119.79886 16
        vertex 35.850155 118.18213 16
        vertex 35.850155 118.18213 -16
    endloop
endfacet
facet normal 0.34474126 0.93869776 0
    outer loop
        vertex 41.605896 116.28069 16
        vertex 43.54109 115.569984 12
        vertex 41.605896 116.28069 -16
    endloop
endfacet
facet normal 0.36766753 0.92995727 0
    outer loop
        vertex 43.54109 115.569984 -12
        vertex 47.261406 114.09912 -12
        vertex 47.261406 114.09912 -16
    endloop
endfacet
facet normal 0.44961169 0.89322412 0
    outer loop
        vertex 52.803055 111.64268 16
        vertex 58.217495 108.917274 -16
        vertex 52.803055 111.64268 -16
    endloop
endfacet
facet normal 0.49289715 0.8700875 0
    outer loop
        vertex 63.491688 105.92949 16
        vertex 63.491688 105.92949 -16
        vertex 58.217495 108.917274 16
    endloop
endfacet
facet normal 0.53499883 0.84485286 0
    outer loop
        vertex 68.61292 102.68649 16
        vertex 68.61292 102.68649 -16
        vertex 63.491688 105.92949 16
    endloop
endfacet
facet normal 0.57580787 0.81758505 0
    outer loop
        vertex 73.56886 99.19613 16
        vertex 73.56886 99.19613 -16
        vertex 68.61292 102.68649 16
    endloop
endfacet
facet normal 0.61523139 0.78834659 0
    outer loop
        vertex 78.34757 95.46679 16
        vertex 78.34757 95.46679 -16
        vertex 73.56886 99.19613 16
    endloop
endfacet
facet normal 0.67771852 0.73532134 0
    outer loop
        vertex 84.45344 90.110306 12
        vertex 82.93753 91.50746 -16
        vertex 82.93753 91.50746 16
    endloop
endfacet
facet normal 0.72422254 0.68951589 0.00834761
    outer loop
        vertex 91.50746 82.93753 16
        vertex 90.110306 84.45344 12
        vertex 87.32769 87.32769 16
    endloop
endfacet
facet normal 0.75720865 0.65317309 0
    outer loop
        vertex 95.46679 78.34757 -16
        vertex 91.50746 82.93753 -16
        vertex 91.50746 82.93753 16
    endloop
endfacet
facet normal 0.78834659 0.61523139 -0
    outer loop
        vertex 99.19613 73.56886 -16
        vertex 95.46679 78.34757 16
        vertex 99.19613 73.56886 16
    endloop
endfacet
facet normal 0.81758505 0.57580787 -0
    outer loop
        vertex 102.68649 68.61292 -16
        vertex 99.19613 73.56886 16
        vertex 102.68649 68.61292 16
    endloop
endfacet
facet normal 0.84485286 0.53499883 -0
    outer loop
        vertex 105.92949 63.491688 -16
        vertex 102.68649 68.61292 16
        vertex 105.92949 63.491688 16
    endloop
endfacet
facet normal 0.8700875 0.49289715 -0
    outer loop
        vertex 108.917274 58.217495 -16
        vertex 105.92949 63.491688 16
        vertex 108.917274 58.217495 16
    endloop
endfacet
facet normal 0.89322412 0.44961169 -0
    outer loop
        vertex 111.64268 52.803055 -16
        vertex 108.917274 58.217495 16
        vertex 111.64268 52.803055 16
    endloop
endfacet
facet normal 0.92995727 0.36766753 -0
    outer loop
        vertex 114.09912 47.261406 -16
        vertex 114.09912 47.261406 -12
        vertex 115.569984 43.54109 -12
    endloop
endfacet
facet normal 0.94952834 0.31368113 -0
    outer loop
        vertex 116.28069 41.605896 -16
        vertex 116.28069 41.605896 16
        vertex 118.18213 35.850155 -16
    endloop
endfacet
facet normal 0.96377593 0.26671302 -0
    outer loop
        vertex 118.18213 35.850155 -16
        vertex 118.18213 35.850155 16
        vertex 119.79886 30.00805 -16
    endloop
endfacet
facet normal 0.97570223 0.21910049 -0
    outer loop
        vertex 119.79886 30.00805 -16
        vertex 119.79886 30.00805 16
        vertex 121.126976 24.093655 -16
    endloop
endfacet
facet normal 0.98527747 0.17096293 -0
    outer loop
        vertex 121.126976 24.093655 -16
        vertex 121.126976 24.093655 16
        vertex 122.1633 18.121212 -16
    endloop
endfacet
facet normal 0.99966401 0.02453985 -0.00834617
    outer loop
        vertex 123.35124 6.0598574 -16
        vertex 123.4352 4 -12
        vertex 123.5 -0 -16
    endloop
endfacet
facet normal 0.99986887 0.01619699 0
    outer loop
        vertex 123.5 -0 -12
        vertex 123.5 -0 -16
        vertex 123.4352 4 -12
    endloop
endfacet
facet normal 0.9991703 0.04072701 0
    outer loop
        vertex 123.4352 4 -12
        vertex 123.35124 6.0598574 -16
        vertex 123.35124 6.0598574 16
    endloop
endfacet
facet normal 0.99247956 0.12241026 -0
    outer loop
        vertex 122.1633 18.121212 -16
        vertex 122.1633 18.121212 16
        vertex 122.90531 12.105117 -16
    endloop
endfacet
facet normal 0.99986887 0.01619699 -0
    outer loop
        vertex 123.5 -0 12
        vertex 123.4352 4 12
        vertex 123.5 -0 16
    endloop
endfacet
facet normal 0.99729037 0.07356544 -0
    outer loop
        vertex 122.90531 12.105117 -16
        vertex 122.90531 12.105117 16
        vertex 123.35124 6.0598574 -16
    endloop
endfacet
facet normal 0.99247956 0.12241026 -0
    outer loop
        vertex 122.90531 12.105117 -16
        vertex 122.1633 18.121212 16
        vertex 122.90531 12.105117 16
    endloop
endfacet
facet normal 0.98527747 0.17096293 -0
    outer loop
        vertex 122.1633 18.121212 -16
        vertex 121.126976 24.093655 16
        vertex 122.1633 18.121212 16
    endloop
endfacet
facet normal 0.97570223 0.21910049 -0
    outer loop
        vertex 121.126976 24.093655 -16
        vertex 119.79886 30.00805 16
        vertex 121.126976 24.093655 16
    endloop
endfacet
facet normal 0.96377593 0.26671302 -0
    outer loop
        vertex 119.79886 30.00805 -16
        vertex 118.18213 35.850155 16
        vertex 119.79886 30.00805 16
    endloop
endfacet
facet normal 0.94952834 0.31368113 -0
    outer loop
        vertex 118.18213 35.850155 -16
        vertex 116.28069 41.605896 16
        vertex 118.18213 35.850155 16
    endloop
endfacet
facet normal 0.93296021 0.35988262 -0.00834479
    outer loop
        vertex 116.28069 41.605896 -16
        vertex 114.09912 47.261406 -16
        vertex 115.569984 43.54109 -12
    endloop
endfacet
facet normal 0.91417795 0.40522718 0.00834866
    outer loop
        vertex 112.50853 50.932133 12
        vertex 111.64268 52.803055 16
        vertex 114.09912 47.261406 16
    endloop
endfacet
facet normal 0.90752518 0.41999763 0
    outer loop
        vertex 112.50853 50.932133 12
        vertex 111.64268 52.803055 -16
        vertex 111.64268 52.803055 16
    endloop
endfacet
facet normal 0.89322412 0.44961169 0
    outer loop
        vertex 111.64268 52.803055 -16
        vertex 108.917274 58.217495 -16
        vertex 108.917274 58.217495 16
    endloop
endfacet
facet normal 0.8700875 0.49289715 0
    outer loop
        vertex 108.917274 58.217495 -16
        vertex 105.92949 63.491688 -16
        vertex 105.92949 63.491688 16
    endloop
endfacet
facet normal 0.84485286 0.53499883 0
    outer loop
        vertex 105.92949 63.491688 -16
        vertex 102.68649 68.61292 -16
        vertex 102.68649 68.61292 16
    endloop
endfacet
facet normal 0.81758505 0.57580787 0
    outer loop
        vertex 102.68649 68.61292 -16
        vertex 99.19613 73.56886 -16
        vertex 99.19613 73.56886 16
    endloop
endfacet
facet normal 0.78834659 0.61523139 0
    outer loop
        vertex 99.19613 73.56886 -16
        vertex 95.46679 78.34757 -16
        vertex 95.46679 78.34757 16
    endloop
endfacet
facet normal 0.75720865 0.65317309 0
    outer loop
        vertex 95.46679 78.34757 16
        vertex 95.46679 78.34757 -16
        vertex 91.50746 82.93753 16
    endloop
endfacet
facet normal 0.72422254 0.68951589 -0.00834761
    outer loop
        vertex 90.110306 84.45344 -12
        vertex 91.50746 82.93753 -16
        vertex 87.32769 87.32769 -16
    endloop
endfacet
facet normal 0.68951589 0.72422254 0.00834759
    outer loop
        vertex 87.32769 87.32769 16
        vertex 84.45344 90.110306 12
        vertex 82.93753 91.50746 16
    endloop
endfacet
facet normal 0.65317309 0.75720865 0
    outer loop
        vertex 82.93753 91.50746 16
        vertex 82.93753 91.50746 -16
        vertex 78.34757 95.46679 16
    endloop
endfacet
facet normal 0.65317309 0.75720865 0
    outer loop
        vertex 78.34757 95.46679 16
        vertex 82.93753 91.50746 -16
        vertex 78.34757 95.46679 -16
    endloop
endfacet
facet normal 0.61523139 0.78834659 0
    outer loop
        vertex 73.56886 99.19613 16
        vertex 78.34757 95.46679 -16
        vertex 73.56886 99.19613 -16
    endloop
endfacet
facet normal 0.57580787 0.81758505 0
    outer loop
        vertex 68.61292 102.68649 16
        vertex 73.56886 99.19613 -16
        vertex 68.61292 102.68649 -16
    endloop
endfacet
facet normal 0.53499883 0.84485286 0
    outer loop
        vertex 63.491688 105.92949 16
        vertex 68.61292 102.68649 -16
        vertex 63.491688 105.92949 -16
    endloop
endfacet
facet normal 0.49289715 0.8700875 0
    outer loop
        vertex 58.217495 108.917274 16
        vertex 63.491688 105.92949 -16
        vertex 58.217495 108.917274 -16
    endloop
endfacet
facet normal 0.44961169 0.89322412 0
    outer loop
        vertex 52.803055 111.64268 16
        vertex 58.217495 108.917274 16
        vertex 58.217495 108.917274 -16
    endloop
endfacet
facet normal 0.40522718 0.91417795 -0.00834869
    outer loop
        vertex 47.261406 114.09912 -16
        vertex 50.932133 112.50853 -12
        vertex 52.803055 111.64268 -16
    endloop
endfacet
facet normal 0.35988262 0.93296021 0.00834479
    outer loop
        vertex 41.605896 116.28069 16
        vertex 47.261406 114.09912 16
        vertex 43.54109 115.569984 12
    endloop
endfacet
facet normal 0.31368113 0.94952834 0
    outer loop
        vertex 35.850155 118.18213 16
        vertex 41.605896 116.28069 16
        vertex 41.605896 116.28069 -16
    endloop
endfacet
facet normal 0.31368113 0.94952834 -0
    outer loop
        vertex 35.850155 118.18213 -16
        vertex 35.850155 118.18213 16
        vertex 41.605896 116.28069 -16
    endloop
endfacet
facet normal 0.26671302 0.96377593 -0
    outer loop
        vertex 30.00805 119.79886 -16
        vertex 30.00805 119.79886 16
        vertex 35.850155 118.18213 -16
    endloop
endfacet
facet normal 0.21910049 0.97570223 -0
    outer loop
        vertex 24.093655 121.126976 -16
        vertex 24.093655 121.126976 16
        vertex 30.00805 119.79886 -16
    endloop
endfacet
facet normal 0.17096293 0.98527747 -0
    outer loop
        vertex 18.121212 122.1633 -16
        vertex 18.121212 122.1633 16
        vertex 24.093655 121.126976 -16
    endloop
endfacet
facet normal 0.12241026 0.99247956 -0
    outer loop
        vertex 18.121212 122.1633 -16
        vertex 12.105117 122.90531 16
        vertex 18.121212 122.1633 16
    endloop
endfacet
facet normal 0.07356544 0.99729037 -0
    outer loop
        vertex 12.105117 122.90531 -16
        vertex 6.0598574 123.35124 16
        vertex 12.105117 122.90531 16
    endloop
endfacet
facet normal 0.02453985 0.99966401 -0.00834617
    outer loop
        vertex 6.0598574 123.35124 -16
        vertex 0.000000000000007562194 123.5 -16
        vertex 4 123.4352 -12
    endloop
endfacet
facet normal -0.02453985 0.99966401 0.00834617
    outer loop
        vertex -4 123.4352 12
        vertex -6.0598574 123.35124 16
        vertex 0.000000000000007562194 123.5 16
    endloop
endfacet
facet normal -0.04072701 0.9991703 0
    outer loop
        vertex -4 123.4352 12
        vertex -6.0598574 123.35124 -16
        vertex -6.0598574 123.35124 16
    endloop
endfacet
facet normal -0.07356544 0.99729037 0
    outer loop
        vertex -6.0598574 123.35124 -16
        vertex -12.105117 122.90531 -16
        vertex -12.105117 122.90531 16
    endloop
endfacet
facet normal -0.12241026 0.99247956 0
    outer loop
        vertex -12.105117 122.90531 -16
        vertex -18.121212 122.1633 -16
        vertex -18.121212 122.1633 16
    endloop
endfacet
facet normal -0.17096293 0.98527747 0
    outer loop
        vertex -18.121212 122.1633 16
        vertex -18.121212 122.1633 -16
        vertex -24.093655 121.126976 16
    endloop
endfacet
facet normal -0.21910049 0.97570223 0
    outer loop
        vertex -24.093655 121.126976 16
        vertex -24.093655 121.126976 -16
        vertex -30.00805 119.79886 16
    endloop
endfacet
facet normal -0.26671302 0.96377593 0
    outer loop
        vertex -30.00805 119.79886 16
        vertex -30.00805 119.79886 -16
        vertex -35.850155 118.18213 16
    endloop
endfacet
facet normal -0.31368113 0.94952834 0
    outer loop
        vertex -35.850155 118.18213 16
        vertex -35.850155 118.18213 -16
        vertex -41.605896 116.28069 16
    endloop
endfacet
facet normal -0.31368113 0.94952834 0
    outer loop
        vertex -41.605896 116.28069 16
        vertex -35.850155 118.18213 -16
        vertex -41.605896 116.28069 -16
    endloop
endfacet
facet normal -0.36766753 0.92995727 0
    outer loop
        vertex -47.261406 114.09912 -12
        vertex -43.54109 115.569984 -12
        vertex -47.261406 114.09912 -16
    endloop
endfacet
facet normal -0.41999763 0.90752518 0
    outer loop
        vertex -52.803055 111.64268 16
        vertex -50.932133 112.50853 12
        vertex -52.803055 111.64268 -16
    endloop
endfacet
facet normal -0.44961169 0.89322412 0
    outer loop
        vertex -58.217495 108.917274 16
        vertex -52.803055 111.64268 -16
        vertex -58.217495 108.917274 -16
    endloop
endfacet
facet normal -0.49289715 0.8700875 0
    outer loop
        vertex -63.491688 105.92949 16
        vertex -58.217495 108.917274 16
        vertex -58.217495 108.917274 -16
    endloop
endfacet
facet normal -0.49289715 0.8700875 0
    outer loop
        vertex -63.491688 105.92949 -16
        vertex -63.491688 105.92949 16
        vertex -58.217495 108.917274 -16
    endloop
endfacet
facet normal -0.57580787 0.81758505 0
    outer loop
        vertex -73.56886 99.19613 16
        vertex -68.61292 102.68649 16
        vertex -68.61292 102.68649 -16
    endloop
endfacet
facet normal -0.61523139 0.78834659 0
    outer loop
        vertex -78.34757 95.46679 16
        vertex -73.56886 99.19613 -16
        vertex -78.34757 95.46679 -16
    endloop
endfacet
facet normal -0.68951589 0.72422254 -0.00834761
    outer loop
        vertex -84.45344 90.110306 -12
        vertex -82.93753 91.50746 -16
        vertex -87.32769 87.32769 -16
    endloop
endfacet
facet normal -0.73532134 0.67771852 0
    outer loop
        vertex -90.110306 84.45344 12
        vertex -91.50746 82.93753 -16
        vertex -91.50746 82.93753 16
    endloop
endfacet
facet normal -0.75720865 0.65317309 0
    outer loop
        vertex -91.50746 82.93753 16
        vertex -91.50746 82.93753 -16
        vertex -95.46679 78.34757 16
    endloop
endfacet
facet normal -0.78834659 0.61523139 0
    outer loop
        vertex -95.46679 78.34757 16
        vertex -95.46679 78.34757 -16
        vertex -99.19613 73.56886 16
    endloop
endfacet
facet normal -0.81758505 0.57580787 0
    outer loop
        vertex -99.19613 73.56886 -16
        vertex -102.68649 68.61292 -16
        vertex -102.68649 68.61292 16
    endloop
endfacet
facet normal -0.89322412 0.44961169 0
    outer loop
        vertex -111.64268 52.803055 16
        vertex -108.917274 58.217495 -16
        vertex -111.64268 52.803055 -16
    endloop
endfacet
facet normal -0.93296021 0.35988262 0.00834479
    outer loop
        vertex -114.09912 47.261406 16
        vertex -115.569984 43.54109 12
        vertex -116.28069 41.605896 16
    endloop
endfacet
facet normal -0.94952834 0.31368113 0
    outer loop
        vertex -116.28069 41.605896 -16
        vertex -118.18213 35.850155 -16
        vertex -118.18213 35.850155 16
    endloop
endfacet
facet normal -0.97570223 0.21910049 0
    outer loop
        vertex -119.79886 30.00805 -16
        vertex -121.126976 24.093655 16
        vertex -119.79886 30.00805 16
    endloop
endfacet
facet normal -0.98527747 0.17096293 0
    outer loop
        vertex -122.1633 18.121212 -16
        vertex -122.1633 18.121212 16
        vertex -121.126976 24.093655 -16
    endloop
endfacet
facet normal -0.99966401 0.02453985 0.00834617
    outer loop
        vertex -123.35124 6.0598574 16
        vertex -123.4352 4 12
        vertex -123.5 -0 16
    endloop
endfacet
facet normal 0.9991703 0.040727 0
    outer loop
        vertex 123.4352 4 12
        vertex 123.4352 4 -12
        vertex 123.35124 6.0598574 16
    endloop
endfacet
facet normal -0.99986887 0.01619699 0
    outer loop
        vertex -123.4352 4 12
        vertex -123.5 -0 12
        vertex -123.5 -0 16
    endloop
endfacet
facet normal -0.99729037 0.07356544 0
    outer loop
        vertex -122.90531 12.105117 -16
        vertex -123.35124 6.0598574 16
        vertex -122.90531 12.105117 16
    endloop
endfacet
facet normal -0.9991703 0.040727 0
    outer loop
        vertex -123.4352 4 -12
        vertex -123.4352 4 12
        vertex -123.35124 6.0598574 16
    endloop
endfacet
facet normal 0.99729037 0.07356544 -0
    outer loop
        vertex 123.35124 6.0598574 -16
        vertex 122.90531 12.105117 16
        vertex 123.35124 6.0598574 16
    endloop
endfacet
facet normal -0.99986887 0.01619699 0
    outer loop
        vertex -123.5 -0 -16
        vertex -123.5 -0 -12
        vertex -123.4352 4 -12
    endloop
endfacet
facet normal -0.8700875 0.49289715 0
    outer loop
        vertex -105.92949 63.491688 16
        vertex -105.92949 63.491688 -16
        vertex -108.917274 58.217495 16
    endloop
endfacet
facet normal 0.99966401 0.02453985 0.00834617
    outer loop
        vertex 123.4352 4 12
        vertex 123.35124 6.0598574 16
        vertex 123.5 -0 16
    endloop
endfacet
facet normal -0 0 -1
    outer loop
        vertex -5.421978 110.3669 -16
        vertex -10.830894 109.96791 -16
        vertex -6.0598574 123.35124 -16
    endloop
endfacet
facet normal 0 0 -1
    outer loop
        vertex -5.421978 110.3669 -16
        vertex -6.0598574 123.35124 -16
        vertex 0 110.5 -16
    endloop
endfacet
facet normal -0 0 -0.99999994
    outer loop
        vertex -10.830894 109.96791 -16
        vertex -16.213717 109.304 -16
        vertex -12.105117 122.90531 -16
    endloop
endfacet
facet normal 0 0 -1
    outer loop
        vertex -16.213717 109.304 -16
        vertex -18.121212 122.1633 -16
        vertex -12.105117 122.90531 -16
    endloop
endfacet
facet normal 0 0 -1
    outer loop
        vertex -21.55748 108.37677 -16
        vertex -24.093655 121.126976 -16
        vertex -18.121212 122.1633 -16
    endloop
endfacet
facet normal 0 0 -1
    outer loop
        vertex -26.84931 107.18845 -16
        vertex -24.093655 121.126976 -16
        vertex -21.55748 108.37677 -16
    endloop
endfacet
facet normal 0 0 -1
    outer loop
        vertex -32.076454 105.74191 -16
        vertex -30.00805 119.79886 -16
        vertex -26.84931 107.18845 -16
    endloop
endfacet
facet normal 0 0 -1
    outer loop
        vertex -35.850155 118.18213 -16
        vertex -30.00805 119.79886 -16
        vertex -32.076454 105.74191 -16
    endloop
endfacet
facet normal 0 0 -1
    outer loop
        vertex -41.605896 116.28069 -16
        vertex -35.850155 118.18213 -16
        vertex -37.22633 104.04062 -16
    endloop
endfacet
facet normal 0 -0 -1
    outer loop
        vertex -41.605896 116.28069 -16
        vertex -37.22633 104.04062 -16
        vertex -42.28652 102.08869 -16
    endloop
endfacet
facet normal 0 0 -1
    outer loop
        vertex -47.261406 114.09912 -16
        vertex -42.28652 102.08869 -16
        vertex -47.24484 99.890816 -16
    endloop
endfacet
facet normal 0 0 -1
    outer loop
        vertex -47.24484 99.890816 -16
        vertex -52.803055 111.64268 -16
        vertex -47.261406 114.09912 -16
    endloop
endfacet
facet normal 0 0 -1
    outer loop
        vertex -52.08934 97.4523 -16
        vertex -58.217495 108.917274 -16
        vertex -52.803055 111.64268 -16
    endloop
endfacet
facet normal 0 0 -1
    outer loop
        vertex -56.808353 94.779015 -16
        vertex -58.217495 108.917274 -16
        vertex -52.08934 97.4523 -16
    endloop
endfacet
facet normal 0 0 -1
    outer loop
        vertex -61.39051 91.877396 -16
        vertex -63.491688 105.92949 -16
        vertex -56.808353 94.779015 -16
    endloop
endfacet
facet normal 0 0 -1
    outer loop
        vertex -68.61292 102.68649 -16
        vertex -63.491688 105.92949 -16
        vertex -61.39051 91.877396 -16
    endloop
endfacet
facet normal 0 0 -1
    outer loop
        vertex -73.56886 99.19613 -16
        vertex -68.61292 102.68649 -16
        vertex -65.82477 88.75443 -16
    endloop
endfacet
facet normal 0 0 -1
    outer loop
        vertex -73.56886 99.19613 -16
        vertex -65.82477 88.75443 -16
        vertex -70.10046 85.417656 -16
    endloop
endfacet
facet normal 0 0 -1
    outer loop
        vertex -78.1353 78.1353 -16
        vertex -82.93753 91.50746 -16
        vertex -74.20726 81.8751 -16
    endloop
endfacet
facet normal 0 0 -1
    outer loop
        vertex -82.93753 91.50746 -16
        vertex -78.34757 95.46679 -16
        vertex -74.20726 81.8751 -16
    endloop
endfacet
facet normal 0 0 -1
    outer loop
        vertex -81.8751 74.20726 -16
        vertex -87.32769 87.32769 -16
        vertex -78.1353 78.1353 -16
    endloop
endfacet
facet normal 0 0 -1
    outer loop
        vertex -87.32769 87.32769 -16
        vertex -82.93753 91.50746 -16
        vertex -78.1353 78.1353 -16
    endloop
endfacet
facet normal 0 0 -1
    outer loop
        vertex -85.417656 70.10046 -16
        vertex -91.50746 82.93753 -16
        vertex -81.8751 74.20726 -16
    endloop
endfacet
facet normal 0 0 -1
    outer loop
        vertex -91.50746 82.93753 -16
        vertex -87.32769 87.32769 -16
        vertex -81.8751 74.20726 -16
    endloop
endfacet
facet normal 0 0 -1
    outer loop
        vertex -88.75443 65.82477 -16
        vertex -95.46679 78.34757 -16
        vertex -85.417656 70.10046 -16
    endloop
endfacet
facet normal 0 0 -1
    outer loop
        vertex -95.46679 78.34757 -16
        vertex -91.50746 82.93753 -16
        vertex -85.417656 70.10046 -16
    endloop
endfacet
facet normal 0 0 -1
    outer loop
        vertex -91.877396 61.39051 -16
        vertex -99.19613 73.56886 -16
        vertex -88.75443 65.82477 -16
    endloop
endfacet
facet normal 0 0 -1
    outer loop
        vertex -99.19613 73.56886 -16
        vertex -95.46679 78.34757 -16
        vertex -88.75443 65.82477 -16
    endloop
endfacet
facet normal 0 0 -1
    outer loop
        vertex -94.779015 56.808353 -16
        vertex -102.68649 68.61292 -16
        vertex -91.877396 61.39051 -16
    endloop
endfacet
facet normal 0 0 -1
    outer loop
        vertex -102.68649 68.61292 -16
        vertex -99.19613 73.56886 -16
        vertex -91.877396 61.39051 -16
    endloop
endfacet
facet normal 0 0 -1
    outer loop
        vertex -97.4523 52.08934 -16
        vertex -105.92949 63.491688 -16
        vertex -94.779015 56.808353 -16
    endloop
endfacet
facet normal 0 0 -1
    outer loop
        vertex -105.92949 63.491688 -16
        vertex -102.68649 68.61292 -16
        vertex -94.779015 56.808353 -16
    endloop
endfacet
facet normal 0 0 -1
    outer loop
        vertex -99.890816 47.24484 -16
        vertex -108.917274 58.217495 -16
        vertex -97.4523 52.08934 -16
    endloop
endfacet
facet normal 0 0 -1
    outer loop
        vertex -108.917274 58.217495 -16
        vertex -105.92949 63.491688 -16
        vertex -97.4523 52.08934 -16
    endloop
endfacet
facet normal 0 0 -1
    outer loop
        vertex -102.08869 42.28652 -16
        vertex -111.64268 52.803055 -16
        vertex -99.890816 47.24484 -16
    endloop
endfacet
facet normal 0 0 -1
    outer loop
        vertex -111.64268 52.803055 -16
        vertex -108.917274 58.217495 -16
        vertex -99.890816 47.24484 -16
    endloop
endfacet
facet normal 0 0 -1
    outer loop
        vertex -104.04062 37.22633 -16
        vertex -114.09912 47.261406 -16
        vertex -102.08869 42.28652 -16
    endloop
endfacet
facet normal 0 0 -1
    outer loop
        vertex -114.09912 47.261406 -16
        vertex -111.64268 52.803055 -16
        vertex -102.08869 42.28652 -16
    endloop
endfacet
facet normal 0 0 -1
    outer loop
        vertex -105.74191 32.076454 -16
        vertex -116.28069 41.605896 -16
        vertex -104.04062 37.22633 -16
    endloop
endfacet
facet normal 0 0 -1
    outer loop
        vertex -116.28069 41.605896 -16
        vertex -114.09912 47.261406 -16
        vertex -104.04062 37.22633 -16
    endloop
endfacet
facet normal 0 0 -1
    outer loop
        vertex -107.18845 26.84931 -16
        vertex -118.18213 35.850155 -16
        vertex -105.74191 32.076454 -16
    endloop
endfacet
facet normal 0 0 -1
    outer loop
        vertex -118.18213 35.850155 -16
        vertex -116.28069 41.605896 -16
        vertex -105.74191 32.076454 -16
    endloop
endfacet
facet normal 0 0 -1
    outer loop
        vertex -108.37677 21.55748 -16
        vertex -119.79886 30.00805 -16
        vertex -107.18845 26.84931 -16
    endloop
endfacet
facet normal 0 0 -1
    outer loop
        vertex -119.79886 30.00805 -16
        vertex -118.18213 35.850155 -16
        vertex -107.18845 26.84931 -16
    endloop
endfacet
facet normal 0 0 -1
    outer loop
        vertex -109.304 16.213717 -16
        vertex -121.126976 24.093655 -16
        vertex -108.37677 21.55748 -16
    endloop
endfacet
facet normal 0 0 -1
    outer loop
        vertex -121.126976 24.093655 -16
        vertex -119.79886 30.00805 -16
        vertex -108.37677 21.55748 -16
    endloop
endfacet
facet normal 0 0 -1
    outer loop
        vertex -109.96791 10.830894 -16
        vertex -122.1633 18.121212 -16
        vertex -109.304 16.213717 -16
    endloop
endfacet
facet normal 0 0 -1
    outer loop
        vertex -122.1633 18.121212 -16
        vertex -121.126976 24.093655 -16
        vertex -109.304 16.213717 -16
    endloop
endfacet
facet normal 0 0 -1
    outer loop
        vertex -110.3669 5.421978 -16
        vertex -122.90531 12.105117 -16
        vertex -109.96791 10.830894 -16
    endloop
endfacet
facet normal 0 0 -1
    outer loop
        vertex -122.90531 12.105117 -16
        vertex -122.1633 18.121212 -16
        vertex -109.96791 10.830894 -16
    endloop
endfacet
facet normal 0 0 -1
    outer loop
        vertex -110.5 -0 -16
        vertex -123.35124 6.0598574 -16
        vertex -110.3669 5.421978 -16
    endloop
endfacet
facet normal 0 0 -1
    outer loop
        vertex -123.35124 6.0598574 -16
        vertex -122.90531 12.105117 -16
        vertex -110.3669 5.421978 -16
    endloop
endfacet
facet normal 0 0 -1
    outer loop
        vertex -110.3669 -5.421978 -16
        vertex -123.5 -0 -16
        vertex -110.5 -0 -16
    endloop
endfacet
facet normal 0 0 -1
    outer loop
        vertex -123.5 -0 -16
        vertex -123.35124 6.0598574 -16
        vertex -110.5 -0 -16
    endloop
endfacet
facet normal 0 0 -1
    outer loop
        vertex -109.96791 -10.830894 -16
        vertex -123.35124 -6.0598574 -16
        vertex -110.3669 -5.421978 -16
    endloop
endfacet
facet normal 0 0 -1
    outer loop
        vertex -123.35124 -6.0598574 -16
        vertex -123.5 -0 -16
        vertex -110.3669 -5.421978 -16
    endloop
endfacet
facet normal 0 0 -0.99999994
    outer loop
        vertex -109.304 -16.213717 -16
        vertex -122.90531 -12.105117 -16
        vertex -109.96791 -10.830894 -16
    endloop
endfacet
facet normal 0 0 -1
    outer loop
        vertex -122.90531 -12.105117 -16
        vertex -123.35124 -6.0598574 -16
        vertex -109.96791 -10.830894 -16
    endloop
endfacet
facet normal 0 0 -1
    outer loop
        vertex -108.37677 -21.55748 -16
        vertex -122.1633 -18.121212 -16
        vertex -109.304 -16.213717 -16
    endloop
endfacet
facet normal 0 0 -1
    outer loop
        vertex -122.1633 -18.121212 -16
        vertex -122.90531 -12.105117 -16
        vertex -109.304 -16.213717 -16
    endloop
endfacet
facet normal 0 0 -1
    outer loop
        vertex -107.18845 -26.84931 -16
        vertex -121.126976 -24.093655 -16
        vertex -108.37677 -21.55748 -16
    endloop
endfacet
facet normal 0 0 -1
    outer loop
        vertex -121.126976 -24.093655 -16
        vertex -122.1633 -18.121212 -16
        vertex -108.37677 -21.55748 -16
    endloop
endfacet
facet normal 0 0 -1
    outer loop
        vertex -105.74191 -32.076454 -16
        vertex -119.79886 -30.00805 -16
        vertex -107.18845 -26.84931 -16
    endloop
endfacet
facet normal 0 0 -1
    outer loop
        vertex -119.79886 -30.00805 -16
        vertex -121.126976 -24.093655 -16
        vertex -107.18845 -26.84931 -16
    endloop
endfacet
facet normal 0 0 -1
    outer loop
        vertex -104.04062 -37.22633 -16
        vertex -118.18213 -35.850155 -16
        vertex -105.74191 -32.076454 -16
    endloop
endfacet
facet normal 0 0 -1
    outer loop
        vertex -118.18213 -35.850155 -16
        vertex -119.79886 -30.00805 -16
        vertex -105.74191 -32.076454 -16
    endloop
endfacet
facet normal 0 0 -1
    outer loop
        vertex -102.08869 -42.28652 -16
        vertex -116.28069 -41.605896 -16
        vertex -104.04062 -37.22633 -16
    endloop
endfacet
facet normal 0 0 -1
    outer loop
        vertex -116.28069 -41.605896 -16
        vertex -118.18213 -35.850155 -16
        vertex -104.04062 -37.22633 -16
    endloop
endfacet
facet normal -0 0 -1
    outer loop
        vertex -99.890816 -47.24484 -16
        vertex -114.09912 -47.261406 -16
        vertex -102.08869 -42.28652 -16
    endloop
endfacet
facet normal 0 0 -1
    outer loop
        vertex -114.09912 -47.261406 -16
        vertex -116.28069 -41.605896 -16
        vertex -102.08869 -42.28652 -16
    endloop
endfacet
facet normal -0 0 -1
    outer loop
        vertex -97.4523 -52.08934 -16
        vertex -111.64268 -52.803055 -16
        vertex -99.890816 -47.24484 -16
    endloop
endfacet
facet normal 0 0 -1
    outer loop
        vertex -111.64268 -52.803055 -16
        vertex -114.09912 -47.261406 -16
        vertex -99.890816 -47.24484 -16
    endloop
endfacet
facet normal -0 0 -1
    outer loop
        vertex -94.779015 -56.808353 -16
        vertex -108.917274 -58.217495 -16
        vertex -97.4523 -52.08934 -16
    endloop
endfacet
facet normal 0 0 -1
    outer loop
        vertex -108.917274 -58.217495 -16
        vertex -111.64268 -52.803055 -16
        vertex -97.4523 -52.08934 -16
    endloop
endfacet
facet normal -0 0 -1
    outer loop
        vertex -91.877396 -61.39051 -16
        vertex -105.92949 -63.491688 -16
        vertex -94.779015 -56.808353 -16
    endloop
endfacet
facet normal 0 0 -1
    outer loop
        vertex -105.92949 -63.491688 -16
        vertex -108.917274 -58.217495 -16
        vertex -94.779015 -56.808353 -16
    endloop
endfacet
facet normal -0 0 -1
    outer loop
        vertex -88.75443 -65.82477 -16
        vertex -102.68649 -68.61292 -16
        vertex -91.877396 -61.39051 -16
    endloop
endfacet
facet normal 0 0 -1
    outer loop
        vertex -102.68649 -68.61292 -16
        vertex -105.92949 -63.491688 -16
        vertex -91.877396 -61.39051 -16
    endloop
endfacet
facet normal -0 0 -1
    outer loop
        vertex -85.417656 -70.10046 -16
        vertex -99.19613 -73.56886 -16
        vertex -88.75443 -65.82477 -16
    endloop
endfacet
facet normal 0 0 -1
    outer loop
        vertex -99.19613 -73.56886 -16
        vertex -102.68649 -68.61292 -16
        vertex -88.75443 -65.82477 -16
    endloop
endfacet
facet normal -0 0 -0.99999994
    outer loop
        vertex -81.8751 -74.20726 -16
        vertex -95.46679 -78.34757 -16
        vertex -85.417656 -70.10046 -16
    endloop
endfacet
facet normal 0 0 -1
    outer loop
        vertex -95.46679 -78.34757 -16
        vertex -99.19613 -73.56886 -16
        vertex -85.417656 -70.10046 -16
    endloop
endfacet
facet normal -0 0 -1
    outer loop
        vertex -78.1353 -78.1353 -16
        vertex -91.50746 -82.93753 -16
        vertex -81.8751 -74.20726 -16
    endloop
endfacet
facet normal 0 0 -1
    outer loop
        vertex -91.50746 -82.93753 -16
        vertex -95.46679 -78.34757 -16
        vertex -81.8751 -74.20726 -16
    endloop
endfacet
facet normal -0 0 -1
    outer loop
        vertex -74.20726 -81.8751 -16
        vertex -87.32769 -87.32769 -16
        vertex -78.1353 -78.1353 -16
    endloop
endfacet
facet normal 0 0 -1
    outer loop
        vertex -87.32769 -87.32769 -16
        vertex -91.50746 -82.93753 -16
        vertex -78.1353 -78.1353 -16
    endloop
endfacet
facet normal -0 0 -1
    outer loop
        vertex -70.10046 -85.417656 -16
        vertex -82.93753 -91.50746 -16
        vertex -74.20726 -81.8751 -16
    endloop
endfacet
facet normal 0 0 -1
    outer loop
        vertex -82.93753 -91.50746 -16
        vertex -87.32769 -87.32769 -16
        vertex -74.20726 -81.8751 -16
    endloop
endfacet
facet normal -0 0 -1
    outer loop
        vertex -65.82477 -88.75443 -16
        vertex -78.34757 -95.46679 -16
        vertex -70.10046 -85.417656 -16
    endloop
endfacet
facet normal 0 0 -1
    outer loop
        vertex -78.34757 -95.46679 -16
        vertex -82.93753 -91.50746 -16
        vertex -70.10046 -85.417656 -16
    endloop
endfacet
facet normal -0 0 -1
    outer loop
        vertex -61.39051 -91.877396 -16
        vertex -73.56886 -99.19613 -16
        vertex -65.82477 -88.75443 -16
    endloop
endfacet
facet normal 0 0 -1
    outer loop
        vertex -73.56886 -99.19613 -16
        vertex -78.34757 -95.46679 -16
        vertex -65.82477 -88.75443 -16
    endloop
endfacet
facet normal -0 0 -1
    outer loop
        vertex -56.808353 -94.779015 -16
        vertex -68.61292 -102.68649 -16
        vertex -61.39051 -91.877396 -16
    endloop
endfacet
facet normal 0 0 -1
    outer loop
        vertex -68.61292 -102.68649 -16
        vertex -73.56886 -99.19613 -16
        vertex -61.39051 -91.877396 -16
    endloop
endfacet
facet normal -0 0 -1
    outer loop
        vertex -52.08934 -97.4523 -16
        vertex -63.491688 -105.92949 -16
        vertex -56.808353 -94.779015 -16
    endloop
endfacet
facet normal 0 0 -1
    outer loop
        vertex -63.491688 -105.92949 -16
        vertex -68.61292 -102.68649 -16
        vertex -56.808353 -94.779015 -16
    endloop
endfacet
facet normal -0 0 -1
    outer loop
        vertex -47.24484 -99.890816 -16
        vertex -58.217495 -108.917274 -16
        vertex -52.08934 -97.4523 -16
    endloop
endfacet
facet normal 0 0 -1
    outer loop
        vertex -58.217495 -108.917274 -16
        vertex -63.491688 -105.92949 -16
        vertex -52.08934 -97.4523 -16
    endloop
endfacet
facet normal -0 0 -1
    outer loop
        vertex -42.28652 -102.08869 -16
        vertex -52.803055 -111.64268 -16
        vertex -47.24484 -99.890816 -16
    endloop
endfacet
facet normal 0 0 -1
    outer loop
        vertex -52.803055 -111.64268 -16
        vertex -58.217495 -108.917274 -16
        vertex -47.24484 -99.890816 -16
    endloop
endfacet
facet normal -0 0 -1
    outer loop
        vertex -37.22633 -104.04062 -16
        vertex -47.261406 -114.09912 -16
        vertex -42.28652 -102.08869 -16
    endloop
endfacet
facet normal 0 0 -1
    outer loop
        vertex -47.261406 -114.09912 -16
        vertex -52.803055 -111.64268 -16
        vertex -42.28652 -102.08869 -16
    endloop
endfacet
facet normal -0 0 -1
    outer loop
        vertex -32.076454 -105.74191 -16
        vertex -41.605896 -116.28069 -16
        vertex -37.22633 -104.04062 -16
    endloop
endfacet
facet normal 0 0 -1
    outer loop
        vertex -41.605896 -116.28069 -16
        vertex -47.261406 -114.09912 -16
        vertex -37.22633 -104.04062 -16
    endloop
endfacet
facet normal -0 0 -1
    outer loop
        vertex -26.84931 -107.18845 -16
        vertex -35.850155 -118.18213 -16
        vertex -32.076454 -105.74191 -16
    endloop
endfacet
facet normal 0 0 -1
    outer loop
        vertex -35.850155 -118.18213 -16
        vertex -41.605896 -116.28069 -16
        vertex -32.076454 -105.74191 -16
    endloop
endfacet
facet normal -0 0 -1
    outer loop
        vertex -21.55748 -108.37677 -16
        vertex -30.00805 -119.79886 -16
        vertex -26.84931 -107.18845 -16
    endloop
endfacet
facet normal 0 0 -1
    outer loop
        vertex -30.00805 -119.79886 -16
        vertex -35.850155 -118.18213 -16
        vertex -26.84931 -107.18845 -16
    endloop
endfacet
facet normal -0 0 -1
    outer loop
        vertex -16.213717 -109.304 -16
        vertex -24.093655 -121.126976 -16
        vertex -21.55748 -108.37677 -16
    endloop
endfacet
facet normal 0 0 -1
    outer loop
        vertex -24.093655 -121.126976 -16
        vertex -30.00805 -119.79886 -16
        vertex -21.55748 -108.37677 -16
    endloop
endfacet
facet normal -0 0 -1
    outer loop
        vertex -10.830894 -109.96791 -16
        vertex -18.121212 -122.1633 -16
        vertex -16.213717 -109.304 -16
    endloop
endfacet
facet normal 0 0 -1
    outer loop
        vertex -18.121212 -122.1633 -16
        vertex -24.093655 -121.126976 -16
        vertex -16.213717 -109.304 -16
    endloop
endfacet
facet normal -0 0 -1
    outer loop
        vertex -5.421978 -110.3669 -16
        vertex -12.105117 -122.90531 -16
        vertex -10.830894 -109.96791 -16
    endloop
endfacet
facet normal 0 0 -1
    outer loop
        vertex -12.105117 -122.90531 -16
        vertex -18.121212 -122.1633 -16
        vertex -10.830894 -109.96791 -16
    endloop
endfacet
facet normal -0 0 -1
    outer loop
        vertex 0 -110.5 -16
        vertex -6.0598574 -123.35124 -16
        vertex -5.421978 -110.3669 -16
    endloop
endfacet
facet normal 0 0 -1
    outer loop
        vertex -6.0598574 -123.35124 -16
        vertex -12.105117 -122.90531 -16
        vertex -5.421978 -110.3669 -16
    endloop
endfacet
facet normal 0 0 -1
    outer loop
        vertex 5.421978 -110.3669 -16
        vertex -0.000000000000007562194 -123.5 -16
        vertex 0 -110.5 -16
    endloop
endfacet
facet normal 0 0 -1
    outer loop
        vertex -0.000000000000007562194 -123.5 -16
        vertex -6.0598574 -123.35124 -16
        vertex 0 -110.5 -16
    endloop
endfacet
facet normal 0 0 -1
    outer loop
        vertex 10.830894 -109.96791 -16
        vertex 6.0598574 -123.35124 -16
        vertex 5.421978 -110.3669 -16
    endloop
endfacet
facet normal -0 0 -1
    outer loop
        vertex 6.0598574 -123.35124 -16
        vertex -0.000000000000007562194 -123.5 -16
        vertex 5.421978 -110.3669 -16
    endloop
endfacet
facet normal 0 0 -0.99999994
    outer loop
        vertex 16.213717 -109.304 -16
        vertex 12.105117 -122.90531 -16
        vertex 10.830894 -109.96791 -16
    endloop
endfacet
facet normal -0 0 -1
    outer loop
        vertex 12.105117 -122.90531 -16
        vertex 6.0598574 -123.35124 -16
        vertex 10.830894 -109.96791 -16
    endloop
endfacet
facet normal 0 0 -1
    outer loop
        vertex 21.55748 -108.37677 -16
        vertex 18.121212 -122.1633 -16
        vertex 16.213717 -109.304 -16
    endloop
endfacet
facet normal -0 0 -1
    outer loop
        vertex 18.121212 -122.1633 -16
        vertex 12.105117 -122.90531 -16
        vertex 16.213717 -109.304 -16
    endloop
endfacet
facet normal 0 0 -1
    outer loop
        vertex 26.84931 -107.18845 -16
        vertex 24.093655 -121.126976 -16
        vertex 21.55748 -108.37677 -16
    endloop
endfacet
facet normal -0 0 -1
    outer loop
        vertex 24.093655 -121.126976 -16
        vertex 18.121212 -122.1633 -16
        vertex 21.55748 -108.37677 -16
    endloop
endfacet
facet normal 0 0 -1
    outer loop
        vertex 32.076454 -105.74191 -16
        vertex 30.00805 -119.79886 -16
        vertex 26.84931 -107.18845 -16
    endloop
endfacet
facet normal -0 0 -1
    outer loop
        vertex 30.00805 -119.79886 -16
        vertex 24.093655 -121.126976 -16
        vertex 26.84931 -107.18845 -16
    endloop
endfacet
facet normal 0 0 -1
    outer loop
        vertex 37.22633 -104.04062 -16
        vertex 35.850155 -118.18213 -16
        vertex 32.076454 -105.74191 -16
    endloop
endfacet
facet normal -0 0 -1
    outer loop
        vertex 35.850155 -118.18213 -16
        vertex 30.00805 -119.79886 -16
        vertex 32.076454 -105.74191 -16
    endloop
endfacet
facet normal 0 0 -1
    outer loop
        vertex 42.28652 -102.08869 -16
        vertex 41.605896 -116.28069 -16
        vertex 37.22633 -104.04062 -16
    endloop
endfacet
facet normal -0 0 -1
    outer loop
        vertex 41.605896 -116.28069 -16
        vertex 35.850155 -118.18213 -16
        vertex 37.22633 -104.04062 -16
    endloop
endfacet
facet normal 0 -0 -1
    outer loop
        vertex 47.24484 -99.890816 -16
        vertex 47.261406 -114.09912 -16
        vertex 42.28652 -102.08869 -16
    endloop
endfacet
facet normal -0 0 -1
    outer loop
        vertex 47.261406 -114.09912 -16
        vertex 41.605896 -116.28069 -16
        vertex 42.28652 -102.08869 -16
    endloop
endfacet
facet normal 0 -0 -1
    outer loop
        vertex 52.08934 -97.4523 -16
        vertex 52.803055 -111.64268 -16
        vertex 47.24484 -99.890816 -16
    endloop
endfacet
facet normal -0 0 -1
    outer loop
        vertex 52.803055 -111.64268 -16
        vertex 47.261406 -114.09912 -16
        vertex 47.24484 -99.890816 -16
    endloop
endfacet
facet normal 0 -0 -1
    outer loop
        vertex 56.808353 -94.779015 -16
        vertex 58.217495 -108.917274 -16
        vertex 52.08934 -97.4523 -16
    endloop
endfacet
facet normal -0 0 -1
    outer loop
        vertex 58.217495 -108.917274 -16
        vertex 52.803055 -111.64268 -16
        vertex 52.08934 -97.4523 -16
    endloop
endfacet
facet normal 0 -0 -1
    outer loop
        vertex 61.39051 -91.877396 -16
        vertex 63.491688 -105.92949 -16
        vertex 56.808353 -94.779015 -16
    endloop
endfacet
facet normal -0 0 -1
    outer loop
        vertex 63.491688 -105.92949 -16
        vertex 58.217495 -108.917274 -16
        vertex 56.808353 -94.779015 -16
    endloop
endfacet
facet normal 0 -0 -1
    outer loop
        vertex 65.82477 -88.75443 -16
        vertex 68.61292 -102.68649 -16
        vertex 61.39051 -91.877396 -16
    endloop
endfacet
facet normal -0 0 -1
    outer loop
        vertex 68.61292 -102.68649 -16
        vertex 63.491688 -105.92949 -16
        vertex 61.39051 -91.877396 -16
    endloop
endfacet
facet normal 0 -0 -1
    outer loop
        vertex 70.10046 -85.417656 -16
        vertex 73.56886 -99.19613 -16
        vertex 65.82477 -88.75443 -16
    endloop
endfacet
facet normal -0 0 -1
    outer loop
        vertex 73.56886 -99.19613 -16
        vertex 68.61292 -102.68649 -16
        vertex 65.82477 -88.75443 -16
    endloop
endfacet
facet normal 0 -0 -0.99999994
    outer loop
        vertex 74.20726 -81.8751 -16
        vertex 78.34757 -95.46679 -16
        vertex 70.10046 -85.417656 -16
    endloop
endfacet
facet normal -0 0 -1
    outer loop
        vertex 78.34757 -95.46679 -16
        vertex 73.56886 -99.19613 -16
        vertex 70.10046 -85.417656 -16
    endloop
endfacet
facet normal 0 -0 -1
    outer loop
        vertex 78.1353 -78.1353 -16
        vertex 82.93753 -91.50746 -16
        vertex 74.20726 -81.8751 -16
    endloop
endfacet
facet normal -0 0 -1
    outer loop
        vertex 82.93753 -91.50746 -16
        vertex 78.34757 -95.46679 -16
        vertex 74.20726 -81.8751 -16
    endloop
endfacet
facet normal 0 -0 -1
    outer loop
        vertex 81.8751 -74.20726 -16
        vertex 87.32769 -87.32769 -16
        vertex 78.1353 -78.1353 -16
    endloop
endfacet
facet normal -0 0 -1
    outer loop
        vertex 87.32769 -87.32769 -16
        vertex 82.93753 -91.50746 -16
        vertex 78.1353 -78.1353 -16
    endloop
endfacet
facet normal 0 -0 -1
    outer loop
        vertex 85.417656 -70.10046 -16
        vertex 91.50746 -82.93753 -16
        vertex 81.8751 -74.20726 -16
    endloop
endfacet
facet normal -0 0 -1
    outer loop
        vertex 91.50746 -82.93753 -16
        vertex 87.32769 -87.32769 -16
        vertex 81.8751 -74.20726 -16
    endloop
endfacet
facet normal 0 -0 -1
    outer loop
        vertex 88.75443 -65.82477 -16
        vertex 95.46679 -78.34757 -16
        vertex 85.417656 -70.10046 -16
    endloop
endfacet
facet normal -0 0 -1
    outer loop
        vertex 95.46679 -78.34757 -16
        vertex 91.50746 -82.93753 -16
        vertex 85.417656 -70.10046 -16
    endloop
endfacet
facet normal 0 -0 -1
    outer loop
        vertex 91.877396 -61.39051 -16
        vertex 99.19613 -73.56886 -16
        vertex 88.75443 -65.82477 -16
    endloop
endfacet
facet normal -0 0 -1
    outer loop
        vertex 99.19613 -73.56886 -16
        vertex 95.46679 -78.34757 -16
        vertex 88.75443 -65.82477 -16
    endloop
endfacet
facet normal 0 -0 -1
    outer loop
        vertex 94.779015 -56.808353 -16
        vertex 102.68649 -68.61292 -16
        vertex 91.877396 -61.39051 -16
    endloop
endfacet
facet normal -0 0 -1
    outer loop
        vertex 102.68649 -68.61292 -16
        vertex 99.19613 -73.56886 -16
        vertex 91.877396 -61.39051 -16
    endloop
endfacet
facet normal 0 -0 -1
    outer loop
        vertex 97.4523 -52.08934 -16
        vertex 105.92949 -63.491688 -16
        vertex 94.779015 -56.808353 -16
    endloop
endfacet
facet normal -0 0 -1
    outer loop
        vertex 105.92949 -63.491688 -16
        vertex 102.68649 -68.61292 -16
        vertex 94.779015 -56.808353 -16
    endloop
endfacet
facet normal 0 -0 -1
    outer loop
        vertex 99.890816 -47.24484 -16
        vertex 108.917274 -58.217495 -16
        vertex 97.4523 -52.08934 -16
    endloop
endfacet
facet normal -0 0 -1
    outer loop
        vertex 108.917274 -58.217495 -16
        vertex 105.92949 -63.491688 -16
        vertex 97.4523 -52.08934 -16
    endloop
endfacet
facet normal 0 -0 -1
    outer loop
        vertex 102.08869 -42.28652 -16
        vertex 111.64268 -52.803055 -16
        vertex 99.890816 -47.24484 -16
    endloop
endfacet
facet normal -0 0 -1
    outer loop
        vertex 111.64268 -52.803055 -16
        vertex 108.917274 -58.217495 -16
        vertex 99.890816 -47.24484 -16
    endloop
endfacet
facet normal 0 -0 -1
    outer loop
        vertex 104.04062 -37.22633 -16
        vertex 114.09912 -47.261406 -16
        vertex 102.08869 -42.28652 -16
    endloop
endfacet
facet normal -0 0 -1
    outer loop
        vertex 114.09912 -47.261406 -16
        vertex 111.64268 -52.803055 -16
        vertex 102.08869 -42.28652 -16
    endloop
endfacet
facet normal 0 -0 -1
    outer loop
        vertex 105.74191 -32.076454 -16
        vertex 116.28069 -41.605896 -16
        vertex 104.04062 -37.22633 -16
    endloop
endfacet
facet normal -0 0 -1
    outer loop
        vertex 116.28069 -41.605896 -16
        vertex 114.09912 -47.261406 -16
        vertex 104.04062 -37.22633 -16
    endloop
endfacet
facet normal 0 -0 -1
    outer loop
        vertex 107.18845 -26.84931 -16
        vertex 118.18213 -35.850155 -16
        vertex 105.74191 -32.076454 -16
    endloop
endfacet
facet normal -0 0 -1
    outer loop
        vertex 118.18213 -35.850155 -16
        vertex 116.28069 -41.605896 -16
        vertex 105.74191 -32.076454 -16
    endloop
endfacet
facet normal 0 -0 -1
    outer loop
        vertex 108.37677 -21.55748 -16
        vertex 119.79886 -30.00805 -16
        vertex 107.18845 -26.84931 -16
    endloop
endfacet
facet normal -0 0 -1
    outer loop
        vertex 119.79886 -30.00805 -16
        vertex 118.18213 -35.850155 -16
        vertex 107.18845 -26.84931 -16
    endloop
endfacet
facet normal 0 -0 -1
    outer loop
        vertex 109.304 -16.213717 -16
        vertex 121.126976 -24.093655 -16
        vertex 108.37677 -21.55748 -16
    endloop
endfacet
facet normal -0 0 -1
    outer loop
        vertex 121.126976 -24.093655 -16
        vertex 119.79886 -30.00805 -16
        vertex 108.37677 -21.55748 -16
    endloop
endfacet
facet normal 0 -0 -1
    outer loop
        vertex 109.96791 -10.830894 -16
        vertex 122.1633 -18.121212 -16
        vertex 109.304 -16.213717 -16
    endloop
endfacet
facet normal -0 0 -1
    outer loop
        vertex 122.1633 -18.121212 -16
        vertex 121.126976 -24.093655 -16
        vertex 109.304 -16.213717 -16
    endloop
endfacet
facet normal 0 -0 -1
    outer loop
        vertex 110.3669 -5.421978 -16
        vertex 122.90531 -12.105117 -16
        vertex 109.96791 -10.830894 -16
    endloop
endfacet
facet normal -0 0 -1
    outer loop
        vertex 122.90531 -12.105117 -16
        vertex 122.1633 -18.121212 -16
        vertex 109.96791 -10.830894 -16
    endloop
endfacet
facet normal 0 -0 -1
    outer loop
        vertex 110.5 -0 -16
        vertex 123.35124 -6.0598574 -16
        vertex 110.3669 -5.421978 -16
    endloop
endfacet
facet normal -0 0 -1
    outer loop
        vertex 123.35124 -6.0598574 -16
        vertex 122.90531 -12.105117 -16
        vertex 110.3669 -5.421978 -16
    endloop
endfacet
facet normal 0 0 -1
    outer loop
        vertex 110.3669 5.421978 -16
        vertex 123.5 -0 -16
        vertex 110.5 -0 -16
    endloop
endfacet
facet normal -0 0 -1
    outer loop
        vertex 123.5 -0 -16
        vertex 123.35124 -6.0598574 -16
        vertex 110.5 -0 -16
    endloop
endfacet
facet normal 0 0 -1
    outer loop
        vertex 109.96791 10.830894 -16
        vertex 123.35124 6.0598574 -16
        vertex 110.3669 5.421978 -16
    endloop
endfacet
facet normal 0 -0 -1
    outer loop
        vertex 123.35124 6.0598574 -16
        vertex 123.5 -0 -16
        vertex 110.3669 5.421978 -16
    endloop
endfacet
facet normal 0 0 -0.99999994
    outer loop
        vertex 109.304 16.213717 -16
        vertex 122.90531 12.105117 -16
        vertex 109.96791 10.830894 -16
    endloop
endfacet
facet normal 0 -0 -1
    outer loop
        vertex 122.90531 12.105117 -16
        vertex 123.35124 6.0598574 -16
        vertex 109.96791 10.830894 -16
    endloop
endfacet
facet normal 0 0 -1
    outer loop
        vertex 108.37677 21.55748 -16
        vertex 122.1633 18.121212 -16
        vertex 109.304 16.213717 -16
    endloop
endfacet
facet normal 0 -0 -1
    outer loop
        vertex 122.1633 18.121212 -16
        vertex 122.90531 12.105117 -16
        vertex 109.304 16.213717 -16
    endloop
endfacet
facet normal 0 0 -1
    outer loop
        vertex 107.18845 26.84931 -16
        vertex 121.126976 24.093655 -16
        vertex 108.37677 21.55748 -16
    endloop
endfacet
facet normal 0 -0 -1
    outer loop
        vertex 121.126976 24.093655 -16
        vertex 122.1633 18.121212 -16
        vertex 108.37677 21.55748 -16
    endloop
endfacet
facet normal 0 0 -1
    outer loop
        vertex 105.74191 32.076454 -16
        vertex 119.79886 30.00805 -16
        vertex 107.18845 26.84931 -16
    endloop
endfacet
facet normal 0 -0 -1
    outer loop
        vertex 119.79886 30.00805 -16
        vertex 121.126976 24.093655 -16
        vertex 107.18845 26.84931 -16
    endloop
endfacet
facet normal 0 0 -1
    outer loop
        vertex 104.04062 37.22633 -16
        vertex 118.18213 35.850155 -16
        vertex 105.74191 32.076454 -16
    endloop
endfacet
facet normal 0 -0 -1
    outer loop
        vertex 118.18213 35.850155 -16
        vertex 119.79886 30.00805 -16
        vertex 105.74191 32.076454 -16
    endloop
endfacet
facet normal 0 0 -1
    outer loop
        vertex 102.08869 42.28652 -16
        vertex 116.28069 41.605896 -16
        vertex 104.04062 37.22633 -16
    endloop
endfacet
facet normal 0 -0 -1
    outer loop
        vertex 116.28069 41.605896 -16
        vertex 118.18213 35.850155 -16
        vertex 104.04062 37.22633 -16
    endloop
endfacet
facet normal 0 0 -1
    outer loop
        vertex 99.890816 47.24484 -16
        vertex 114.09912 47.261406 -16
        vertex 102.08869 42.28652 -16
    endloop
endfacet
facet normal 0 -0 -1
    outer loop
        vertex 114.09912 47.261406 -16
        vertex 116.28069 41.605896 -16
        vertex 102.08869 42.28652 -16
    endloop
endfacet
facet normal 0 0 -1
    outer loop
        vertex 97.4523 52.08934 -16
        vertex 111.64268 52.803055 -16
        vertex 99.890816 47.24484 -16
    endloop
endfacet
facet normal 0 -0 -1
    outer loop
        vertex 111.64268 52.803055 -16
        vertex 114.09912 47.261406 -16
        vertex 99.890816 47.24484 -16
    endloop
endfacet
facet normal 0 0 -1
    outer loop
        vertex 94.779015 56.808353 -16
        vertex 108.917274 58.217495 -16
        vertex 97.4523 52.08934 -16
    endloop
endfacet
facet normal 0 -0 -1
    outer loop
        vertex 108.917274 58.217495 -16
        vertex 111.64268 52.803055 -16
        vertex 97.4523 52.08934 -16
    endloop
endfacet
facet normal 0 0 -1
    outer loop
        vertex 91.877396 61.39051 -16
        vertex 105.92949 63.491688 -16
        vertex 94.779015 56.808353 -16
    endloop
endfacet
facet normal 0 -0 -1
    outer loop
        vertex 105.92949 63.491688 -16
        vertex 108.917274 58.217495 -16
        vertex 94.779015 56.808353 -16
    endloop
endfacet
facet normal 0 0 -1
    outer loop
        vertex 88.75443 65.82477 -16
        vertex 102.68649 68.61292 -16
        vertex 91.877396 61.39051 -16
    endloop
endfacet
facet normal 0 -0 -1
    outer loop
        vertex 102.68649 68.61292 -16
        vertex 105.92949 63.491688 -16
        vertex 91.877396 61.39051 -16
    endloop
endfacet
facet normal 0 0 -1
    outer loop
        vertex 85.417656 70.10046 -16
        vertex 99.19613 73.56886 -16
        vertex 88.75443 65.82477 -16
    endloop
endfacet
facet normal 0 -0 -1
    outer loop
        vertex 99.19613 73.56886 -16
        vertex 102.68649 68.61292 -16
        vertex 88.75443 65.82477 -16
    endloop
endfacet
facet normal 0 0 -0.99999994
    outer loop
        vertex 81.8751 74.20726 -16
        vertex 95.46679 78.34757 -16
        vertex 85.417656 70.10046 -16
    endloop
endfacet
facet normal 0 -0 -1
    outer loop
        vertex 95.46679 78.34757 -16
        vertex 99.19613 73.56886 -16
        vertex 85.417656 70.10046 -16
    endloop
endfacet
facet normal 0 0 -1
    outer loop
        vertex 78.1353 78.1353 -16
        vertex 91.50746 82.93753 -16
        vertex 81.8751 74.20726 -16
    endloop
endfacet
facet normal 0 -0 -1
    outer loop
        vertex 91.50746 82.93753 -16
        vertex 95.46679 78.34757 -16
        vertex 81.8751 74.20726 -16
    endloop
endfacet
facet normal 0 0 -1
    outer loop
        vertex 74.20726 81.8751 -16
        vertex 87.32769 87.32769 -16
        vertex 78.1353 78.1353 -16
    endloop
endfacet
facet normal 0 -0 -1
    outer loop
        vertex 87.32769 87.32769 -16
        vertex 91.50746 82.93753 -16
        vertex 78.1353 78.1353 -16
    endloop
endfacet
facet normal 0 0 -1
    outer loop
        vertex 70.10046 85.417656 -16
        vertex 82.93753 91.50746 -16
        vertex 74.20726 81.8751 -16
    endloop
endfacet
facet normal 0 -0 -1
    outer loop
        vertex 82.93753 91.50746 -16
        vertex 87.32769 87.32769 -16
        vertex 74.20726 81.8751 -16
    endloop
endfacet
facet normal 0 0 -1
    outer loop
        vertex 65.82477 88.75443 -16
        vertex 78.34757 95.46679 -16
        vertex 70.10046 85.417656 -16
    endloop
endfacet
facet normal 0 -0 -1
    outer loop
        vertex 78.34757 95.46679 -16
        vertex 82.93753 91.50746 -16
        vertex 70.10046 85.417656 -16
    endloop
endfacet
facet normal 0 0 -1
    outer loop
        vertex 61.39051 91.877396 -16
        vertex 73.56886 99.19613 -16
        vertex 65.82477 88.75443 -16
    endloop
endfacet
facet normal 0 -0 -1
    outer loop
        vertex 73.56886 99.19613 -16
        vertex 78.34757 95.46679 -16
        vertex 65.82477 88.75443 -16
    endloop
endfacet
facet normal 0 0 -1
    outer loop
        vertex 56.808353 94.779015 -16
        vertex 68.61292 102.68649 -16
        vertex 61.39051 91.877396 -16
    endloop
endfacet
facet normal 0 -0 -1
    outer loop
        vertex 68.61292 102.68649 -16
        vertex 73.56886 99.19613 -16
        vertex 61.39051 91.877396 -16
    endloop
endfacet
facet normal 0 0 -1
    outer loop
        vertex 52.08934 97.4523 -16
        vertex 63.491688 105.92949 -16
        vertex 56.808353 94.779015 -16
    endloop
endfacet
facet normal 0 -0 -1
    outer loop
        vertex 63.491688 105.92949 -16
        vertex 68.61292 102.68649 -16
        vertex 56.808353 94.779015 -16
    endloop
endfacet
facet normal 0 0 -1
    outer loop
        vertex 47.24484 99.890816 -16
        vertex 58.217495 108.917274 -16
        vertex 52.08934 97.4523 -16
    endloop
endfacet
facet normal 0 -0 -1
    outer loop
        vertex 58.217495 108.917274 -16
        vertex 63.491688 105.92949 -16
        vertex 52.08934 97.4523 -16
    endloop
endfacet
facet normal 0 0 -1
    outer loop
        vertex 42.28652 102.08869 -16
        vertex 52.803055 111.64268 -16
        vertex 47.24484 99.890816 -16
    endloop
endfacet
facet normal 0 -0 -1
    outer loop
        vertex 52.803055 111.64268 -16
        vertex 58.217495 108.917274 -16
        vertex 47.24484 99.890816 -16
    endloop
endfacet
facet normal 0 0 -1
    outer loop
        vertex 37.22633 104.04062 -16
        vertex 47.261406 114.09912 -16
        vertex 42.28652 102.08869 -16
    endloop
endfacet
facet normal 0 -0 -1
    outer loop
        vertex 47.261406 114.09912 -16
        vertex 52.803055 111.64268 -16
        vertex 42.28652 102.08869 -16
    endloop
endfacet
facet normal 0 0 -1
    outer loop
        vertex 32.076454 105.74191 -16
        vertex 41.605896 116.28069 -16
        vertex 37.22633 104.04062 -16
    endloop
endfacet
facet normal 0 -0 -1
    outer loop
        vertex 41.605896 116.28069 -16
        vertex 47.261406 114.09912 -16
        vertex 37.22633 104.04062 -16
    endloop
endfacet
facet normal 0 0 -1
    outer loop
        vertex 26.84931 107.18845 -16
        vertex 35.850155 118.18213 -16
        vertex 32.076454 105.74191 -16
    endloop
endfacet
facet normal 0 -0 -1
    outer loop
        vertex 35.850155 118.18213 -16
        vertex 41.605896 116.28069 -16
        vertex 32.076454 105.74191 -16
    endloop
endfacet
facet normal 0 0 -1
    outer loop
        vertex 21.55748 108.37677 -16
        vertex 30.00805 119.79886 -16
        vertex 26.84931 107.18845 -16
    endloop
endfacet
facet normal 0 -0 -1
    outer loop
        vertex 30.00805 119.79886 -16
        vertex 35.850155 118.18213 -16
        vertex 26.84931 107.18845 -16
    endloop
endfacet
facet normal 0 0 -1
    outer loop
        vertex -30.00805 119.79886 -16
        vertex -24.093655 121.126976 -16
        vertex -26.84931 107.18845 -16
    endloop
endfacet
facet normal 0 0 -1
    outer loop
        vertex -21.55748 108.37677 -16
        vertex -18.121212 122.1633 -16
        vertex -16.213717 109.304 -16
    endloop
endfacet
facet normal 0 0 -1
    outer loop
        vertex -78.34757 95.46679 -16
        vertex -73.56886 99.19613 -16
        vertex -70.10046 85.417656 -16
    endloop
endfacet
facet normal 0 0 -1
    outer loop
        vertex -65.82477 88.75443 -16
        vertex -68.61292 102.68649 -16
        vertex -61.39051 91.877396 -16
    endloop
endfacet
facet normal 0 0 -1
    outer loop
        vertex -56.808353 94.779015 -16
        vertex -63.491688 105.92949 -16
        vertex -58.217495 108.917274 -16
    endloop
endfacet
facet normal -0 0 -1
    outer loop
        vertex -47.24484 99.890816 -16
        vertex -52.08934 97.4523 -16
        vertex -52.803055 111.64268 -16
    endloop
endfacet
facet normal 0 0 -1
    outer loop
        vertex -41.605896 116.28069 -16
        vertex -42.28652 102.08869 -16
        vertex -47.261406 114.09912 -16
    endloop
endfacet
facet normal 0 -0 -1
    outer loop
        vertex -35.850155 118.18213 -16
        vertex -32.076454 105.74191 -16
        vertex -37.22633 104.04062 -16
    endloop
endfacet
facet normal 0 0 -1
    outer loop
        vertex -6.0598574 123.35124 -16
        vertex -10.830894 109.96791 -16
        vertex -12.105117 122.90531 -16
    endloop
endfacet
facet normal 0 0 -1
    outer loop
        vertex 0.000000000000007562194 123.5 -16
        vertex 0 110.5 -16
        vertex -6.0598574 123.35124 -16
    endloop
endfacet
facet normal -0 0 -1
    outer loop
        vertex 6.0598574 123.35124 -16
        vertex 0 110.5 -16
        vertex 0.000000000000007562194 123.5 -16
    endloop
endfacet
facet normal 0 0 -1
    outer loop
        vertex 5.421978 110.3669 -16
        vertex 0 110.5 -16
        vertex 6.0598574 123.35124 -16
    endloop
endfacet
facet normal -0 0 -1
    outer loop
        vertex 12.105117 122.90531 -16
        vertex 5.421978 110.3669 -16
        vertex 6.0598574 123.35124 -16
    endloop
endfacet
facet normal 0 0 -1
    outer loop
        vertex 10.830894 109.96791 -16
        vertex 5.421978 110.3669 -16
        vertex 12.105117 122.90531 -16
    endloop
endfacet
facet normal 0 0 -1
    outer loop
        vertex 10.830894 109.96791 -16
        vertex 12.105117 122.90531 -16
        vertex 18.121212 122.1633 -16
    endloop
endfacet
facet normal 0 0 -1
    outer loop
        vertex 10.830894 109.96791 -16
        vertex 18.121212 122.1633 -16
        vertex 16.213717 109.304 -16
    endloop
endfacet
facet normal 0 -0 -1
    outer loop
        vertex 18.121212 122.1633 -16
        vertex 24.093655 121.126976 -16
        vertex 16.213717 109.304 -16
    endloop
endfacet
facet normal 0 0 -1
    outer loop
        vertex 24.093655 121.126976 -16
        vertex 21.55748 108.37677 -16
        vertex 16.213717 109.304 -16
    endloop
endfacet
facet normal -0 0 -1
    outer loop
        vertex 30.00805 119.79886 -16
        vertex 21.55748 108.37677 -16
        vertex 24.093655 121.126976 -16
    endloop
endfacet
facet normal 0 0 -1
    outer loop
        vertex -78.34757 95.46679 -16
        vertex -70.10046 85.417656 -16
        vertex -74.20726 81.8751 -16
    endloop
endfacet
facet normal 0 0 1
    outer loop
        vertex -5.421978 110.3669 16
        vertex -6.0598574 123.35124 16
        vertex -10.830894 109.96791 16
    endloop
endfacet
facet normal 0 -0 1
    outer loop
        vertex -5.421978 110.3669 16
        vertex 0 110.5 16
        vertex -6.0598574 123.35124 16
    endloop
endfacet
facet normal 0 0 0.99999994
    outer loop
        vertex -10.830894 109.96791 16
        vertex -12.105117 122.90531 16
        vertex -16.213717 109.304 16
    endloop
endfacet
facet normal 0 -0 1
    outer loop
        vertex -16.213717 109.304 16
        vertex -12.105117 122.90531 16
        vertex -18.121212 122.1633 16
    endloop
endfacet
facet normal 0 -0 1
    outer loop
        vertex -21.55748 108.37677 16
        vertex -18.121212 122.1633 16
        vertex -24.093655 121.126976 16
    endloop
endfacet
facet normal 0 0 1
    outer loop
        vertex -26.84931 107.18845 16
        vertex -21.55748 108.37677 16
        vertex -24.093655 121.126976 16
    endloop
endfacet
facet normal 0 0 1
    outer loop
        vertex -32.076454 105.74191 16
        vertex -26.84931 107.18845 16
        vertex -30.00805 119.79886 16
    endloop
endfacet
facet normal -0 0 1
    outer loop
        vertex -35.850155 118.18213 16
        vertex -32.076454 105.74191 16
        vertex -30.00805 119.79886 16
    endloop
endfacet
facet normal -0 0 1
    outer loop
        vertex -41.605896 116.28069 16
        vertex -37.22633 104.04062 16
        vertex -35.850155 118.18213 16
    endloop
endfacet
facet normal 0 0 1
    outer loop
        vertex -41.605896 116.28069 16
        vertex -42.28652 102.08869 16
        vertex -37.22633 104.04062 16
    endloop
endfacet
facet normal 0 0 1
    outer loop
        vertex -47.261406 114.09912 16
        vertex -47.24484 99.890816 16
        vertex -42.28652 102.08869 16
    endloop
endfacet
facet normal 0 0 1
    outer loop
        vertex -47.24484 99.890816 16
        vertex -47.261406 114.09912 16
        vertex -52.803055 111.64268 16
    endloop
endfacet
facet normal 0 0 1
    outer loop
        vertex -52.08934 97.4523 16
        vertex -52.803055 111.64268 16
        vertex -58.217495 108.917274 16
    endloop
endfacet
facet normal 0 -0 1
    outer loop
        vertex -56.808353 94.779015 16
        vertex -52.08934 97.4523 16
        vertex -58.217495 108.917274 16
    endloop
endfacet
facet normal 0 -0 1
    outer loop
        vertex -61.39051 91.877396 16
        vertex -56.808353 94.779015 16
        vertex -63.491688 105.92949 16
    endloop
endfacet
facet normal -0 0 1
    outer loop
        vertex -68.61292 102.68649 16
        vertex -61.39051 91.877396 16
        vertex -63.491688 105.92949 16
    endloop
endfacet
facet normal -0 0 1
    outer loop
        vertex -73.56886 99.19613 16
        vertex -65.82477 88.75443 16
        vertex -68.61292 102.68649 16
    endloop
endfacet
facet normal 0 0 1
    outer loop
        vertex -73.56886 99.19613 16
        vertex -70.10046 85.417656 16
        vertex -65.82477 88.75443 16
    endloop
endfacet
facet normal 0 -0 1
    outer loop
        vertex -78.1353 78.1353 16
        vertex -74.20726 81.8751 16
        vertex -82.93753 91.50746 16
    endloop
endfacet
facet normal -0 0 1
    outer loop
        vertex -82.93753 91.50746 16
        vertex -74.20726 81.8751 16
        vertex -78.34757 95.46679 16
    endloop
endfacet
facet normal 0 -0 1
    outer loop
        vertex -81.8751 74.20726 16
        vertex -78.1353 78.1353 16
        vertex -87.32769 87.32769 16
    endloop
endfacet
facet normal -0 0 1
    outer loop
        vertex -87.32769 87.32769 16
        vertex -78.1353 78.1353 16
        vertex -82.93753 91.50746 16
    endloop
endfacet
facet normal 0 -0 1
    outer loop
        vertex -85.417656 70.10046 16
        vertex -81.8751 74.20726 16
        vertex -91.50746 82.93753 16
    endloop
endfacet
facet normal -0 0 1
    outer loop
        vertex -91.50746 82.93753 16
        vertex -81.8751 74.20726 16
        vertex -87.32769 87.32769 16
    endloop
endfacet
facet normal 0 -0 1
    outer loop
        vertex -88.75443 65.82477 16
        vertex -85.417656 70.10046 16
        vertex -95.46679 78.34757 16
    endloop
endfacet
facet normal -0 0 1
    outer loop
        vertex -95.46679 78.34757 16
        vertex -85.417656 70.10046 16
        vertex -91.50746 82.93753 16
    endloop
endfacet
facet normal 0 -0 1
    outer loop
        vertex -91.877396 61.39051 16
        vertex -88.75443 65.82477 16
        vertex -99.19613 73.56886 16
    endloop
endfacet
facet normal -0 0 1
    outer loop
        vertex -99.19613 73.56886 16
        vertex -88.75443 65.82477 16
        vertex -95.46679 78.34757 16
    endloop
endfacet
facet normal 0 -0 1
    outer loop
        vertex -94.779015 56.808353 16
        vertex -91.877396 61.39051 16
        vertex -102.68649 68.61292 16
    endloop
endfacet
facet normal -0 0 1
    outer loop
        vertex -102.68649 68.61292 16
        vertex -91.877396 61.39051 16
        vertex -99.19613 73.56886 16
    endloop
endfacet
facet normal 0 -0 1
    outer loop
        vertex -97.4523 52.08934 16
        vertex -94.779015 56.808353 16
        vertex -105.92949 63.491688 16
    endloop
endfacet
facet normal -0 0 1
    outer loop
        vertex -105.92949 63.491688 16
        vertex -94.779015 56.808353 16
        vertex -102.68649 68.61292 16
    endloop
endfacet
facet normal 0 -0 1
    outer loop
        vertex -99.890816 47.24484 16
        vertex -97.4523 52.08934 16
        vertex -108.917274 58.217495 16
    endloop
endfacet
facet normal -0 0 1
    outer loop
        vertex -108.917274 58.217495 16
        vertex -97.4523 52.08934 16
        vertex -105.92949 63.491688 16
    endloop
endfacet
facet normal 0 -0 1
    outer loop
        vertex -102.08869 42.28652 16
        vertex -99.890816 47.24484 16
        vertex -111.64268 52.803055 16
    endloop
endfacet
facet normal -0 0 1
    outer loop
        vertex -111.64268 52.803055 16
        vertex -99.890816 47.24484 16
        vertex -108.917274 58.217495 16
    endloop
endfacet
facet normal 0 -0 1
    outer loop
        vertex -104.04062 37.22633 16
        vertex -102.08869 42.28652 16
        vertex -114.09912 47.261406 16
    endloop
endfacet
facet normal -0 0 1
    outer loop
        vertex -114.09912 47.261406 16
        vertex -102.08869 42.28652 16
        vertex -111.64268 52.803055 16
    endloop
endfacet
facet normal 0 -0 1
    outer loop
        vertex -105.74191 32.076454 16
        vertex -104.04062 37.22633 16
        vertex -116.28069 41.605896 16
    endloop
endfacet
facet normal -0 0 1
    outer loop
        vertex -116.28069 41.605896 16
        vertex -104.04062 37.22633 16
        vertex -114.09912 47.261406 16
    endloop
endfacet
facet normal 0 -0 1
    outer loop
        vertex -107.18845 26.84931 16
        vertex -105.74191 32.076454 16
        vertex -118.18213 35.850155 16
    endloop
endfacet
facet normal -0 0 1
    outer loop
        vertex -118.18213 35.850155 16
        vertex -105.74191 32.076454 16
        vertex -116.28069 41.605896 16
    endloop
endfacet
facet normal 0 -0 1
    outer loop
        vertex -108.37677 21.55748 16
        vertex -107.18845 26.84931 16
        vertex -119.79886 30.00805 16
    endloop
endfacet
facet normal -0 0 1
    outer loop
        vertex -119.79886 30.00805 16
        vertex -107.18845 26.84931 16
        vertex -118.18213 35.850155 16
    endloop
endfacet
facet normal 0 -0 1
    outer loop
        vertex -109.304 16.213717 16
        vertex -108.37677 21.55748 16
        vertex -121.126976 24.093655 16
    endloop
endfacet
facet normal -0 0 1
    outer loop
        vertex -121.126976 24.093655 16
        vertex -108.37677 21.55748 16
        vertex -119.79886 30.00805 16
    endloop
endfacet
facet normal 0 -0 1
    outer loop
        vertex -109.96791 10.830894 16
        vertex -109.304 16.213717 16
        vertex -122.1633 18.121212 16
    endloop
endfacet
facet normal -0 0 1
    outer loop
        vertex -122.1633 18.121212 16
        vertex -109.304 16.213717 16
        vertex -121.126976 24.093655 16
    endloop
endfacet
facet normal 0 -0 1
    outer loop
        vertex -110.3669 5.421978 16
        vertex -109.96791 10.830894 16
        vertex -122.90531 12.105117 16
    endloop
endfacet
facet normal -0 0 1
    outer loop
        vertex -122.90531 12.105117 16
        vertex -109.96791 10.830894 16
        vertex -122.1633 18.121212 16
    endloop
endfacet
facet normal 0 -0 1
    outer loop
        vertex -110.5 -0 16
        vertex -110.3669 5.421978 16
        vertex -123.35124 6.0598574 16
    endloop
endfacet
facet normal -0 0 1
    outer loop
        vertex -123.35124 6.0598574 16
        vertex -110.3669 5.421978 16
        vertex -122.90531 12.105117 16
    endloop
endfacet
facet normal 0 0 1
    outer loop
        vertex -110.3669 -5.421978 16
        vertex -110.5 -0 16
        vertex -123.5 -0 16
    endloop
endfacet
facet normal 0 0 1
    outer loop
        vertex -123.5 -0 16
        vertex -110.5 -0 16
        vertex -123.35124 6.0598574 16
    endloop
endfacet
facet normal 0 0 1
    outer loop
        vertex -109.96791 -10.830894 16
        vertex -110.3669 -5.421978 16
        vertex -123.35124 -6.0598574 16
    endloop
endfacet
facet normal 0 -0 1
    outer loop
        vertex -123.35124 -6.0598574 16
        vertex -110.3669 -5.421978 16
        vertex -123.5 -0 16
    endloop
endfacet
facet normal 0 0 0.99999994
    outer loop
        vertex -109.304 -16.213717 16
        vertex -109.96791 -10.830894 16
        vertex -122.90531 -12.105117 16
    endloop
endfacet
facet normal 0 -0 1
    outer loop
        vertex -122.90531 -12.105117 16
        vertex -109.96791 -10.830894 16
        vertex -123.35124 -6.0598574 16
    endloop
endfacet
facet normal 0 0 1
    outer loop
        vertex -108.37677 -21.55748 16
        vertex -109.304 -16.213717 16
        vertex -122.1633 -18.121212 16
    endloop
endfacet
facet normal 0 -0 1
    outer loop
        vertex -122.1633 -18.121212 16
        vertex -109.304 -16.213717 16
        vertex -122.90531 -12.105117 16
    endloop
endfacet
facet normal 0 0 1
    outer loop
        vertex -107.18845 -26.84931 16
        vertex -108.37677 -21.55748 16
        vertex -121.126976 -24.093655 16
    endloop
endfacet
facet normal 0 -0 1
    outer loop
        vertex -121.126976 -24.093655 16
        vertex -108.37677 -21.55748 16
        vertex -122.1633 -18.121212 16
    endloop
endfacet
facet normal 0 0 1
    outer loop
        vertex -105.74191 -32.076454 16
        vertex -107.18845 -26.84931 16
        vertex -119.79886 -30.00805 16
    endloop
endfacet
facet normal 0 -0 1
    outer loop
        vertex -119.79886 -30.00805 16
        vertex -107.18845 -26.84931 16
        vertex -121.126976 -24.093655 16
    endloop
endfacet
facet normal 0 0 1
    outer loop
        vertex -104.04062 -37.22633 16
        vertex -105.74191 -32.076454 16
        vertex -118.18213 -35.850155 16
    endloop
endfacet
facet normal 0 -0 1
    outer loop
        vertex -118.18213 -35.850155 16
        vertex -105.74191 -32.076454 16
        vertex -119.79886 -30.00805 16
    endloop
endfacet
facet normal 0 0 1
    outer loop
        vertex -102.08869 -42.28652 16
        vertex -104.04062 -37.22633 16
        vertex -116.28069 -41.605896 16
    endloop
endfacet
facet normal 0 -0 1
    outer loop
        vertex -116.28069 -41.605896 16
        vertex -104.04062 -37.22633 16
        vertex -118.18213 -35.850155 16
    endloop
endfacet
facet normal 0 0 1
    outer loop
        vertex -99.890816 -47.24484 16
        vertex -102.08869 -42.28652 16
        vertex -114.09912 -47.261406 16
    endloop
endfacet
facet normal 0 -0 1
    outer loop
        vertex -114.09912 -47.261406 16
        vertex -102.08869 -42.28652 16
        vertex -116.28069 -41.605896 16
    endloop
endfacet
facet normal 0 0 1
    outer loop
        vertex -97.4523 -52.08934 16
        vertex -99.890816 -47.24484 16
        vertex -111.64268 -52.803055 16
    endloop
endfacet
facet normal 0 -0 1
    outer loop
        vertex -111.64268 -52.803055 16
        vertex -99.890816 -47.24484 16
        vertex -114.09912 -47.261406 16
    endloop
endfacet
facet normal 0 0 1
    outer loop
        vertex -94.779015 -56.808353 16
        vertex -97.4523 -52.08934 16
        vertex -108.917274 -58.217495 16
    endloop
endfacet
facet normal 0 -0 1
    outer loop
        vertex -108.917274 -58.217495 16
        vertex -97.4523 -52.08934 16
        vertex -111.64268 -52.803055 16
    endloop
endfacet
facet normal 0 0 1
    outer loop
        vertex -91.877396 -61.39051 16
        vertex -94.779015 -56.808353 16
        vertex -105.92949 -63.491688 16
    endloop
endfacet
facet normal 0 -0 1
    outer loop
        vertex -105.92949 -63.491688 16
        vertex -94.779015 -56.808353 16
        vertex -108.917274 -58.217495 16
    endloop
endfacet
facet normal 0 0 1
    outer loop
        vertex -88.75443 -65.82477 16
        vertex -91.877396 -61.39051 16
        vertex -102.68649 -68.61292 16
    endloop
endfacet
facet normal 0 -0 1
    outer loop
        vertex -102.68649 -68.61292 16
        vertex -91.877396 -61.39051 16
        vertex -105.92949 -63.491688 16
    endloop
endfacet
facet normal 0 0 1
    outer loop
        vertex -85.417656 -70.10046 16
        vertex -88.75443 -65.82477 16
        vertex -99.19613 -73.56886 16
    endloop
endfacet
facet normal 0 -0 1
    outer loop
        vertex -99.19613 -73.56886 16
        vertex -88.75443 -65.82477 16
        vertex -102.68649 -68.61292 16
    endloop
endfacet
facet normal 0 0 0.99999994
    outer loop
        vertex -81.8751 -74.20726 16
        vertex -85.417656 -70.10046 16
        vertex -95.46679 -78.34757 16
    endloop
endfacet
facet normal 0 -0 1
    outer loop
        vertex -95.46679 -78.34757 16
        vertex -85.417656 -70.10046 16
        vertex -99.19613 -73.56886 16
    endloop
endfacet
facet normal 0 0 1
    outer loop
        vertex -78.1353 -78.1353 16
        vertex -81.8751 -74.20726 16
        vertex -91.50746 -82.93753 16
    endloop
endfacet
facet normal 0 -0 1
    outer loop
        vertex -91.50746 -82.93753 16
        vertex -81.8751 -74.20726 16
        vertex -95.46679 -78.34757 16
    endloop
endfacet
facet normal 0 0 1
    outer loop
        vertex -74.20726 -81.8751 16
        vertex -78.1353 -78.1353 16
        vertex -87.32769 -87.32769 16
    endloop
endfacet
facet normal 0 -0 1
    outer loop
        vertex -87.32769 -87.32769 16
        vertex -78.1353 -78.1353 16
        vertex -91.50746 -82.93753 16
    endloop
endfacet
facet normal 0 0 1
    outer loop
        vertex -70.10046 -85.417656 16
        vertex -74.20726 -81.8751 16
        vertex -82.93753 -91.50746 16
    endloop
endfacet
facet normal 0 -0 1
    outer loop
        vertex -82.93753 -91.50746 16
        vertex -74.20726 -81.8751 16
        vertex -87.32769 -87.32769 16
    endloop
endfacet
facet normal 0 0 1
    outer loop
        vertex -65.82477 -88.75443 16
        vertex -70.10046 -85.417656 16
        vertex -78.34757 -95.46679 16
    endloop
endfacet
facet normal 0 -0 1
    outer loop
        vertex -78.34757 -95.46679 16
        vertex -70.10046 -85.417656 16
        vertex -82.93753 -91.50746 16
    endloop
endfacet
facet normal 0 0 1
    outer loop
        vertex -61.39051 -91.877396 16
        vertex -65.82477 -88.75443 16
        vertex -73.56886 -99.19613 16
    endloop
endfacet
facet normal 0 -0 1
    outer loop
        vertex -73.56886 -99.19613 16
        vertex -65.82477 -88.75443 16
        vertex -78.34757 -95.46679 16
    endloop
endfacet
facet normal 0 0 1
    outer loop
        vertex -56.808353 -94.779015 16
        vertex -61.39051 -91.877396 16
        vertex -68.61292 -102.68649 16
    endloop
endfacet
facet normal 0 -0 1
    outer loop
        vertex -68.61292 -102.68649 16
        vertex -61.39051 -91.877396 16
        vertex -73.56886 -99.19613 16
    endloop
endfacet
facet normal 0 0 1
    outer loop
        vertex -52.08934 -97.4523 16
        vertex -56.808353 -94.779015 16
        vertex -63.491688 -105.92949 16
    endloop
endfacet
facet normal 0 -0 1
    outer loop
        vertex -63.491688 -105.92949 16
        vertex -56.808353 -94.779015 16
        vertex -68.61292 -102.68649 16
    endloop
endfacet
facet normal 0 0 1
    outer loop
        vertex -47.24484 -99.890816 16
        vertex -52.08934 -97.4523 16
        vertex -58.217495 -108.917274 16
    endloop
endfacet
facet normal 0 -0 1
    outer loop
        vertex -58.217495 -108.917274 16
        vertex -52.08934 -97.4523 16
        vertex -63.491688 -105.92949 16
    endloop
endfacet
facet normal 0 0 1
    outer loop
        vertex -42.28652 -102.08869 16
        vertex -47.24484 -99.890816 16
        vertex -52.803055 -111.64268 16
    endloop
endfacet
facet normal 0 -0 1
    outer loop
        vertex -52.803055 -111.64268 16
        vertex -47.24484 -99.890816 16
        vertex -58.217495 -108.917274 16
    endloop
endfacet
facet normal 0 0 1
    outer loop
        vertex -37.22633 -104.04062 16
        vertex -42.28652 -102.08869 16
        vertex -47.261406 -114.09912 16
    endloop
endfacet
facet normal 0 -0 1
    outer loop
        vertex -47.261406 -114.09912 16
        vertex -42.28652 -102.08869 16
        vertex -52.803055 -111.64268 16
    endloop
endfacet
facet normal 0 0 1
    outer loop
        vertex -32.076454 -105.74191 16
        vertex -37.22633 -104.04062 16
        vertex -41.605896 -116.28069 16
    endloop
endfacet
facet normal 0 -0 1
    outer loop
        vertex -41.605896 -116.28069 16
        vertex -37.22633 -104.04062 16
        vertex -47.261406 -114.09912 16
    endloop
endfacet
facet normal 0 0 1
    outer loop
        vertex -26.84931 -107.18845 16
        vertex -32.076454 -105.74191 16
        vertex -35.850155 -118.18213 16
    endloop
endfacet
facet normal 0 -0 1
    outer loop
        vertex -35.850155 -118.18213 16
        vertex -32.076454 -105.74191 16
        vertex -41.605896 -116.28069 16
    endloop
endfacet
facet normal 0 0 1
    outer loop
        vertex -21.55748 -108.37677 16
        vertex -26.84931 -107.18845 16
        vertex -30.00805 -119.79886 16
    endloop
endfacet
facet normal 0 -0 1
    outer loop
        vertex -30.00805 -119.79886 16
        vertex -26.84931 -107.18845 16
        vertex -35.850155 -118.18213 16
    endloop
endfacet
facet normal 0 0 1
    outer loop
        vertex -16.213717 -109.304 16
        vertex -21.55748 -108.37677 16
        vertex -24.093655 -121.126976 16
    endloop
endfacet
facet normal 0 -0 1
    outer loop
        vertex -24.093655 -121.126976 16
        vertex -21.55748 -108.37677 16
        vertex -30.00805 -119.79886 16
    endloop
endfacet
facet normal 0 0 1
    outer loop
        vertex -10.830894 -109.96791 16
        vertex -16.213717 -109.304 16
        vertex -18.121212 -122.1633 16
    endloop
endfacet
facet normal 0 -0 1
    outer loop
        vertex -18.121212 -122.1633 16
        vertex -16.213717 -109.304 16
        vertex -24.093655 -121.126976 16
    endloop
endfacet
facet normal 0 0 1
    outer loop
        vertex -5.421978 -110.3669 16
        vertex -10.830894 -109.96791 16
        vertex -12.105117 -122.90531 16
    endloop
endfacet
facet normal 0 -0 1
    outer loop
        vertex -12.105117 -122.90531 16
        vertex -10.830894 -109.96791 16
        vertex -18.121212 -122.1633 16
    endloop
endfacet
facet normal 0 0 1
    outer loop
        vertex 0 -110.5 16
        vertex -5.421978 -110.3669 16
        vertex -6.0598574 -123.35124 16
    endloop
endfacet
facet normal 0 -0 1
    outer loop
        vertex -6.0598574 -123.35124 16
        vertex -5.421978 -110.3669 16
        vertex -12.105117 -122.90531 16
    endloop
endfacet
facet normal 0 0 1
    outer loop
        vertex 5.421978 -110.3669 16
        vertex 0 -110.5 16
        vertex -0.000000000000007562194 -123.5 16
    endloop
endfacet
facet normal 0 -0 1
    outer loop
        vertex -0.000000000000007562194 -123.5 16
        vertex 0 -110.5 16
        vertex -6.0598574 -123.35124 16
    endloop
endfacet
facet normal 0 0 1
    outer loop
        vertex 10.830894 -109.96791 16
        vertex 5.421978 -110.3669 16
        vertex 6.0598574 -123.35124 16
    endloop
endfacet
facet normal 0 0 1
    outer loop
        vertex 6.0598574 -123.35124 16
        vertex 5.421978 -110.3669 16
        vertex -0.000000000000007562194 -123.5 16
    endloop
endfacet
facet normal 0 0 0.99999994
    outer loop
        vertex 16.213717 -109.304 16
        vertex 10.830894 -109.96791 16
        vertex 12.105117 -122.90531 16
    endloop
endfacet
facet normal 0 0 1
    outer loop
        vertex 12.105117 -122.90531 16
        vertex 10.830894 -109.96791 16
        vertex 6.0598574 -123.35124 16
    endloop
endfacet
facet normal 0 0 1
    outer loop
        vertex 21.55748 -108.37677 16
        vertex 16.213717 -109.304 16
        vertex 18.121212 -122.1633 16
    endloop
endfacet
facet normal 0 0 1
    outer loop
        vertex 18.121212 -122.1633 16
        vertex 16.213717 -109.304 16
        vertex 12.105117 -122.90531 16
    endloop
endfacet
facet normal 0 0 1
    outer loop
        vertex 26.84931 -107.18845 16
        vertex 21.55748 -108.37677 16
        vertex 24.093655 -121.126976 16
    endloop
endfacet
facet normal 0 0 1
    outer loop
        vertex 24.093655 -121.126976 16
        vertex 21.55748 -108.37677 16
        vertex 18.121212 -122.1633 16
    endloop
endfacet
facet normal 0 0 1
    outer loop
        vertex 32.076454 -105.74191 16
        vertex 26.84931 -107.18845 16
        vertex 30.00805 -119.79886 16
    endloop
endfacet
facet normal 0 0 1
    outer loop
        vertex 30.00805 -119.79886 16
        vertex 26.84931 -107.18845 16
        vertex 24.093655 -121.126976 16
    endloop
endfacet
facet normal 0 0 1
    outer loop
        vertex 37.22633 -104.04062 16
        vertex 32.076454 -105.74191 16
        vertex 35.850155 -118.18213 16
    endloop
endfacet
facet normal 0 0 1
    outer loop
        vertex 35.850155 -118.18213 16
        vertex 32.076454 -105.74191 16
        vertex 30.00805 -119.79886 16
    endloop
endfacet
facet normal 0 0 1
    outer loop
        vertex 42.28652 -102.08869 16
        vertex 37.22633 -104.04062 16
        vertex 41.605896 -116.28069 16
    endloop
endfacet
facet normal 0 0 1
    outer loop
        vertex 41.605896 -116.28069 16
        vertex 37.22633 -104.04062 16
        vertex 35.850155 -118.18213 16
    endloop
endfacet
facet normal 0 0 1
    outer loop
        vertex 47.24484 -99.890816 16
        vertex 42.28652 -102.08869 16
        vertex 47.261406 -114.09912 16
    endloop
endfacet
facet normal 0 0 1
    outer loop
        vertex 47.261406 -114.09912 16
        vertex 42.28652 -102.08869 16
        vertex 41.605896 -116.28069 16
    endloop
endfacet
facet normal 0 0 1
    outer loop
        vertex 52.08934 -97.4523 16
        vertex 47.24484 -99.890816 16
        vertex 52.803055 -111.64268 16
    endloop
endfacet
facet normal 0 0 1
    outer loop
        vertex 52.803055 -111.64268 16
        vertex 47.24484 -99.890816 16
        vertex 47.261406 -114.09912 16
    endloop
endfacet
facet normal 0 0 1
    outer loop
        vertex 56.808353 -94.779015 16
        vertex 52.08934 -97.4523 16
        vertex 58.217495 -108.917274 16
    endloop
endfacet
facet normal 0 0 1
    outer loop
        vertex 58.217495 -108.917274 16
        vertex 52.08934 -97.4523 16
        vertex 52.803055 -111.64268 16
    endloop
endfacet
facet normal 0 0 1
    outer loop
        vertex 61.39051 -91.877396 16
        vertex 56.808353 -94.779015 16
        vertex 63.491688 -105.92949 16
    endloop
endfacet
facet normal 0 0 1
    outer loop
        vertex 63.491688 -105.92949 16
        vertex 56.808353 -94.779015 16
        vertex 58.217495 -108.917274 16
    endloop
endfacet
facet normal 0 0 1
    outer loop
        vertex 65.82477 -88.75443 16
        vertex 61.39051 -91.877396 16
        vertex 68.61292 -102.68649 16
    endloop
endfacet
facet normal 0 0 1
    outer loop
        vertex 68.61292 -102.68649 16
        vertex 61.39051 -91.877396 16
        vertex 63.491688 -105.92949 16
    endloop
endfacet
facet normal 0 0 1
    outer loop
        vertex 70.10046 -85.417656 16
        vertex 65.82477 -88.75443 16
        vertex 73.56886 -99.19613 16
    endloop
endfacet
facet normal 0 0 1
    outer loop
        vertex 73.56886 -99.19613 16
        vertex 65.82477 -88.75443 16
        vertex 68.61292 -102.68649 16
    endloop
endfacet
facet normal 0 0 0.99999994
    outer loop
        vertex 74.20726 -81.8751 16
        vertex 70.10046 -85.417656 16
        vertex 78.34757 -95.46679 16
    endloop
endfacet
facet normal 0 0 1
    outer loop
        vertex 78.34757 -95.46679 16
        vertex 70.10046 -85.417656 16
        vertex 73.56886 -99.19613 16
    endloop
endfacet
facet normal 0 0 1
    outer loop
        vertex 78.1353 -78.1353 16
        vertex 74.20726 -81.8751 16
        vertex 82.93753 -91.50746 16
    endloop
endfacet
facet normal 0 0 1
    outer loop
        vertex 82.93753 -91.50746 16
        vertex 74.20726 -81.8751 16
        vertex 78.34757 -95.46679 16
    endloop
endfacet
facet normal 0 0 1
    outer loop
        vertex 81.8751 -74.20726 16
        vertex 78.1353 -78.1353 16
        vertex 87.32769 -87.32769 16
    endloop
endfacet
facet normal 0 0 1
    outer loop
        vertex 87.32769 -87.32769 16
        vertex 78.1353 -78.1353 16
        vertex 82.93753 -91.50746 16
    endloop
endfacet
facet normal 0 0 1
    outer loop
        vertex 85.417656 -70.10046 16
        vertex 81.8751 -74.20726 16
        vertex 91.50746 -82.93753 16
    endloop
endfacet
facet normal 0 0 1
    outer loop
        vertex 91.50746 -82.93753 16
        vertex 81.8751 -74.20726 16
        vertex 87.32769 -87.32769 16
    endloop
endfacet
facet normal 0 0 1
    outer loop
        vertex 88.75443 -65.82477 16
        vertex 85.417656 -70.10046 16
        vertex 95.46679 -78.34757 16
    endloop
endfacet
facet normal 0 0 1
    outer loop
        vertex 95.46679 -78.34757 16
        vertex 85.417656 -70.10046 16
        vertex 91.50746 -82.93753 16
    endloop
endfacet
facet normal 0 0 1
    outer loop
        vertex 91.877396 -61.39051 16
        vertex 88.75443 -65.82477 16
        vertex 99.19613 -73.56886 16
    endloop
endfacet
facet normal 0 0 1
    outer loop
        vertex 99.19613 -73.56886 16
        vertex 88.75443 -65.82477 16
        vertex 95.46679 -78.34757 16
    endloop
endfacet
facet normal 0 0 1
    outer loop
        vertex 94.779015 -56.808353 16
        vertex 91.877396 -61.39051 16
        vertex 102.68649 -68.61292 16
    endloop
endfacet
facet normal 0 0 1
    outer loop
        vertex 102.68649 -68.61292 16
        vertex 91.877396 -61.39051 16
        vertex 99.19613 -73.56886 16
    endloop
endfacet
facet normal 0 0 1
    outer loop
        vertex 97.4523 -52.08934 16
        vertex 94.779015 -56.808353 16
        vertex 105.92949 -63.491688 16
    endloop
endfacet
facet normal 0 0 1
    outer loop
        vertex 105.92949 -63.491688 16
        vertex 94.779015 -56.808353 16
        vertex 102.68649 -68.61292 16
    endloop
endfacet
facet normal 0 0 1
    outer loop
        vertex 99.890816 -47.24484 16
        vertex 97.4523 -52.08934 16
        vertex 108.917274 -58.217495 16
    endloop
endfacet
facet normal 0 0 1
    outer loop
        vertex 108.917274 -58.217495 16
        vertex 97.4523 -52.08934 16
        vertex 105.92949 -63.491688 16
    endloop
endfacet
facet normal 0 0 1
    outer loop
        vertex 102.08869 -42.28652 16
        vertex 99.890816 -47.24484 16
        vertex 111.64268 -52.803055 16
    endloop
endfacet
facet normal 0 0 1
    outer loop
        vertex 111.64268 -52.803055 16
        vertex 99.890816 -47.24484 16
        vertex 108.917274 -58.217495 16
    endloop
endfacet
facet normal 0 0 1
    outer loop
        vertex 104.04062 -37.22633 16
        vertex 102.08869 -42.28652 16
        vertex 114.09912 -47.261406 16
    endloop
endfacet
facet normal 0 0 1
    outer loop
        vertex 114.09912 -47.261406 16
        vertex 102.08869 -42.28652 16
        vertex 111.64268 -52.803055 16
    endloop
endfacet
facet normal 0 0 1
    outer loop
        vertex 105.74191 -32.076454 16
        vertex 104.04062 -37.22633 16
        vertex 116.28069 -41.605896 16
    endloop
endfacet
facet normal 0 0 1
    outer loop
        vertex 116.28069 -41.605896 16
        vertex 104.04062 -37.22633 16
        vertex 114.09912 -47.261406 16
    endloop
endfacet
facet normal 0 0 1
    outer loop
        vertex 107.18845 -26.84931 16
        vertex 105.74191 -32.076454 16
        vertex 118.18213 -35.850155 16
    endloop
endfacet
facet normal 0 0 1
    outer loop
        vertex 118.18213 -35.850155 16
        vertex 105.74191 -32.076454 16
        vertex 116.28069 -41.605896 16
    endloop
endfacet
facet normal 0 0 1
    outer loop
        vertex 108.37677 -21.55748 16
        vertex 107.18845 -26.84931 16
        vertex 119.79886 -30.00805 16
    endloop
endfacet
facet normal 0 0 1
    outer loop
        vertex 119.79886 -30.00805 16
        vertex 107.18845 -26.84931 16
        vertex 118.18213 -35.850155 16
    endloop
endfacet
facet normal 0 0 1
    outer loop
        vertex 109.304 -16.213717 16
        vertex 108.37677 -21.55748 16
        vertex 121.126976 -24.093655 16
    endloop
endfacet
facet normal 0 0 1
    outer loop
        vertex 121.126976 -24.093655 16
        vertex 108.37677 -21.55748 16
        vertex 119.79886 -30.00805 16
    endloop
endfacet
facet normal 0 0 1
    outer loop
        vertex 109.96791 -10.830894 16
        vertex 109.304 -16.213717 16
        vertex 122.1633 -18.121212 16
    endloop
endfacet
facet normal 0 0 1
    outer loop
        vertex 122.1633 -18.121212 16
        vertex 109.304 -16.213717 16
        vertex 121.126976 -24.093655 16
    endloop
endfacet
facet normal 0 0 1
    outer loop
        vertex 110.3669 -5.421978 16
        vertex 109.96791 -10.830894 16
        vertex 122.90531 -12.105117 16
    endloop
endfacet
facet normal 0 0 1
    outer loop
        vertex 122.90531 -12.105117 16
        vertex 109.96791 -10.830894 16
        vertex 122.1633 -18.121212 16
    endloop
endfacet
facet normal 0 0 1
    outer loop
        vertex 110.5 -0 16
        vertex 110.3669 -5.421978 16
        vertex 123.35124 -6.0598574 16
    endloop
endfacet
facet normal 0 0 1
    outer loop
        vertex 123.35124 -6.0598574 16
        vertex 110.3669 -5.421978 16
        vertex 122.90531 -12.105117 16
    endloop
endfacet
facet normal 0 0 1
    outer loop
        vertex 110.3669 5.421978 16
        vertex 110.5 -0 16
        vertex 123.5 -0 16
    endloop
endfacet
facet normal 0 0 1
    outer loop
        vertex 123.5 -0 16
        vertex 110.5 -0 16
        vertex 123.35124 -6.0598574 16
    endloop
endfacet
facet normal 0 0 1
    outer loop
        vertex 109.96791 10.830894 16
        vertex 110.3669 5.421978 16
        vertex 123.35124 6.0598574 16
    endloop
endfacet
facet normal 0 0 1
    outer loop
        vertex 123.35124 6.0598574 16
        vertex 110.3669 5.421978 16
        vertex 123.5 -0 16
    endloop
endfacet
facet normal 0 0 0.99999994
    outer loop
        vertex 109.304 16.213717 16
        vertex 109.96791 10.830894 16
        vertex 122.90531 12.105117 16
    endloop
endfacet
facet normal 0 0 1
    outer loop
        vertex 122.90531 12.105117 16
        vertex 109.96791 10.830894 16
        vertex 123.35124 6.0598574 16
    endloop
endfacet
facet normal 0 0 1
    outer loop
        vertex 108.37677 21.55748 16
        vertex 109.304 16.213717 16
        vertex 122.1633 18.121212 16
    endloop
endfacet
facet normal 0 0 1
    outer loop
        vertex 122.1633 18.121212 16
        vertex 109.304 16.213717 16
        vertex 122.90531 12.105117 16
    endloop
endfacet
facet normal 0 0 1
    outer loop
        vertex 107.18845 26.84931 16
        vertex 108.37677 21.55748 16
        vertex 121.126976 24.093655 16
    endloop
endfacet
facet normal 0 0 1
    outer loop
        vertex 121.126976 24.093655 16
        vertex 108.37677 21.55748 16
        vertex 122.1633 18.121212 16
    endloop
endfacet
facet normal 0 0 1
    outer loop
        vertex 105.74191 32.076454 16
        vertex 107.18845 26.84931 16
        vertex 119.79886 30.00805 16
    endloop
endfacet
facet normal 0 0 1
    outer loop
        vertex 119.79886 30.00805 16
        vertex 107.18845 26.84931 16
        vertex 121.126976 24.093655 16
    endloop
endfacet
facet normal 0 0 1
    outer loop
        vertex 104.04062 37.22633 16
        vertex 105.74191 32.076454 16
        vertex 118.18213 35.850155 16
    endloop
endfacet
facet normal 0 0 1
    outer loop
        vertex 118.18213 35.850155 16
        vertex 105.74191 32.076454 16
        vertex 119.79886 30.00805 16
    endloop
endfacet
facet normal 0 0 1
    outer loop
        vertex 102.08869 42.28652 16
        vertex 104.04062 37.22633 16
        vertex 116.28069 41.605896 16
    endloop
endfacet
facet normal 0 0 1
    outer loop
        vertex 116.28069 41.605896 16
        vertex 104.04062 37.22633 16
        vertex 118.18213 35.850155 16
    endloop
endfacet
facet normal -0 0 1
    outer loop
        vertex 99.890816 47.24484 16
        vertex 102.08869 42.28652 16
        vertex 114.09912 47.261406 16
    endloop
endfacet
facet normal 0 0 1
    outer loop
        vertex 114.09912 47.261406 16
        vertex 102.08869 42.28652 16
        vertex 116.28069 41.605896 16
    endloop
endfacet
facet normal -0 0 1
    outer loop
        vertex 97.4523 52.08934 16
        vertex 99.890816 47.24484 16
        vertex 111.64268 52.803055 16
    endloop
endfacet
facet normal 0 0 1
    outer loop
        vertex 111.64268 52.803055 16
        vertex 99.890816 47.24484 16
        vertex 114.09912 47.261406 16
    endloop
endfacet
facet normal -0 0 1
    outer loop
        vertex 94.779015 56.808353 16
        vertex 97.4523 52.08934 16
        vertex 108.917274 58.217495 16
    endloop
endfacet
facet normal 0 0 1
    outer loop
        vertex 108.917274 58.217495 16
        vertex 97.4523 52.08934 16
        vertex 111.64268 52.803055 16
    endloop
endfacet
facet normal -0 0 1
    outer loop
        vertex 91.877396 61.39051 16
        vertex 94.779015 56.808353 16
        vertex 105.92949 63.491688 16
    endloop
endfacet
facet normal 0 0 1
    outer loop
        vertex 105.92949 63.491688 16
        vertex 94.779015 56.808353 16
        vertex 108.917274 58.217495 16
    endloop
endfacet
facet normal -0 0 1
    outer loop
        vertex 88.75443 65.82477 16
        vertex 91.877396 61.39051 16
        vertex 102.68649 68.61292 16
    endloop
endfacet
facet normal 0 0 1
    outer loop
        vertex 102.68649 68.61292 16
        vertex 91.877396 61.39051 16
        vertex 105.92949 63.491688 16
    endloop
endfacet
facet normal -0 0 1
    outer loop
        vertex 85.417656 70.10046 16
        vertex 88.75443 65.82477 16
        vertex 99.19613 73.56886 16
    endloop
endfacet
facet normal 0 0 1
    outer loop
        vertex 99.19613 73.56886 16
        vertex 88.75443 65.82477 16
        vertex 102.68649 68.61292 16
    endloop
endfacet
facet normal -0 0 0.99999994
    outer loop
        vertex 81.8751 74.20726 16
        vertex 85.417656 70.10046 16
        vertex 95.46679 78.34757 16
    endloop
endfacet
facet normal 0 0 1
    outer loop
        vertex 95.46679 78.34757 16
        vertex 85.417656 70.10046 16
        vertex 99.19613 73.56886 16
    endloop
endfacet
facet normal -0 0 1
    outer loop
        vertex 78.1353 78.1353 16
        vertex 81.8751 74.20726 16
        vertex 91.50746 82.93753 16
    endloop
endfacet
facet normal 0 0 1
    outer loop
        vertex 91.50746 82.93753 16
        vertex 81.8751 74.20726 16
        vertex 95.46679 78.34757 16
    endloop
endfacet
facet normal -0 0 1
    outer loop
        vertex 74.20726 81.8751 16
        vertex 78.1353 78.1353 16
        vertex 87.32769 87.32769 16
    endloop
endfacet
facet normal 0 0 1
    outer loop
        vertex 87.32769 87.32769 16
        vertex 78.1353 78.1353 16
        vertex 91.50746 82.93753 16
    endloop
endfacet
facet normal -0 0 1
    outer loop
        vertex 70.10046 85.417656 16
        vertex 74.20726 81.8751 16
        vertex 82.93753 91.50746 16
    endloop
endfacet
facet normal 0 0 1
    outer loop
        vertex 82.93753 91.50746 16
        vertex 74.20726 81.8751 16
        vertex 87.32769 87.32769 16
    endloop
endfacet
facet normal -0 0 1
    outer loop
        vertex 65.82477 88.75443 16
        vertex 70.10046 85.417656 16
        vertex 78.34757 95.46679 16
    endloop
endfacet
facet normal 0 0 1
    outer loop
        vertex 78.34757 95.46679 16
        vertex 70.10046 85.417656 16
        vertex 82.93753 91.50746 16
    endloop
endfacet
facet normal -0 0 1
    outer loop
        vertex 61.39051 91.877396 16
        vertex 65.82477 88.75443 16
        vertex 73.56886 99.19613 16
    endloop
endfacet
facet normal 0 0 1
    outer loop
        vertex 73.56886 99.19613 16
        vertex 65.82477 88.75443 16
        vertex 78.34757 95.46679 16
    endloop
endfacet
facet normal -0 0 1
    outer loop
        vertex 56.808353 94.779015 16
        vertex 61.39051 91.877396 16
        vertex 68.61292 102.68649 16
    endloop
endfacet
facet normal 0 0 1
    outer loop
        vertex 68.61292 102.68649 16
        vertex 61.39051 91.877396 16
        vertex 73.56886 99.19613 16
    endloop
endfacet
facet normal -0 0 1
    outer loop
        vertex 52.08934 97.4523 16
        vertex 56.808353 94.779015 16
        vertex 63.491688 105.92949 16
    endloop
endfacet
facet normal 0 0 1
    outer loop
        vertex 63.491688 105.92949 16
        vertex 56.808353 94.779015 16
        vertex 68.61292 102.68649 16
    endloop
endfacet
facet normal -0 0 1
    outer loop
        vertex 47.24484 99.890816 16
        vertex 52.08934 97.4523 16
        vertex 58.217495 108.917274 16
    endloop
endfacet
facet normal 0 0 1
    outer loop
        vertex 58.217495 108.917274 16
        vertex 52.08934 97.4523 16
        vertex 63.491688 105.92949 16
    endloop
endfacet
facet normal -0 0 1
    outer loop
        vertex 42.28652 102.08869 16
        vertex 47.24484 99.890816 16
        vertex 52.803055 111.64268 16
    endloop
endfacet
facet normal 0 0 1
    outer loop
        vertex 52.803055 111.64268 16
        vertex 47.24484 99.890816 16
        vertex 58.217495 108.917274 16
    endloop
endfacet
facet normal -0 0 1
    outer loop
        vertex 37.22633 104.04062 16
        vertex 42.28652 102.08869 16
        vertex 47.261406 114.09912 16
    endloop
endfacet
facet normal 0 0 1
    outer loop
        vertex 47.261406 114.09912 16
        vertex 42.28652 102.08869 16
        vertex 52.803055 111.64268 16
    endloop
endfacet
facet normal -0 0 1
    outer loop
        vertex 32.076454 105.74191 16
        vertex 37.22633 104.04062 16
        vertex 41.605896 116.28069 16
    endloop
endfacet
facet normal 0 0 1
    outer loop
        vertex 41.605896 116.28069 16
        vertex 37.22633 104.04062 16
        vertex 47.261406 114.09912 16
    endloop
endfacet
facet normal -0 0 1
    outer loop
        vertex 26.84931 107.18845 16
        vertex 32.076454 105.74191 16
        vertex 35.850155 118.18213 16
    endloop
endfacet
facet normal 0 0 1
    outer loop
        vertex 35.850155 118.18213 16
        vertex 32.076454 105.74191 16
        vertex 41.605896 116.28069 16
    endloop
endfacet
facet normal -0 0 1
    outer loop
        vertex 21.55748 108.37677 16
        vertex 26.84931 107.18845 16
        vertex 30.00805 119.79886 16
    endloop
endfacet
facet normal 0 0 1
    outer loop
        vertex 30.00805 119.79886 16
        vertex 26.84931 107.18845 16
        vertex 35.850155 118.18213 16
    endloop
endfacet
facet normal -0 0 1
    outer loop
        vertex -30.00805 119.79886 16
        vertex -26.84931 107.18845 16
        vertex -24.093655 121.126976 16
    endloop
endfacet
facet normal 0 0 1
    outer loop
        vertex -21.55748 108.37677 16
        vertex -16.213717 109.304 16
        vertex -18.121212 122.1633 16
    endloop
endfacet
facet normal -0 0 1
    outer loop
        vertex -78.34757 95.46679 16
        vertex -70.10046 85.417656 16
        vertex -73.56886 99.19613 16
    endloop
endfacet
facet normal 0 -0 1
    outer loop
        vertex -65.82477 88.75443 16
        vertex -61.39051 91.877396 16
        vertex -68.61292 102.68649 16
    endloop
endfacet
facet normal 0 0 1
    outer loop
        vertex -56.808353 94.779015 16
        vertex -58.217495 108.917274 16
        vertex -63.491688 105.92949 16
    endloop
endfacet
facet normal 0 0 1
    outer loop
        vertex -47.24484 99.890816 16
        vertex -52.803055 111.64268 16
        vertex -52.08934 97.4523 16
    endloop
endfacet
facet normal 0 0 1
    outer loop
        vertex -41.605896 116.28069 16
        vertex -47.261406 114.09912 16
        vertex -42.28652 102.08869 16
    endloop
endfacet
facet normal 0 0 1
    outer loop
        vertex -35.850155 118.18213 16
        vertex -37.22633 104.04062 16
        vertex -32.076454 105.74191 16
    endloop
endfacet
facet normal 0 0 1
    outer loop
        vertex -6.0598574 123.35124 16
        vertex -12.105117 122.90531 16
        vertex -10.830894 109.96791 16
    endloop
endfacet
facet normal 0 0 1
    outer loop
        vertex 0.000000000000007562194 123.5 16
        vertex -6.0598574 123.35124 16
        vertex 0 110.5 16
    endloop
endfacet
facet normal 0 0 1
    outer loop
        vertex 6.0598574 123.35124 16
        vertex 0.000000000000007562194 123.5 16
        vertex 0 110.5 16
    endloop
endfacet
facet normal 0 -0 1
    outer loop
        vertex 5.421978 110.3669 16
        vertex 6.0598574 123.35124 16
        vertex 0 110.5 16
    endloop
endfacet
facet normal 0 0 1
    outer loop
        vertex 12.105117 122.90531 16
        vertex 6.0598574 123.35124 16
        vertex 5.421978 110.3669 16
    endloop
endfacet
facet normal 0 -0 1
    outer loop
        vertex 10.830894 109.96791 16
        vertex 12.105117 122.90531 16
        vertex 5.421978 110.3669 16
    endloop
endfacet
facet normal 0 0 1
    outer loop
        vertex 10.830894 109.96791 16
        vertex 18.121212 122.1633 16
        vertex 12.105117 122.90531 16
    endloop
endfacet
facet normal -0 0 1
    outer loop
        vertex 10.830894 109.96791 16
        vertex 16.213717 109.304 16
        vertex 18.121212 122.1633 16
    endloop
endfacet
facet normal 0 0 1
    outer loop
        vertex 18.121212 122.1633 16
        vertex 16.213717 109.304 16
        vertex 24.093655 121.126976 16
    endloop
endfacet
facet normal 0 0 1
    outer loop
        vertex 24.093655 121.126976 16
        vertex 16.213717 109.304 16
        vertex 21.55748 108.37677 16
    endloop
endfacet
facet normal 0 0 1
    outer loop
        vertex 30.00805 119.79886 16
        vertex 24.093655 121.126976 16
        vertex 21.55748 108.37677 16
    endloop
endfacet
facet normal 0 0 1
    outer loop
        vertex -78.34757 95.46679 16
        vertex -74.20726 81.8751 16
        vertex -70.10046 85.417656 16
    endloop
endfacet
facet normal 0.91756082 -0.39759547 0
    outer loop
        vertex 114.09912 -47.261406 12
        vertex 114.09912 -47.261406 16
        vertex 112.50853 -50.932133 12
    endloop
endfacet
facet normal 0.90752524 -0.41999763 0
    outer loop
        vertex 112.50853 -50.932133 12
        vertex 111.64268 -52.803055 16
        vertex 112.50853 -50.932133 -12
    endloop
endfacet
facet normal 0.90752518 -0.41999763 0
    outer loop
        vertex 112.50853 -50.932133 -12
        vertex 111.64268 -52.803055 16
        vertex 111.64268 -52.803055 -16
    endloop
endfacet
facet normal 0.91756082 -0.39759547 0
    outer loop
        vertex 114.09912 -47.261406 -12
        vertex 112.50853 -50.932133 -12
        vertex 114.09912 -47.261406 -16
    endloop
endfacet
facet normal 0.91417795 -0.40522718 0.00834866
    outer loop
        vertex 112.50853 -50.932133 12
        vertex 114.09912 -47.261406 16
        vertex 111.64268 -52.803055 16
    endloop
endfacet
facet normal 0.93869781 -0.34474128 0
    outer loop
        vertex 115.569984 -43.54109 -12
        vertex 116.28069 -41.605896 -16
        vertex 115.569984 -43.54109 12
    endloop
endfacet
facet normal 0.93296021 -0.35988262 -0.00834479
    outer loop
        vertex 115.569984 -43.54109 -12
        vertex 114.09912 -47.261406 -16
        vertex 116.28069 -41.605896 -16
    endloop
endfacet
facet normal 0.92995727 -0.36766753 0
    outer loop
        vertex 115.569984 -43.54109 12
        vertex 114.09912 -47.261406 16
        vertex 114.09912 -47.261406 12
    endloop
endfacet
facet normal 0.71846706 -0.69556093 0
    outer loop
        vertex 87.32769 -87.32769 12
        vertex 90.110306 -84.45344 12
        vertex 87.32769 -87.32769 16
    endloop
endfacet
facet normal 0.69556093 -0.71846706 0
    outer loop
        vertex 87.32769 -87.32769 12
        vertex 87.32769 -87.32769 16
        vertex 84.45344 -90.110306 12
    endloop
endfacet
facet normal 0.67771858 -0.7353214 0
    outer loop
        vertex 84.45344 -90.110306 12
        vertex 82.93753 -91.50746 16
        vertex 84.45344 -90.110306 -12
    endloop
endfacet
facet normal 0.67771852 -0.73532134 0
    outer loop
        vertex 84.45344 -90.110306 -12
        vertex 82.93753 -91.50746 16
        vertex 82.93753 -91.50746 -16
    endloop
endfacet
facet normal 0.69556093 -0.71846706 0
    outer loop
        vertex 87.32769 -87.32769 -12
        vertex 84.45344 -90.110306 -12
        vertex 87.32769 -87.32769 -16
    endloop
endfacet
facet normal 0.71846706 -0.69556093 0
    outer loop
        vertex 87.32769 -87.32769 -12
        vertex 87.32769 -87.32769 -16
        vertex 90.110306 -84.45344 -12
    endloop
endfacet
facet normal 0.7353214 -0.67771858 0
    outer loop
        vertex 90.110306 -84.45344 -12
        vertex 91.50746 -82.93753 -16
        vertex 90.110306 -84.45344 12
    endloop
endfacet
facet normal 0.72422254 -0.68951589 -0.00834761
    outer loop
        vertex 90.110306 -84.45344 -12
        vertex 87.32769 -87.32769 -16
        vertex 91.50746 -82.93753 -16
    endloop
endfacet
facet normal 0.39759547 -0.91756082 0
    outer loop
        vertex 47.261406 -114.09912 12
        vertex 50.932133 -112.50853 12
        vertex 47.261406 -114.09912 16
    endloop
endfacet
facet normal 0.34474128 -0.93869781 0
    outer loop
        vertex 43.54109 -115.569984 12
        vertex 41.605896 -116.28069 16
        vertex 43.54109 -115.569984 -12
    endloop
endfacet
facet normal 0.34474126 -0.93869776 0
    outer loop
        vertex 43.54109 -115.569984 -12
        vertex 41.605896 -116.28069 16
        vertex 41.605896 -116.28069 -16
    endloop
endfacet
facet normal 0.36766753 -0.92995727 0
    outer loop
        vertex 43.54109 -115.569984 12
        vertex 47.261406 -114.09912 12
        vertex 47.261406 -114.09912 16
    endloop
endfacet
facet normal 0.39759547 -0.91756082 0
    outer loop
        vertex 47.261406 -114.09912 -12
        vertex 47.261406 -114.09912 -16
        vertex 50.932133 -112.50853 -12
    endloop
endfacet
facet normal 0.41999763 -0.90752524 0
    outer loop
        vertex 50.932133 -112.50853 -12
        vertex 52.803055 -111.64268 -16
        vertex 50.932133 -112.50853 12
    endloop
endfacet
facet normal 0.40522718 -0.91417795 -0.00834866
    outer loop
        vertex 50.932133 -112.50853 -12
        vertex 47.261406 -114.09912 -16
        vertex 52.803055 -111.64268 -16
    endloop
endfacet
facet normal 0.35988262 -0.93296021 0.00834479
    outer loop
        vertex 43.54109 -115.569984 12
        vertex 47.261406 -114.09912 16
        vertex 41.605896 -116.28069 16
    endloop
endfacet
facet normal -0.01619699 -0.99986881 0
    outer loop
        vertex -0.0000001756407 -123.5 12
        vertex -0.000000000000007562194 -123.5 16
        vertex -4 -123.4352 12
    endloop
endfacet
facet normal -0.040727 -0.9991703 -0
    outer loop
        vertex -4 -123.4352 12
        vertex -6.0598574 -123.35124 16
        vertex -4 -123.4352 -12
    endloop
endfacet
facet normal -0.04072701 -0.9991703 0
    outer loop
        vertex -4 -123.4352 -12
        vertex -6.0598574 -123.35124 16
        vertex -6.0598574 -123.35124 -16
    endloop
endfacet
facet normal -0.01619699 -0.99986881 -0
    outer loop
        vertex -0.0000001756407 -123.5 -12
        vertex -4 -123.4352 -12
        vertex -0.000000000000007562194 -123.5 -16
    endloop
endfacet
facet normal -0.02453985 -0.99966401 0.00834617
    outer loop
        vertex -4 -123.4352 12
        vertex -0.000000000000007562194 -123.5 16
        vertex -6.0598574 -123.35124 16
    endloop
endfacet
facet normal 0.040727 -0.9991703 0
    outer loop
        vertex 4 -123.4352 -12
        vertex 6.0598574 -123.35124 -16
        vertex 4 -123.4352 12
    endloop
endfacet
facet normal 0.02453985 -0.99966401 -0.00834617
    outer loop
        vertex 4 -123.4352 -12
        vertex -0.000000000000007562194 -123.5 -16
        vertex 6.0598574 -123.35124 -16
    endloop
endfacet
facet normal 0.01619699 -0.99986887 0
    outer loop
        vertex 4 -123.4352 12
        vertex -0.000000000000007562194 -123.5 16
        vertex -0.0000001756407 -123.5 12
    endloop
endfacet
facet normal -0.39759547 -0.91756082 0
    outer loop
        vertex -47.261406 -114.09912 12
        vertex -47.261406 -114.09912 16
        vertex -50.932133 -112.50853 12
    endloop
endfacet
facet normal -0.41999763 -0.90752524 -0
    outer loop
        vertex -50.932133 -112.50853 12
        vertex -52.803055 -111.64268 16
        vertex -50.932133 -112.50853 -12
    endloop
endfacet
facet normal -0.41999763 -0.90752518 0
    outer loop
        vertex -50.932133 -112.50853 -12
        vertex -52.803055 -111.64268 16
        vertex -52.803055 -111.64268 -16
    endloop
endfacet
facet normal -0.39759547 -0.91756082 -0
    outer loop
        vertex -47.261406 -114.09912 -12
        vertex -50.932133 -112.50853 -12
        vertex -47.261406 -114.09912 -16
    endloop
endfacet
facet normal -0.40522718 -0.91417795 0.00834866
    outer loop
        vertex -50.932133 -112.50853 12
        vertex -47.261406 -114.09912 16
        vertex -52.803055 -111.64268 16
    endloop
endfacet
facet normal -0.34474128 -0.93869781 0
    outer loop
        vertex -43.54109 -115.569984 -12
        vertex -41.605896 -116.28069 -16
        vertex -43.54109 -115.569984 12
    endloop
endfacet
facet normal -0.35988262 -0.93296021 -0.00834479
    outer loop
        vertex -43.54109 -115.569984 -12
        vertex -47.261406 -114.09912 -16
        vertex -41.605896 -116.28069 -16
    endloop
endfacet
facet normal -0.36766753 -0.92995727 0
    outer loop
        vertex -43.54109 -115.569984 12
        vertex -47.261406 -114.09912 16
        vertex -47.261406 -114.09912 12
    endloop
endfacet
facet normal -0.69556093 -0.71846706 0
    outer loop
        vertex -87.32769 -87.32769 12
        vertex -84.45344 -90.110306 12
        vertex -87.32769 -87.32769 16
    endloop
endfacet
facet normal -0.71846706 -0.69556093 0
    outer loop
        vertex -87.32769 -87.32769 12
        vertex -87.32769 -87.32769 16
        vertex -90.110306 -84.45344 12
    endloop
endfacet
facet normal -0.7353214 -0.67771858 -0
    outer loop
        vertex -90.110306 -84.45344 12
        vertex -91.50746 -82.93753 16
        vertex -90.110306 -84.45344 -12
    endloop
endfacet
facet normal -0.73532134 -0.67771852 0
    outer loop
        vertex -90.110306 -84.45344 -12
        vertex -91.50746 -82.93753 16
        vertex -91.50746 -82.93753 -16
    endloop
endfacet
facet normal -0.71846706 -0.69556093 -0
    outer loop
        vertex -87.32769 -87.32769 -12
        vertex -90.110306 -84.45344 -12
        vertex -87.32769 -87.32769 -16
    endloop
endfacet
facet normal -0.69556093 -0.71846706 -0
    outer loop
        vertex -87.32769 -87.32769 -12
        vertex -87.32769 -87.32769 -16
        vertex -84.45344 -90.110306 -12
    endloop
endfacet
facet normal -0.67771858 -0.7353214 0
    outer loop
        vertex -84.45344 -90.110306 -12
        vertex -82.93753 -91.50746 -16
        vertex -84.45344 -90.110306 12
    endloop
endfacet
facet normal -0.68951589 -0.72422254 -0.00834761
    outer loop
        vertex -84.45344 -90.110306 -12
        vertex -87.32769 -87.32769 -16
        vertex -82.93753 -91.50746 -16
    endloop
endfacet
facet normal -0.91756082 -0.39759547 0
    outer loop
        vertex -114.09912 -47.261406 12
        vertex -112.50853 -50.932133 12
        vertex -114.09912 -47.261406 16
    endloop
endfacet
facet normal -0.93869781 -0.34474128 -0
    outer loop
        vertex -115.569984 -43.54109 12
        vertex -116.28069 -41.605896 16
        vertex -115.569984 -43.54109 -12
    endloop
endfacet
facet normal -0.93869776 -0.34474126 0
    outer loop
        vertex -115.569984 -43.54109 -12
        vertex -116.28069 -41.605896 16
        vertex -116.28069 -41.605896 -16
    endloop
endfacet
facet normal -0.92995727 -0.36766753 0
    outer loop
        vertex -115.569984 -43.54109 12
        vertex -114.09912 -47.261406 12
        vertex -114.09912 -47.261406 16
    endloop
endfacet
facet normal -0.91756082 -0.39759547 -0
    outer loop
        vertex -114.09912 -47.261406 -12
        vertex -114.09912 -47.261406 -16
        vertex -112.50853 -50.932133 -12
    endloop
endfacet
facet normal -0.90752524 -0.41999763 0
    outer loop
        vertex -112.50853 -50.932133 -12
        vertex -111.64268 -52.803055 -16
        vertex -112.50853 -50.932133 12
    endloop
endfacet
facet normal -0.91417795 -0.40522718 -0.00834866
    outer loop
        vertex -112.50853 -50.932133 -12
        vertex -114.09912 -47.261406 -16
        vertex -111.64268 -52.803055 -16
    endloop
endfacet
facet normal -0.93296021 -0.35988262 0.00834479
    outer loop
        vertex -115.569984 -43.54109 12
        vertex -114.09912 -47.261406 16
        vertex -116.28069 -41.605896 16
    endloop
endfacet
facet normal -0.99966401 -0.02453985 0.00834617
    outer loop
        vertex -123.35124 -6.0598574 16
        vertex -123.5 -0 16
        vertex -123.4352 -4 12
    endloop
endfacet
facet normal -0.9991703 -0.04072701 0
    outer loop
        vertex -123.35124 -6.0598574 -16
        vertex -123.35124 -6.0598574 16
        vertex -123.4352 -4 12
    endloop
endfacet
facet normal -0.99729037 -0.07356544 0
    outer loop
        vertex -123.35124 -6.0598574 -16
        vertex -122.90531 -12.105117 16
        vertex -123.35124 -6.0598574 16
    endloop
endfacet
facet normal -0.99247956 -0.12241026 0
    outer loop
        vertex -122.90531 -12.105117 -16
        vertex -122.1633 -18.121212 16
        vertex -122.90531 -12.105117 16
    endloop
endfacet
facet normal -0.99247956 -0.12241026 0
    outer loop
        vertex -122.90531 -12.105117 -16
        vertex -122.1633 -18.121212 -16
        vertex -122.1633 -18.121212 16
    endloop
endfacet
facet normal -0.98527747 -0.17096293 0
    outer loop
        vertex -122.1633 -18.121212 -16
        vertex -121.126976 -24.093655 -16
        vertex -121.126976 -24.093655 16
    endloop
endfacet
facet normal -0.97570223 -0.21910049 -0
    outer loop
        vertex -121.126976 -24.093655 16
        vertex -121.126976 -24.093655 -16
        vertex -119.79886 -30.00805 16
    endloop
endfacet
facet normal -0.96377593 -0.26671302 -0
    outer loop
        vertex -119.79886 -30.00805 16
        vertex -119.79886 -30.00805 -16
        vertex -118.18213 -35.850155 16
    endloop
endfacet
facet normal -0.96377593 -0.26671302 -0
    outer loop
        vertex -118.18213 -35.850155 16
        vertex -119.79886 -30.00805 -16
        vertex -118.18213 -35.850155 -16
    endloop
endfacet
facet normal -0.94952834 -0.31368113 -0
    outer loop
        vertex -116.28069 -41.605896 16
        vertex -118.18213 -35.850155 -16
        vertex -116.28069 -41.605896 -16
    endloop
endfacet
facet normal -0.93296021 -0.35988262 -0.00834479
    outer loop
        vertex -114.09912 -47.261406 -16
        vertex -115.569984 -43.54109 -12
        vertex -116.28069 -41.605896 -16
    endloop
endfacet
facet normal -0.91417795 -0.40522718 0.00834867
    outer loop
        vertex -111.64268 -52.803055 16
        vertex -114.09912 -47.261406 16
        vertex -112.50853 -50.932133 12
    endloop
endfacet
facet normal -0.90752518 -0.41999763 0
    outer loop
        vertex -111.64268 -52.803055 -16
        vertex -111.64268 -52.803055 16
        vertex -112.50853 -50.932133 12
    endloop
endfacet
facet normal -0.89322412 -0.44961169 0
    outer loop
        vertex -108.917274 -58.217495 -16
        vertex -108.917274 -58.217495 16
        vertex -111.64268 -52.803055 -16
    endloop
endfacet
facet normal -0.8700875 -0.49289715 0
    outer loop
        vertex -108.917274 -58.217495 -16
        vertex -105.92949 -63.491688 16
        vertex -108.917274 -58.217495 16
    endloop
endfacet
facet normal -0.84485286 -0.53499883 0
    outer loop
        vertex -105.92949 -63.491688 -16
        vertex -102.68649 -68.61292 16
        vertex -105.92949 -63.491688 16
    endloop
endfacet
facet normal -0.84485286 -0.53499883 0
    outer loop
        vertex -105.92949 -63.491688 -16
        vertex -102.68649 -68.61292 -16
        vertex -102.68649 -68.61292 16
    endloop
endfacet
facet normal -0.81758505 -0.57580787 0
    outer loop
        vertex -102.68649 -68.61292 -16
        vertex -99.19613 -73.56886 -16
        vertex -99.19613 -73.56886 16
    endloop
endfacet
facet normal -0.78834659 -0.61523139 -0
    outer loop
        vertex -99.19613 -73.56886 16
        vertex -99.19613 -73.56886 -16
        vertex -95.46679 -78.34757 16
    endloop
endfacet
facet normal -0.75720865 -0.65317309 -0
    outer loop
        vertex -95.46679 -78.34757 16
        vertex -95.46679 -78.34757 -16
        vertex -91.50746 -82.93753 16
    endloop
endfacet
facet normal -0.72422254 -0.68951589 0.00834761
    outer loop
        vertex -91.50746 -82.93753 16
        vertex -90.110306 -84.45344 12
        vertex -87.32769 -87.32769 16
    endloop
endfacet
facet normal -0.68951589 -0.72422254 0.00834759
    outer loop
        vertex -87.32769 -87.32769 16
        vertex -84.45344 -90.110306 12
        vertex -82.93753 -91.50746 16
    endloop
endfacet
facet normal -0.65317309 -0.75720865 -0
    outer loop
        vertex -82.93753 -91.50746 16
        vertex -82.93753 -91.50746 -16
        vertex -78.34757 -95.46679 16
    endloop
endfacet
facet normal -0.65317309 -0.75720865 -0
    outer loop
        vertex -78.34757 -95.46679 16
        vertex -82.93753 -91.50746 -16
        vertex -78.34757 -95.46679 -16
    endloop
endfacet
facet normal -0.61523139 -0.78834659 -0
    outer loop
        vertex -73.56886 -99.19613 16
        vertex -78.34757 -95.46679 -16
        vertex -73.56886 -99.19613 -16
    endloop
endfacet
facet normal -0.57580787 -0.81758505 0
    outer loop
        vertex -68.61292 -102.68649 16
        vertex -73.56886 -99.19613 16
        vertex -73.56886 -99.19613 -16
    endloop
endfacet
facet normal -0.53499883 -0.84485286 0
    outer loop
        vertex -63.491688 -105.92949 16
        vertex -68.61292 -102.68649 16
        vertex -68.61292 -102.68649 -16
    endloop
endfacet
facet normal -0.53499883 -0.84485286 0
    outer loop
        vertex -63.491688 -105.92949 -16
        vertex -63.491688 -105.92949 16
        vertex -68.61292 -102.68649 -16
    endloop
endfacet
facet normal -0.44961169 -0.89322412 0
    outer loop
        vertex -52.803055 -111.64268 -16
        vertex -52.803055 -111.64268 16
        vertex -58.217495 -108.917274 -16
    endloop
endfacet
facet normal -0.36766753 -0.92995727 0
    outer loop
        vertex -47.261406 -114.09912 -16
        vertex -43.54109 -115.569984 -12
        vertex -47.261406 -114.09912 -12
    endloop
endfacet
facet normal -0.34474126 -0.93869776 0
    outer loop
        vertex -41.605896 -116.28069 -16
        vertex -41.605896 -116.28069 16
        vertex -43.54109 -115.569984 12
    endloop
endfacet
facet normal -0.26671302 -0.96377593 0
    outer loop
        vertex -30.00805 -119.79886 16
        vertex -35.850155 -118.18213 16
        vertex -35.850155 -118.18213 -16
    endloop
endfacet
facet normal -0.21910049 -0.97570223 0
    outer loop
        vertex -24.093655 -121.126976 16
        vertex -30.00805 -119.79886 16
        vertex -30.00805 -119.79886 -16
    endloop
endfacet
facet normal -0.17096293 -0.98527747 0
    outer loop
        vertex -18.121212 -122.1633 16
        vertex -24.093655 -121.126976 16
        vertex -24.093655 -121.126976 -16
    endloop
endfacet
facet normal -0.12241026 -0.99247956 -0
    outer loop
        vertex -12.105117 -122.90531 16
        vertex -18.121212 -122.1633 -16
        vertex -12.105117 -122.90531 -16
    endloop
endfacet
facet normal -0.07356544 -0.99729037 -0
    outer loop
        vertex -6.0598574 -123.35124 16
        vertex -12.105117 -122.90531 -16
        vertex -6.0598574 -123.35124 -16
    endloop
endfacet
facet normal 0.02453985 -0.99966401 0.00834617
    outer loop
        vertex -0.000000000000007562194 -123.5 16
        vertex 4 -123.4352 12
        vertex 6.0598574 -123.35124 16
    endloop
endfacet
facet normal 0.07356544 -0.99729037 0
    outer loop
        vertex 6.0598574 -123.35124 16
        vertex 6.0598574 -123.35124 -16
        vertex 12.105117 -122.90531 16
    endloop
endfacet
facet normal 0.12241026 -0.99247956 0
    outer loop
        vertex 12.105117 -122.90531 16
        vertex 12.105117 -122.90531 -16
        vertex 18.121212 -122.1633 16
    endloop
endfacet
facet normal 0.17096293 -0.98527747 0
    outer loop
        vertex 18.121212 -122.1633 -16
        vertex 24.093655 -121.126976 -16
        vertex 24.093655 -121.126976 16
    endloop
endfacet
facet normal 0.21910049 -0.97570223 0
    outer loop
        vertex 24.093655 -121.126976 -16
        vertex 30.00805 -119.79886 -16
        vertex 30.00805 -119.79886 16
    endloop
endfacet
facet normal 0.26671302 -0.96377593 0
    outer loop
        vertex 30.00805 -119.79886 -16
        vertex 35.850155 -118.18213 -16
        vertex 35.850155 -118.18213 16
    endloop
endfacet
facet normal 0.35988262 -0.93296021 -0.00834479
    outer loop
        vertex 41.605896 -116.28069 -16
        vertex 47.261406 -114.09912 -16
        vertex 43.54109 -115.569984 -12
    endloop
endfacet
facet normal 0.40522718 -0.91417795 0.00834866
    outer loop
        vertex 50.932133 -112.50853 12
        vertex 52.803055 -111.64268 16
        vertex 47.261406 -114.09912 16
    endloop
endfacet
facet normal 0.44961169 -0.89322412 0
    outer loop
        vertex 52.803055 -111.64268 -16
        vertex 58.217495 -108.917274 16
        vertex 52.803055 -111.64268 16
    endloop
endfacet
facet normal 0.49289715 -0.8700875 0
    outer loop
        vertex 63.491688 -105.92949 -16
        vertex 63.491688 -105.92949 16
        vertex 58.217495 -108.917274 -16
    endloop
endfacet
facet normal 0.53499883 -0.84485286 0
    outer loop
        vertex 68.61292 -102.68649 -16
        vertex 68.61292 -102.68649 16
        vertex 63.491688 -105.92949 -16
    endloop
endfacet
facet normal 0.57580787 -0.81758505 0
    outer loop
        vertex 73.56886 -99.19613 -16
        vertex 73.56886 -99.19613 16
        vertex 68.61292 -102.68649 -16
    endloop
endfacet
facet normal 0.61523139 -0.78834659 0
    outer loop
        vertex 78.34757 -95.46679 -16
        vertex 78.34757 -95.46679 16
        vertex 73.56886 -99.19613 -16
    endloop
endfacet
facet normal 0.68951589 -0.72422254 -0.00834759
    outer loop
        vertex 87.32769 -87.32769 -16
        vertex 84.45344 -90.110306 -12
        vertex 82.93753 -91.50746 -16
    endloop
endfacet
facet normal 0.72422254 -0.68951589 0.00834761
    outer loop
        vertex 91.50746 -82.93753 16
        vertex 87.32769 -87.32769 16
        vertex 90.110306 -84.45344 12
    endloop
endfacet
facet normal 0.75720865 -0.65317309 0
    outer loop
        vertex 95.46679 -78.34757 16
        vertex 91.50746 -82.93753 16
        vertex 91.50746 -82.93753 -16
    endloop
endfacet
facet normal 0.78834659 -0.61523139 0
    outer loop
        vertex 99.19613 -73.56886 16
        vertex 95.46679 -78.34757 -16
        vertex 99.19613 -73.56886 -16
    endloop
endfacet
facet normal 0.81758505 -0.57580787 0
    outer loop
        vertex 102.68649 -68.61292 16
        vertex 99.19613 -73.56886 -16
        vertex 102.68649 -68.61292 -16
    endloop
endfacet
facet normal 0.84485286 -0.53499883 0
    outer loop
        vertex 105.92949 -63.491688 16
        vertex 102.68649 -68.61292 -16
        vertex 105.92949 -63.491688 -16
    endloop
endfacet
facet normal 0.8700875 -0.49289715 0
    outer loop
        vertex 108.917274 -58.217495 16
        vertex 105.92949 -63.491688 -16
        vertex 108.917274 -58.217495 -16
    endloop
endfacet
facet normal 0.89322412 -0.44961169 0
    outer loop
        vertex 111.64268 -52.803055 16
        vertex 108.917274 -58.217495 -16
        vertex 111.64268 -52.803055 -16
    endloop
endfacet
facet normal 0.93296021 -0.35988262 0.00834479
    outer loop
        vertex 114.09912 -47.261406 16
        vertex 115.569984 -43.54109 12
        vertex 116.28069 -41.605896 16
    endloop
endfacet
facet normal 0.94952834 -0.31368113 0
    outer loop
        vertex 116.28069 -41.605896 16
        vertex 116.28069 -41.605896 -16
        vertex 118.18213 -35.850155 16
    endloop
endfacet
facet normal 0.96377593 -0.26671302 0
    outer loop
        vertex 118.18213 -35.850155 16
        vertex 118.18213 -35.850155 -16
        vertex 119.79886 -30.00805 16
    endloop
endfacet
facet normal 0.97570223 -0.21910049 0
    outer loop
        vertex 119.79886 -30.00805 16
        vertex 119.79886 -30.00805 -16
        vertex 121.126976 -24.093655 16
    endloop
endfacet
facet normal 0.98527747 -0.17096293 0
    outer loop
        vertex 121.126976 -24.093655 16
        vertex 121.126976 -24.093655 -16
        vertex 122.1633 -18.121212 16
    endloop
endfacet
facet normal 0.99966401 -0.02453985 0.00834617
    outer loop
        vertex 123.35124 -6.0598574 16
        vertex 123.4352 -4 12
        vertex 123.5 -0 16
    endloop
endfacet
facet normal 0.99986887 -0.01619699 0
    outer loop
        vertex 123.5 -0 12
        vertex 123.5 -0 16
        vertex 123.4352 -4 12
    endloop
endfacet
facet normal 0.9991703 -0.04072701 0
    outer loop
        vertex 123.4352 -4 12
        vertex 123.35124 -6.0598574 16
        vertex 123.35124 -6.0598574 -16
    endloop
endfacet
facet normal 0.99247956 -0.12241026 0
    outer loop
        vertex 122.1633 -18.121212 16
        vertex 122.1633 -18.121212 -16
        vertex 122.90531 -12.105117 16
    endloop
endfacet
facet normal 0.99986887 -0.01619699 0
    outer loop
        vertex 123.5 -0 -12
        vertex 123.4352 -4 -12
        vertex 123.5 -0 -16
    endloop
endfacet
facet normal 0.99729037 -0.07356544 0
    outer loop
        vertex 122.90531 -12.105117 16
        vertex 122.90531 -12.105117 -16
        vertex 123.35124 -6.0598574 16
    endloop
endfacet
facet normal 0.99247956 -0.12241026 0
    outer loop
        vertex 122.90531 -12.105117 16
        vertex 122.1633 -18.121212 -16
        vertex 122.90531 -12.105117 -16
    endloop
endfacet
facet normal 0.98527747 -0.17096293 0
    outer loop
        vertex 122.1633 -18.121212 16
        vertex 121.126976 -24.093655 -16
        vertex 122.1633 -18.121212 -16
    endloop
endfacet
facet normal 0.97570223 -0.21910049 0
    outer loop
        vertex 121.126976 -24.093655 16
        vertex 119.79886 -30.00805 -16
        vertex 121.126976 -24.093655 -16
    endloop
endfacet
facet normal 0.96377593 -0.26671302 0
    outer loop
        vertex 119.79886 -30.00805 16
        vertex 118.18213 -35.850155 -16
        vertex 119.79886 -30.00805 -16
    endloop
endfacet
facet normal 0.94952834 -0.31368113 0
    outer loop
        vertex 118.18213 -35.850155 16
        vertex 116.28069 -41.605896 -16
        vertex 118.18213 -35.850155 -16
    endloop
endfacet
facet normal 0.93869776 -0.34474126 0
    outer loop
        vertex 116.28069 -41.605896 16
        vertex 115.569984 -43.54109 12
        vertex 116.28069 -41.605896 -16
    endloop
endfacet
facet normal 0.92995727 -0.36766753 0
    outer loop
        vertex 115.569984 -43.54109 -12
        vertex 114.09912 -47.261406 -12
        vertex 114.09912 -47.261406 -16
    endloop
endfacet
facet normal 0.91417795 -0.40522718 -0.00834869
    outer loop
        vertex 114.09912 -47.261406 -16
        vertex 112.50853 -50.932133 -12
        vertex 111.64268 -52.803055 -16
    endloop
endfacet
facet normal 0.89322412 -0.44961169 0
    outer loop
        vertex 111.64268 -52.803055 16
        vertex 108.917274 -58.217495 16
        vertex 108.917274 -58.217495 -16
    endloop
endfacet
facet normal 0.8700875 -0.49289715 0
    outer loop
        vertex 108.917274 -58.217495 16
        vertex 105.92949 -63.491688 16
        vertex 105.92949 -63.491688 -16
    endloop
endfacet
facet normal 0.84485286 -0.53499883 0
    outer loop
        vertex 105.92949 -63.491688 16
        vertex 102.68649 -68.61292 16
        vertex 102.68649 -68.61292 -16
    endloop
endfacet
facet normal 0.81758505 -0.57580787 0
    outer loop
        vertex 102.68649 -68.61292 16
        vertex 99.19613 -73.56886 16
        vertex 99.19613 -73.56886 -16
    endloop
endfacet
facet normal 0.78834659 -0.61523139 0
    outer loop
        vertex 99.19613 -73.56886 16
        vertex 95.46679 -78.34757 16
        vertex 95.46679 -78.34757 -16
    endloop
endfacet
facet normal 0.75720865 -0.65317309 0
    outer loop
        vertex 95.46679 -78.34757 -16
        vertex 95.46679 -78.34757 16
        vertex 91.50746 -82.93753 -16
    endloop
endfacet
facet normal 0.73532134 -0.67771852 0
    outer loop
        vertex 91.50746 -82.93753 -16
        vertex 91.50746 -82.93753 16
        vertex 90.110306 -84.45344 12
    endloop
endfacet
facet normal 0.68951589 -0.72422254 0.00834761
    outer loop
        vertex 84.45344 -90.110306 12
        vertex 87.32769 -87.32769 16
        vertex 82.93753 -91.50746 16
    endloop
endfacet
facet normal 0.65317309 -0.75720865 0
    outer loop
        vertex 82.93753 -91.50746 -16
        vertex 82.93753 -91.50746 16
        vertex 78.34757 -95.46679 -16
    endloop
endfacet
facet normal 0.65317309 -0.75720865 0
    outer loop
        vertex 78.34757 -95.46679 -16
        vertex 82.93753 -91.50746 16
        vertex 78.34757 -95.46679 16
    endloop
endfacet
facet normal 0.61523139 -0.78834659 0
    outer loop
        vertex 73.56886 -99.19613 -16
        vertex 78.34757 -95.46679 16
        vertex 73.56886 -99.19613 16
    endloop
endfacet
facet normal 0.57580787 -0.81758505 0
    outer loop
        vertex 68.61292 -102.68649 -16
        vertex 73.56886 -99.19613 16
        vertex 68.61292 -102.68649 16
    endloop
endfacet
facet normal 0.53499883 -0.84485286 0
    outer loop
        vertex 63.491688 -105.92949 -16
        vertex 68.61292 -102.68649 16
        vertex 63.491688 -105.92949 16
    endloop
endfacet
facet normal 0.49289715 -0.8700875 0
    outer loop
        vertex 58.217495 -108.917274 -16
        vertex 63.491688 -105.92949 16
        vertex 58.217495 -108.917274 16
    endloop
endfacet
facet normal 0.44961169 -0.89322412 0
    outer loop
        vertex 52.803055 -111.64268 -16
        vertex 58.217495 -108.917274 -16
        vertex 58.217495 -108.917274 16
    endloop
endfacet
facet normal 0.41999763 -0.90752518 0
    outer loop
        vertex 50.932133 -112.50853 12
        vertex 52.803055 -111.64268 -16
        vertex 52.803055 -111.64268 16
    endloop
endfacet
facet normal 0.36766753 -0.92995727 0
    outer loop
        vertex 43.54109 -115.569984 -12
        vertex 47.261406 -114.09912 -16
        vertex 47.261406 -114.09912 -12
    endloop
endfacet
facet normal 0.31368113 -0.94952834 0
    outer loop
        vertex 35.850155 -118.18213 -16
        vertex 41.605896 -116.28069 -16
        vertex 41.605896 -116.28069 16
    endloop
endfacet
facet normal 0.31368113 -0.94952834 0
    outer loop
        vertex 35.850155 -118.18213 16
        vertex 35.850155 -118.18213 -16
        vertex 41.605896 -116.28069 16
    endloop
endfacet
facet normal 0.26671302 -0.96377593 0
    outer loop
        vertex 30.00805 -119.79886 16
        vertex 30.00805 -119.79886 -16
        vertex 35.850155 -118.18213 16
    endloop
endfacet
facet normal 0.21910049 -0.97570223 0
    outer loop
        vertex 24.093655 -121.126976 16
        vertex 24.093655 -121.126976 -16
        vertex 30.00805 -119.79886 16
    endloop
endfacet
facet normal 0.17096293 -0.98527747 0
    outer loop
        vertex 18.121212 -122.1633 16
        vertex 18.121212 -122.1633 -16
        vertex 24.093655 -121.126976 16
    endloop
endfacet
facet normal 0.12241026 -0.99247956 0
    outer loop
        vertex 18.121212 -122.1633 16
        vertex 12.105117 -122.90531 -16
        vertex 18.121212 -122.1633 -16
    endloop
endfacet
facet normal 0.07356544 -0.99729037 0
    outer loop
        vertex 12.105117 -122.90531 16
        vertex 6.0598574 -123.35124 -16
        vertex 12.105117 -122.90531 -16
    endloop
endfacet
facet normal 0.04072701 -0.9991703 0
    outer loop
        vertex 6.0598574 -123.35124 16
        vertex 4 -123.4352 12
        vertex 6.0598574 -123.35124 -16
    endloop
endfacet
facet normal 0.01619699 -0.99986887 0
    outer loop
        vertex 4 -123.4352 -12
        vertex -0.0000001756407 -123.5 -12
        vertex -0.000000000000007562194 -123.5 -16
    endloop
endfacet
facet normal -0.02453985 -0.99966401 -0.00834617
    outer loop
        vertex -0.000000000000007562194 -123.5 -16
        vertex -4 -123.4352 -12
        vertex -6.0598574 -123.35124 -16
    endloop
endfacet
facet normal -0.07356544 -0.99729037 0
    outer loop
        vertex -6.0598574 -123.35124 16
        vertex -12.105117 -122.90531 16
        vertex -12.105117 -122.90531 -16
    endloop
endfacet
facet normal -0.12241026 -0.99247956 0
    outer loop
        vertex -12.105117 -122.90531 16
        vertex -18.121212 -122.1633 16
        vertex -18.121212 -122.1633 -16
    endloop
endfacet
facet normal -0.17096293 -0.98527747 0
    outer loop
        vertex -18.121212 -122.1633 -16
        vertex -18.121212 -122.1633 16
        vertex -24.093655 -121.126976 -16
    endloop
endfacet
facet normal -0.21910049 -0.97570223 0
    outer loop
        vertex -24.093655 -121.126976 -16
        vertex -24.093655 -121.126976 16
        vertex -30.00805 -119.79886 -16
    endloop
endfacet
facet normal -0.26671302 -0.96377593 0
    outer loop
        vertex -30.00805 -119.79886 -16
        vertex -30.00805 -119.79886 16
        vertex -35.850155 -118.18213 -16
    endloop
endfacet
facet normal -0.31368113 -0.94952834 0
    outer loop
        vertex -35.850155 -118.18213 -16
        vertex -35.850155 -118.18213 16
        vertex -41.605896 -116.28069 -16
    endloop
endfacet
facet normal -0.31368113 -0.94952834 0
    outer loop
        vertex -41.605896 -116.28069 -16
        vertex -35.850155 -118.18213 16
        vertex -41.605896 -116.28069 16
    endloop
endfacet
facet normal -0.35988262 -0.93296021 0.00834479
    outer loop
        vertex -43.54109 -115.569984 12
        vertex -41.605896 -116.28069 16
        vertex -47.261406 -114.09912 16
    endloop
endfacet
facet normal -0.40522718 -0.91417795 -0.00834867
    outer loop
        vertex -52.803055 -111.64268 -16
        vertex -47.261406 -114.09912 -16
        vertex -50.932133 -112.50853 -12
    endloop
endfacet
facet normal -0.44961169 -0.89322412 0
    outer loop
        vertex -58.217495 -108.917274 -16
        vertex -52.803055 -111.64268 16
        vertex -58.217495 -108.917274 16
    endloop
endfacet
facet normal -0.49289715 -0.8700875 0
    outer loop
        vertex -63.491688 -105.92949 -16
        vertex -58.217495 -108.917274 -16
        vertex -58.217495 -108.917274 16
    endloop
endfacet
facet normal -0.49289715 -0.8700875 -0
    outer loop
        vertex -63.491688 -105.92949 16
        vertex -63.491688 -105.92949 -16
        vertex -58.217495 -108.917274 16
    endloop
endfacet
facet normal -0.57580787 -0.81758505 0
    outer loop
        vertex -73.56886 -99.19613 -16
        vertex -68.61292 -102.68649 -16
        vertex -68.61292 -102.68649 16
    endloop
endfacet
facet normal -0.61523139 -0.78834659 0
    outer loop
        vertex -78.34757 -95.46679 -16
        vertex -73.56886 -99.19613 16
        vertex -78.34757 -95.46679 16
    endloop
endfacet
facet normal -0.67771852 -0.73532134 0
    outer loop
        vertex -82.93753 -91.50746 -16
        vertex -82.93753 -91.50746 16
        vertex -84.45344 -90.110306 12
    endloop
endfacet
facet normal -0.72422254 -0.68951589 -0.00834759
    outer loop
        vertex -87.32769 -87.32769 -16
        vertex -90.110306 -84.45344 -12
        vertex -91.50746 -82.93753 -16
    endloop
endfacet
facet normal -0.75720865 -0.65317309 0
    outer loop
        vertex -91.50746 -82.93753 -16
        vertex -91.50746 -82.93753 16
        vertex -95.46679 -78.34757 -16
    endloop
endfacet
facet normal -0.78834659 -0.61523139 0
    outer loop
        vertex -95.46679 -78.34757 -16
        vertex -95.46679 -78.34757 16
        vertex -99.19613 -73.56886 -16
    endloop
endfacet
facet normal -0.81758505 -0.57580787 0
    outer loop
        vertex -99.19613 -73.56886 16
        vertex -102.68649 -68.61292 16
        vertex -102.68649 -68.61292 -16
    endloop
endfacet
facet normal -0.89322412 -0.44961169 0
    outer loop
        vertex -111.64268 -52.803055 -16
        vertex -108.917274 -58.217495 16
        vertex -111.64268 -52.803055 16
    endloop
endfacet
facet normal -0.92995727 -0.36766753 0
    outer loop
        vertex -114.09912 -47.261406 -16
        vertex -114.09912 -47.261406 -12
        vertex -115.569984 -43.54109 -12
    endloop
endfacet
facet normal -0.94952834 -0.31368113 0
    outer loop
        vertex -116.28069 -41.605896 16
        vertex -118.18213 -35.850155 16
        vertex -118.18213 -35.850155 -16
    endloop
endfacet
facet normal -0.97570223 -0.21910049 -0
    outer loop
        vertex -119.79886 -30.00805 16
        vertex -121.126976 -24.093655 -16
        vertex -119.79886 -30.00805 -16
    endloop
endfacet
facet normal -0.98527747 -0.17096293 -0
    outer loop
        vertex -122.1633 -18.121212 16
        vertex -122.1633 -18.121212 -16
        vertex -121.126976 -24.093655 16
    endloop
endfacet
facet normal -0.99966401 -0.02453985 -0.00834617
    outer loop
        vertex -123.35124 -6.0598574 -16
        vertex -123.4352 -4 -12
        vertex -123.5 -0 -16
    endloop
endfacet
facet normal 0.9991703 -0.040727 0
    outer loop
        vertex 123.4352 -4 -12
        vertex 123.4352 -4 12
        vertex 123.35124 -6.0598574 -16
    endloop
endfacet
facet normal -0.99986887 -0.01619699 0
    outer loop
        vertex -123.4352 -4 -12
        vertex -123.5 -0 -12
        vertex -123.5 -0 -16
    endloop
endfacet
facet normal -0.99729037 -0.07356544 -0
    outer loop
        vertex -122.90531 -12.105117 16
        vertex -123.35124 -6.0598574 -16
        vertex -122.90531 -12.105117 -16
    endloop
endfacet
facet normal -0.9991703 -0.040727 -0
    outer loop
        vertex -123.4352 -4 12
        vertex -123.4352 -4 -12
        vertex -123.35124 -6.0598574 -16
    endloop
endfacet
facet normal 0.99729037 -0.07356544 0
    outer loop
        vertex 123.35124 -6.0598574 16
        vertex 122.90531 -12.105117 -16
        vertex 123.35124 -6.0598574 -16
    endloop
endfacet
facet normal -0.99986887 -0.01619699 -0
    outer loop
        vertex -123.5 -0 16
        vertex -123.5 -0 12
        vertex -123.4352 -4 12
    endloop
endfacet
facet normal 0.99966401 -0.02453985 -0.00834617
    outer loop
        vertex 123.4352 -4 -12
        vertex 123.35124 -6.0598574 -16
        vertex 123.5 -0 -16
    endloop
endfacet
facet normal -0.8700875 -0.49289715 0
    outer loop
        vertex -105.92949 -63.491688 -16
        vertex -105.92949 -63.491688 16
        vertex -108.917274 -58.217495 -16
    endloop
endfacet
facet normal 0.68108863 -0.73218709 -0.00451797
    outer loop
        vertex -74.82351 81.20259 0.08723056
        vertex -77.92899 78.341064 -4.3255386
        vertex -74.20726 81.8751 -16
    endloop
endfacet
facet normal 0.85500646 -0.51861018 0.00277496
    outer loop
        vertex -94.66603 56.90901 0
        vertex -94.779015 56.808353 16
        vertex -96.29174 54.20471 -4.5
    endloop
endfacet
facet normal -0.49289575 -0.87008321 -0.00299087
    outer loop
        vertex 54.105137 96.25507 0.085584976
        vertex 52.08934 97.4523 -16
        vertex 56.808353 94.779015 -16
    endloop
endfacet
facet normal -0.2279671 -0.97366679 0.00202104
    outer loop
        vertex 24.870275 107.6186 0
        vertex 27.944592 106.90814 4.5
        vertex 26.84931 107.18845 16
    endloop
endfacet
facet normal -0.21910049 -0.97570193 0.00086962
    outer loop
        vertex 24.870275 107.6186 0
        vertex 26.84931 107.18845 16
        vertex 21.55748 108.37677 16
    endloop
endfacet
facet normal 0.81091928 -0.58515751 0.00080952
    outer loop
        vertex -90.78203 62.99899 4.5
        vertex -88.4006 66.29921 4.5
        vertex -88.75443 65.82477 16
    endloop
endfacet
facet normal 0.81758136 -0.57580692 -0.00266271
    outer loop
        vertex -90.78203 62.99899 4.5
        vertex -88.75443 65.82477 16
        vertex -91.877396 61.39051 16
    endloop
endfacet
facet normal 0.75720567 -0.6531707 -0.00275448
    outer loop
        vertex -83.28138 72.62549 4.5
        vertex -81.8751 74.20726 16
        vertex -85.417656 70.10046 16
    endloop
endfacet
facet normal 0.72424495 -0.68953758 -0.00266808
    outer loop
        vertex -80.55055 75.642975 4.5
        vertex -78.1353 78.1353 16
        vertex -81.8751 74.20726 16
    endloop
endfacet
facet normal 0.69005126 -0.72375971 -0.0011003
    outer loop
        vertex -77.71045 78.557846 4.5
        vertex -74.764946 81.366165 4.5
        vertex -78.1353 78.1353 16
    endloop
endfacet
facet normal 0.64174217 -0.76692051 0
    outer loop
        vertex -71.718025 84.06411 4.5
        vertex -70.10046 85.417656 -16
        vertex -70.10046 85.417656 16
    endloop
endfacet
facet normal 0.6531707 -0.75720567 -0.00275095
    outer loop
        vertex -71.718025 84.06411 4.5
        vertex -70.10046 85.417656 16
        vertex -74.20726 81.8751 16
    endloop
endfacet
facet normal 0.68953991 -0.7242474 0.00057973
    outer loop
        vertex -77.92899 78.341064 -4.3255386
        vertex -78.1353 78.1353 -16
        vertex -74.20726 81.8751 -16
    endloop
endfacet
facet normal 0.66293073 -0.74868006 0.00098449
    outer loop
        vertex -74.764946 81.366165 4.5
        vertex -71.718025 84.06411 4.5
        vertex -74.20726 81.8751 16
    endloop
endfacet
facet normal 0.70577013 -0.70844096 0.00001433
    outer loop
        vertex -78.04528 78.22521 -4.5
        vertex -78.1353 78.1353 -16
        vertex -77.92899 78.341064 -4.3255386
    endloop
endfacet
facet normal 0.68953937 -0.7242468 -0.00138717
    outer loop
        vertex -74.764946 81.366165 4.5
        vertex -74.20726 81.8751 16
        vertex -78.1353 78.1353 16
    endloop
endfacet
facet normal 0.74169248 -0.67073864 -0.00140101
    outer loop
        vertex -80.67669 75.50842 -4.5
        vertex -83.21358 72.70317 -4.5
        vertex -81.8751 74.20726 -16
    endloop
endfacet
facet normal 0.72424525 -0.68953782 0.00254419
    outer loop
        vertex -80.67669 75.50842 -4.5
        vertex -81.8751 74.20726 -16
        vertex -78.1353 78.1353 -16
    endloop
endfacet
facet normal 0.7656526 -0.64325356 0.00099214
    outer loop
        vertex -83.28138 72.62549 4.5
        vertex -85.417656 70.10046 16
        vertex -85.89925 69.50949 4.5
    endloop
endfacet
facet normal 0.78583837 -0.61843157 0.00060725
    outer loop
        vertex -85.65297 69.81274 -4.5
        vertex -87.99202 66.840515 -4.5
        vertex -85.417656 70.10046 -16
    endloop
endfacet
facet normal 0.80654311 -0.59117395 -0.00125529
    outer loop
        vertex -87.99202 66.840515 -4.5
        vertex -90.227974 63.789986 -4.5
        vertex -88.75443 65.82477 -16
    endloop
endfacet
facet normal 0.78834498 -0.6152299 0.00207596
    outer loop
        vertex -87.99202 66.840515 -4.5
        vertex -88.75443 65.82477 -16
        vertex -85.417656 70.10046 -16
    endloop
endfacet
facet normal 0.78881979 -0.61462361 -0.00108609
    outer loop
        vertex -88.4006 66.29921 4.5
        vertex -85.89925 69.50949 4.5
        vertex -88.75443 65.82477 16
    endloop
endfacet
facet normal 0.83191448 -0.55490148 0.00162651
    outer loop
        vertex -90.78203 62.99899 4.5
        vertex -91.877396 61.39051 16
        vertex -93.04033 59.61332 4.5
    endloop
endfacet
facet normal 0.86289465 -0.50538307 -0.00091437
    outer loop
        vertex -94.380264 57.468376 -4.5
        vertex -96.29174 54.20471 -4.5
        vertex -94.779015 56.808353 -16
    endloop
endfacet
facet normal 0.8767215 -0.48099834 0
    outer loop
        vertex -96.29174 54.20471 -4.5
        vertex -97.4523 52.08934 16
        vertex -97.4523 52.08934 -16
    endloop
endfacet
facet normal 0.87008351 -0.49289593 0.0028584
    outer loop
        vertex -96.29174 54.20471 -4.5
        vertex -97.4523 52.08934 -16
        vertex -94.779015 56.808353 -16
    endloop
endfacet
facet normal 0.84485251 -0.53499693 0.00155928
    outer loop
        vertex -94.779015 56.808353 -16
        vertex -91.877396 61.39051 -16
        vertex -92.35822 60.66472 -4.5
    endloop
endfacet
facet normal 0.84485036 -0.53499556 -0.00275784
    outer loop
        vertex -93.04033 59.61332 4.5
        vertex -91.877396 61.39051 16
        vertex -94.779015 56.808353 16
    endloop
endfacet
facet normal -0.34078094 -0.94014144 0.00154695
    outer loop
        vertex 35.737 104.56155 4.5
        vertex 39.56312 103.17466 4.5
        vertex 37.22633 104.04062 16
    endloop
endfacet
facet normal -0.31368163 -0.94952518 -0.00238767
    outer loop
        vertex 35.737 104.56155 4.5
        vertex 37.22633 104.04062 16
        vertex 32.076454 105.74191 16
    endloop
endfacet
facet normal -0.37517184 -0.92695433 0.00131294
    outer loop
        vertex 39.56312 103.17466 4.5
        vertex 43.335575 101.64781 4.5
        vertex 42.28652 102.08869 16
    endloop
endfacet
facet normal -0.35989308 -0.93298912 -0.0028752
    outer loop
        vertex 39.56312 103.17466 4.5
        vertex 42.28652 102.08869 16
        vertex 37.22633 104.04062 16
    endloop
endfacet
facet normal -0.40524113 -0.91420788 -0.00191872
    outer loop
        vertex 43.335575 101.64781 4.5
        vertex 47.24484 99.890816 16
        vertex 42.28652 102.08869 16
    endloop
endfacet
facet normal -0.44237378 -0.89683074 0.00032816
    outer loop
        vertex 47.049248 99.983086 4.5
        vertex 50.6991 98.18275 4.5
        vertex 47.24484 99.890816 16
    endloop
endfacet
facet normal -0.4496097 -0.89322197 -0.0023813
    outer loop
        vertex 50.6991 98.18275 4.5
        vertex 52.08934 97.4523 16
        vertex 47.24484 99.890816 16
    endloop
endfacet
facet normal -0.49289593 -0.87008351 -0.00287573
    outer loop
        vertex 54.28018 96.249214 4.5
        vertex 56.808353 94.779015 16
        vertex 52.08934 97.4523 16
    endloop
endfacet
facet normal -0.48625275 -0.87380856 -0.00410062
    outer loop
        vertex 50.422646 98.325005 -4.3288302
        vertex 52.08934 97.4523 -16
        vertex 54.105137 96.25507 0.085584976
    endloop
endfacet
facet normal -0.53499728 -0.84485304 0.00108116
    outer loop
        vertex 57.787632 94.18513 4.5
        vertex 56.808353 94.779015 -16
        vertex 61.39051 91.877396 -16
    endloop
endfacet
facet normal -0.50718045 -0.86183888 0.00131863
    outer loop
        vertex 57.787632 94.18513 4.5
        vertex 56.808353 94.779015 16
        vertex 54.28018 96.249214 4.5
    endloop
endfacet
facet normal -0.45688978 -0.88952249 0.00126754
    outer loop
        vertex 50.279278 98.3984 -4.5
        vertex 52.08934 97.4523 -16
        vertex 50.422646 98.325005 -4.3288302
    endloop
endfacet
facet normal -0.40871435 -0.91266215 0.00065961
    outer loop
        vertex 46.88231 100.06148 -4.5
        vertex 43.43041 101.60733 -4.5
        vertex 47.24484 99.890816 -16
    endloop
endfacet
facet normal -0.37724113 -0.9261142 -0.00124114
    outer loop
        vertex 43.43041 101.60733 -4.5
        vertex 39.927635 103.03414 -4.5
        vertex 42.28652 102.08869 -16
    endloop
endfacet
facet normal -0.40524104 -0.91420764 0.00204235
    outer loop
        vertex 43.43041 101.60733 -4.5
        vertex 42.28652 102.08869 -16
        vertex 47.24484 99.890816 -16
    endloop
endfacet
facet normal -0.31368214 -0.94952673 0.00160151
    outer loop
        vertex 36.37808 104.34024 -4.5
        vertex 32.076454 105.74191 -16
        vertex 37.22633 104.04062 -16
    endloop
endfacet
facet normal -0.31300417 -0.94975084 0.00132059
    outer loop
        vertex 32.785904 105.52409 -4.5
        vertex 32.076454 105.74191 -16
        vertex 36.37808 104.34024 -4.5
    endloop
endfacet
facet normal -0.24730274 -0.9689374 -0.00131188
    outer loop
        vertex 29.155313 106.58432 -4.5
        vertex 25.490568 107.51968 -4.5
        vertex 26.84931 107.18845 -16
    endloop
endfacet
facet normal -0.26671085 -0.96377242 0.00285121
    outer loop
        vertex 29.155313 106.58432 -4.5
        vertex 26.84931 107.18845 -16
        vertex 32.076454 105.74191 -16
    endloop
endfacet
facet normal -0.21910001 -0.97569984 0.00221508
    outer loop
        vertex 25.490568 107.51968 -4.5
        vertex 21.55748 108.37677 -16
        vertex 26.84931 107.18845 -16
    endloop
endfacet
facet normal -0.22467975 -0.97443253 -0.00034572
    outer loop
        vertex 21.79596 108.329056 -4.5
        vertex 24.870275 107.6186 0
        vertex 21.55748 108.37677 16
    endloop
endfacet
facet normal -0.21399558 -0.97683454 0.00038475
    outer loop
        vertex 21.79596 108.329056 -4.5
        vertex 21.55748 108.37677 -16
        vertex 25.490568 107.51968 -4.5
    endloop
endfacet
facet normal -0.27066699 -0.96267301 -0.00037728
    outer loop
        vertex 27.944592 106.90814 4.5
        vertex 31.862404 105.8066 4.5
        vertex 32.076454 105.74191 16
    endloop
endfacet
facet normal 0.99969876 -0.02454129 0
    outer loop
        vertex -110.3669 5.421978 -16
        vertex -110.3669 5.421978 16
        vertex -110.5 -0 -16
    endloop
endfacet
facet normal 0.99729043 -0.07356478 0
    outer loop
        vertex -109.96791 10.830894 -16
        vertex -110.3669 5.421978 16
        vertex -110.3669 5.421978 -16
    endloop
endfacet
facet normal 0.9924795 -0.12241106 0
    outer loop
        vertex -109.304 16.213717 -16
        vertex -109.96791 10.830894 16
        vertex -109.96791 10.830894 -16
    endloop
endfacet
facet normal 0.9924795 -0.12241106 0
    outer loop
        vertex -109.304 16.213717 16
        vertex -109.96791 10.830894 16
        vertex -109.304 16.213717 -16
    endloop
endfacet
facet normal 0.98527765 -0.17096187 0
    outer loop
        vertex -108.37677 21.55748 16
        vertex -109.304 16.213717 16
        vertex -108.37677 21.55748 -16
    endloop
endfacet
facet normal 0.97570223 -0.21910056 0
    outer loop
        vertex -108.37677 21.55748 16
        vertex -108.37677 21.55748 -16
        vertex -107.18845 26.84931 -16
    endloop
endfacet
facet normal 0.96377629 -0.26671195 0
    outer loop
        vertex -107.18845 26.84931 16
        vertex -107.18845 26.84931 -16
        vertex -105.74191 32.076454 -16
    endloop
endfacet
facet normal 0.96377629 -0.26671195 0
    outer loop
        vertex -107.18845 26.84931 16
        vertex -105.74191 32.076454 -16
        vertex -105.74191 32.076454 16
    endloop
endfacet
facet normal 0.94952792 -0.31368253 0
    outer loop
        vertex -105.74191 32.076454 16
        vertex -104.04062 37.22633 -16
        vertex -104.04062 37.22633 16
    endloop
endfacet
facet normal 0.93299299 -0.35989457 0
    outer loop
        vertex -104.04062 37.22633 -16
        vertex -102.08869 42.28652 -16
        vertex -104.04062 37.22633 16
    endloop
endfacet
facet normal 0.91420943 -0.40524185 0
    outer loop
        vertex -102.08869 42.28652 -16
        vertex -99.890816 47.24484 -16
        vertex -102.08869 42.28652 16
    endloop
endfacet
facet normal 0.91420943 -0.40524185 0
    outer loop
        vertex -99.890816 47.24484 -16
        vertex -99.890816 47.24484 16
        vertex -102.08869 42.28652 16
    endloop
endfacet
facet normal 0.89322448 -0.44961098 0
    outer loop
        vertex -97.4523 52.08934 -16
        vertex -97.4523 52.08934 16
        vertex -99.890816 47.24484 16
    endloop
endfacet
facet normal 0.87008595 -0.49289733 -0.00160349
    outer loop
        vertex -94.779015 56.808353 16
        vertex -97.4523 52.08934 16
        vertex -96.29174 54.20471 -4.5
    endloop
endfacet
facet normal 0.85500771 -0.5186078 0.00277498
    outer loop
        vertex -94.779015 56.808353 16
        vertex -94.66603 56.90901 0
        vertex -93.04033 59.61332 4.5
    endloop
endfacet
facet normal 0.84509414 -0.53461581 0.00138061
    outer loop
        vertex -94.380264 57.468376 -4.5
        vertex -94.779015 56.808353 -16
        vertex -92.35822 60.66472 -4.5
    endloop
endfacet
facet normal 0.81758094 -0.57580662 0.00287809
    outer loop
        vertex -90.227974 63.789986 -4.5
        vertex -91.877396 61.39051 -16
        vertex -88.75443 65.82477 -16
    endloop
endfacet
facet normal 0.78834593 -0.61523062 -0.00139824
    outer loop
        vertex -88.75443 65.82477 16
        vertex -85.89925 69.50949 4.5
        vertex -85.417656 70.10046 16
    endloop
endfacet
facet normal 0.76421475 -0.64496171 -0.00049898
    outer loop
        vertex -85.65297 69.81274 -4.5
        vertex -85.417656 70.10046 -16
        vertex -83.21358 72.70317 -4.5
    endloop
endfacet
facet normal 0.75720578 -0.65317082 0.00270228
    outer loop
        vertex -85.417656 70.10046 -16
        vertex -81.8751 74.20726 -16
        vertex -83.21358 72.70317 -4.5
    endloop
endfacet
facet normal 0.71830368 -0.69572955 -0.00018317
    outer loop
        vertex -78.1353 78.1353 -16
        vertex -78.04528 78.22521 -4.5
        vertex -80.67669 75.50842 -4.5
    endloop
endfacet
facet normal 0.68108767 -0.73218799 -0.00451804
    outer loop
        vertex -74.20726 81.8751 -16
        vertex -71.718025 84.06411 4.5
        vertex -74.82351 81.20259 0.08723056
    endloop
endfacet
facet normal 0.65317243 -0.75720769 0.00154322
    outer loop
        vertex -70.10046 85.417656 -16
        vertex -71.718025 84.06411 4.5
        vertex -74.20726 81.8751 -16
    endloop
endfacet
facet normal 0.61523128 -0.78834671 0
    outer loop
        vertex -65.82477 88.75443 -16
        vertex -65.82477 88.75443 16
        vertex -70.10046 85.417656 16
    endloop
endfacet
facet normal 0.575809 -0.81758428 0
    outer loop
        vertex -61.39051 91.877396 -16
        vertex -65.82477 88.75443 16
        vertex -65.82477 88.75443 -16
    endloop
endfacet
facet normal 0.53499758 -0.84485352 0
    outer loop
        vertex -56.808353 94.779015 -16
        vertex -61.39051 91.877396 16
        vertex -61.39051 91.877396 -16
    endloop
endfacet
facet normal 0.53499758 -0.84485352 0
    outer loop
        vertex -56.808353 94.779015 16
        vertex -61.39051 91.877396 16
        vertex -56.808353 94.779015 -16
    endloop
endfacet
facet normal 0.49289796 -0.87008709 0
    outer loop
        vertex -52.08934 97.4523 16
        vertex -56.808353 94.779015 16
        vertex -52.08934 97.4523 -16
    endloop
endfacet
facet normal 0.40524185 -0.91420943 0
    outer loop
        vertex -47.24484 99.890816 16
        vertex -47.24484 99.890816 -16
        vertex -42.28652 102.08869 -16
    endloop
endfacet
facet normal 0.35989457 -0.93299299 0
    outer loop
        vertex -42.28652 102.08869 16
        vertex -42.28652 102.08869 -16
        vertex -37.22633 104.04062 -16
    endloop
endfacet
facet normal 0.31368253 -0.94952792 0
    outer loop
        vertex -32.076454 105.74191 16
        vertex -37.22633 104.04062 16
        vertex -32.076454 105.74191 -16
    endloop
endfacet
facet normal 0.26671195 -0.96377629 0
    outer loop
        vertex -26.84931 107.18845 16
        vertex -32.076454 105.74191 16
        vertex -26.84931 107.18845 -16
    endloop
endfacet
facet normal 0.17096187 -0.98527765 0
    outer loop
        vertex -16.213717 109.304 -16
        vertex -21.55748 108.37677 16
        vertex -21.55748 108.37677 -16
    endloop
endfacet
facet normal 0.12241106 -0.9924795 0
    outer loop
        vertex -10.830894 109.96791 -16
        vertex -16.213717 109.304 16
        vertex -16.213717 109.304 -16
    endloop
endfacet
facet normal 0.07356478 -0.99729043 0
    outer loop
        vertex -5.421978 110.3669 -16
        vertex -10.830894 109.96791 16
        vertex -10.830894 109.96791 -16
    endloop
endfacet
facet normal 0.02454129 -0.99969876 0
    outer loop
        vertex 0 110.5 -16
        vertex 0 110.5 16
        vertex -5.421978 110.3669 16
    endloop
endfacet
facet normal -0.02454129 -0.99969876 0
    outer loop
        vertex 5.421978 110.3669 -16
        vertex 5.421978 110.3669 16
        vertex 0 110.5 16
    endloop
endfacet
facet normal -0.07356478 -0.99729043 0
    outer loop
        vertex 10.830894 109.96791 -16
        vertex 10.830894 109.96791 16
        vertex 5.421978 110.3669 16
    endloop
endfacet
facet normal -0.17204688 -0.98508883 0
    outer loop
        vertex 16.213717 109.304 -16
        vertex 21.79596 108.329056 -4.5
        vertex 16.213717 109.304 16
    endloop
endfacet
facet normal -0.17096186 -0.98527747 -0.00054268
    outer loop
        vertex 21.55748 108.37677 -16
        vertex 21.79596 108.329056 -4.5
        vertex 16.213717 109.304 -16
    endloop
endfacet
facet normal -0.3059313 -0.95205349 0.00033884
    outer loop
        vertex 31.862404 105.8066 4.5
        vertex 35.737 104.56155 4.5
        vertex 32.076454 105.74191 16
    endloop
endfacet
facet normal -0.35989308 -0.93298912 0.00288249
    outer loop
        vertex 37.22633 104.04062 -16
        vertex 42.28652 102.08869 -16
        vertex 39.927635 103.03414 -4.5
    endloop
endfacet
facet normal -0.43970892 -0.89814013 -0.00053298
    outer loop
        vertex 46.88231 100.06148 -4.5
        vertex 47.24484 99.890816 -16
        vertex 50.279278 98.3984 -4.5
    endloop
endfacet
facet normal -0.53499663 -0.84485203 -0.00192729
    outer loop
        vertex 56.808353 94.779015 16
        vertex 57.787632 94.18513 4.5
        vertex 61.39051 91.877396 16
    endloop
endfacet
facet normal -0.575809 -0.81758428 -0
    outer loop
        vertex 65.82477 88.75443 16
        vertex 61.39051 91.877396 16
        vertex 65.82477 88.75443 -16
    endloop
endfacet
facet normal -0.61523128 -0.78834671 -0
    outer loop
        vertex 70.10046 85.417656 16
        vertex 65.82477 88.75443 16
        vertex 70.10046 85.417656 -16
    endloop
endfacet
facet normal -0.65317315 -0.75720853 -0
    outer loop
        vertex 74.20726 81.8751 16
        vertex 70.10046 85.417656 16
        vertex 74.20726 81.8751 -16
    endloop
endfacet
facet normal -0.72424757 -0.68954009 0
    outer loop
        vertex 81.8751 74.20726 -16
        vertex 78.1353 78.1353 16
        vertex 78.1353 78.1353 -16
    endloop
endfacet
facet normal -0.75720853 -0.65317315 0
    outer loop
        vertex 85.417656 70.10046 -16
        vertex 81.8751 74.20726 16
        vertex 81.8751 74.20726 -16
    endloop
endfacet
facet normal -0.78834671 -0.61523128 0
    outer loop
        vertex 88.75443 65.82477 -16
        vertex 85.417656 70.10046 16
        vertex 85.417656 70.10046 -16
    endloop
endfacet
facet normal -0.81758428 -0.575809 0
    outer loop
        vertex 91.877396 61.39051 -16
        vertex 88.75443 65.82477 16
        vertex 88.75443 65.82477 -16
    endloop
endfacet
facet normal -0.84485352 -0.53499758 0
    outer loop
        vertex 94.779015 56.808353 -16
        vertex 94.779015 56.808353 16
        vertex 91.877396 61.39051 16
    endloop
endfacet
facet normal -0.87008709 -0.49289796 0
    outer loop
        vertex 97.4523 52.08934 -16
        vertex 97.4523 52.08934 16
        vertex 94.779015 56.808353 16
    endloop
endfacet
facet normal -0.89322448 -0.44961098 0
    outer loop
        vertex 99.890816 47.24484 -16
        vertex 99.890816 47.24484 16
        vertex 97.4523 52.08934 16
    endloop
endfacet
facet normal -0.91420943 -0.40524185 0
    outer loop
        vertex 102.08869 42.28652 -16
        vertex 102.08869 42.28652 16
        vertex 99.890816 47.24484 16
    endloop
endfacet
facet normal -0.93299299 -0.35989457 0
    outer loop
        vertex 104.04062 37.22633 -16
        vertex 104.04062 37.22633 16
        vertex 102.08869 42.28652 16
    endloop
endfacet
facet normal -0.96377629 -0.26671195 0
    outer loop
        vertex 105.74191 32.076454 -16
        vertex 107.18845 26.84931 -16
        vertex 105.74191 32.076454 16
    endloop
endfacet
facet normal -0.97570223 -0.21910056 0
    outer loop
        vertex 107.18845 26.84931 -16
        vertex 108.37677 21.55748 -16
        vertex 107.18845 26.84931 16
    endloop
endfacet
facet normal -0.99623746 -0.08659942 -0.00338147
    outer loop
        vertex 110.315445 6.3838267 -4.5
        vertex 109.762375 12.74633 -4.5
        vertex 109.96791 10.830894 -16
    endloop
endfacet
facet normal -0.99728894 -0.07356467 0.00169086
    outer loop
        vertex 110.315445 6.3838267 -4.5
        vertex 109.96791 10.830894 -16
        vertex 110.3669 5.421978 -16
    endloop
endfacet
facet normal -0.99969888 -0.02454129 -0
    outer loop
        vertex 110.5 -0 -4.5
        vertex 110.3669 5.421978 -16
        vertex 110.5 -0 -16
    endloop
endfacet
facet normal -0.9995802 -0.02889765 -0.00205529
    outer loop
        vertex 110.315445 6.3838267 -4.5
        vertex 110.3669 5.421978 -16
        vertex 110.5 -0 -4.5
    endloop
endfacet
facet normal -0.97570223 -0.21910056 0
    outer loop
        vertex 108.37677 21.55748 -16
        vertex 108.37677 21.55748 16
        vertex 107.18845 26.84931 16
    endloop
endfacet
facet normal -0.99137503 -0.13105565 -0
    outer loop
        vertex 109.304 16.213717 16
        vertex 109.304 16.213717 -16
        vertex 109.762375 12.74633 -4.5
    endloop
endfacet
facet normal -0.99969888 -0.02454129 0
    outer loop
        vertex 110.5 -0 4.5
        vertex 110.5 -0 16
        vertex 110.3669 5.421978 16
    endloop
endfacet
facet normal -0.99647337 -0.0838818 0.00215321
    outer loop
        vertex 109.762375 12.74633 -4.5
        vertex 110.311035 6.45955 4.5
        vertex 109.96791 10.830894 16
    endloop
endfacet
facet normal -0.99956995 -0.02924098 0.00221729
    outer loop
        vertex 110.311035 6.45955 4.5
        vertex 110.5 -0 4.5
        vertex 110.3669 5.421978 16
    endloop
endfacet
facet normal -0.99247837 -0.12241092 -0.00148685
    outer loop
        vertex 109.304 16.213717 16
        vertex 109.762375 12.74633 -4.5
        vertex 109.96791 10.830894 16
    endloop
endfacet
facet normal -0.99247605 -0.12241063 0.00265046
    outer loop
        vertex 109.304 16.213717 -16
        vertex 109.96791 10.830894 -16
        vertex 109.762375 12.74633 -4.5
    endloop
endfacet
facet normal -0.98527765 -0.17096187 0
    outer loop
        vertex 109.304 16.213717 -16
        vertex 109.304 16.213717 16
        vertex 108.37677 21.55748 16
    endloop
endfacet
facet normal -0.98527765 -0.17096187 0
    outer loop
        vertex 109.304 16.213717 -16
        vertex 108.37677 21.55748 16
        vertex 108.37677 21.55748 -16
    endloop
endfacet
facet normal -0.96377629 -0.26671195 0
    outer loop
        vertex 107.18845 26.84931 -16
        vertex 107.18845 26.84931 16
        vertex 105.74191 32.076454 16
    endloop
endfacet
facet normal -0.94952792 -0.31368253 0
    outer loop
        vertex 105.74191 32.076454 -16
        vertex 105.74191 32.076454 16
        vertex 104.04062 37.22633 16
    endloop
endfacet
facet normal -0.94952792 -0.31368253 0
    outer loop
        vertex 105.74191 32.076454 -16
        vertex 104.04062 37.22633 16
        vertex 104.04062 37.22633 -16
    endloop
endfacet
facet normal -0.93299299 -0.35989457 0
    outer loop
        vertex 104.04062 37.22633 -16
        vertex 102.08869 42.28652 16
        vertex 102.08869 42.28652 -16
    endloop
endfacet
facet normal -0.91420943 -0.40524185 0
    outer loop
        vertex 102.08869 42.28652 -16
        vertex 99.890816 47.24484 16
        vertex 99.890816 47.24484 -16
    endloop
endfacet
facet normal -0.89322448 -0.44961098 0
    outer loop
        vertex 99.890816 47.24484 -16
        vertex 97.4523 52.08934 16
        vertex 97.4523 52.08934 -16
    endloop
endfacet
facet normal -0.87008709 -0.49289796 0
    outer loop
        vertex 97.4523 52.08934 -16
        vertex 94.779015 56.808353 16
        vertex 94.779015 56.808353 -16
    endloop
endfacet
facet normal -0.84485352 -0.53499758 0
    outer loop
        vertex 94.779015 56.808353 -16
        vertex 91.877396 61.39051 16
        vertex 91.877396 61.39051 -16
    endloop
endfacet
facet normal -0.81758428 -0.575809 -0
    outer loop
        vertex 91.877396 61.39051 16
        vertex 88.75443 65.82477 16
        vertex 91.877396 61.39051 -16
    endloop
endfacet
facet normal -0.78834671 -0.61523128 -0
    outer loop
        vertex 88.75443 65.82477 16
        vertex 85.417656 70.10046 16
        vertex 88.75443 65.82477 -16
    endloop
endfacet
facet normal -0.75720853 -0.65317315 -0
    outer loop
        vertex 85.417656 70.10046 16
        vertex 81.8751 74.20726 16
        vertex 85.417656 70.10046 -16
    endloop
endfacet
facet normal -0.72424757 -0.68954009 -0
    outer loop
        vertex 81.8751 74.20726 16
        vertex 78.1353 78.1353 16
        vertex 81.8751 74.20726 -16
    endloop
endfacet
facet normal -0.68954009 -0.72424757 -0
    outer loop
        vertex 78.1353 78.1353 16
        vertex 74.20726 81.8751 16
        vertex 78.1353 78.1353 -16
    endloop
endfacet
facet normal -0.68954009 -0.72424757 -0
    outer loop
        vertex 74.20726 81.8751 16
        vertex 74.20726 81.8751 -16
        vertex 78.1353 78.1353 -16
    endloop
endfacet
facet normal -0.65317315 -0.75720853 -0
    outer loop
        vertex 70.10046 85.417656 16
        vertex 70.10046 85.417656 -16
        vertex 74.20726 81.8751 -16
    endloop
endfacet
facet normal -0.61523128 -0.78834671 -0
    outer loop
        vertex 65.82477 88.75443 16
        vertex 65.82477 88.75443 -16
        vertex 70.10046 85.417656 -16
    endloop
endfacet
facet normal -0.575809 -0.81758428 -0
    outer loop
        vertex 61.39051 91.877396 16
        vertex 61.39051 91.877396 -16
        vertex 65.82477 88.75443 -16
    endloop
endfacet
facet normal -0.53936696 -0.84207088 0
    outer loop
        vertex 57.787632 94.18513 4.5
        vertex 61.39051 91.877396 -16
        vertex 61.39051 91.877396 16
    endloop
endfacet
facet normal -0.48821068 -0.87272364 -0.00196123
    outer loop
        vertex 56.808353 94.779015 -16
        vertex 57.787632 94.18513 4.5
        vertex 54.105137 96.25507 0.085584976
    endloop
endfacet
facet normal -0.44960928 -0.89322114 0.00271775
    outer loop
        vertex 47.24484 99.890816 -16
        vertex 52.08934 97.4523 -16
        vertex 50.279278 98.3984 -4.5
    endloop
endfacet
facet normal -0.47510055 -0.87993014 0.00154455
    outer loop
        vertex 54.28018 96.249214 4.5
        vertex 52.08934 97.4523 16
        vertex 50.6991 98.18275 4.5
    endloop
endfacet
facet normal -0.40905106 -0.91251147 -0.0003644
    outer loop
        vertex 47.049248 99.983086 4.5
        vertex 47.24484 99.890816 16
        vertex 43.335575 101.64781 4.5
    endloop
endfacet
facet normal -0.34532514 -0.93848258 -0.00102025
    outer loop
        vertex 37.22633 104.04062 -16
        vertex 39.927635 103.03414 -4.5
        vertex 36.37808 104.34024 -4.5
    endloop
endfacet
facet normal -0.28031769 -0.95990688 -0.00088825
    outer loop
        vertex 32.076454 105.74191 -16
        vertex 32.785904 105.52409 -4.5
        vertex 29.155313 106.58432 -4.5
    endloop
endfacet
facet normal -0.26671147 -0.96377456 -0.00191017
    outer loop
        vertex 27.944592 106.90814 4.5
        vertex 32.076454 105.74191 16
        vertex 26.84931 107.18845 16
    endloop
endfacet
facet normal -0.17096186 -0.98527759 0.00030443
    outer loop
        vertex 21.79596 108.329056 -4.5
        vertex 21.55748 108.37677 16
        vertex 16.213717 109.304 16
    endloop
endfacet
facet normal -0.12241106 -0.9924795 0
    outer loop
        vertex 16.213717 109.304 -16
        vertex 16.213717 109.304 16
        vertex 10.830894 109.96791 16
    endloop
endfacet
facet normal -0.12241106 -0.9924795 0
    outer loop
        vertex 16.213717 109.304 -16
        vertex 10.830894 109.96791 16
        vertex 10.830894 109.96791 -16
    endloop
endfacet
facet normal -0.07356478 -0.99729043 0
    outer loop
        vertex 10.830894 109.96791 -16
        vertex 5.421978 110.3669 16
        vertex 5.421978 110.3669 -16
    endloop
endfacet
facet normal -0.02454129 -0.99969876 0
    outer loop
        vertex 5.421978 110.3669 -16
        vertex 0 110.5 16
        vertex 0 110.5 -16
    endloop
endfacet
facet normal 0.02454129 -0.99969876 0
    outer loop
        vertex 0 110.5 -16
        vertex -5.421978 110.3669 16
        vertex -5.421978 110.3669 -16
    endloop
endfacet
facet normal 0.07356478 -0.99729043 0
    outer loop
        vertex -5.421978 110.3669 16
        vertex -10.830894 109.96791 16
        vertex -5.421978 110.3669 -16
    endloop
endfacet
facet normal 0.12241106 -0.9924795 0
    outer loop
        vertex -10.830894 109.96791 16
        vertex -16.213717 109.304 16
        vertex -10.830894 109.96791 -16
    endloop
endfacet
facet normal 0.17096187 -0.98527765 0
    outer loop
        vertex -16.213717 109.304 16
        vertex -21.55748 108.37677 16
        vertex -16.213717 109.304 -16
    endloop
endfacet
facet normal 0.21910056 -0.97570223 0
    outer loop
        vertex -21.55748 108.37677 16
        vertex -26.84931 107.18845 16
        vertex -21.55748 108.37677 -16
    endloop
endfacet
facet normal 0.21910056 -0.97570223 0
    outer loop
        vertex -26.84931 107.18845 16
        vertex -26.84931 107.18845 -16
        vertex -21.55748 108.37677 -16
    endloop
endfacet
facet normal 0.26671195 -0.96377629 0
    outer loop
        vertex -32.076454 105.74191 16
        vertex -32.076454 105.74191 -16
        vertex -26.84931 107.18845 -16
    endloop
endfacet
facet normal 0.31368253 -0.94952792 0
    outer loop
        vertex -37.22633 104.04062 16
        vertex -37.22633 104.04062 -16
        vertex -32.076454 105.74191 -16
    endloop
endfacet
facet normal 0.35989457 -0.93299299 0
    outer loop
        vertex -42.28652 102.08869 16
        vertex -37.22633 104.04062 -16
        vertex -37.22633 104.04062 16
    endloop
endfacet
facet normal 0.40524185 -0.91420943 0
    outer loop
        vertex -47.24484 99.890816 16
        vertex -42.28652 102.08869 -16
        vertex -42.28652 102.08869 16
    endloop
endfacet
facet normal 0.44961098 -0.89322448 0
    outer loop
        vertex -52.08934 97.4523 16
        vertex -47.24484 99.890816 -16
        vertex -47.24484 99.890816 16
    endloop
endfacet
facet normal 0.44961098 -0.89322448 0
    outer loop
        vertex -52.08934 97.4523 -16
        vertex -47.24484 99.890816 -16
        vertex -52.08934 97.4523 16
    endloop
endfacet
facet normal 0.49289796 -0.87008709 0
    outer loop
        vertex -56.808353 94.779015 -16
        vertex -52.08934 97.4523 -16
        vertex -56.808353 94.779015 16
    endloop
endfacet
facet normal 0.575809 -0.81758428 0
    outer loop
        vertex -65.82477 88.75443 16
        vertex -61.39051 91.877396 -16
        vertex -61.39051 91.877396 16
    endloop
endfacet
facet normal 0.61523128 -0.78834671 0
    outer loop
        vertex -70.10046 85.417656 16
        vertex -70.10046 85.417656 -16
        vertex -65.82477 88.75443 -16
    endloop
endfacet
facet normal 0.71623278 -0.69786102 0.00081854
    outer loop
        vertex -78.1353 78.1353 16
        vertex -80.55055 75.642975 4.5
        vertex -77.71045 78.557846 4.5
    endloop
endfacet
facet normal 0.74144667 -0.67100972 0.00162629
    outer loop
        vertex -81.8751 74.20726 16
        vertex -83.28138 72.62549 4.5
        vertex -80.55055 75.642975 4.5
    endloop
endfacet
facet normal 0.82630265 -0.56322557 -0.00099789
    outer loop
        vertex -91.877396 61.39051 -16
        vertex -90.227974 63.789986 -4.5
        vertex -92.35822 60.66472 -4.5
    endloop
endfacet
facet normal 0.89322448 -0.44961098 0
    outer loop
        vertex -99.890816 47.24484 16
        vertex -99.890816 47.24484 -16
        vertex -97.4523 52.08934 -16
    endloop
endfacet
facet normal 0.93299299 -0.35989457 0
    outer loop
        vertex -102.08869 42.28652 16
        vertex -104.04062 37.22633 16
        vertex -102.08869 42.28652 -16
    endloop
endfacet
facet normal 0.94952792 -0.31368253 0
    outer loop
        vertex -104.04062 37.22633 -16
        vertex -105.74191 32.076454 16
        vertex -105.74191 32.076454 -16
    endloop
endfacet
facet normal 0.97570223 -0.21910056 0
    outer loop
        vertex -107.18845 26.84931 -16
        vertex -107.18845 26.84931 16
        vertex -108.37677 21.55748 16
    endloop
endfacet
facet normal 0.98527765 -0.17096187 0
    outer loop
        vertex -109.304 16.213717 -16
        vertex -108.37677 21.55748 -16
        vertex -109.304 16.213717 16
    endloop
endfacet
facet normal 0.99969876 -0.02454129 0
    outer loop
        vertex -110.3669 5.421978 16
        vertex -110.5 -0 16
        vertex -110.5 -0 -16
    endloop
endfacet
facet normal 0.99729043 -0.07356478 0
    outer loop
        vertex -109.96791 10.830894 -16
        vertex -109.96791 10.830894 16
        vertex -110.3669 5.421978 16
    endloop
endfacet
facet normal -0.99728882 -0.07356466 -0.00179284
    outer loop
        vertex 109.96791 10.830894 16
        vertex 110.311035 6.45955 4.5
        vertex 110.3669 5.421978 16
    endloop
endfacet
facet normal -0.98177379 0.18998581 -0.0050752
    outer loop
        vertex 107.88315 -23.624178 2.1237326
        vertex 108.295296 -21.553339 -0.08417832
        vertex 108.37677 -21.55748 -16
    endloop
endfacet
facet normal -0.12241048 0.99247473 -0.00309681
    outer loop
        vertex 12.805335 -109.674194 0.0855872
        vertex 16.213717 -109.304 -16
        vertex 10.830894 -109.96791 -16
    endloop
endfacet
facet normal -0.38685063 0.92213809 0.00280076
    outer loop
        vertex 43.13615 -101.68366 0
        vertex 40.23138 -102.915924 4.5
        vertex 42.28652 -102.08869 16
    endloop
endfacet
facet normal -0.39322099 0.9194417 -0.00204972
    outer loop
        vertex 43.13615 -101.68366 0
        vertex 47.24484 -99.890816 16
        vertex 46.04092 -100.4514 -4.5
    endloop
endfacet
facet normal 0.91420376 0.40523928 -0.00354644
    outer loop
        vertex -100.34928 -46.069786 0.08558554
        vertex -99.890816 -47.24484 -16
        vertex -102.08869 -42.28652 -16
    endloop
endfacet
facet normal 0.75720835 0.65317303 0.00078052
    outer loop
        vertex -83.377106 -72.4469 0
        vertex -85.417656 -70.10046 16
        vertex -81.8751 -74.20726 16
    endloop
endfacet
facet normal -0.99956167 0.02951561 0.00234686
    outer loop
        vertex 110.40373 -3.2601564 4.5
        vertex 110.307465 -6.520313 4.5
        vertex 110.3669 -5.421978 16
    endloop
endfacet
facet normal -0.99956429 0.02951569 0
    outer loop
        vertex 110.40373 -3.2601564 4.5
        vertex 110.5 -0 16
        vertex 110.5 -0 4.5
    endloop
endfacet
facet normal -0.99607402 0.08844585 0.00374261
    outer loop
        vertex 110.01898 -9.769108 4.5
        vertex 109.73051 -13.017903 4.5
        vertex 109.96791 -10.830894 16
    endloop
endfacet
facet normal -0.98911762 0.14706723 0.00418563
    outer loop
        vertex 109.25083 -16.244015 4.5
        vertex 109.304 -16.213717 16
        vertex 109.73051 -13.017903 4.5
    endloop
endfacet
facet normal -0.97872096 0.20517291 -0.00304298
    outer loop
        vertex 107.60005 -25.056454 4.5
        vertex 107.432755 -25.8545 4.5
        vertex 107.18845 -26.84931 16
    endloop
endfacet
facet normal -0.97872096 0.20517291 -0.00304298
    outer loop
        vertex 107.60005 -25.056454 4.5
        vertex 107.18845 -26.84931 16
        vertex 107.76735 -24.258408 4.5
    endloop
endfacet
facet normal -0.98026824 0.19765715 0.00240108
    outer loop
        vertex 107.18845 -26.84931 -16
        vertex 107.471 -25.695019 4.331643
        vertex 107.88315 -23.624178 2.1237326
    endloop
endfacet
facet normal -0.97871804 0.20517671 0.00367683
    outer loop
        vertex 107.76735 -24.258408 4.5
        vertex 108.37677 -21.55748 16
        vertex 108.10195 -22.662313 4.5
    endloop
endfacet
facet normal -0.97570223 0.21910055 0.00024682
    outer loop
        vertex 107.76735 -24.258408 4.5
        vertex 107.18845 -26.84931 16
        vertex 108.37677 -21.55748 16
    endloop
endfacet
facet normal -0.98177403 0.18998407 -0.0050752
    outer loop
        vertex 108.295296 -21.553339 -0.08417832
        vertex 109.11958 -17.411661 -4.5
        vertex 108.37677 -21.55748 -16
    endloop
endfacet
facet normal -0.97570103 0.21910028 -0.0015898
    outer loop
        vertex 108.37677 -21.55748 -16
        vertex 107.18845 -26.84931 -16
        vertex 107.88315 -23.624178 2.1237326
    endloop
endfacet
facet normal -0.24133182 0.9704414 0.00161522
    outer loop
        vertex 28.637302 -106.72467 4.5
        vertex 24.68787 -107.706825 4.5
        vertex 26.84931 -107.18845 16
    endloop
endfacet
facet normal -0.26671103 0.96377307 -0.00259961
    outer loop
        vertex 28.637302 -106.72467 4.5
        vertex 26.84931 -107.18845 16
        vertex 32.076454 -105.74191 16
    endloop
endfacet
facet normal -0.20543183 0.97867084 0.00109336
    outer loop
        vertex 24.68787 -107.706825 4.5
        vertex 20.704945 -108.54288 4.5
        vertex 21.55748 -108.37677 16
    endloop
endfacet
facet normal -0.21909969 0.97569841 -0.0028003
    outer loop
        vertex 24.68787 -107.706825 4.5
        vertex 21.55748 -108.37677 16
        vertex 26.84931 -107.18845 16
    endloop
endfacet
facet normal -0.17096168 0.98527646 -0.00155745
    outer loop
        vertex 20.704945 -108.54288 4.5
        vertex 16.213717 -109.304 16
        vertex 21.55748 -108.37677 16
    endloop
endfacet
facet normal -0.0962605 0.99535489 0.00161438
    outer loop
        vertex 12.660285 -109.77234 4.5
        vertex 8.60946 -110.16409 4.5
        vertex 10.830894 -109.96791 16
    endloop
endfacet
facet normal -0.06349692 0.99798197 0
    outer loop
        vertex 8.60946 -110.16409 4.5
        vertex 5.421978 -110.3669 -16
        vertex 5.421978 -110.3669 16
    endloop
endfacet
facet normal -0.07356449 0.9972865 -0.00280271
    outer loop
        vertex 8.60946 -110.16409 4.5
        vertex 5.421978 -110.3669 16
        vertex 10.830894 -109.96791 16
    endloop
endfacet
facet normal -0.1195529 0.99282175 -0.0034539
    outer loop
        vertex 10.830894 -109.96791 -16
        vertex 8.60946 -110.16409 4.5
        vertex 12.805335 -109.674194 0.0855872
    endloop
endfacet
facet normal -0.17096163 0.98527622 0.00168263
    outer loop
        vertex 17.16034 -109.159386 -4.5
        vertex 21.55748 -108.37677 -16
        vertex 16.213717 -109.304 -16
    endloop
endfacet
facet normal -0.17217949 0.98506486 0.00120258
    outer loop
        vertex 20.88608 -108.50816 -4.5
        vertex 21.55748 -108.37677 -16
        vertex 17.16034 -109.159386 -4.5
    endloop
endfacet
facet normal -0.16925289 0.98557228 -0.00087052
    outer loop
        vertex 16.69394 -109.23169 4.5
        vertex 16.213717 -109.304 16
        vertex 20.704945 -108.54288 4.5
    endloop
endfacet
facet normal -0.27225345 0.96222556 0.00028873
    outer loop
        vertex 31.89917 -105.795525 -4.5
        vertex 32.076454 -105.74191 -16
        vertex 28.259815 -106.82525 -4.5
    endloop
endfacet
facet normal -0.27690369 0.96089751 0.00069431
    outer loop
        vertex 32.547894 -105.59775 4.5
        vertex 28.637302 -106.72467 4.5
        vertex 32.076454 -105.74191 16
    endloop
endfacet
facet normal -0.31368214 0.94952673 -0.00154599
    outer loop
        vertex 32.076454 -105.74191 16
        vertex 37.22633 -104.04062 16
        vertex 36.414333 -104.32759 4.5
    endloop
endfacet
facet normal -0.35989335 0.93298972 0.00266869
    outer loop
        vertex 39.061546 -103.36559 -4.5
        vertex 42.28652 -102.08869 -16
        vertex 37.22633 -104.04062 -16
    endloop
endfacet
facet normal -0.40104175 0.91605967 0.00050572
    outer loop
        vertex 42.576176 -101.96823 -4.5
        vertex 46.04092 -100.4514 -4.5
        vertex 42.28652 -102.08869 -16
    endloop
endfacet
facet normal -0.34687021 0.93791246 0.00108719
    outer loop
        vertex 36.414333 -104.32759 4.5
        vertex 37.22633 -104.04062 16
        vertex 40.23138 -102.915924 4.5
    endloop
endfacet
facet normal -0.44960818 0.89321899 -0.00352752
    outer loop
        vertex 46.04092 -100.4514 -4.5
        vertex 52.08934 -97.4523 -16
        vertex 47.24484 -99.890816 -16
    endloop
endfacet
facet normal -0.40524095 0.91420746 0.00214034
    outer loop
        vertex 46.04092 -100.4514 -4.5
        vertex 47.24484 -99.890816 -16
        vertex 42.28652 -102.08869 -16
    endloop
endfacet
facet normal -0.31209889 0.95004922 -0.0008845
    outer loop
        vertex 32.547894 -105.59775 4.5
        vertex 32.076454 -105.74191 16
        vertex 36.414333 -104.32759 4.5
    endloop
endfacet
facet normal -0.35989317 0.9329893 -0.0027973
    outer loop
        vertex 40.23138 -102.915924 4.5
        vertex 37.22633 -104.04062 16
        vertex 42.28652 -102.08869 16
    endloop
endfacet
facet normal 0.8071053 0.59040588 0.00142134
    outer loop
        vertex -87.96879 -66.871086 4.5
        vertex -90.37158 -63.586384 4.5
        vertex -88.75443 -65.82477 16
    endloop
endfacet
facet normal 0.78481859 0.61972553 -0.00007415
    outer loop
        vertex -87.96879 -66.871086 4.5
        vertex -85.417656 -70.10046 16
        vertex -85.44668 -70.06508 4.5
    endloop
endfacet
facet normal 0.82830024 0.56028253 0.00147448
    outer loop
        vertex -90.37158 -63.586384 4.5
        vertex -92.65178 -60.215427 4.5
        vertex -91.877396 -61.39051 16
    endloop
endfacet
facet normal 0.81758082 0.57580656 -0.00289338
    outer loop
        vertex -90.37158 -63.586384 4.5
        vertex -91.877396 -61.39051 16
        vertex -88.75443 -65.82477 16
    endloop
endfacet
facet normal 0.84485149 0.53499627 -0.00222382
    outer loop
        vertex -92.65178 -60.215427 4.5
        vertex -94.779015 -56.808353 16
        vertex -91.877396 -61.39051 16
    endloop
endfacet
facet normal 0.87008512 0.49289685 -0.0021107
    outer loop
        vertex -96.83223 -53.233166 4.5
        vertex -97.4523 -52.08934 16
        vertex -94.779015 -56.808353 16
    endloop
endfacet
facet normal 0.89322072 0.44960907 -0.00289249
    outer loop
        vertex -98.7268 -49.63133 4.5
        vertex -99.890816 -47.24484 16
        vertex -97.4523 -52.08934 16
    endloop
endfacet
facet normal 0.9087531 0.41733408 -0.00011239
    outer loop
        vertex -100.34928 -46.069786 0.08558554
        vertex -102.08869 -42.28652 -16
        vertex -102.11181 -42.23066 4.5
    endloop
endfacet
facet normal 0.93299288 0.35989454 0.00007146
    outer loop
        vertex -102.11181 -42.23066 4.5
        vertex -102.08869 -42.28652 -16
        vertex -104.04062 -37.22633 -16
    endloop
endfacet
facet normal 0.93299294 0.3598946 -0.00012738
    outer loop
        vertex -102.11181 -42.23066 4.5
        vertex -104.04062 -37.22633 16
        vertex -102.08869 -42.28652 16
    endloop
endfacet
facet normal 0.8932426 0.44956616 0.00281383
    outer loop
        vertex -98.51392 -50.052563 -4.5
        vertex -99.890816 -47.24484 -16
        vertex -98.58676 -49.908913 -4.328829
    endloop
endfacet
facet normal 0.90157378 0.43262276 0.00147801
    outer loop
        vertex -100.48746 -45.962166 4.5
        vertex -99.890816 -47.24484 16
        vertex -98.7268 -49.63133 4.5
    endloop
endfacet
facet normal 0.86710668 0.49812251 0.00024182
    outer loop
        vertex -94.85923 -56.6743 -4.5
        vertex -94.779015 -56.808353 -16
        vertex -96.74324 -53.39471 -4.5
    endloop
endfacet
facet normal 0.88503212 0.46552765 0.00141745
    outer loop
        vertex -98.7268 -49.63133 4.5
        vertex -97.4523 -52.08934 16
        vertex -96.83223 -53.233166 4.5
    endloop
endfacet
facet normal 0.86728954 0.49780405 -0.00008602
    outer loop
        vertex -94.806305 -56.762794 4.5
        vertex -96.83223 -53.233166 4.5
        vertex -94.779015 -56.808353 16
    endloop
endfacet
facet normal 0.84837025 0.52940339 0.00008406
    outer loop
        vertex -94.806305 -56.762794 4.5
        vertex -94.779015 -56.808353 16
        vertex -92.65178 -60.215427 4.5
    endloop
endfacet
facet normal 0.79100138 0.61181408 0.00055638
    outer loop
        vertex -88.54986 -66.09972 -4.5
        vertex -86.23584 -69.09146 -4.5
        vertex -88.75443 -65.82477 -16
    endloop
endfacet
facet normal 0.76959854 0.63852686 -0.00126934
    outer loop
        vertex -86.23584 -69.09146 -4.5
        vertex -83.820786 -72.00226 -4.5
        vertex -85.417656 -70.10046 -16
    endloop
endfacet
facet normal 0.78834492 0.61522985 0.00210846
    outer loop
        vertex -86.23584 -69.09146 -4.5
        vertex -85.417656 -70.10046 -16
        vertex -88.75443 -65.82477 -16
    endloop
endfacet
facet normal 0.75720543 0.65317047 0.00287322
    outer loop
        vertex -83.820786 -72.00226 -4.5
        vertex -81.8751 -74.20726 -16
        vertex -85.417656 -70.10046 -16
    endloop
endfacet
facet normal 0.72424728 0.68953985 -0.00085136
    outer loop
        vertex -81.30753 -74.828705 -4.5
        vertex -81.8751 -74.20726 16
        vertex -78.1353 -78.1353 16
    endloop
endfacet
facet normal 0.78834492 0.61522985 -0.00211889
    outer loop
        vertex -87.96879 -66.871086 4.5
        vertex -88.75443 -65.82477 16
        vertex -85.417656 -70.10046 16
    endloop
endfacet
facet normal 0.99969876 0.02454129 0
    outer loop
        vertex -110.3669 -5.421978 16
        vertex -110.3669 -5.421978 -16
        vertex -110.5 -0 16
    endloop
endfacet
facet normal 0.99729043 0.07356478 0
    outer loop
        vertex -109.96791 -10.830894 16
        vertex -110.3669 -5.421978 -16
        vertex -110.3669 -5.421978 16
    endloop
endfacet
facet normal 0.9924795 0.12241106 0
    outer loop
        vertex -109.304 -16.213717 16
        vertex -109.96791 -10.830894 -16
        vertex -109.96791 -10.830894 16
    endloop
endfacet
facet normal 0.9924795 0.12241106 -0
    outer loop
        vertex -109.304 -16.213717 -16
        vertex -109.96791 -10.830894 -16
        vertex -109.304 -16.213717 16
    endloop
endfacet
facet normal 0.98527765 0.17096187 -0
    outer loop
        vertex -108.37677 -21.55748 -16
        vertex -109.304 -16.213717 -16
        vertex -108.37677 -21.55748 16
    endloop
endfacet
facet normal 0.97570223 0.21910056 -0
    outer loop
        vertex -108.37677 -21.55748 -16
        vertex -108.37677 -21.55748 16
        vertex -107.18845 -26.84931 16
    endloop
endfacet
facet normal 0.96377629 0.26671195 -0
    outer loop
        vertex -107.18845 -26.84931 -16
        vertex -107.18845 -26.84931 16
        vertex -105.74191 -32.076454 16
    endloop
endfacet
facet normal 0.96377629 0.26671195 0
    outer loop
        vertex -107.18845 -26.84931 -16
        vertex -105.74191 -32.076454 16
        vertex -105.74191 -32.076454 -16
    endloop
endfacet
facet normal 0.94952792 0.31368253 0
    outer loop
        vertex -105.74191 -32.076454 -16
        vertex -104.04062 -37.22633 16
        vertex -104.04062 -37.22633 -16
    endloop
endfacet
facet normal 0.93309122 0.35963973 0
    outer loop
        vertex -104.04062 -37.22633 16
        vertex -102.11181 -42.23066 4.5
        vertex -104.04062 -37.22633 -16
    endloop
endfacet
facet normal 0.91689414 0.39913058 0.00009556
    outer loop
        vertex -102.08869 -42.28652 16
        vertex -100.48746 -45.962166 4.5
        vertex -102.11181 -42.23066 4.5
    endloop
endfacet
facet normal 0.91420722 0.40524086 -0.00223153
    outer loop
        vertex -99.890816 -47.24484 16
        vertex -100.48746 -45.962166 4.5
        vertex -102.08869 -42.28652 16
    endloop
endfacet
facet normal 0.88364375 0.46815798 -0.00134239
    outer loop
        vertex -96.74324 -53.39471 -4.5
        vertex -97.4523 -52.08934 -16
        vertex -98.51392 -50.052563 -4.5
    endloop
endfacet
facet normal 0.87008482 0.49289668 0.00230171
    outer loop
        vertex -94.779015 -56.808353 -16
        vertex -97.4523 -52.08934 -16
        vertex -96.74324 -53.39471 -4.5
    endloop
endfacet
facet normal 0.84485084 0.53499585 0.00256478
    outer loop
        vertex -91.877396 -61.39051 -16
        vertex -94.779015 -56.808353 -16
        vertex -92.86408 -59.887493 -4.5
    endloop
endfacet
facet normal 0.83099902 0.55627203 -0.00140442
    outer loop
        vertex -91.877396 -61.39051 -16
        vertex -92.86408 -59.887493 -4.5
        vertex -90.76013 -63.030525 -4.5
    endloop
endfacet
facet normal 0.81147712 0.58438414 -0.00046368
    outer loop
        vertex -88.75443 -65.82477 -16
        vertex -90.76013 -63.030525 -4.5
        vertex -88.54986 -66.09972 -4.5
    endloop
endfacet
facet normal 0.75495762 0.65577358 0.00011209
    outer loop
        vertex -85.44668 -70.06508 4.5
        vertex -85.417656 -70.10046 16
        vertex -83.377106 -72.4469 0
    endloop
endfacet
facet normal 0.75585866 0.65473402 0.00107896
    outer loop
        vertex -81.8751 -74.20726 16
        vertex -81.30753 -74.828705 -4.5
        vertex -83.377106 -72.4469 0
    endloop
endfacet
facet normal 0.72161597 0.69229358 0
    outer loop
        vertex -81.30753 -74.828705 -4.5
        vertex -78.1353 -78.1353 16
        vertex -78.1353 -78.1353 -16
    endloop
endfacet
facet normal 0.68954009 0.72424757 0
    outer loop
        vertex -78.1353 -78.1353 16
        vertex -74.20726 -81.8751 16
        vertex -78.1353 -78.1353 -16
    endloop
endfacet
facet normal 0.65317315 0.75720853 0
    outer loop
        vertex -74.20726 -81.8751 16
        vertex -70.10046 -85.417656 16
        vertex -74.20726 -81.8751 -16
    endloop
endfacet
facet normal 0.65317315 0.75720853 0
    outer loop
        vertex -70.10046 -85.417656 16
        vertex -70.10046 -85.417656 -16
        vertex -74.20726 -81.8751 -16
    endloop
endfacet
facet normal 0.61523128 0.78834671 0
    outer loop
        vertex -65.82477 -88.75443 16
        vertex -65.82477 -88.75443 -16
        vertex -70.10046 -85.417656 -16
    endloop
endfacet
facet normal 0.575809 0.81758428 0
    outer loop
        vertex -61.39051 -91.877396 16
        vertex -65.82477 -88.75443 -16
        vertex -65.82477 -88.75443 16
    endloop
endfacet
facet normal 0.53499758 0.84485352 0
    outer loop
        vertex -56.808353 -94.779015 16
        vertex -61.39051 -91.877396 -16
        vertex -61.39051 -91.877396 16
    endloop
endfacet
facet normal 0.53499758 0.84485352 -0
    outer loop
        vertex -56.808353 -94.779015 -16
        vertex -61.39051 -91.877396 -16
        vertex -56.808353 -94.779015 16
    endloop
endfacet
facet normal 0.49289796 0.87008709 -0
    outer loop
        vertex -52.08934 -97.4523 -16
        vertex -56.808353 -94.779015 -16
        vertex -52.08934 -97.4523 16
    endloop
endfacet
facet normal 0.40524185 0.91420943 -0
    outer loop
        vertex -47.24484 -99.890816 -16
        vertex -47.24484 -99.890816 16
        vertex -42.28652 -102.08869 16
    endloop
endfacet
facet normal 0.35989457 0.93299299 -0
    outer loop
        vertex -42.28652 -102.08869 -16
        vertex -42.28652 -102.08869 16
        vertex -37.22633 -104.04062 16
    endloop
endfacet
facet normal 0.31368253 0.94952792 -0
    outer loop
        vertex -32.076454 -105.74191 -16
        vertex -37.22633 -104.04062 -16
        vertex -32.076454 -105.74191 16
    endloop
endfacet
facet normal 0.26671195 0.96377629 -0
    outer loop
        vertex -26.84931 -107.18845 -16
        vertex -32.076454 -105.74191 -16
        vertex -26.84931 -107.18845 16
    endloop
endfacet
facet normal 0.17096187 0.98527765 0
    outer loop
        vertex -16.213717 -109.304 16
        vertex -21.55748 -108.37677 -16
        vertex -21.55748 -108.37677 16
    endloop
endfacet
facet normal 0.12241106 0.9924795 0
    outer loop
        vertex -10.830894 -109.96791 16
        vertex -16.213717 -109.304 -16
        vertex -16.213717 -109.304 16
    endloop
endfacet
facet normal 0.07356478 0.99729043 0
    outer loop
        vertex -5.421978 -110.3669 16
        vertex -10.830894 -109.96791 -16
        vertex -10.830894 -109.96791 16
    endloop
endfacet
facet normal 0.02454129 0.99969876 0
    outer loop
        vertex 0 -110.5 16
        vertex 0 -110.5 -16
        vertex -5.421978 -110.3669 -16
    endloop
endfacet
facet normal -0.02454129 0.99969876 0
    outer loop
        vertex 5.421978 -110.3669 16
        vertex 5.421978 -110.3669 -16
        vertex 0 -110.5 -16
    endloop
endfacet
facet normal -0.11826006 0.99298024 -0.00220574
    outer loop
        vertex 16.213717 -109.304 -16
        vertex 12.805335 -109.674194 0.0855872
        vertex 17.00121 -109.18429 -4.3288255
    endloop
endfacet
facet normal -0.12241065 0.99247611 -0.00259447
    outer loop
        vertex 16.213717 -109.304 16
        vertex 12.660285 -109.77234 4.5
        vertex 10.830894 -109.96791 16
    endloop
endfacet
facet normal -0.21909967 0.97569829 0.00283487
    outer loop
        vertex 24.58735 -107.729805 -4.5
        vertex 26.84931 -107.18845 -16
        vertex 21.55748 -108.37677 -16
    endloop
endfacet
facet normal -0.30502412 0.95234454 -0.00026253
    outer loop
        vertex 31.89917 -105.795525 -4.5
        vertex 35.501156 -104.64185 -4.5
        vertex 32.076454 -105.74191 -16
    endloop
endfacet
facet normal -0.33743614 0.94134742 -0.0014057
    outer loop
        vertex 35.501156 -104.64185 -4.5
        vertex 39.061546 -103.36559 -4.5
        vertex 37.22633 -104.04062 -16
    endloop
endfacet
facet normal -0.44961008 0.89322269 0.00197886
    outer loop
        vertex 46.04092 -100.4514 -4.5
        vertex 47.24484 -99.890816 16
        vertex 52.08934 -97.4523 16
    endloop
endfacet
facet normal -0.49289796 0.87008709 0
    outer loop
        vertex 52.08934 -97.4523 -16
        vertex 52.08934 -97.4523 16
        vertex 56.808353 -94.779015 16
    endloop
endfacet
facet normal -0.53499758 0.84485352 0
    outer loop
        vertex 56.808353 -94.779015 -16
        vertex 56.808353 -94.779015 16
        vertex 61.39051 -91.877396 16
    endloop
endfacet
facet normal -0.575809 0.81758428 0
    outer loop
        vertex 65.82477 -88.75443 -16
        vertex 61.39051 -91.877396 -16
        vertex 65.82477 -88.75443 16
    endloop
endfacet
facet normal -0.61523128 0.78834671 0
    outer loop
        vertex 70.10046 -85.417656 -16
        vertex 65.82477 -88.75443 -16
        vertex 70.10046 -85.417656 16
    endloop
endfacet
facet normal -0.65317315 0.75720853 0
    outer loop
        vertex 74.20726 -81.8751 -16
        vertex 70.10046 -85.417656 -16
        vertex 74.20726 -81.8751 16
    endloop
endfacet
facet normal -0.72424757 0.68954009 0
    outer loop
        vertex 81.8751 -74.20726 16
        vertex 78.1353 -78.1353 -16
        vertex 78.1353 -78.1353 16
    endloop
endfacet
facet normal -0.75720853 0.65317315 0
    outer loop
        vertex 85.417656 -70.10046 16
        vertex 81.8751 -74.20726 -16
        vertex 81.8751 -74.20726 16
    endloop
endfacet
facet normal -0.78834671 0.61523128 0
    outer loop
        vertex 88.75443 -65.82477 16
        vertex 85.417656 -70.10046 -16
        vertex 85.417656 -70.10046 16
    endloop
endfacet
facet normal -0.81758428 0.575809 0
    outer loop
        vertex 91.877396 -61.39051 16
        vertex 88.75443 -65.82477 -16
        vertex 88.75443 -65.82477 16
    endloop
endfacet
facet normal -0.84485352 0.53499758 0
    outer loop
        vertex 94.779015 -56.808353 16
        vertex 94.779015 -56.808353 -16
        vertex 91.877396 -61.39051 -16
    endloop
endfacet
facet normal -0.87008709 0.49289796 0
    outer loop
        vertex 97.4523 -52.08934 16
        vertex 97.4523 -52.08934 -16
        vertex 94.779015 -56.808353 -16
    endloop
endfacet
facet normal -0.89322448 0.44961098 0
    outer loop
        vertex 99.890816 -47.24484 16
        vertex 99.890816 -47.24484 -16
        vertex 97.4523 -52.08934 -16
    endloop
endfacet
facet normal -0.91420943 0.40524185 0
    outer loop
        vertex 102.08869 -42.28652 16
        vertex 102.08869 -42.28652 -16
        vertex 99.890816 -47.24484 -16
    endloop
endfacet
facet normal -0.93299299 0.35989457 0
    outer loop
        vertex 104.04062 -37.22633 16
        vertex 104.04062 -37.22633 -16
        vertex 102.08869 -42.28652 -16
    endloop
endfacet
facet normal -0.99247563 0.12241059 -0.00279091
    outer loop
        vertex 109.73051 -13.017903 4.5
        vertex 109.304 -16.213717 16
        vertex 109.96791 -10.830894 16
    endloop
endfacet
facet normal -0.9972887 0.07356466 -0.00187189
    outer loop
        vertex 110.307465 -6.520313 4.5
        vertex 109.96791 -10.830894 16
        vertex 110.3669 -5.421978 16
    endloop
endfacet
facet normal -0.9996978 0.02454126 0.00141133
    outer loop
        vertex 110.40373 -3.2601564 4.5
        vertex 110.3669 -5.421978 16
        vertex 110.5 -0 16
    endloop
endfacet
facet normal -0.94952792 0.31368253 0
    outer loop
        vertex 105.74191 -32.076454 16
        vertex 105.74191 -32.076454 -16
        vertex 104.04062 -37.22633 -16
    endloop
endfacet
facet normal -0.98527396 0.17096125 -0.00275844
    outer loop
        vertex 109.304 -16.213717 16
        vertex 108.77116 -19.470127 4.5
        vertex 108.37677 -21.55748 16
    endloop
endfacet
facet normal -0.9723658 0.23346221 0.00025851
    outer loop
        vertex 107.18845 -26.84931 -16
        vertex 107.432755 -25.8545 4.5
        vertex 107.471 -25.695019 4.331643
    endloop
endfacet
facet normal -0.97871804 0.20517685 0.00367682
    outer loop
        vertex 108.37677 -21.55748 16
        vertex 108.77116 -19.470127 4.5
        vertex 108.10195 -22.662313 4.5
    endloop
endfacet
facet normal -0.98527569 0.17096154 0.00200871
    outer loop
        vertex 108.37677 -21.55748 -16
        vertex 109.11958 -17.411661 -4.5
        vertex 109.304 -16.213717 -16
    endloop
endfacet
facet normal -0.98911768 0.1470672 0.00418563
    outer loop
        vertex 109.304 -16.213717 16
        vertex 109.25083 -16.244015 4.5
        vertex 108.77116 -19.470127 4.5
    endloop
endfacet
facet normal -0.99247557 0.12241057 0.00281561
    outer loop
        vertex 109.304 -16.213717 -16
        vertex 109.72281 -13.082638 -4.5
        vertex 109.96791 -10.830894 -16
    endloop
endfacet
facet normal -0.99607378 0.08844817 0.00374282
    outer loop
        vertex 109.96791 -10.830894 16
        vertex 110.307465 -6.520313 4.5
        vertex 110.01898 -9.769108 4.5
    endloop
endfacet
facet normal -0.99980444 0.01977672 0
    outer loop
        vertex 110.5 -0 -4.5
        vertex 110.5 -0 -16
        vertex 110.41356 -4.3699923 -4.5
    endloop
endfacet
facet normal -0.99728662 0.0735645 0.00274903
    outer loop
        vertex 110.15435 -8.733147 -4.5
        vertex 110.3669 -5.421978 -16
        vertex 109.96791 -10.830894 -16
    endloop
endfacet
facet normal -0.99969721 0.02454125 0.00181132
    outer loop
        vertex 110.41356 -4.3699923 -4.5
        vertex 110.5 -0 -16
        vertex 110.3669 -5.421978 -16
    endloop
endfacet
facet normal -0.99511236 0.0987316 -0.00187702
    outer loop
        vertex 109.72281 -13.082638 -4.5
        vertex 110.15435 -8.733147 -4.5
        vertex 109.96791 -10.830894 -16
    endloop
endfacet
facet normal -0.99042952 0.13801093 -0.00150638
    outer loop
        vertex 109.11958 -17.411661 -4.5
        vertex 109.72281 -13.082638 -4.5
        vertex 109.304 -16.213717 -16
    endloop
endfacet
facet normal -0.96377528 0.26671165 -0.00145738
    outer loop
        vertex 105.74191 -32.076454 -16
        vertex 107.432755 -25.8545 4.5
        vertex 107.18845 -26.84931 -16
    endloop
endfacet
facet normal -0.96377307 0.26671103 0.00259794
    outer loop
        vertex 107.18845 -26.84931 16
        vertex 107.432755 -25.8545 4.5
        vertex 105.74191 -32.076454 16
    endloop
endfacet
facet normal -0.96500176 0.26224321 0
    outer loop
        vertex 107.432755 -25.8545 4.5
        vertex 105.74191 -32.076454 -16
        vertex 105.74191 -32.076454 16
    endloop
endfacet
facet normal -0.94952792 0.31368253 0
    outer loop
        vertex 105.74191 -32.076454 16
        vertex 104.04062 -37.22633 -16
        vertex 104.04062 -37.22633 16
    endloop
endfacet
facet normal -0.93299299 0.35989457 0
    outer loop
        vertex 104.04062 -37.22633 16
        vertex 102.08869 -42.28652 -16
        vertex 102.08869 -42.28652 16
    endloop
endfacet
facet normal -0.91420943 0.40524185 0
    outer loop
        vertex 102.08869 -42.28652 16
        vertex 99.890816 -47.24484 -16
        vertex 99.890816 -47.24484 16
    endloop
endfacet
facet normal -0.89322448 0.44961098 0
    outer loop
        vertex 99.890816 -47.24484 16
        vertex 97.4523 -52.08934 -16
        vertex 97.4523 -52.08934 16
    endloop
endfacet
facet normal -0.87008709 0.49289796 0
    outer loop
        vertex 97.4523 -52.08934 16
        vertex 94.779015 -56.808353 -16
        vertex 94.779015 -56.808353 16
    endloop
endfacet
facet normal -0.84485352 0.53499758 0
    outer loop
        vertex 94.779015 -56.808353 16
        vertex 91.877396 -61.39051 -16
        vertex 91.877396 -61.39051 16
    endloop
endfacet
facet normal -0.81758428 0.575809 0
    outer loop
        vertex 91.877396 -61.39051 -16
        vertex 88.75443 -65.82477 -16
        vertex 91.877396 -61.39051 16
    endloop
endfacet
facet normal -0.78834671 0.61523128 0
    outer loop
        vertex 88.75443 -65.82477 -16
        vertex 85.417656 -70.10046 -16
        vertex 88.75443 -65.82477 16
    endloop
endfacet
facet normal -0.75720853 0.65317315 0
    outer loop
        vertex 85.417656 -70.10046 -16
        vertex 81.8751 -74.20726 -16
        vertex 85.417656 -70.10046 16
    endloop
endfacet
facet normal -0.72424757 0.68954009 0
    outer loop
        vertex 81.8751 -74.20726 -16
        vertex 78.1353 -78.1353 -16
        vertex 81.8751 -74.20726 16
    endloop
endfacet
facet normal -0.68954009 0.72424757 0
    outer loop
        vertex 78.1353 -78.1353 -16
        vertex 74.20726 -81.8751 -16
        vertex 78.1353 -78.1353 16
    endloop
endfacet
facet normal -0.68954009 0.72424757 0
    outer loop
        vertex 74.20726 -81.8751 -16
        vertex 74.20726 -81.8751 16
        vertex 78.1353 -78.1353 16
    endloop
endfacet
facet normal -0.65317315 0.75720853 0
    outer loop
        vertex 70.10046 -85.417656 -16
        vertex 70.10046 -85.417656 16
        vertex 74.20726 -81.8751 16
    endloop
endfacet
facet normal -0.61523128 0.78834671 0
    outer loop
        vertex 65.82477 -88.75443 -16
        vertex 65.82477 -88.75443 16
        vertex 70.10046 -85.417656 16
    endloop
endfacet
facet normal -0.575809 0.81758428 0
    outer loop
        vertex 61.39051 -91.877396 -16
        vertex 61.39051 -91.877396 16
        vertex 65.82477 -88.75443 16
    endloop
endfacet
facet normal -0.53499758 0.84485352 0
    outer loop
        vertex 56.808353 -94.779015 -16
        vertex 61.39051 -91.877396 16
        vertex 61.39051 -91.877396 -16
    endloop
endfacet
facet normal -0.49289796 0.87008709 0
    outer loop
        vertex 52.08934 -97.4523 -16
        vertex 56.808353 -94.779015 16
        vertex 56.808353 -94.779015 -16
    endloop
endfacet
facet normal -0.44423559 0.89591002 0
    outer loop
        vertex 46.04092 -100.4514 -4.5
        vertex 52.08934 -97.4523 16
        vertex 52.08934 -97.4523 -16
    endloop
endfacet
facet normal -0.40524131 0.91420823 0.00162344
    outer loop
        vertex 42.28652 -102.08869 16
        vertex 47.24484 -99.890816 16
        vertex 43.13615 -101.68366 0
    endloop
endfacet
facet normal -0.36945477 0.92924863 -0.00042803
    outer loop
        vertex 42.576176 -101.96823 -4.5
        vertex 42.28652 -102.08869 -16
        vertex 39.061546 -103.36559 -4.5
    endloop
endfacet
facet normal -0.31368148 0.94952476 0.00258538
    outer loop
        vertex 35.501156 -104.64185 -4.5
        vertex 37.22633 -104.04062 -16
        vertex 32.076454 -105.74191 -16
    endloop
endfacet
facet normal -0.26671126 0.96377385 0.00227393
    outer loop
        vertex 28.259815 -106.82525 -4.5
        vertex 32.076454 -105.74191 -16
        vertex 26.84931 -107.18845 -16
    endloop
endfacet
facet normal -0.23915969 0.97097933 -0.00133291
    outer loop
        vertex 28.259815 -106.82525 -4.5
        vertex 26.84931 -107.18845 -16
        vertex 24.58735 -107.729805 -4.5
    endloop
endfacet
facet normal -0.20579356 0.97859508 -0.00083381
    outer loop
        vertex 24.58735 -107.729805 -4.5
        vertex 21.55748 -108.37677 -16
        vertex 20.88608 -108.50816 -4.5
    endloop
endfacet
facet normal -0.15431689 0.98802131 0.000278
    outer loop
        vertex 17.16034 -109.159386 -4.5
        vertex 16.213717 -109.304 -16
        vertex 17.00121 -109.18429 -4.3288255
    endloop
endfacet
facet normal -0.13284661 0.99113637 0.00068474
    outer loop
        vertex 16.69394 -109.23169 4.5
        vertex 12.660285 -109.77234 4.5
        vertex 16.213717 -109.304 16
    endloop
endfacet
facet normal -0.07356469 0.99728924 0.00157226
    outer loop
        vertex 10.830894 -109.96791 -16
        vertex 5.421978 -110.3669 -16
        vertex 8.60946 -110.16409 4.5
    endloop
endfacet
facet normal -0.02454129 0.99969876 0
    outer loop
        vertex 5.421978 -110.3669 16
        vertex 0 -110.5 -16
        vertex 0 -110.5 16
    endloop
endfacet
facet normal 0.02454129 0.99969876 0
    outer loop
        vertex 0 -110.5 16
        vertex -5.421978 -110.3669 -16
        vertex -5.421978 -110.3669 16
    endloop
endfacet
facet normal 0.07356478 0.99729043 -0
    outer loop
        vertex -5.421978 -110.3669 -16
        vertex -10.830894 -109.96791 -16
        vertex -5.421978 -110.3669 16
    endloop
endfacet
facet normal 0.12241106 0.9924795 -0
    outer loop
        vertex -10.830894 -109.96791 -16
        vertex -16.213717 -109.304 -16
        vertex -10.830894 -109.96791 16
    endloop
endfacet
facet normal 0.17096187 0.98527765 -0
    outer loop
        vertex -16.213717 -109.304 -16
        vertex -21.55748 -108.37677 -16
        vertex -16.213717 -109.304 16
    endloop
endfacet
facet normal 0.21910056 0.97570223 -0
    outer loop
        vertex -21.55748 -108.37677 -16
        vertex -26.84931 -107.18845 -16
        vertex -21.55748 -108.37677 16
    endloop
endfacet
facet normal 0.21910056 0.97570223 -0
    outer loop
        vertex -26.84931 -107.18845 -16
        vertex -26.84931 -107.18845 16
        vertex -21.55748 -108.37677 16
    endloop
endfacet
facet normal 0.26671195 0.96377629 -0
    outer loop
        vertex -32.076454 -105.74191 -16
        vertex -32.076454 -105.74191 16
        vertex -26.84931 -107.18845 16
    endloop
endfacet
facet normal 0.31368253 0.94952792 -0
    outer loop
        vertex -37.22633 -104.04062 -16
        vertex -37.22633 -104.04062 16
        vertex -32.076454 -105.74191 16
    endloop
endfacet
facet normal 0.35989457 0.93299299 0
    outer loop
        vertex -42.28652 -102.08869 -16
        vertex -37.22633 -104.04062 16
        vertex -37.22633 -104.04062 -16
    endloop
endfacet
facet normal 0.40524185 0.91420943 0
    outer loop
        vertex -47.24484 -99.890816 -16
        vertex -42.28652 -102.08869 16
        vertex -42.28652 -102.08869 -16
    endloop
endfacet
facet normal 0.44961098 0.89322448 0
    outer loop
        vertex -52.08934 -97.4523 -16
        vertex -47.24484 -99.890816 16
        vertex -47.24484 -99.890816 -16
    endloop
endfacet
facet normal 0.44961098 0.89322448 0
    outer loop
        vertex -52.08934 -97.4523 16
        vertex -47.24484 -99.890816 16
        vertex -52.08934 -97.4523 -16
    endloop
endfacet
facet normal 0.49289796 0.87008709 0
    outer loop
        vertex -56.808353 -94.779015 16
        vertex -52.08934 -97.4523 16
        vertex -56.808353 -94.779015 -16
    endloop
endfacet
facet normal 0.575809 0.81758428 0
    outer loop
        vertex -65.82477 -88.75443 -16
        vertex -61.39051 -91.877396 16
        vertex -61.39051 -91.877396 -16
    endloop
endfacet
facet normal 0.61523128 0.78834671 -0
    outer loop
        vertex -70.10046 -85.417656 -16
        vertex -70.10046 -85.417656 16
        vertex -65.82477 -88.75443 16
    endloop
endfacet
facet normal 0.68954009 0.72424757 -0
    outer loop
        vertex -74.20726 -81.8751 -16
        vertex -78.1353 -78.1353 -16
        vertex -74.20726 -81.8751 16
    endloop
endfacet
facet normal 0.72424674 0.68953931 0.00151763
    outer loop
        vertex -78.1353 -78.1353 -16
        vertex -81.8751 -74.20726 -16
        vertex -81.30753 -74.828705 -4.5
    endloop
endfacet
facet normal 0.74729669 0.66448987 -0.0009736
    outer loop
        vertex -81.8751 -74.20726 -16
        vertex -83.820786 -72.00226 -4.5
        vertex -81.30753 -74.828705 -4.5
    endloop
endfacet
facet normal 0.8175813 0.57580692 0.00268503
    outer loop
        vertex -90.76013 -63.030525 -4.5
        vertex -88.75443 -65.82477 -16
        vertex -91.877396 -61.39051 -16
    endloop
endfacet
facet normal 0.84955096 0.52750653 -0.00022316
    outer loop
        vertex -94.85923 -56.6743 -4.5
        vertex -92.86408 -59.887493 -4.5
        vertex -94.779015 -56.808353 -16
    endloop
endfacet
facet normal 0.89322096 0.44960919 0.00282693
    outer loop
        vertex -99.890816 -47.24484 -16
        vertex -98.51392 -50.052563 -4.5
        vertex -97.4523 -52.08934 -16
    endloop
endfacet
facet normal 0.9066065 0.42194787 -0.00498354
    outer loop
        vertex -100.34928 -46.069786 0.08558554
        vertex -98.58676 -49.908913 -4.328829
        vertex -99.890816 -47.24484 -16
    endloop
endfacet
facet normal 0.94952792 0.31368253 0
    outer loop
        vertex -104.04062 -37.22633 16
        vertex -105.74191 -32.076454 -16
        vertex -105.74191 -32.076454 16
    endloop
endfacet
facet normal 0.97570223 0.21910056 0
    outer loop
        vertex -107.18845 -26.84931 16
        vertex -107.18845 -26.84931 -16
        vertex -108.37677 -21.55748 -16
    endloop
endfacet
facet normal 0.98527765 0.17096187 0
    outer loop
        vertex -109.304 -16.213717 16
        vertex -108.37677 -21.55748 16
        vertex -109.304 -16.213717 -16
    endloop
endfacet
facet normal 0.99969876 0.02454129 0
    outer loop
        vertex -110.3669 -5.421978 -16
        vertex -110.5 -0 -16
        vertex -110.5 -0 16
    endloop
endfacet
facet normal 0.99729043 0.07356478 0
    outer loop
        vertex -109.96791 -10.830894 16
        vertex -109.96791 -10.830894 -16
        vertex -110.3669 -5.421978 -16
    endloop
endfacet
facet normal -0.99823904 0.05930393 -0.00137458
    outer loop
        vertex 110.15435 -8.733147 -4.5
        vertex 110.41356 -4.3699923 -4.5
        vertex 110.3669 -5.421978 -16
    endloop
endfacet
facet normal 1 0 0
    outer loop
        vertex 117.5 4 12
        vertex 117.5 -4 12
        vertex 117.5 4 -12
    endloop
endfacet
facet normal 1 0 0
    outer loop
        vertex 117.5 -4 12
        vertex 117.5 -4 -12
        vertex 117.5 4 -12
    endloop
endfacet
facet normal -0 1 0
    outer loop
        vertex 117.5 -4 12
        vertex 123.4352 -4 12
        vertex 117.5 -4 -12
    endloop
endfacet
facet normal 0 1 0
    outer loop
        vertex 123.4352 -4 12
        vertex 123.4352 -4 -12
        vertex 117.5 -4 -12
    endloop
endfacet
facet normal 0 0 -1
    outer loop
        vertex 123.4352 -4 12
        vertex 117.5 -4 12
        vertex 123.5 -0 12
    endloop
endfacet
facet normal 0 0 -1
    outer loop
        vertex 117.5 4 12
        vertex 123.4352 4 12
        vertex 123.5 -0 12
    endloop
endfacet
facet normal 0 0 -1
    outer loop
        vertex 117.5 4 12
        vertex 123.5 -0 12
        vertex 117.5 -4 12
    endloop
endfacet
facet normal 0 -0 1
    outer loop
        vertex 123.4352 -4 -12
        vertex 123.5 -0 -12
        vertex 117.5 -4 -12
    endloop
endfacet
facet normal -0 0 1
    outer loop
        vertex 117.5 4 -12
        vertex 123.5 -0 -12
        vertex 123.4352 4 -12
    endloop
endfacet
facet normal 0 0 1
    outer loop
        vertex 117.5 4 -12
        vertex 117.5 -4 -12
        vertex 123.5 -0 -12
    endloop
endfacet
facet normal -0 -1 -0
    outer loop
        vertex 123.4352 4 12
        vertex 117.5 4 12
        vertex 123.4352 4 -12
    endloop
endfacet
facet normal 0 -1 0
    outer loop
        vertex 117.5 4 12
        vertex 117.5 4 -12
        vertex 123.4352 4 -12
    endloop
endfacet
facet normal 0.92387897 0.38268483 0
    outer loop
        vertex 107.02511 48.66082 12
        vertex 110.086586 41.26979 12
        vertex 107.02511 48.66082 -12
    endloop
endfacet
facet normal 0.92387897 0.38268483 0
    outer loop
        vertex 110.086586 41.26979 12
        vertex 110.086586 41.26979 -12
        vertex 107.02511 48.66082 -12
    endloop
endfacet
facet normal -0.38268334 0.92387956 0
    outer loop
        vertex 110.086586 41.26979 12
        vertex 115.569984 43.54109 12
        vertex 110.086586 41.26979 -12
    endloop
endfacet
facet normal -0.38268334 0.92387956 0
    outer loop
        vertex 115.569984 43.54109 12
        vertex 115.569984 43.54109 -12
        vertex 110.086586 41.26979 -12
    endloop
endfacet
facet normal 0 0 -0.99999994
    outer loop
        vertex 107.02511 48.66082 12
        vertex 112.50853 50.932133 12
        vertex 114.09912 47.261406 12
    endloop
endfacet
facet normal -0 0 -1
    outer loop
        vertex 114.09912 47.261406 12
        vertex 110.086586 41.26979 12
        vertex 107.02511 48.66082 12
    endloop
endfacet
facet normal 0 -0 -1
    outer loop
        vertex 114.09912 47.261406 12
        vertex 115.569984 43.54109 12
        vertex 110.086586 41.26979 12
    endloop
endfacet
facet normal -0 0 0.99999994
    outer loop
        vertex 107.02511 48.66082 -12
        vertex 114.09912 47.261406 -12
        vertex 112.50853 50.932133 -12
    endloop
endfacet
facet normal 0 0 1
    outer loop
        vertex 114.09912 47.261406 -12
        vertex 107.02511 48.66082 -12
        vertex 110.086586 41.26979 -12
    endloop
endfacet
facet normal 0 0 1
    outer loop
        vertex 114.09912 47.261406 -12
        vertex 110.086586 41.26979 -12
        vertex 115.569984 43.54109 -12
    endloop
endfacet
facet normal 0.3826842 -0.92387921 0
    outer loop
        vertex 112.50853 50.932133 12
        vertex 107.02511 48.66082 12
        vertex 112.50853 50.932133 -12
    endloop
endfacet
facet normal 0.3826842 -0.92387921 0
    outer loop
        vertex 107.02511 48.66082 12
        vertex 107.02511 48.66082 -12
        vertex 112.50853 50.932133 -12
    endloop
endfacet
facet normal 0.70710671 0.70710671 0
    outer loop
        vertex 80.25662 85.913475 12
        vertex 85.913475 80.25662 12
        vertex 80.25662 85.913475 -12
    endloop
endfacet
facet normal 0.70710671 0.70710671 0
    outer loop
        vertex 85.913475 80.25662 12
        vertex 85.913475 80.25662 -12
        vertex 80.25662 85.913475 -12
    endloop
endfacet
facet normal -0.70710552 0.70710808 0
    outer loop
        vertex 85.913475 80.25662 12
        vertex 90.110306 84.45344 12
        vertex 85.913475 80.25662 -12
    endloop
endfacet
facet normal -0.70710552 0.70710808 0
    outer loop
        vertex 90.110306 84.45344 12
        vertex 90.110306 84.45344 -12
        vertex 85.913475 80.25662 -12
    endloop
endfacet
facet normal 0 0 -1
    outer loop
        vertex 80.25662 85.913475 12
        vertex 84.45344 90.110306 12
        vertex 87.32769 87.32769 12
    endloop
endfacet
facet normal 0 -0 -1
    outer loop
        vertex 87.32769 87.32769 12
        vertex 90.110306 84.45344 12
        vertex 85.913475 80.25662 12
    endloop
endfacet
facet normal 0 0 -1
    outer loop
        vertex 80.25662 85.913475 12
        vertex 87.32769 87.32769 12
        vertex 85.913475 80.25662 12
    endloop
endfacet
facet normal 0 0 1
    outer loop
        vertex 80.25662 85.913475 -12
        vertex 87.32769 87.32769 -12
        vertex 84.45344 90.110306 -12
    endloop
endfacet
facet normal 0 0 1
    outer loop
        vertex 87.32769 87.32769 -12
        vertex 85.913475 80.25662 -12
        vertex 90.110306 84.45344 -12
    endloop
endfacet
facet normal -0 0 1
    outer loop
        vertex 80.25662 85.913475 -12
        vertex 85.913475 80.25662 -12
        vertex 87.32769 87.32769 -12
    endloop
endfacet
facet normal 0.70710808 -0.70710552 0
    outer loop
        vertex 84.45344 90.110306 12
        vertex 80.25662 85.913475 12
        vertex 84.45344 90.110306 -12
    endloop
endfacet
facet normal 0.70710808 -0.70710552 0
    outer loop
        vertex 80.25662 85.913475 12
        vertex 80.25662 85.913475 -12
        vertex 84.45344 90.110306 -12
    endloop
endfacet
facet normal 0.38268483 0.92387897 0
    outer loop
        vertex 41.26979 110.086586 12
        vertex 48.66082 107.02511 12
        vertex 41.26979 110.086586 -12
    endloop
endfacet
facet normal 0.38268483 0.92387897 0
    outer loop
        vertex 48.66082 107.02511 12
        vertex 48.66082 107.02511 -12
        vertex 41.26979 110.086586 -12
    endloop
endfacet
facet normal -0.92387921 0.3826842 0
    outer loop
        vertex 48.66082 107.02511 12
        vertex 50.932133 112.50853 12
        vertex 48.66082 107.02511 -12
    endloop
endfacet
facet normal -0.92387921 0.3826842 0
    outer loop
        vertex 50.932133 112.50853 12
        vertex 50.932133 112.50853 -12
        vertex 48.66082 107.02511 -12
    endloop
endfacet
facet normal 0 0 0.99999994
    outer loop
        vertex 47.261406 114.09912 -12
        vertex 48.66082 107.02511 -12
        vertex 50.932133 112.50853 -12
    endloop
endfacet
facet normal 0 0 1
    outer loop
        vertex 41.26979 110.086586 -12
        vertex 47.261406 114.09912 -12
        vertex 43.54109 115.569984 -12
    endloop
endfacet
facet normal -0 0 1
    outer loop
        vertex 41.26979 110.086586 -12
        vertex 48.66082 107.02511 -12
        vertex 47.261406 114.09912 -12
    endloop
endfacet
facet normal 0.92387956 -0.38268334 0
    outer loop
        vertex 43.54109 115.569984 12
        vertex 41.26979 110.086586 12
        vertex 43.54109 115.569984 -12
    endloop
endfacet
facet normal 0.92387956 -0.38268334 0
    outer loop
        vertex 41.26979 110.086586 12
        vertex 41.26979 110.086586 -12
        vertex 43.54109 115.569984 -12
    endloop
endfacet
facet normal 0 0 -0.99999994
    outer loop
        vertex 47.261406 114.09912 12
        vertex 50.932133 112.50853 12
        vertex 48.66082 107.02511 12
    endloop
endfacet
facet normal 0 0 -1
    outer loop
        vertex 41.26979 110.086586 12
        vertex 43.54109 115.569984 12
        vertex 47.261406 114.09912 12
    endloop
endfacet
facet normal 0 0 -1
    outer loop
        vertex 41.26979 110.086586 12
        vertex 47.261406 114.09912 12
        vertex 48.66082 107.02511 12
    endloop
endfacet
facet normal -0 1 0
    outer loop
        vertex -4 117.5 12
        vertex 4 117.5 12
        vertex -4 117.5 -12
    endloop
endfacet
facet normal 0 1 0
    outer loop
        vertex 4 117.5 12
        vertex 4 117.5 -12
        vertex -4 117.5 -12
    endloop
endfacet
facet normal -1 0 0
    outer loop
        vertex 4 117.5 12
        vertex 4 123.4352 12
        vertex 4 117.5 -12
    endloop
endfacet
facet normal -1 0 -0
    outer loop
        vertex 4 123.4352 12
        vertex 4 123.4352 -12
        vertex 4 117.5 -12
    endloop
endfacet
facet normal -0 -0 -1
    outer loop
        vertex 4 123.4352 12
        vertex 4 117.5 12
        vertex -0.0000001756407 123.5 12
    endloop
endfacet
facet normal 0 0 -1
    outer loop
        vertex -4 117.5 12
        vertex -4 123.4352 12
        vertex -0.0000001756407 123.5 12
    endloop
endfacet
facet normal 0 -0 -1
    outer loop
        vertex -0.0000001756407 123.5 12
        vertex 4 117.5 12
        vertex -4 117.5 12
    endloop
endfacet
facet normal 0 0 1
    outer loop
        vertex 4 123.4352 -12
        vertex -0.0000001756407 123.5 -12
        vertex 4 117.5 -12
    endloop
endfacet
facet normal 0 0 1
    outer loop
        vertex -4 117.5 -12
        vertex -0.0000001756407 123.5 -12
        vertex -4 123.4352 -12
    endloop
endfacet
facet normal 0 0 1
    outer loop
        vertex -0.0000001756407 123.5 -12
        vertex -4 117.5 -12
        vertex 4 117.5 -12
    endloop
endfacet
facet normal 1 0 0
    outer loop
        vertex -4 123.4352 12
        vertex -4 117.5 12
        vertex -4 123.4352 -12
    endloop
endfacet
facet normal 1 0 0
    outer loop
        vertex -4 117.5 12
        vertex -4 117.5 -12
        vertex -4 123.4352 -12
    endloop
endfacet
facet normal -0.38268483 0.92387897 0
    outer loop
        vertex -48.66082 107.02511 12
        vertex -41.26979 110.086586 12
        vertex -48.66082 107.02511 -12
    endloop
endfacet
facet normal -0.38268483 0.92387897 0
    outer loop
        vertex -41.26979 110.086586 12
        vertex -41.26979 110.086586 -12
        vertex -48.66082 107.02511 -12
    endloop
endfacet
facet normal -0.92387956 -0.38268334 -0
    outer loop
        vertex -41.26979 110.086586 12
        vertex -43.54109 115.569984 12
        vertex -41.26979 110.086586 -12
    endloop
endfacet
facet normal -0.92387956 -0.38268334 -0
    outer loop
        vertex -43.54109 115.569984 12
        vertex -43.54109 115.569984 -12
        vertex -41.26979 110.086586 -12
    endloop
endfacet
facet normal 0 0 -0.99999994
    outer loop
        vertex -48.66082 107.02511 12
        vertex -50.932133 112.50853 12
        vertex -47.261406 114.09912 12
    endloop
endfacet
facet normal 0 -0 -1
    outer loop
        vertex -43.54109 115.569984 12
        vertex -41.26979 110.086586 12
        vertex -47.261406 114.09912 12
    endloop
endfacet
facet normal 0 0 -1
    outer loop
        vertex -48.66082 107.02511 12
        vertex -47.261406 114.09912 12
        vertex -41.26979 110.086586 12
    endloop
endfacet
facet normal 0 -0 0.99999994
    outer loop
        vertex -48.66082 107.02511 -12
        vertex -47.261406 114.09912 -12
        vertex -50.932133 112.50853 -12
    endloop
endfacet
facet normal 0 0 1
    outer loop
        vertex -43.54109 115.569984 -12
        vertex -47.261406 114.09912 -12
        vertex -41.26979 110.086586 -12
    endloop
endfacet
facet normal 0 0 1
    outer loop
        vertex -48.66082 107.02511 -12
        vertex -41.26979 110.086586 -12
        vertex -47.261406 114.09912 -12
    endloop
endfacet
facet normal 0.92387921 0.3826842 0
    outer loop
        vertex -50.932133 112.50853 12
        vertex -48.66082 107.02511 12
        vertex -50.932133 112.50853 -12
    endloop
endfacet
facet normal 0.92387921 0.3826842 0
    outer loop
        vertex -48.66082 107.02511 12
        vertex -48.66082 107.02511 -12
        vertex -50.932133 112.50853 -12
    endloop
endfacet
facet normal -0.70710671 0.70710671 0
    outer loop
        vertex -85.913475 80.25662 12
        vertex -80.25662 85.913475 12
        vertex -85.913475 80.25662 -12
    endloop
endfacet
facet normal -0.70710671 0.70710671 0
    outer loop
        vertex -80.25662 85.913475 12
        vertex -80.25662 85.913475 -12
        vertex -85.913475 80.25662 -12
    endloop
endfacet
facet normal -0.70710808 -0.70710552 -0
    outer loop
        vertex -80.25662 85.913475 12
        vertex -84.45344 90.110306 12
        vertex -80.25662 85.913475 -12
    endloop
endfacet
facet normal -0.70710808 -0.70710552 -0
    outer loop
        vertex -84.45344 90.110306 12
        vertex -84.45344 90.110306 -12
        vertex -80.25662 85.913475 -12
    endloop
endfacet
facet normal 0 0 -1
    outer loop
        vertex -85.913475 80.25662 12
        vertex -90.110306 84.45344 12
        vertex -87.32769 87.32769 12
    endloop
endfacet
facet normal 0 0 -1
    outer loop
        vertex -87.32769 87.32769 12
        vertex -80.25662 85.913475 12
        vertex -85.913475 80.25662 12
    endloop
endfacet
facet normal 0 0 -1
    outer loop
        vertex -80.25662 85.913475 12
        vertex -87.32769 87.32769 12
        vertex -84.45344 90.110306 12
    endloop
endfacet
facet normal 0 0 1
    outer loop
        vertex -85.913475 80.25662 -12
        vertex -87.32769 87.32769 -12
        vertex -90.110306 84.45344 -12
    endloop
endfacet
facet normal 0 0 1
    outer loop
        vertex -87.32769 87.32769 -12
        vertex -85.913475 80.25662 -12
        vertex -80.25662 85.913475 -12
    endloop
endfacet
facet normal 0 0 1
    outer loop
        vertex -80.25662 85.913475 -12
        vertex -84.45344 90.110306 -12
        vertex -87.32769 87.32769 -12
    endloop
endfacet
facet normal 0.70710552 0.70710808 0
    outer loop
        vertex -90.110306 84.45344 12
        vertex -85.913475 80.25662 12
        vertex -90.110306 84.45344 -12
    endloop
endfacet
facet normal 0.70710552 0.70710808 0
    outer loop
        vertex -85.913475 80.25662 12
        vertex -85.913475 80.25662 -12
        vertex -90.110306 84.45344 -12
    endloop
endfacet
facet normal -0.92387897 0.38268483 0
    outer loop
        vertex -110.086586 41.26979 12
        vertex -107.02511 48.66082 12
        vertex -110.086586 41.26979 -12
    endloop
endfacet
facet normal -0.92387897 0.38268483 0
    outer loop
        vertex -107.02511 48.66082 12
        vertex -107.02511 48.66082 -12
        vertex -110.086586 41.26979 -12
    endloop
endfacet
facet normal -0.3826842 -0.92387921 -0
    outer loop
        vertex -107.02511 48.66082 12
        vertex -112.50853 50.932133 12
        vertex -107.02511 48.66082 -12
    endloop
endfacet
facet normal -0.3826842 -0.92387921 -0
    outer loop
        vertex -112.50853 50.932133 12
        vertex -112.50853 50.932133 -12
        vertex -107.02511 48.66082 -12
    endloop
endfacet
facet normal 0 0 -1
    outer loop
        vertex -114.09912 47.261406 12
        vertex -107.02511 48.66082 12
        vertex -110.086586 41.26979 12
    endloop
endfacet
facet normal 0 0 -1
    outer loop
        vertex -110.086586 41.26979 12
        vertex -115.569984 43.54109 12
        vertex -114.09912 47.261406 12
    endloop
endfacet
facet normal -0 0 -0.99999994
    outer loop
        vertex -107.02511 48.66082 12
        vertex -114.09912 47.261406 12
        vertex -112.50853 50.932133 12
    endloop
endfacet
facet normal -0 0 1
    outer loop
        vertex -114.09912 47.261406 -12
        vertex -110.086586 41.26979 -12
        vertex -107.02511 48.66082 -12
    endloop
endfacet
facet normal 0 0 1
    outer loop
        vertex -110.086586 41.26979 -12
        vertex -114.09912 47.261406 -12
        vertex -115.569984 43.54109 -12
    endloop
endfacet
facet normal 0 0 0.99999994
    outer loop
        vertex -107.02511 48.66082 -12
        vertex -112.50853 50.932133 -12
        vertex -114.09912 47.261406 -12
    endloop
endfacet
facet normal 0.38268334 0.92387956 0
    outer loop
        vertex -115.569984 43.54109 12
        vertex -110.086586 41.26979 12
        vertex -115.569984 43.54109 -12
    endloop
endfacet
facet normal 0.38268334 0.92387956 0
    outer loop
        vertex -110.086586 41.26979 12
        vertex -110.086586 41.26979 -12
        vertex -115.569984 43.54109 -12
    endloop
endfacet
facet normal -1 0 0
    outer loop
        vertex -117.5 -4 12
        vertex -117.5 4 12
        vertex -117.5 -4 -12
    endloop
endfacet
facet normal -1 0 -0
    outer loop
        vertex -117.5 4 12
        vertex -117.5 4 -12
        vertex -117.5 -4 -12
    endloop
endfacet
facet normal -0 -1 -0
    outer loop
        vertex -117.5 4 12
        vertex -123.4352 4 12
        vertex -117.5 4 -12
    endloop
endfacet
facet normal 0 -1 0
    outer loop
        vertex -123.4352 4 12
        vertex -123.4352 4 -12
        vertex -117.5 4 -12
    endloop
endfacet
facet normal -0 1 0
    outer loop
        vertex -123.4352 -4 12
        vertex -117.5 -4 12
        vertex -123.4352 -4 -12
    endloop
endfacet
facet normal 0 1 0
    outer loop
        vertex -117.5 -4 12
        vertex -117.5 -4 -12
        vertex -123.4352 -4 -12
    endloop
endfacet
facet normal 0 -0 -1
    outer loop
        vertex -123.4352 4 12
        vertex -117.5 4 12
        vertex -123.5 -0 12
    endloop
endfacet
facet normal 0 0 -1
    outer loop
        vertex -117.5 -4 12
        vertex -123.4352 -4 12
        vertex -123.5 -0 12
    endloop
endfacet
facet normal 0 0 -1
    outer loop
        vertex -117.5 -4 12
        vertex -123.5 -0 12
        vertex -117.5 4 12
    endloop
endfacet
facet normal -0 0 1
    outer loop
        vertex -123.4352 4 -12
        vertex -123.5 -0 -12
        vertex -117.5 4 -12
    endloop
endfacet
facet normal 0 0 1
    outer loop
        vertex -117.5 -4 -12
        vertex -123.5 -0 -12
        vertex -123.4352 -4 -12
    endloop
endfacet
facet normal 0 -0 1
    outer loop
        vertex -117.5 -4 -12
        vertex -117.5 4 -12
        vertex -123.5 -0 -12
    endloop
endfacet
facet normal -0.92387897 -0.38268483 -0
    outer loop
        vertex -107.02511 -48.66082 12
        vertex -110.086586 -41.26979 12
        vertex -107.02511 -48.66082 -12
    endloop
endfacet
facet normal -0.92387897 -0.38268483 -0
    outer loop
        vertex -110.086586 -41.26979 12
        vertex -110.086586 -41.26979 -12
        vertex -107.02511 -48.66082 -12
    endloop
endfacet
facet normal 0.38268334 -0.92387956 0
    outer loop
        vertex -110.086586 -41.26979 12
        vertex -115.569984 -43.54109 12
        vertex -110.086586 -41.26979 -12
    endloop
endfacet
facet normal 0.38268334 -0.92387956 0
    outer loop
        vertex -115.569984 -43.54109 12
        vertex -115.569984 -43.54109 -12
        vertex -110.086586 -41.26979 -12
    endloop
endfacet
facet normal -0 0 -0.99999994
    outer loop
        vertex -107.02511 -48.66082 12
        vertex -112.50853 -50.932133 12
        vertex -114.09912 -47.261406 12
    endloop
endfacet
facet normal 0 0 -1
    outer loop
        vertex -114.09912 -47.261406 12
        vertex -110.086586 -41.26979 12
        vertex -107.02511 -48.66082 12
    endloop
endfacet
facet normal 0 0 -1
    outer loop
        vertex -114.09912 -47.261406 12
        vertex -115.569984 -43.54109 12
        vertex -110.086586 -41.26979 12
    endloop
endfacet
facet normal -0.3826842 0.92387921 0
    outer loop
        vertex -112.50853 -50.932133 12
        vertex -107.02511 -48.66082 12
        vertex -112.50853 -50.932133 -12
    endloop
endfacet
facet normal -0.3826842 0.92387921 0
    outer loop
        vertex -107.02511 -48.66082 12
        vertex -107.02511 -48.66082 -12
        vertex -112.50853 -50.932133 -12
    endloop
endfacet
facet normal 0 0 0.99999994
    outer loop
        vertex -107.02511 -48.66082 -12
        vertex -114.09912 -47.261406 -12
        vertex -112.50853 -50.932133 -12
    endloop
endfacet
facet normal -0 0 1
    outer loop
        vertex -114.09912 -47.261406 -12
        vertex -107.02511 -48.66082 -12
        vertex -110.086586 -41.26979 -12
    endloop
endfacet
facet normal 0 -0 1
    outer loop
        vertex -114.09912 -47.261406 -12
        vertex -110.086586 -41.26979 -12
        vertex -115.569984 -43.54109 -12
    endloop
endfacet
facet normal -0.70710671 -0.70710671 -0
    outer loop
        vertex -80.25662 -85.913475 12
        vertex -85.913475 -80.25662 12
        vertex -80.25662 -85.913475 -12
    endloop
endfacet
facet normal -0.70710671 -0.70710671 -0
    outer loop
        vertex -85.913475 -80.25662 12
        vertex -85.913475 -80.25662 -12
        vertex -80.25662 -85.913475 -12
    endloop
endfacet
facet normal 0.70710552 -0.70710808 0
    outer loop
        vertex -85.913475 -80.25662 12
        vertex -90.110306 -84.45344 12
        vertex -85.913475 -80.25662 -12
    endloop
endfacet
facet normal 0.70710552 -0.70710808 0
    outer loop
        vertex -90.110306 -84.45344 12
        vertex -90.110306 -84.45344 -12
        vertex -85.913475 -80.25662 -12
    endloop
endfacet
facet normal 0 0 -1
    outer loop
        vertex -80.25662 -85.913475 12
        vertex -84.45344 -90.110306 12
        vertex -87.32769 -87.32769 12
    endloop
endfacet
facet normal 0 0 -1
    outer loop
        vertex -87.32769 -87.32769 12
        vertex -90.110306 -84.45344 12
        vertex -85.913475 -80.25662 12
    endloop
endfacet
facet normal -0 0 -1
    outer loop
        vertex -80.25662 -85.913475 12
        vertex -87.32769 -87.32769 12
        vertex -85.913475 -80.25662 12
    endloop
endfacet
facet normal 0 0 1
    outer loop
        vertex -80.25662 -85.913475 -12
        vertex -87.32769 -87.32769 -12
        vertex -84.45344 -90.110306 -12
    endloop
endfacet
facet normal 0 -0 1
    outer loop
        vertex -87.32769 -87.32769 -12
        vertex -85.913475 -80.25662 -12
        vertex -90.110306 -84.45344 -12
    endloop
endfacet
facet normal 0 0 1
    outer loop
        vertex -80.25662 -85.913475 -12
        vertex -85.913475 -80.25662 -12
        vertex -87.32769 -87.32769 -12
    endloop
endfacet
facet normal -0.70710808 0.70710552 0
    outer loop
        vertex -84.45344 -90.110306 12
        vertex -80.25662 -85.913475 12
        vertex -84.45344 -90.110306 -12
    endloop
endfacet
facet normal -0.70710808 0.70710552 0
    outer loop
        vertex -80.25662 -85.913475 12
        vertex -80.25662 -85.913475 -12
        vertex -84.45344 -90.110306 -12
    endloop
endfacet
facet normal -0.38268483 -0.92387897 -0
    outer loop
        vertex -41.26979 -110.086586 12
        vertex -48.66082 -107.02511 12
        vertex -41.26979 -110.086586 -12
    endloop
endfacet
facet normal -0.38268483 -0.92387897 -0
    outer loop
        vertex -48.66082 -107.02511 12
        vertex -48.66082 -107.02511 -12
        vertex -41.26979 -110.086586 -12
    endloop
endfacet
facet normal 0.92387921 -0.3826842 0
    outer loop
        vertex -48.66082 -107.02511 12
        vertex -50.932133 -112.50853 12
        vertex -48.66082 -107.02511 -12
    endloop
endfacet
facet normal 0.92387921 -0.3826842 0
    outer loop
        vertex -50.932133 -112.50853 12
        vertex -50.932133 -112.50853 -12
        vertex -48.66082 -107.02511 -12
    endloop
endfacet
facet normal 0 0 -0.99999994
    outer loop
        vertex -47.261406 -114.09912 12
        vertex -50.932133 -112.50853 12
        vertex -48.66082 -107.02511 12
    endloop
endfacet
facet normal 0 0 -1
    outer loop
        vertex -41.26979 -110.086586 12
        vertex -43.54109 -115.569984 12
        vertex -47.261406 -114.09912 12
    endloop
endfacet
facet normal -0 0 -1
    outer loop
        vertex -41.26979 -110.086586 12
        vertex -47.261406 -114.09912 12
        vertex -48.66082 -107.02511 12
    endloop
endfacet
facet normal 0 0 0.99999994
    outer loop
        vertex -47.261406 -114.09912 -12
        vertex -48.66082 -107.02511 -12
        vertex -50.932133 -112.50853 -12
    endloop
endfacet
facet normal 0 0 1
    outer loop
        vertex -41.26979 -110.086586 -12
        vertex -47.261406 -114.09912 -12
        vertex -43.54109 -115.569984 -12
    endloop
endfacet
facet normal 0 0 1
    outer loop
        vertex -41.26979 -110.086586 -12
        vertex -48.66082 -107.02511 -12
        vertex -47.261406 -114.09912 -12
    endloop
endfacet
facet normal -0.92387956 0.38268334 0
    outer loop
        vertex -43.54109 -115.569984 12
        vertex -41.26979 -110.086586 12
        vertex -43.54109 -115.569984 -12
    endloop
endfacet
facet normal -0.92387956 0.38268334 0
    outer loop
        vertex -41.26979 -110.086586 12
        vertex -41.26979 -110.086586 -12
        vertex -43.54109 -115.569984 -12
    endloop
endfacet
facet normal -0 -1 -0
    outer loop
        vertex 4 -117.5 12
        vertex -4 -117.5 12
        vertex 4 -117.5 -12
    endloop
endfacet
facet normal 0 -1 0
    outer loop
        vertex -4 -117.5 12
        vertex -4 -117.5 -12
        vertex 4 -117.5 -12
    endloop
endfacet
facet normal 1 0 0
    outer loop
        vertex -4 -117.5 12
        vertex -4 -123.4352 12
        vertex -4 -117.5 -12
    endloop
endfacet
facet normal 1 0 0
    outer loop
        vertex -4 -123.4352 12
        vertex -4 -123.4352 -12
        vertex -4 -117.5 -12
    endloop
endfacet
facet normal 0 0 -1
    outer loop
        vertex -4 -123.4352 12
        vertex -4 -117.5 12
        vertex -0.0000001756407 -123.5 12
    endloop
endfacet
facet normal 0 -0 -1
    outer loop
        vertex 4 -117.5 12
        vertex 4 -123.4352 12
        vertex -0.0000001756407 -123.5 12
    endloop
endfacet
facet normal 0 0 -1
    outer loop
        vertex -0.0000001756407 -123.5 12
        vertex -4 -117.5 12
        vertex 4 -117.5 12
    endloop
endfacet
facet normal -0 0 1
    outer loop
        vertex -4 -123.4352 -12
        vertex -0.0000001756407 -123.5 -12
        vertex -4 -117.5 -12
    endloop
endfacet
facet normal 0 0 1
    outer loop
        vertex 4 -117.5 -12
        vertex -0.0000001756407 -123.5 -12
        vertex 4 -123.4352 -12
    endloop
endfacet
facet normal 0 -0 1
    outer loop
        vertex -0.0000001756407 -123.5 -12
        vertex 4 -117.5 -12
        vertex -4 -117.5 -12
    endloop
endfacet
facet normal -1 0 0
    outer loop
        vertex 4 -123.4352 12
        vertex 4 -117.5 12
        vertex 4 -123.4352 -12
    endloop
endfacet
facet normal -1 0 -0
    outer loop
        vertex 4 -117.5 12
        vertex 4 -117.5 -12
        vertex 4 -123.4352 -12
    endloop
endfacet
facet normal 0.38268483 -0.92387897 0
    outer loop
        vertex 48.66082 -107.02511 12
        vertex 41.26979 -110.086586 12
        vertex 48.66082 -107.02511 -12
    endloop
endfacet
facet normal 0.38268483 -0.92387897 0
    outer loop
        vertex 41.26979 -110.086586 12
        vertex 41.26979 -110.086586 -12
        vertex 48.66082 -107.02511 -12
    endloop
endfacet
facet normal 0.92387956 0.38268334 0
    outer loop
        vertex 41.26979 -110.086586 12
        vertex 43.54109 -115.569984 12
        vertex 41.26979 -110.086586 -12
    endloop
endfacet
facet normal 0.92387956 0.38268334 0
    outer loop
        vertex 43.54109 -115.569984 12
        vertex 43.54109 -115.569984 -12
        vertex 41.26979 -110.086586 -12
    endloop
endfacet
facet normal 0 -0 -0.99999994
    outer loop
        vertex 48.66082 -107.02511 12
        vertex 50.932133 -112.50853 12
        vertex 47.261406 -114.09912 12
    endloop
endfacet
facet normal 0 0 -1
    outer loop
        vertex 43.54109 -115.569984 12
        vertex 41.26979 -110.086586 12
        vertex 47.261406 -114.09912 12
    endloop
endfacet
facet normal 0 0 -1
    outer loop
        vertex 48.66082 -107.02511 12
        vertex 47.261406 -114.09912 12
        vertex 41.26979 -110.086586 12
    endloop
endfacet
facet normal 0 0 0.99999994
    outer loop
        vertex 48.66082 -107.02511 -12
        vertex 47.261406 -114.09912 -12
        vertex 50.932133 -112.50853 -12
    endloop
endfacet
facet normal 0 -0 1
    outer loop
        vertex 43.54109 -115.569984 -12
        vertex 47.261406 -114.09912 -12
        vertex 41.26979 -110.086586 -12
    endloop
endfacet
facet normal 0 0 1
    outer loop
        vertex 48.66082 -107.02511 -12
        vertex 41.26979 -110.086586 -12
        vertex 47.261406 -114.09912 -12
    endloop
endfacet
facet normal -0.92387921 -0.3826842 -0
    outer loop
        vertex 50.932133 -112.50853 12
        vertex 48.66082 -107.02511 12
        vertex 50.932133 -112.50853 -12
    endloop
endfacet
facet normal -0.92387921 -0.3826842 -0
    outer loop
        vertex 48.66082 -107.02511 12
        vertex 48.66082 -107.02511 -12
        vertex 50.932133 -112.50853 -12
    endloop
endfacet
facet normal 0.70710671 -0.70710671 0
    outer loop
        vertex 85.913475 -80.25662 12
        vertex 80.25662 -85.913475 12
        vertex 85.913475 -80.25662 -12
    endloop
endfacet
facet normal 0.70710671 -0.70710671 0
    outer loop
        vertex 80.25662 -85.913475 12
        vertex 80.25662 -85.913475 -12
        vertex 85.913475 -80.25662 -12
    endloop
endfacet
facet normal 0.70710808 0.70710552 0
    outer loop
        vertex 80.25662 -85.913475 12
        vertex 84.45344 -90.110306 12
        vertex 80.25662 -85.913475 -12
    endloop
endfacet
facet normal 0.70710808 0.70710552 0
    outer loop
        vertex 84.45344 -90.110306 12
        vertex 84.45344 -90.110306 -12
        vertex 80.25662 -85.913475 -12
    endloop
endfacet
facet normal 0 0 1
    outer loop
        vertex 85.913475 -80.25662 -12
        vertex 87.32769 -87.32769 -12
        vertex 90.110306 -84.45344 -12
    endloop
endfacet
facet normal 0 0 1
    outer loop
        vertex 87.32769 -87.32769 -12
        vertex 85.913475 -80.25662 -12
        vertex 80.25662 -85.913475 -12
    endloop
endfacet
facet normal 0 0 1
    outer loop
        vertex 80.25662 -85.913475 -12
        vertex 84.45344 -90.110306 -12
        vertex 87.32769 -87.32769 -12
    endloop
endfacet
facet normal -0.70710552 -0.70710808 -0
    outer loop
        vertex 90.110306 -84.45344 12
        vertex 85.913475 -80.25662 12
        vertex 90.110306 -84.45344 -12
    endloop
endfacet
facet normal -0.70710552 -0.70710808 -0
    outer loop
        vertex 85.913475 -80.25662 12
        vertex 85.913475 -80.25662 -12
        vertex 90.110306 -84.45344 -12
    endloop
endfacet
facet normal 0 0 -1
    outer loop
        vertex 85.913475 -80.25662 12
        vertex 90.110306 -84.45344 12
        vertex 87.32769 -87.32769 12
    endloop
endfacet
facet normal 0 0 -1
    outer loop
        vertex 87.32769 -87.32769 12
        vertex 80.25662 -85.913475 12
        vertex 85.913475 -80.25662 12
    endloop
endfacet
facet normal 0 0 -1
    outer loop
        vertex 80.25662 -85.913475 12
        vertex 87.32769 -87.32769 12
        vertex 84.45344 -90.110306 12
    endloop
endfacet
facet normal 0.92387897 -0.38268483 0
    outer loop
        vertex 110.086586 -41.26979 12
        vertex 107.02511 -48.66082 12
        vertex 110.086586 -41.26979 -12
    endloop
endfacet
facet normal 0.92387897 -0.38268483 0
    outer loop
        vertex 107.02511 -48.66082 12
        vertex 107.02511 -48.66082 -12
        vertex 110.086586 -41.26979 -12
    endloop
endfacet
facet normal 0.3826842 0.92387921 0
    outer loop
        vertex 107.02511 -48.66082 12
        vertex 112.50853 -50.932133 12
        vertex 107.02511 -48.66082 -12
    endloop
endfacet
facet normal 0.3826842 0.92387921 0
    outer loop
        vertex 112.50853 -50.932133 12
        vertex 112.50853 -50.932133 -12
        vertex 107.02511 -48.66082 -12
    endloop
endfacet
facet normal -0 0 -1
    outer loop
        vertex 114.09912 -47.261406 12
        vertex 107.02511 -48.66082 12
        vertex 110.086586 -41.26979 12
    endloop
endfacet
facet normal 0 0 -1
    outer loop
        vertex 110.086586 -41.26979 12
        vertex 115.569984 -43.54109 12
        vertex 114.09912 -47.261406 12
    endloop
endfacet
facet normal 0 0 -0.99999994
    outer loop
        vertex 107.02511 -48.66082 12
        vertex 114.09912 -47.261406 12
        vertex 112.50853 -50.932133 12
    endloop
endfacet
facet normal 0 0 1
    outer loop
        vertex 114.09912 -47.261406 -12
        vertex 110.086586 -41.26979 -12
        vertex 107.02511 -48.66082 -12
    endloop
endfacet
facet normal 0 0 1
    outer loop
        vertex 110.086586 -41.26979 -12
        vertex 114.09912 -47.261406 -12
        vertex 115.569984 -43.54109 -12
    endloop
endfacet
facet normal -0 0 0.99999994
    outer loop
        vertex 107.02511 -48.66082 -12
        vertex 112.50853 -50.932133 -12
        vertex 114.09912 -47.261406 -12
    endloop
endfacet
facet normal -0.38268334 -0.92387956 -0
    outer loop
        vertex 115.569984 -43.54109 12
        vertex 110.086586 -41.26979 12
        vertex 115.569984 -43.54109 -12
    endloop
endfacet
facet normal -0.38268334 -0.92387956 -0
    outer loop
        vertex 110.086586 -41.26979 12
        vertex 110.086586 -41.26979 -12
        vertex 115.569984 -43.54109 -12
    endloop
endfacet
facet normal -0.31247246 0.67169976 0.6716997
    outer loop
        vertex 42.17454 6.9419827 -4.5
        vertex 38 5 -4.5
        vertex 38 -4 4.5
    endloop
endfacet
facet normal -0.28413343 0.68790174 0.66787678
    outer loop
        vertex 46.42997 8.69966 -4.5
        vertex 42.17454 6.9419827 -4.5
        vertex 42.127213 -1.8155735 4.5
    endloop
endfacet
facet normal -0.32486007 0.68818772 0.64874011
    outer loop
        vertex 46.350006 0.17780277 4.5
        vertex 46.42997 8.69966 -4.5
        vertex 42.127213 -1.8155735 4.5
    endloop
endfacet
facet normal -0.29394659 0.70448744 0.64598209
    outer loop
        vertex 50.659557 1.9759582 4.5
        vertex 50.75815 10.269674 -4.5
        vertex 46.350006 0.17780277 4.5
    endloop
endfacet
facet normal -0.22536178 0.71768403 0.65889436
    outer loop
        vertex 50.659557 1.9759582 4.5
        vertex 55.150814 11.649027 -4.5
        vertex 50.75815 10.269674 -4.5
    endloop
endfacet
facet normal -0.19494173 0.73120421 0.65371096
    outer loop
        vertex 55.046837 3.5751295 4.5
        vertex 59.599564 12.83508 -4.5
        vertex 55.150814 11.649027 -4.5
    endloop
endfacet
facet normal -0.23012508 0.73408419 0.63887626
    outer loop
        vertex 55.046837 3.5751295 4.5
        vertex 59.502666 4.9719696 4.5
        vertex 59.599564 12.83508 -4.5
    endloop
endfacet
facet normal -0.19722956 0.74732584 0.63451123
    outer loop
        vertex 59.502666 4.9719696 4.5
        vertex 64.01772 6.163555 4.5
        vertex 64.0959 13.825568 -4.5
    endloop
endfacet
facet normal -0.13207471 0.75533313 0.6418941
    outer loop
        vertex 64.0959 13.825568 -4.5
        vertex 64.01772 6.163555 4.5
        vertex 68.631226 14.618598 -4.5
    endloop
endfacet
facet normal -0.09964985 0.76586562 0.63523203
    outer loop
        vertex 68.631226 14.618598 -4.5
        vertex 68.58254 7.1473927 4.5
        vertex 73.196884 15.212654 -4.5
    endloop
endfacet
facet normal -0.12951356 0.77053297 0.62410343
    outer loop
        vertex 73.196884 15.212654 -4.5
        vertex 68.58254 7.1473927 4.5
        vertex 73.18759 7.921423 4.5
    endloop
endfacet
facet normal -0.09471613 0.7804231 0.61803597
    outer loop
        vertex 77.784134 15.606601 -4.5
        vertex 73.18759 7.921423 4.5
        vertex 77.82322 8.484026 4.5
    endloop
endfacet
facet normal -0.03289338 0.78365475 0.62032509
    outer loop
        vertex 82.384224 15.799686 -4.5
        vertex 77.784134 15.606601 -4.5
        vertex 77.82322 8.484026 4.5
    endloop
endfacet
facet normal 0.00139907 0.79081857 0.6120491
    outer loop
        vertex 86.98835 15.791541 -4.5
        vertex 82.384224 15.799686 -4.5
        vertex 82.47973 8.834023 4.5
    endloop
endfacet
facet normal 0.01323172 0.80271727 0.59621292
    outer loop
        vertex 91.81638 8.893721 4.5
        vertex 91.58773 15.58218 -4.5
        vertex 87.14737 8.970683 4.5
    endloop
endfacet
facet normal 0.16443625 0.81331593 0.55810213
    outer loop
        vertex 105.734 7.384935 4.5
        vertex 110.311035 6.45955 4.5
        vertex 109.762375 12.74633 -4.5
    endloop
endfacet
facet normal 0.1808258 0.80725127 0.56182522
    outer loop
        vertex 105.269585 13.752724 -4.5
        vertex 105.734 7.384935 4.5
        vertex 109.762375 12.74633 -4.5
    endloop
endfacet
facet normal 0.12596565 0.81288373 0.56864125
    outer loop
        vertex 105.269585 13.752724 -4.5
        vertex 101.11943 8.100016 4.5
        vertex 105.734 7.384935 4.5
    endloop
endfacet
facet normal 0.14400612 0.80673468 0.57309812
    outer loop
        vertex 105.269585 13.752724 -4.5
        vertex 100.73709 14.561796 -4.5
        vertex 101.11943 8.100016 4.5
    endloop
endfacet
facet normal 0.08791207 0.81093395 0.5784961
    outer loop
        vertex 101.11943 8.100016 4.5
        vertex 100.73709 14.561796 -4.5
        vertex 96.47699 8.603295 4.5
    endloop
endfacet
facet normal 0.10760981 0.80477589 0.58374292
    outer loop
        vertex 96.47699 8.603295 4.5
        vertex 100.73709 14.561796 -4.5
        vertex 96.17356 15.172004 -4.5
    endloop
endfacet
facet normal 0.05032092 0.80752599 0.58768153
    outer loop
        vertex 91.81638 8.893721 4.5
        vertex 96.47699 8.603295 4.5
        vertex 96.17356 15.172004 -4.5
    endloop
endfacet
facet normal 0.07168358 0.80143291 0.59377342
    outer loop
        vertex 91.58773 15.58218 -4.5
        vertex 91.81638 8.893721 4.5
        vertex 96.17356 15.172004 -4.5
    endloop
endfacet
facet normal 0.03626814 0.79676211 0.60320377
    outer loop
        vertex 86.98835 15.791541 -4.5
        vertex 87.14737 8.970683 4.5
        vertex 91.58773 15.58218 -4.5
    endloop
endfacet
facet normal -0.05931231 0.78911513 0.61137497
    outer loop
        vertex 77.82322 8.484026 4.5
        vertex 82.47973 8.834023 4.5
        vertex 82.384224 15.799686 -4.5
    endloop
endfacet
facet normal -0.0665836 0.77532113 0.62804747
    outer loop
        vertex 73.18759 7.921423 4.5
        vertex 77.784134 15.606601 -4.5
        vertex 73.196884 15.212654 -4.5
    endloop
endfacet
facet normal -0.16368935 0.75948745 0.62959087
    outer loop
        vertex 68.58254 7.1473927 4.5
        vertex 68.631226 14.618598 -4.5
        vertex 64.01772 6.163555 4.5
    endloop
endfacet
facet normal -0.16384257 0.74376625 0.64804888
    outer loop
        vertex 64.0959 13.825568 -4.5
        vertex 59.599564 12.83508 -4.5
        vertex 59.502666 4.9719696 4.5
    endloop
endfacet
facet normal -0.26236653 0.71979493 0.64269674
    outer loop
        vertex 55.150814 11.649027 -4.5
        vertex 50.659557 1.9759582 4.5
        vertex 55.046837 3.5751295 4.5
    endloop
endfacet
facet normal -0.35509986 0.67091864 0.65097791
    outer loop
        vertex 42.127213 -1.8155735 4.5
        vertex 42.17454 6.9419827 -4.5
        vertex 38 -4 4.5
    endloop
endfacet
facet normal -0.02332188 0.79656291 0.60410565
    outer loop
        vertex 86.98835 15.791541 -4.5
        vertex 82.47973 8.834023 4.5
        vertex 87.14737 8.970683 4.5
    endloop
endfacet
facet normal -0.2550948 0.7032395 0.66361195
    outer loop
        vertex 46.42997 8.69966 -4.5
        vertex 46.350006 0.17780277 4.5
        vertex 50.75815 10.269674 -4.5
    endloop
endfacet
facet normal -0.49565992 0.61413401 0.61413401
    outer loop
        vertex 39.509113 -6.7820134 -4.5
        vertex 38 -8 -4.5
        vertex 38 -17 4.5
    endloop
endfacet
facet normal -0.69093591 0.51117879 0.51117885
    outer loop
        vertex 40.662533 -14.222992 4.5
        vertex 39.509113 -6.7820134 -4.5
        vertex 39.509113 -15.782014 4.5
    endloop
endfacet
facet normal -0.69093591 0.51117879 0.51117885
    outer loop
        vertex 39.509113 -6.7820134 -4.5
        vertex 40.662533 -14.222992 4.5
        vertex 40.662533 -5.2229915 -4.5
    endloop
endfacet
facet normal -0.98398674 -0.12603593 -0.12603593
    outer loop
        vertex 41.385784 -8.576406 4.5
        vertex 41.63217 -1.5 -4.5
        vertex 41.63217 -10.5 4.5
    endloop
endfacet
facet normal -0.98398674 0.12603593 0.12603593
    outer loop
        vertex 41.63217 -10.5 4.5
        vertex 41.63217 -1.5 -4.5
        vertex 41.385784 -3.4235945 -4.5
    endloop
endfacet
facet normal -0.86936373 0.34943289 0.34943289
    outer loop
        vertex 40.662533 -5.2229915 -4.5
        vertex 41.385784 -12.423594 4.5
        vertex 41.385784 -3.4235945 -4.5
    endloop
endfacet
facet normal -0.98398674 -0.12603593 -0.12603593
    outer loop
        vertex 41.63217 -1.5 -4.5
        vertex 41.385784 -8.576406 4.5
        vertex 41.385784 0.42359442 -4.5
    endloop
endfacet
facet normal -0.86936373 -0.34943289 -0.34943289
    outer loop
        vertex 41.385784 0.42359442 -4.5
        vertex 40.662533 -6.7770085 4.5
        vertex 40.662533 2.2229915 -4.5
    endloop
endfacet
facet normal -0.49565992 -0.61413401 -0.61413401
    outer loop
        vertex 39.509113 -5.2179866 4.5
        vertex 38 -4 4.5
        vertex 38 5 -4.5
    endloop
endfacet
facet normal -0.49565992 -0.61413401 -0.61413401
    outer loop
        vertex 39.509113 3.7820134 -4.5
        vertex 39.509113 -5.2179866 4.5
        vertex 38 5 -4.5
    endloop
endfacet
facet normal -0.69093591 -0.51117879 -0.51117879
    outer loop
        vertex 39.509113 3.7820134 -4.5
        vertex 40.662533 2.2229915 -4.5
        vertex 39.509113 -5.2179866 4.5
    endloop
endfacet
facet normal -0.69093591 -0.51117879 -0.51117879
    outer loop
        vertex 39.509113 -5.2179866 4.5
        vertex 40.662533 2.2229915 -4.5
        vertex 40.662533 -6.7770085 4.5
    endloop
endfacet
facet normal -0.86936373 -0.34943289 -0.34943289
    outer loop
        vertex 40.662533 -6.7770085 4.5
        vertex 41.385784 0.42359442 -4.5
        vertex 41.385784 -8.576406 4.5
    endloop
endfacet
facet normal -0.98398674 0.12603593 0.12603593
    outer loop
        vertex 41.385784 -3.4235945 -4.5
        vertex 41.385784 -12.423594 4.5
        vertex 41.63217 -10.5 4.5
    endloop
endfacet
facet normal -0.49565983 0.61413413 0.61413413
    outer loop
        vertex 39.509113 -15.782014 4.5
        vertex 39.509113 -6.7820134 -4.5
        vertex 38 -17 4.5
    endloop
endfacet
facet normal -0.86936373 0.34943289 0.34943289
    outer loop
        vertex 40.662533 -5.2229915 -4.5
        vertex 40.662533 -14.222992 4.5
        vertex 41.385784 -12.423594 4.5
    endloop
endfacet
facet normal 0 0 -1
    outer loop
        vertex 39.509113 3.7820134 -4.5
        vertex 38 5 -4.5
        vertex 42.17454 6.9419827 -4.5
    endloop
endfacet
facet normal 0 0 -1
    outer loop
        vertex 39.509113 3.7820134 -4.5
        vertex 42.17454 6.9419827 -4.5
        vertex 40.662533 2.2229915 -4.5
    endloop
endfacet
facet normal 0 0 -1
    outer loop
        vertex 42.17454 6.9419827 -4.5
        vertex 41.385784 0.42359442 -4.5
        vertex 40.662533 2.2229915 -4.5
    endloop
endfacet
facet normal 0 0 -1
    outer loop
        vertex 46.42997 8.69966 -4.5
        vertex 41.385784 0.42359442 -4.5
        vertex 42.17454 6.9419827 -4.5
    endloop
endfacet
facet normal 0 0 -1
    outer loop
        vertex 41.63217 -1.5 -4.5
        vertex 41.385784 0.42359442 -4.5
        vertex 46.42997 8.69966 -4.5
    endloop
endfacet
facet normal 0 0 -1
    outer loop
        vertex 41.63217 -1.5 -4.5
        vertex 46.42997 8.69966 -4.5
        vertex 50.75815 10.269674 -4.5
    endloop
endfacet
facet normal 0 0 -1
    outer loop
        vertex 54.918396 -14.87377 -4.5
        vertex 50.583282 -13.425939 -4.5
        vertex 55.150814 11.649027 -4.5
    endloop
endfacet
facet normal 0 0 -1
    outer loop
        vertex 41.63217 -1.5 -4.5
        vertex 50.75815 10.269674 -4.5
        vertex 50.583282 -13.425939 -4.5
    endloop
endfacet
facet normal 0 0 -0.99999994
    outer loop
        vertex 54.918396 -14.87377 -4.5
        vertex 55.150814 11.649027 -4.5
        vertex 59.599564 12.83508 -4.5
    endloop
endfacet
facet normal 0 0 -1
    outer loop
        vertex 63.75312 -17.212118 -4.5
        vertex 59.599564 12.83508 -4.5
        vertex 64.0959 13.825568 -4.5
    endloop
endfacet
facet normal 0 0 -1
    outer loop
        vertex 63.75312 -17.212118 -4.5
        vertex 64.0959 13.825568 -4.5
        vertex 68.23685 -18.098434 -4.5
    endloop
endfacet
facet normal 0 0 -1
    outer loop
        vertex 68.23685 -18.098434 -4.5
        vertex 64.0959 13.825568 -4.5
        vertex 68.631226 14.618598 -4.5
    endloop
endfacet
facet normal 0 0 -1
    outer loop
        vertex 72.75412 -18.793941 -4.5
        vertex 68.631226 14.618598 -4.5
        vertex 73.196884 15.212654 -4.5
    endloop
endfacet
facet normal 0 0 -0.99999994
    outer loop
        vertex 82.384224 15.799686 -4.5
        vertex 81.85674 -19.607874 -4.5
        vertex 77.784134 15.606601 -4.5
    endloop
endfacet
facet normal 0 0 -1
    outer loop
        vertex 72.75412 -18.793941 -4.5
        vertex 73.196884 15.212654 -4.5
        vertex 77.2968 -19.297388 -4.5
    endloop
endfacet
facet normal 0 0 -0.99999994
    outer loop
        vertex 86.98835 15.791541 -4.5
        vertex 91.58773 15.58218 -4.5
        vertex 90.9956 -19.64807 -4.5
    endloop
endfacet
facet normal -0 0 -0.99999994
    outer loop
        vertex 110.41356 -4.3699923 -4.5
        vertex 95.55808 -19.377708 -4.5
        vertex 96.17356 15.172004 -4.5
    endloop
endfacet
facet normal 0 0 -1
    outer loop
        vertex 96.17356 15.172004 -4.5
        vertex 100.73709 14.561796 -4.5
        vertex 110.5 -0 -4.5
    endloop
endfacet
facet normal -0 0 -1
    outer loop
        vertex 100.10503 -18.914242 -4.5
        vertex 95.55808 -19.377708 -4.5
        vertex 110.41356 -4.3699923 -4.5
    endloop
endfacet
facet normal 0 0 -1
    outer loop
        vertex 109.72281 -13.082638 -4.5
        vertex 109.11958 -17.411661 -4.5
        vertex 104.628235 -18.2585 -4.5
    endloop
endfacet
facet normal 0 0 -1
    outer loop
        vertex 104.628235 -18.2585 -4.5
        vertex 110.15435 -8.733147 -4.5
        vertex 109.72281 -13.082638 -4.5
    endloop
endfacet
facet normal 0 0 -1
    outer loop
        vertex 100.10503 -18.914242 -4.5
        vertex 110.15435 -8.733147 -4.5
        vertex 104.628235 -18.2585 -4.5
    endloop
endfacet
facet normal 0 0 -1
    outer loop
        vertex 110.41356 -4.3699923 -4.5
        vertex 110.15435 -8.733147 -4.5
        vertex 100.10503 -18.914242 -4.5
    endloop
endfacet
facet normal -0 0 -0.99999994
    outer loop
        vertex 110.5 -0 -4.5
        vertex 110.41356 -4.3699923 -4.5
        vertex 96.17356 15.172004 -4.5
    endloop
endfacet
facet normal -0 -0 -1
    outer loop
        vertex 110.315445 6.3838267 -4.5
        vertex 110.5 -0 -4.5
        vertex 100.73709 14.561796 -4.5
    endloop
endfacet
facet normal 0 0 -1
    outer loop
        vertex 110.315445 6.3838267 -4.5
        vertex 100.73709 14.561796 -4.5
        vertex 105.269585 13.752724 -4.5
    endloop
endfacet
facet normal 0 0 -1
    outer loop
        vertex 105.269585 13.752724 -4.5
        vertex 109.762375 12.74633 -4.5
        vertex 110.315445 6.3838267 -4.5
    endloop
endfacet
facet normal 0 0 -1
    outer loop
        vertex 91.58773 15.58218 -4.5
        vertex 96.17356 15.172004 -4.5
        vertex 95.55808 -19.377708 -4.5
    endloop
endfacet
facet normal 0 -0 -1
    outer loop
        vertex 91.58773 15.58218 -4.5
        vertex 95.55808 -19.377708 -4.5
        vertex 90.9956 -19.64807 -4.5
    endloop
endfacet
facet normal 0 0 -0.99999994
    outer loop
        vertex 82.384224 15.799686 -4.5
        vertex 86.98835 15.791541 -4.5
        vertex 86.42574 -19.724836 -4.5
    endloop
endfacet
facet normal 0 0 -1
    outer loop
        vertex 73.196884 15.212654 -4.5
        vertex 77.784134 15.606601 -4.5
        vertex 77.2968 -19.297388 -4.5
    endloop
endfacet
facet normal 0 -0 -0.99999994
    outer loop
        vertex 77.784134 15.606601 -4.5
        vertex 81.85674 -19.607874 -4.5
        vertex 77.2968 -19.297388 -4.5
    endloop
endfacet
facet normal 0 -0 -1
    outer loop
        vertex 59.599564 12.83508 -4.5
        vertex 63.75312 -17.212118 -4.5
        vertex 59.310974 -16.136587 -4.5
    endloop
endfacet
facet normal 0 0 -1
    outer loop
        vertex 42.116478 -9.985965 -4.5
        vertex 38 -8 -4.5
        vertex 39.509113 -6.7820134 -4.5
    endloop
endfacet
facet normal 0 0 -1
    outer loop
        vertex 40.662533 -5.2229915 -4.5
        vertex 41.385784 -3.4235945 -4.5
        vertex 42.116478 -9.985965 -4.5
    endloop
endfacet
facet normal 0 -0 -0.99999994
    outer loop
        vertex 40.662533 -5.2229915 -4.5
        vertex 42.116478 -9.985965 -4.5
        vertex 39.509113 -6.7820134 -4.5
    endloop
endfacet
facet normal 0 0 -0.99999994
    outer loop
        vertex 41.385784 -3.4235945 -4.5
        vertex 46.313416 -11.795694 -4.5
        vertex 42.116478 -9.985965 -4.5
    endloop
endfacet
facet normal 0 0 -0.99999994
    outer loop
        vertex 54.918396 -14.87377 -4.5
        vertex 59.599564 12.83508 -4.5
        vertex 59.310974 -16.136587 -4.5
    endloop
endfacet
facet normal 0 0 -1
    outer loop
        vertex 50.583282 -13.425939 -4.5
        vertex 46.313416 -11.795694 -4.5
        vertex 41.63217 -1.5 -4.5
    endloop
endfacet
facet normal 0 0 -1
    outer loop
        vertex 68.23685 -18.098434 -4.5
        vertex 68.631226 14.618598 -4.5
        vertex 72.75412 -18.793941 -4.5
    endloop
endfacet
facet normal 0 0 -1
    outer loop
        vertex 46.313416 -11.795694 -4.5
        vertex 41.385784 -3.4235945 -4.5
        vertex 41.63217 -1.5 -4.5
    endloop
endfacet
facet normal 0 -0 -1
    outer loop
        vertex 82.384224 15.799686 -4.5
        vertex 86.42574 -19.724836 -4.5
        vertex 81.85674 -19.607874 -4.5
    endloop
endfacet
facet normal 0 -0 -1
    outer loop
        vertex 86.98835 15.791541 -4.5
        vertex 90.9956 -19.64807 -4.5
        vertex 86.42574 -19.724836 -4.5
    endloop
endfacet
facet normal 0 -0 -1
    outer loop
        vertex 50.75815 10.269674 -4.5
        vertex 55.150814 11.649027 -4.5
        vertex 50.583282 -13.425939 -4.5
    endloop
endfacet
facet normal 0 -0 1
    outer loop
        vertex 39.509113 -5.2179866 4.5
        vertex 42.127213 -1.8155735 4.5
        vertex 38 -4 4.5
    endloop
endfacet
facet normal -0 0 1
    outer loop
        vertex 39.509113 -5.2179866 4.5
        vertex 40.662533 -6.7770085 4.5
        vertex 42.127213 -1.8155735 4.5
    endloop
endfacet
facet normal 0 0 1
    outer loop
        vertex 42.127213 -1.8155735 4.5
        vertex 40.662533 -6.7770085 4.5
        vertex 41.385784 -8.576406 4.5
    endloop
endfacet
facet normal 0 0 1
    outer loop
        vertex 46.350006 0.17780277 4.5
        vertex 42.127213 -1.8155735 4.5
        vertex 41.385784 -8.576406 4.5
    endloop
endfacet
facet normal 0 -0 1
    outer loop
        vertex 41.63217 -10.5 4.5
        vertex 46.350006 0.17780277 4.5
        vertex 41.385784 -8.576406 4.5
    endloop
endfacet
facet normal 0 0 1
    outer loop
        vertex 41.63217 -10.5 4.5
        vertex 50.659557 1.9759582 4.5
        vertex 46.350006 0.17780277 4.5
    endloop
endfacet
facet normal 0 -0 1
    outer loop
        vertex 54.56441 -23.52183 4.5
        vertex 55.046837 3.5751295 4.5
        vertex 50.659557 1.9759582 4.5
    endloop
endfacet
facet normal -0 0 1
    outer loop
        vertex 41.63217 -10.5 4.5
        vertex 50.325626 -22.149878 4.5
        vertex 50.659557 1.9759582 4.5
    endloop
endfacet
facet normal 0 0 1
    outer loop
        vertex 63.194 -25.734184 4.5
        vertex 59.502666 4.9719696 4.5
        vertex 58.85632 -24.71728 4.5
    endloop
endfacet
facet normal 0 -0 1
    outer loop
        vertex 63.194 -25.734184 4.5
        vertex 64.01772 6.163555 4.5
        vertex 59.502666 4.9719696 4.5
    endloop
endfacet
facet normal -0 0 1
    outer loop
        vertex 63.194 -25.734184 4.5
        vertex 67.57003 -26.570803 4.5
        vertex 64.01772 6.163555 4.5
    endloop
endfacet
facet normal 0 0 1
    outer loop
        vertex 71.97692 -27.225702 4.5
        vertex 68.58254 7.1473927 4.5
        vertex 67.57003 -26.570803 4.5
    endloop
endfacet
facet normal 0 -0 1
    outer loop
        vertex 71.97692 -27.225702 4.5
        vertex 73.18759 7.921423 4.5
        vertex 68.58254 7.1473927 4.5
    endloop
endfacet
facet normal 0 0 1
    outer loop
        vertex 82.47973 8.834023 4.5
        vertex 77.82322 8.484026 4.5
        vertex 80.853065 -27.986177 4.5
    endloop
endfacet
facet normal -0 0 1
    outer loop
        vertex 71.97692 -27.225702 4.5
        vertex 76.40713 -27.697763 4.5
        vertex 73.18759 7.921423 4.5
    endloop
endfacet
facet normal 0 0 1
    outer loop
        vertex 85.30713 -28.09045 4.5
        vertex 82.47973 8.834023 4.5
        vertex 80.853065 -27.986177 4.5
    endloop
endfacet
facet normal 0 0 1
    outer loop
        vertex 91.81638 8.893721 4.5
        vertex 89.761696 -28.010406 4.5
        vertex 94.209145 -27.746178 4.5
    endloop
endfacet
facet normal 0 0 1
    outer loop
        vertex 110.311035 6.45955 4.5
        vertex 105.734 7.384935 4.5
        vertex 110.5 -0 4.5
    endloop
endfacet
facet normal 0 0 0.99999994
    outer loop
        vertex 110.5 -0 4.5
        vertex 101.11943 8.100016 4.5
        vertex 110.40373 -3.2601564 4.5
    endloop
endfacet
facet normal 0 0 1
    outer loop
        vertex 110.40373 -3.2601564 4.5
        vertex 96.47699 8.603295 4.5
        vertex 110.307465 -6.520313 4.5
    endloop
endfacet
facet normal 0 0 1
    outer loop
        vertex 94.209145 -27.746178 4.5
        vertex 109.73051 -13.017903 4.5
        vertex 110.01898 -9.769108 4.5
    endloop
endfacet
facet normal 0 -0 1
    outer loop
        vertex 108.77116 -19.470127 4.5
        vertex 109.25083 -16.244015 4.5
        vertex 98.64185 -27.29822 4.5
    endloop
endfacet
facet normal 0 -0 1
    outer loop
        vertex 108.10195 -22.662313 4.5
        vertex 108.77116 -19.470127 4.5
        vertex 103.05224 -26.6673 4.5
    endloop
endfacet
facet normal 0 -0 1
    outer loop
        vertex 107.76735 -24.258408 4.5
        vertex 108.10195 -22.662313 4.5
        vertex 103.05224 -26.6673 4.5
    endloop
endfacet
facet normal 0 0 1
    outer loop
        vertex 107.60005 -25.056454 4.5
        vertex 103.05224 -26.6673 4.5
        vertex 107.432755 -25.8545 4.5
    endloop
endfacet
facet normal 0 0 1
    outer loop
        vertex 103.05224 -26.6673 4.5
        vertex 107.60005 -25.056454 4.5
        vertex 107.76735 -24.258408 4.5
    endloop
endfacet
facet normal 0 0 1
    outer loop
        vertex 98.64185 -27.29822 4.5
        vertex 103.05224 -26.6673 4.5
        vertex 108.77116 -19.470127 4.5
    endloop
endfacet
facet normal 0 0 1
    outer loop
        vertex 94.209145 -27.746178 4.5
        vertex 98.64185 -27.29822 4.5
        vertex 109.25083 -16.244015 4.5
    endloop
endfacet
facet normal 0 0 1
    outer loop
        vertex 109.73051 -13.017903 4.5
        vertex 94.209145 -27.746178 4.5
        vertex 109.25083 -16.244015 4.5
    endloop
endfacet
facet normal 0 0 1
    outer loop
        vertex 110.01898 -9.769108 4.5
        vertex 96.47699 8.603295 4.5
        vertex 91.81638 8.893721 4.5
    endloop
endfacet
facet normal 0 0 1
    outer loop
        vertex 96.47699 8.603295 4.5
        vertex 110.40373 -3.2601564 4.5
        vertex 101.11943 8.100016 4.5
    endloop
endfacet
facet normal 0 -0 1
    outer loop
        vertex 110.01898 -9.769108 4.5
        vertex 110.307465 -6.520313 4.5
        vertex 96.47699 8.603295 4.5
    endloop
endfacet
facet normal 0 0 1
    outer loop
        vertex 110.5 -0 4.5
        vertex 105.734 7.384935 4.5
        vertex 101.11943 8.100016 4.5
    endloop
endfacet
facet normal 0 0 1
    outer loop
        vertex 110.01898 -9.769108 4.5
        vertex 91.81638 8.893721 4.5
        vertex 94.209145 -27.746178 4.5
    endloop
endfacet
facet normal -0 0 1
    outer loop
        vertex 82.47973 8.834023 4.5
        vertex 85.30713 -28.09045 4.5
        vertex 87.14737 8.970683 4.5
    endloop
endfacet
facet normal -0 0 1
    outer loop
        vertex 76.40713 -27.697763 4.5
        vertex 80.853065 -27.986177 4.5
        vertex 77.82322 8.484026 4.5
    endloop
endfacet
facet normal -0 0 1
    outer loop
        vertex 73.18759 7.921423 4.5
        vertex 76.40713 -27.697763 4.5
        vertex 77.82322 8.484026 4.5
    endloop
endfacet
facet normal 0 0 1
    outer loop
        vertex 55.046837 3.5751295 4.5
        vertex 54.56441 -23.52183 4.5
        vertex 58.85632 -24.71728 4.5
    endloop
endfacet
facet normal 0 0 1
    outer loop
        vertex 42.036324 -18.88617 4.5
        vertex 39.509113 -15.782014 4.5
        vertex 38 -17 4.5
    endloop
endfacet
facet normal -0 0 1
    outer loop
        vertex 40.662533 -14.222992 4.5
        vertex 42.036324 -18.88617 4.5
        vertex 41.385784 -12.423594 4.5
    endloop
endfacet
facet normal 0 0 1
    outer loop
        vertex 40.662533 -14.222992 4.5
        vertex 39.509113 -15.782014 4.5
        vertex 42.036324 -18.88617 4.5
    endloop
endfacet
facet normal 0 0 1
    outer loop
        vertex 41.385784 -12.423594 4.5
        vertex 42.036324 -18.88617 4.5
        vertex 46.147213 -20.603775 4.5
    endloop
endfacet
facet normal -0 0 1
    outer loop
        vertex 55.046837 3.5751295 4.5
        vertex 58.85632 -24.71728 4.5
        vertex 59.502666 4.9719696 4.5
    endloop
endfacet
facet normal 0 0 1
    outer loop
        vertex 50.325626 -22.149878 4.5
        vertex 41.63217 -10.5 4.5
        vertex 46.147213 -20.603775 4.5
    endloop
endfacet
facet normal 0 -0 1
    outer loop
        vertex 67.57003 -26.570803 4.5
        vertex 68.58254 7.1473927 4.5
        vertex 64.01772 6.163555 4.5
    endloop
endfacet
facet normal 0 0 0.99999994
    outer loop
        vertex 46.147213 -20.603775 4.5
        vertex 41.63217 -10.5 4.5
        vertex 41.385784 -12.423594 4.5
    endloop
endfacet
facet normal 0 0 1
    outer loop
        vertex 87.14737 8.970683 4.5
        vertex 85.30713 -28.09045 4.5
        vertex 89.761696 -28.010406 4.5
    endloop
endfacet
facet normal 0 0 1
    outer loop
        vertex 91.81638 8.893721 4.5
        vertex 87.14737 8.970683 4.5
        vertex 89.761696 -28.010406 4.5
    endloop
endfacet
facet normal 0 0 1
    outer loop
        vertex 50.659557 1.9759582 4.5
        vertex 50.325626 -22.149878 4.5
        vertex 54.56441 -23.52183 4.5
    endloop
endfacet
facet normal 0.140797 -0.73452502 -0.66381419
    outer loop
        vertex 104.628235 -18.2585 -4.5
        vertex 107.471 -25.695019 4.331643
        vertex 107.432755 -25.8545 4.5
    endloop
endfacet
facet normal 0.13860753 -0.73512346 -0.66361243
    outer loop
        vertex 104.628235 -18.2585 -4.5
        vertex 107.88315 -23.624178 2.1237326
        vertex 107.471 -25.695019 4.331643
    endloop
endfacet
facet normal 0.13860665 -0.73512375 -0.66361237
    outer loop
        vertex 109.11958 -17.411661 -4.5
        vertex 108.295296 -21.553339 -0.08417832
        vertex 104.628235 -18.2585 -4.5
    endloop
endfacet
facet normal 0.13650277 -0.73567069 -0.66344225
    outer loop
        vertex 104.628235 -18.2585 -4.5
        vertex 107.432755 -25.8545 4.5
        vertex 103.05224 -26.6673 4.5
    endloop
endfacet
facet normal 0.10666806 -0.73577935 -0.66876805
    outer loop
        vertex 100.10503 -18.914242 -4.5
        vertex 104.628235 -18.2585 -4.5
        vertex 103.05224 -26.6673 4.5
    endloop
endfacet
facet normal 0.07498892 -0.73569566 -0.67314827
    outer loop
        vertex 95.55808 -19.377708 -4.5
        vertex 100.10503 -18.914242 -4.5
        vertex 98.64185 -27.29822 4.5
    endloop
endfacet
facet normal 0.07436205 -0.73583978 -0.6730603
    outer loop
        vertex 94.209145 -27.746178 4.5
        vertex 95.55808 -19.377708 -4.5
        vertex 98.64185 -27.29822 4.5
    endloop
endfacet
facet normal 0.04365912 -0.73486185 -0.6768102
    outer loop
        vertex 89.761696 -28.010406 4.5
        vertex 90.9956 -19.64807 -4.5
        vertex 94.209145 -27.746178 4.5
    endloop
endfacet
facet normal 0.01231954 -0.73336869 -0.67971945
    outer loop
        vertex 89.761696 -28.010406 4.5
        vertex 86.42574 -19.724836 -4.5
        vertex 90.9956 -19.64807 -4.5
    endloop
endfacet
facet normal -0.018717 -0.73116022 -0.68194908
    outer loop
        vertex 85.30713 -28.09045 4.5
        vertex 81.85674 -19.607874 -4.5
        vertex 86.42574 -19.724836 -4.5
    endloop
endfacet
facet normal -0.01711032 -0.73087537 -0.68229651
    outer loop
        vertex 85.30713 -28.09045 4.5
        vertex 80.853065 -27.986177 4.5
        vertex 81.85674 -19.607874 -4.5
    endloop
endfacet
facet normal -0.04721934 -0.72789204 -0.68406397
    outer loop
        vertex 80.853065 -27.986177 4.5
        vertex 76.40713 -27.697763 4.5
        vertex 77.2968 -19.297388 -4.5
    endloop
endfacet
facet normal -0.07717352 -0.7242592 -0.68519551
    outer loop
        vertex 76.40713 -27.697763 4.5
        vertex 71.97692 -27.225702 4.5
        vertex 72.75412 -18.793941 -4.5
    endloop
endfacet
facet normal -0.11092772 -0.72046828 -0.68455875
    outer loop
        vertex 72.75412 -18.793941 -4.5
        vertex 71.97692 -27.225702 4.5
        vertex 68.23685 -18.098434 -4.5
    endloop
endfacet
facet normal -0.14144677 -0.71555561 -0.68408555
    outer loop
        vertex 68.23685 -18.098434 -4.5
        vertex 67.57003 -26.570803 4.5
        vertex 63.75312 -17.212118 -4.5
    endloop
endfacet
facet normal -0.13670537 -0.71505278 -0.68557352
    outer loop
        vertex 63.75312 -17.212118 -4.5
        vertex 67.57003 -26.570803 4.5
        vertex 63.194 -25.734184 4.5
    endloop
endfacet
facet normal -0.16632578 -0.70947444 -0.68482256
    outer loop
        vertex 59.310974 -16.136587 -4.5
        vertex 63.194 -25.734184 4.5
        vertex 58.85632 -24.71728 4.5
    endloop
endfacet
facet normal -0.20229928 -0.70367688 -0.68111229
    outer loop
        vertex 54.918396 -14.87377 -4.5
        vertex 59.310974 -16.136587 -4.5
        vertex 58.85632 -24.71728 4.5
    endloop
endfacet
facet normal -0.3137458 -0.67140281 -0.67140281
    outer loop
        vertex 42.036324 -18.88617 4.5
        vertex 38 -17 4.5
        vertex 38 -8 -4.5
    endloop
endfacet
facet normal -0.3238517 -0.67127496 -0.6667158
    outer loop
        vertex 42.116478 -9.985965 -4.5
        vertex 42.036324 -18.88617 4.5
        vertex 38 -8 -4.5
    endloop
endfacet
facet normal -0.28429657 -0.68043077 -0.67541784
    outer loop
        vertex 42.116478 -9.985965 -4.5
        vertex 46.147213 -20.603775 4.5
        vertex 42.036324 -18.88617 4.5
    endloop
endfacet
facet normal -0.29343742 -0.68050969 -0.67141712
    outer loop
        vertex 42.116478 -9.985965 -4.5
        vertex 46.313416 -11.795694 -4.5
        vertex 46.147213 -20.603775 4.5
    endloop
endfacet
facet normal -0.25484538 -0.68873143 -0.67875087
    outer loop
        vertex 46.147213 -20.603775 4.5
        vertex 46.313416 -11.795694 -4.5
        vertex 50.325626 -22.149878 4.5
    endloop
endfacet
facet normal -0.26305073 -0.68897116 -0.67536873
    outer loop
        vertex 50.325626 -22.149878 4.5
        vertex 46.313416 -11.795694 -4.5
        vertex 50.583282 -13.425939 -4.5
    endloop
endfacet
facet normal -0.22537762 -0.69632697 -0.68142039
    outer loop
        vertex 54.56441 -23.52183 4.5
        vertex 50.325626 -22.149878 4.5
        vertex 50.583282 -13.425939 -4.5
    endloop
endfacet
facet normal -0.23267755 -0.69668591 -0.67859399
    outer loop
        vertex 54.918396 -14.87377 -4.5
        vertex 54.56441 -23.52183 4.5
        vertex 50.583282 -13.425939 -4.5
    endloop
endfacet
facet normal -0.19587643 -0.70323628 -0.68344069
    outer loop
        vertex 54.918396 -14.87377 -4.5
        vertex 58.85632 -24.71728 4.5
        vertex 54.56441 -23.52183 4.5
    endloop
endfacet
facet normal -0.17189574 -0.70996189 -0.68293923
    outer loop
        vertex 63.75312 -17.212118 -4.5
        vertex 63.194 -25.734184 4.5
        vertex 59.310974 -16.136587 -4.5
    endloop
endfacet
facet normal -0.1069948 -0.7199797 -0.68569767
    outer loop
        vertex 71.97692 -27.225702 4.5
        vertex 67.57003 -26.570803 4.5
        vertex 68.23685 -18.098434 -4.5
    endloop
endfacet
facet normal -0.08031622 -0.7247057 -0.68436164
    outer loop
        vertex 76.40713 -27.697763 4.5
        vertex 72.75412 -18.793941 -4.5
        vertex 77.2968 -19.297388 -4.5
    endloop
endfacet
facet normal -0.04958781 -0.72827041 -0.68349338
    outer loop
        vertex 80.853065 -27.986177 4.5
        vertex 77.2968 -19.297388 -4.5
        vertex 81.85674 -19.607874 -4.5
    endloop
endfacet
facet normal 0.01317486 -0.7332021 -0.67988312
    outer loop
        vertex 85.30713 -28.09045 4.5
        vertex 86.42574 -19.724836 -4.5
        vertex 89.761696 -28.010406 4.5
    endloop
endfacet
facet normal 0.0435474 -0.73488557 -0.67679155
    outer loop
        vertex 90.9956 -19.64807 -4.5
        vertex 95.55808 -19.377708 -4.5
        vertex 94.209145 -27.746178 4.5
    endloop
endfacet
facet normal 0.10530403 -0.73611718 -0.66861242
    outer loop
        vertex 100.10503 -18.914242 -4.5
        vertex 103.05224 -26.6673 4.5
        vertex 98.64185 -27.29822 4.5
    endloop
endfacet
facet normal 0.13860631 -0.73512381 -0.66361225
    outer loop
        vertex 104.628235 -18.2585 -4.5
        vertex 108.295296 -21.553339 -0.08417832
        vertex 107.88315 -23.624178 2.1237326
    endloop
endfacet
facet normal -0.73538357 -0.08961245 0.67169976
    outer loop
        vertex 6.430428 42.25556 -4.5
        vertex 6.98736 37.68523 -4.5
        vertex 15.54687 34.904083 4.5
    endloop
endfacet
facet normal -0.74203557 -0.05765364 0.66787666
    outer loop
        vertex 6.073777 46.845863 -4.5
        vertex 6.430428 42.25556 -4.5
        vertex 14.744733 39.504314 4.5
    endloop
endfacet
facet normal -0.75489265 -0.09629827 0.64874023
    outer loop
        vertex 14.153835 44.136425 4.5
        vertex 6.073777 46.845863 -4.5
        vertex 14.744733 39.504314 4.5
    endloop
endfacet
facet normal -0.76084197 -0.06186145 0.64598203
    outer loop
        vertex 13.775412 48.790707 4.5
        vertex 5.9180856 51.447372 -4.5
        vertex 14.153835 44.136425 4.5
    endloop
endfacet
facet normal -0.75219864 0.00744471 0.6588943
    outer loop
        vertex 13.775412 48.790707 4.5
        vertex 5.9636517 56.051285 -4.5
        vertex 5.9180856 51.447372 -4.5
    endloop
endfacet
facet normal -0.7556569 0.04055398 0.65371096
    outer loop
        vertex 13.610254 53.45743 4.5
        vertex 6.210387 60.64881 -4.5
        vertex 5.9636517 56.051285 -4.5
    endloop
endfacet
facet normal -0.76926816 0.00798238 0.6388762
    outer loop
        vertex 13.610254 53.45743 4.5
        vertex 13.658707 58.126823 4.5
        vertex 6.210387 60.64881 -4.5
    endloop
endfacet
facet normal -0.77169651 0.04335979 0.63451123
    outer loop
        vertex 13.658707 58.126823 4.5
        vertex 13.92067 62.789112 4.5
        vertex 6.657821 65.231155 -4.5
    endloop
endfacet
facet normal -0.75917786 0.10780044 0.64189416
    outer loop
        vertex 6.657821 65.231155 -4.5
        vertex 13.92067 62.789112 4.5
        vertex 7.3050985 69.789566 -4.5
    endloop
endfacet
facet normal -0.759175 0.14189275 0.63523203
    outer loop
        vertex 7.3050985 69.789566 -4.5
        vertex 14.395594 67.43454 4.5
        vertex 8.150983 74.31534 -4.5
    endloop
endfacet
facet normal -0.77284241 0.11493297 0.62410343
    outer loop
        vertex 8.150983 74.31534 -4.5
        vertex 14.395594 67.43454 4.5
        vertex 15.082485 72.0534 4.5
    endloop
endfacet
facet normal -0.77149546 0.1510838 0.61803603
    outer loop
        vertex 9.193856 78.79981 -4.5
        vertex 15.082485 72.0534 4.5
        vertex 15.979906 76.635994 4.5
    endloop
endfacet
facet normal -0.75546461 0.21087946 0.62032503
    outer loop
        vertex 10.431727 83.23442 -4.5
        vertex 9.193856 78.79981 -4.5
        vertex 15.979906 76.635994 4.5
    endloop
endfacet
facet normal -0.75168085 0.24570695 0.6120491
    outer loop
        vertex 11.862229 87.610695 -4.5
        vertex 10.431727 83.23442 -4.5
        vertex 17.085981 81.17275 4.5
    endloop
endfacet
facet normal -0.76478338 0.22397089 0.60410559
    outer loop
        vertex 18.39839 85.654175 4.5
        vertex 11.862229 87.610695 -4.5
        vertex 17.085981 81.17275 4.5
    endloop
endfacet
facet normal -0.75934064 0.26063767 0.59621286
    outer loop
        vertex 19.91439 90.070885 4.5
        vertex 13.48263 91.920265 -4.5
        vertex 18.39839 85.654175 4.5
    endloop
endfacet
facet normal -0.72269529 0.40771753 0.55810213
    outer loop
        vertex 24.870275 107.6186 0
        vertex 21.79596 108.329056 -4.5
        vertex 25.650112 102.84109 4.5
    endloop
endfacet
facet normal -0.72269529 0.40771753 0.55810213
    outer loop
        vertex 25.650112 102.84109 4.5
        vertex 27.944592 106.90814 4.5
        vertex 24.870275 107.6186 0
    endloop
endfacet
facet normal -0.71186334 0.42142996 0.56182498
    outer loop
        vertex 19.450468 104.36714 -4.5
        vertex 25.650112 102.84109 4.5
        vertex 21.79596 108.329056 -4.5
    endloop
endfacet
facet normal -0.73417288 0.37099537 0.56864107
    outer loop
        vertex 19.450468 104.36714 -4.5
        vertex 23.544048 98.67334 4.5
        vertex 25.650112 102.84109 4.5
    endloop
endfacet
facet normal -0.72275001 0.38625267 0.57309794
    outer loop
        vertex 19.450468 104.36714 -4.5
        vertex 17.280378 100.3065 -4.5
        vertex 23.544048 98.67334 4.5
    endloop
endfacet
facet normal -0.74407768 0.33420181 0.57849592
    outer loop
        vertex 23.544048 98.67334 4.5
        vertex 17.280378 100.3065 -4.5
        vertex 21.630806 94.413635 4.5
    endloop
endfacet
facet normal -0.7321341 0.35103264 0.5837428
    outer loop
        vertex 21.630806 94.413635 4.5
        vertex 17.280378 100.3065 -4.5
        vertex 15.28983 96.1549 -4.5
    endloop
endfacet
facet normal -0.75245297 0.2973972 0.58768141
    outer loop
        vertex 19.91439 90.070885 4.5
        vertex 21.630806 94.413635 4.5
        vertex 15.28983 96.1549 -4.5
    endloop
endfacet
facet normal -0.74005663 0.31583145 0.59377331
    outer loop
        vertex 13.48263 91.920265 -4.5
        vertex 19.91439 90.070885 4.5
        vertex 15.28983 96.1549 -4.5
    endloop
endfacet
facet normal -0.74655837 0.28070629 0.60320359
    outer loop
        vertex 11.862229 87.610695 -4.5
        vertex 18.39839 85.654175 4.5
        vertex 13.48263 91.920265 -4.5
    endloop
endfacet
facet normal -0.76882154 0.18744099 0.61137497
    outer loop
        vertex 15.979906 76.635994 4.5
        vertex 17.085981 81.17275 4.5
        vertex 10.431727 83.23442 -4.5
    endloop
endfacet
facet normal -0.75794983 0.17626274 0.62804747
    outer loop
        vertex 15.082485 72.0534 4.5
        vertex 9.193856 78.79981 -4.5
        vertex 8.150983 74.31534 -4.5
    endloop
endfacet
facet normal -0.7728982 0.07901704 0.62959087
    outer loop
        vertex 14.395594 67.43454 4.5
        vertex 7.3050985 69.789566 -4.5
        vertex 13.92067 62.789112 4.5
    endloop
endfacet
facet normal -0.75799388 0.07401282 0.64804888
    outer loop
        vertex 6.657821 65.231155 -4.5
        vertex 6.210387 60.64881 -4.5
        vertex 13.658707 58.126823 4.5
    endloop
endfacet
facet normal -0.76564121 -0.02709629 0.6426968
    outer loop
        vertex 5.9636517 56.051285 -4.5
        vertex 13.775412 48.790707 4.5
        vertex 13.610254 53.45743 4.5
    endloop
endfacet
facet normal -0.74781352 -0.13039544 0.65097767
    outer loop
        vertex 14.744733 39.504314 4.5
        vertex 6.430428 42.25556 -4.5
        vertex 15.54687 34.904083 4.5
    endloop
endfacet
facet normal -0.74764907 -0.02529664 0.66361207
    outer loop
        vertex 6.073777 46.845863 -4.5
        vertex 14.153835 44.136425 4.5
        vertex 5.9180856 51.447372 -4.5
    endloop
endfacet
facet normal -0.73724359 -0.28162339 0.61413366
    outer loop
        vertex 18.659067 35.47964 -4.5
        vertex 19.3511 33.66801 -4.5
        vertex 27.218573 32.69849 4.5
    endloop
endfacet
facet normal -0.69967049 -0.4991577 0.51117784
    outer loop
        vertex 26.09228 34.277218 4.5
        vertex 18.659067 35.47964 -4.5
        vertex 27.218573 32.69849 4.5
    endloop
endfacet
facet normal -0.42393529 -0.89688027 0.12603459
    outer loop
        vertex 14.291631 39.131023 -4.5
        vertex 16.04494 38.302273 -4.5
        vertex 22.85114 36.349865 4.5
    endloop
endfacet
facet normal -0.60097826 -0.71883428 0.34943175
    outer loop
        vertex 24.604448 35.521114 4.5
        vertex 16.04494 38.302273 -4.5
        vertex 17.532774 37.058376 -4.5
    endloop
endfacet
facet normal -0.69967121 -0.49915582 0.51117873
    outer loop
        vertex 18.659067 35.47964 -4.5
        vertex 26.09228 34.277218 4.5
        vertex 17.532774 37.058376 -4.5
    endloop
endfacet
facet normal -0.18420206 -0.97477406 -0.12603576
    outer loop
        vertex 22.85114 36.349865 4.5
        vertex 20.945557 36.70996 4.5
        vertex 14.291631 39.131023 -4.5
    endloop
endfacet
facet normal -0.18420179 -0.97477412 -0.12603599
    outer loop
        vertex 14.291631 39.131023 -4.5
        vertex 20.945557 36.70996 4.5
        vertex 12.386045 39.49112 -4.5
    endloop
endfacet
facet normal 0.06368255 -0.93479431 -0.34943405
    outer loop
        vertex 20.945557 36.70996 4.5
        vertex 19.010733 36.57815 4.5
        vertex 10.451219 39.359314 -4.5
    endloop
endfacet
facet normal 0.4309085 -0.66117918 -0.6141336
    outer loop
        vertex 17.171587 35.962955 4.5
        vertex 15.54687 34.904083 4.5
        vertex 6.98736 37.68523 -4.5
    endloop
endfacet
facet normal 0.4309105 -0.66117632 -0.61413527
    outer loop
        vertex 8.612074 38.74411 -4.5
        vertex 17.171587 35.962955 4.5
        vertex 6.98736 37.68523 -4.5
    endloop
endfacet
facet normal 0.2726464 -0.81508398 -0.51117724
    outer loop
        vertex 8.612074 38.74411 -4.5
        vertex 19.010733 36.57815 4.5
        vertex 17.171587 35.962955 4.5
    endloop
endfacet
facet normal 0.27264911 -0.81508136 -0.51117969
    outer loop
        vertex 8.612074 38.74411 -4.5
        vertex 10.451219 39.359314 -4.5
        vertex 19.010733 36.57815 4.5
    endloop
endfacet
facet normal 0.06368067 -0.93479514 -0.34943211
    outer loop
        vertex 10.451219 39.359314 -4.5
        vertex 12.386045 39.49112 -4.5
        vertex 20.945557 36.70996 4.5
    endloop
endfacet
facet normal -0.42393541 -0.89688015 0.12603477
    outer loop
        vertex 16.04494 38.302273 -4.5
        vertex 24.604448 35.521114 4.5
        vertex 22.85114 36.349865 4.5
    endloop
endfacet
facet normal -0.73724324 -0.28162482 0.61413324
    outer loop
        vertex 27.218573 32.69849 4.5
        vertex 19.3511 33.66801 -4.5
        vertex 27.91061 30.88686 4.5
    endloop
endfacet
facet normal -0.60097855 -0.7188338 0.34943208
    outer loop
        vertex 17.532774 37.058376 -4.5
        vertex 26.09228 34.277218 4.5
        vertex 24.604448 35.521114 4.5
    endloop
endfacet
facet normal -0 0 -1
    outer loop
        vertex 8.612074 38.74411 -4.5
        vertex 6.98736 37.68523 -4.5
        vertex 6.430428 42.25556 -4.5
    endloop
endfacet
facet normal 0 0 -1
    outer loop
        vertex 8.612074 38.74411 -4.5
        vertex 6.430428 42.25556 -4.5
        vertex 10.451219 39.359314 -4.5
    endloop
endfacet
facet normal 0 0 -1
    outer loop
        vertex 6.430428 42.25556 -4.5
        vertex 6.073777 46.845863 -4.5
        vertex 12.386045 39.49112 -4.5
    endloop
endfacet
facet normal 0 0 -1
    outer loop
        vertex 6.430428 42.25556 -4.5
        vertex 12.386045 39.49112 -4.5
        vertex 10.451219 39.359314 -4.5
    endloop
endfacet
facet normal 0 0 -0.99999994
    outer loop
        vertex 6.073777 46.845863 -4.5
        vertex 14.291631 39.131023 -4.5
        vertex 12.386045 39.49112 -4.5
    endloop
endfacet
facet normal 0 0 -1
    outer loop
        vertex 6.073777 46.845863 -4.5
        vertex 5.9180856 51.447372 -4.5
        vertex 14.291631 39.131023 -4.5
    endloop
endfacet
facet normal 0 0 -1
    outer loop
        vertex 5.9180856 51.447372 -4.5
        vertex 28.399921 43.958717 -4.5
        vertex 14.291631 39.131023 -4.5
    endloop
endfacet
facet normal 0 -0 -1
    outer loop
        vertex 5.9636517 56.051285 -4.5
        vertex 28.399921 43.958717 -4.5
        vertex 5.9180856 51.447372 -4.5
    endloop
endfacet
facet normal 0 -0 -0.99999994
    outer loop
        vertex 6.210387 60.64881 -4.5
        vertex 31.116516 47.63425 -4.5
        vertex 5.9636517 56.051285 -4.5
    endloop
endfacet
facet normal 0 -0 -1
    outer loop
        vertex 6.657821 65.231155 -4.5
        vertex 36.070496 55.313984 -4.5
        vertex 6.210387 60.64881 -4.5
    endloop
endfacet
facet normal -0 0 -1
    outer loop
        vertex 38.298985 59.30438 -4.5
        vertex 36.070496 55.313984 -4.5
        vertex 6.657821 65.231155 -4.5
    endloop
endfacet
facet normal 0 0 -1
    outer loop
        vertex 38.298985 59.30438 -4.5
        vertex 6.657821 65.231155 -4.5
        vertex 7.3050985 69.789566 -4.5
    endloop
endfacet
facet normal -0 0 -1
    outer loop
        vertex 42.238937 67.55041 -4.5
        vertex 40.35636 63.385635 -4.5
        vertex 8.150983 74.31534 -4.5
    endloop
endfacet
facet normal 0 0 -0.99999994
    outer loop
        vertex 45.46646 76.10046 -4.5
        vertex 11.862229 87.610695 -4.5
        vertex 46.805614 80.47036 -4.5
    endloop
endfacet
facet normal 0 0 -1
    outer loop
        vertex 10.431727 83.23442 -4.5
        vertex 45.46646 76.10046 -4.5
        vertex 43.943325 71.79122 -4.5
    endloop
endfacet
facet normal 0 0 -1
    outer loop
        vertex 11.862229 87.610695 -4.5
        vertex 13.48263 91.920265 -4.5
        vertex 46.805614 80.47036 -4.5
    endloop
endfacet
facet normal 0 0 -1
    outer loop
        vertex 19.450468 104.36714 -4.5
        vertex 21.79596 108.329056 -4.5
        vertex 25.490568 107.51968 -4.5
    endloop
endfacet
facet normal -0 0 -1
    outer loop
        vertex 29.155313 106.58432 -4.5
        vertex 19.450468 104.36714 -4.5
        vertex 25.490568 107.51968 -4.5
    endloop
endfacet
facet normal -0 0 -1
    outer loop
        vertex 32.785904 105.52409 -4.5
        vertex 17.280378 100.3065 -4.5
        vertex 29.155313 106.58432 -4.5
    endloop
endfacet
facet normal -0 0 -1
    outer loop
        vertex 36.37808 104.34024 -4.5
        vertex 15.28983 96.1549 -4.5
        vertex 32.785904 105.52409 -4.5
    endloop
endfacet
facet normal -0 0 -1
    outer loop
        vertex 50.279278 98.3984 -4.5
        vertex 49.69677 93.86518 -4.5
        vertex 46.88231 100.06148 -4.5
    endloop
endfacet
facet normal 0 0 -1
    outer loop
        vertex 39.927635 103.03414 -4.5
        vertex 43.43041 101.60733 -4.5
        vertex 48.922665 89.36072 -4.5
    endloop
endfacet
facet normal 0 0 -1
    outer loop
        vertex 49.69677 93.86518 -4.5
        vertex 43.43041 101.60733 -4.5
        vertex 46.88231 100.06148 -4.5
    endloop
endfacet
facet normal 0 0 -1
    outer loop
        vertex 48.922665 89.36072 -4.5
        vertex 43.43041 101.60733 -4.5
        vertex 49.69677 93.86518 -4.5
    endloop
endfacet
facet normal -0 0 -1
    outer loop
        vertex 48.922665 89.36072 -4.5
        vertex 47.95837 84.8931 -4.5
        vertex 39.927635 103.03414 -4.5
    endloop
endfacet
facet normal 0 0 -1
    outer loop
        vertex 47.95837 84.8931 -4.5
        vertex 36.37808 104.34024 -4.5
        vertex 39.927635 103.03414 -4.5
    endloop
endfacet
facet normal 0 -0 -1
    outer loop
        vertex 17.280378 100.3065 -4.5
        vertex 32.785904 105.52409 -4.5
        vertex 15.28983 96.1549 -4.5
    endloop
endfacet
facet normal 0 -0 -1
    outer loop
        vertex 19.450468 104.36714 -4.5
        vertex 29.155313 106.58432 -4.5
        vertex 17.280378 100.3065 -4.5
    endloop
endfacet
facet normal 0 0 -1
    outer loop
        vertex 47.95837 84.8931 -4.5
        vertex 15.28983 96.1549 -4.5
        vertex 36.37808 104.34024 -4.5
    endloop
endfacet
facet normal 0 0 -1
    outer loop
        vertex 13.48263 91.920265 -4.5
        vertex 15.28983 96.1549 -4.5
        vertex 47.95837 84.8931 -4.5
    endloop
endfacet
facet normal 0 0 -1
    outer loop
        vertex 13.48263 91.920265 -4.5
        vertex 47.95837 84.8931 -4.5
        vertex 46.805614 80.47036 -4.5
    endloop
endfacet
facet normal 0 0 -1
    outer loop
        vertex 10.431727 83.23442 -4.5
        vertex 11.862229 87.610695 -4.5
        vertex 45.46646 76.10046 -4.5
    endloop
endfacet
facet normal 0 0 -1
    outer loop
        vertex 8.150983 74.31534 -4.5
        vertex 9.193856 78.79981 -4.5
        vertex 42.238937 67.55041 -4.5
    endloop
endfacet
facet normal 0 0 -1
    outer loop
        vertex 9.193856 78.79981 -4.5
        vertex 43.943325 71.79122 -4.5
        vertex 42.238937 67.55041 -4.5
    endloop
endfacet
facet normal 0 0 -1
    outer loop
        vertex 16.04494 38.302273 -4.5
        vertex 14.291631 39.131023 -4.5
        vertex 25.530005 40.401608 -4.5
    endloop
endfacet
facet normal 0 0 -1
    outer loop
        vertex 6.210387 60.64881 -4.5
        vertex 36.070496 55.313984 -4.5
        vertex 33.674908 51.421608 -4.5
    endloop
endfacet
facet normal 0 0 -1
    outer loop
        vertex 22.511923 36.969315 -4.5
        vertex 19.3511 33.66801 -4.5
        vertex 18.659067 35.47964 -4.5
    endloop
endfacet
facet normal -0 0 -1
    outer loop
        vertex 22.511923 36.969315 -4.5
        vertex 18.659067 35.47964 -4.5
        vertex 17.532774 37.058376 -4.5
    endloop
endfacet
facet normal 0 0 -1
    outer loop
        vertex 31.116516 47.63425 -4.5
        vertex 6.210387 60.64881 -4.5
        vertex 33.674908 51.421608 -4.5
    endloop
endfacet
facet normal 0 0 -1
    outer loop
        vertex 25.530005 40.401608 -4.5
        vertex 22.511923 36.969315 -4.5
        vertex 16.04494 38.302273 -4.5
    endloop
endfacet
facet normal 0 0 -1
    outer loop
        vertex 28.399921 43.958717 -4.5
        vertex 25.530005 40.401608 -4.5
        vertex 14.291631 39.131023 -4.5
    endloop
endfacet
facet normal -0 0 -1
    outer loop
        vertex 40.35636 63.385635 -4.5
        vertex 38.298985 59.30438 -4.5
        vertex 7.3050985 69.789566 -4.5
    endloop
endfacet
facet normal 0 0 -1
    outer loop
        vertex 9.193856 78.79981 -4.5
        vertex 10.431727 83.23442 -4.5
        vertex 43.943325 71.79122 -4.5
    endloop
endfacet
facet normal 0 0 -1
    outer loop
        vertex 22.511923 36.969315 -4.5
        vertex 17.532774 37.058376 -4.5
        vertex 16.04494 38.302273 -4.5
    endloop
endfacet
facet normal 0 0 -1
    outer loop
        vertex 40.35636 63.385635 -4.5
        vertex 7.3050985 69.789566 -4.5
        vertex 8.150983 74.31534 -4.5
    endloop
endfacet
facet normal 0 0 -1
    outer loop
        vertex 28.399921 43.958717 -4.5
        vertex 5.9636517 56.051285 -4.5
        vertex 31.116516 47.63425 -4.5
    endloop
endfacet
facet normal 0 0 1
    outer loop
        vertex 17.171587 35.962955 4.5
        vertex 14.744733 39.504314 4.5
        vertex 15.54687 34.904083 4.5
    endloop
endfacet
facet normal 0 -0 1
    outer loop
        vertex 17.171587 35.962955 4.5
        vertex 19.010733 36.57815 4.5
        vertex 14.744733 39.504314 4.5
    endloop
endfacet
facet normal 0 0 1
    outer loop
        vertex 14.744733 39.504314 4.5
        vertex 19.010733 36.57815 4.5
        vertex 20.945557 36.70996 4.5
    endloop
endfacet
facet normal 0 0 1
    outer loop
        vertex 14.153835 44.136425 4.5
        vertex 20.945557 36.70996 4.5
        vertex 22.85114 36.349865 4.5
    endloop
endfacet
facet normal 0 0 1
    outer loop
        vertex 14.153835 44.136425 4.5
        vertex 14.744733 39.504314 4.5
        vertex 20.945557 36.70996 4.5
    endloop
endfacet
facet normal 0 0 1
    outer loop
        vertex 13.775412 48.790707 4.5
        vertex 14.153835 44.136425 4.5
        vertex 22.85114 36.349865 4.5
    endloop
endfacet
facet normal 0 0 1
    outer loop
        vertex 13.775412 48.790707 4.5
        vertex 22.85114 36.349865 4.5
        vertex 36.617264 41.017826 4.5
    endloop
endfacet
facet normal 0 0 1
    outer loop
        vertex 39.231922 44.6252 4.5
        vertex 13.775412 48.790707 4.5
        vertex 36.617264 41.017826 4.5
    endloop
endfacet
facet normal 0 0 1
    outer loop
        vertex 39.231922 44.6252 4.5
        vertex 13.610254 53.45743 4.5
        vertex 13.775412 48.790707 4.5
    endloop
endfacet
facet normal 0 0 1
    outer loop
        vertex 44.002686 52.14876 4.5
        vertex 13.658707 58.126823 4.5
        vertex 41.695137 48.337627 4.5
    endloop
endfacet
facet normal 0 0 1
    outer loop
        vertex 46.150623 56.052086 4.5
        vertex 13.92067 62.789112 4.5
        vertex 44.002686 52.14876 4.5
    endloop
endfacet
facet normal 0 0 0.99999994
    outer loop
        vertex 48.135277 60.04091 4.5
        vertex 14.395594 67.43454 4.5
        vertex 46.150623 56.052086 4.5
    endloop
endfacet
facet normal 0 0 1
    outer loop
        vertex 49.95324 64.108406 4.5
        vertex 15.082485 72.0534 4.5
        vertex 48.135277 60.04091 4.5
    endloop
endfacet
facet normal 0 -0 1
    outer loop
        vertex 53.076965 72.45147 4.5
        vertex 54.37737 76.71275 4.5
        vertex 18.39839 85.654175 4.5
    endloop
endfacet
facet normal 0 0 1
    outer loop
        vertex 17.085981 81.17275 4.5
        vertex 15.979906 76.635994 4.5
        vertex 51.60141 68.24763 4.5
    endloop
endfacet
facet normal -0 0 0.99999994
    outer loop
        vertex 18.39839 85.654175 4.5
        vertex 54.37737 76.71275 4.5
        vertex 19.91439 90.070885 4.5
    endloop
endfacet
facet normal 0 0 1
    outer loop
        vertex 25.650112 102.84109 4.5
        vertex 31.862404 105.8066 4.5
        vertex 27.944592 106.90814 4.5
    endloop
endfacet
facet normal 0 0 1
    outer loop
        vertex 35.737 104.56155 4.5
        vertex 31.862404 105.8066 4.5
        vertex 25.650112 102.84109 4.5
    endloop
endfacet
facet normal 0 0 1
    outer loop
        vertex 39.56312 103.17466 4.5
        vertex 35.737 104.56155 4.5
        vertex 23.544048 98.67334 4.5
    endloop
endfacet
facet normal 0 0 1
    outer loop
        vertex 43.335575 101.64781 4.5
        vertex 21.630806 94.413635 4.5
        vertex 19.91439 90.070885 4.5
    endloop
endfacet
facet normal 0 0 1
    outer loop
        vertex 57.787632 94.18513 4.5
        vertex 54.28018 96.249214 4.5
        vertex 57.207005 89.767845 4.5
    endloop
endfacet
facet normal 0 0 1
    outer loop
        vertex 47.049248 99.983086 4.5
        vertex 55.500412 81.02417 4.5
        vertex 56.44416 85.37835 4.5
    endloop
endfacet
facet normal 0 0 1
    outer loop
        vertex 57.207005 89.767845 4.5
        vertex 54.28018 96.249214 4.5
        vertex 50.6991 98.18275 4.5
    endloop
endfacet
facet normal 0 0 1
    outer loop
        vertex 57.207005 89.767845 4.5
        vertex 50.6991 98.18275 4.5
        vertex 56.44416 85.37835 4.5
    endloop
endfacet
facet normal 0 0 1
    outer loop
        vertex 56.44416 85.37835 4.5
        vertex 50.6991 98.18275 4.5
        vertex 47.049248 99.983086 4.5
    endloop
endfacet
facet normal 0 0 1
    outer loop
        vertex 55.500412 81.02417 4.5
        vertex 47.049248 99.983086 4.5
        vertex 43.335575 101.64781 4.5
    endloop
endfacet
facet normal -0 0 1
    outer loop
        vertex 23.544048 98.67334 4.5
        vertex 21.630806 94.413635 4.5
        vertex 39.56312 103.17466 4.5
    endloop
endfacet
facet normal -0 0 1
    outer loop
        vertex 25.650112 102.84109 4.5
        vertex 23.544048 98.67334 4.5
        vertex 35.737 104.56155 4.5
    endloop
endfacet
facet normal 0 0 1
    outer loop
        vertex 43.335575 101.64781 4.5
        vertex 39.56312 103.17466 4.5
        vertex 21.630806 94.413635 4.5
    endloop
endfacet
facet normal -0 0 1
    outer loop
        vertex 19.91439 90.070885 4.5
        vertex 55.500412 81.02417 4.5
        vertex 43.335575 101.64781 4.5
    endloop
endfacet
facet normal 0 0 1
    outer loop
        vertex 19.91439 90.070885 4.5
        vertex 54.37737 76.71275 4.5
        vertex 55.500412 81.02417 4.5
    endloop
endfacet
facet normal -0 0 1
    outer loop
        vertex 17.085981 81.17275 4.5
        vertex 53.076965 72.45147 4.5
        vertex 18.39839 85.654175 4.5
    endloop
endfacet
facet normal 0 -0 1
    outer loop
        vertex 49.95324 64.108406 4.5
        vertex 51.60141 68.24763 4.5
        vertex 15.979906 76.635994 4.5
    endloop
endfacet
facet normal -0 0 1
    outer loop
        vertex 15.082485 72.0534 4.5
        vertex 49.95324 64.108406 4.5
        vertex 15.979906 76.635994 4.5
    endloop
endfacet
facet normal 0 -0 0.99999994
    outer loop
        vertex 24.604448 35.521114 4.5
        vertex 33.855633 37.52169 4.5
        vertex 22.85114 36.349865 4.5
    endloop
endfacet
facet normal 0 0 1
    outer loop
        vertex 13.610254 53.45743 4.5
        vertex 39.231922 44.6252 4.5
        vertex 41.695137 48.337627 4.5
    endloop
endfacet
facet normal 0 0 1
    outer loop
        vertex 30.951757 34.142773 4.5
        vertex 27.218573 32.69849 4.5
        vertex 27.91061 30.88686 4.5
    endloop
endfacet
facet normal 0 0 1
    outer loop
        vertex 30.951757 34.142773 4.5
        vertex 26.09228 34.277218 4.5
        vertex 27.218573 32.69849 4.5
    endloop
endfacet
facet normal -0 0 1
    outer loop
        vertex 13.610254 53.45743 4.5
        vertex 41.695137 48.337627 4.5
        vertex 13.658707 58.126823 4.5
    endloop
endfacet
facet normal 0 0 1
    outer loop
        vertex 33.855633 37.52169 4.5
        vertex 24.604448 35.521114 4.5
        vertex 30.951757 34.142773 4.5
    endloop
endfacet
facet normal 0 0 1
    outer loop
        vertex 36.617264 41.017826 4.5
        vertex 22.85114 36.349865 4.5
        vertex 33.855633 37.52169 4.5
    endloop
endfacet
facet normal 0 0 1
    outer loop
        vertex 14.395594 67.43454 4.5
        vertex 13.92067 62.789112 4.5
        vertex 46.150623 56.052086 4.5
    endloop
endfacet
facet normal 0 0 1
    outer loop
        vertex 17.085981 81.17275 4.5
        vertex 51.60141 68.24763 4.5
        vertex 53.076965 72.45147 4.5
    endloop
endfacet
facet normal 0 0 1
    outer loop
        vertex 30.951757 34.142773 4.5
        vertex 24.604448 35.521114 4.5
        vertex 26.09228 34.277218 4.5
    endloop
endfacet
facet normal 0 0 1
    outer loop
        vertex 48.135277 60.04091 4.5
        vertex 15.082485 72.0534 4.5
        vertex 14.395594 67.43454 4.5
    endloop
endfacet
facet normal -0 0 1
    outer loop
        vertex 13.658707 58.126823 4.5
        vertex 44.002686 52.14876 4.5
        vertex 13.92067 62.789112 4.5
    endloop
endfacet
facet normal 0.74196726 -0.09529036 -0.66362959
    outer loop
        vertex 54.105137 96.25507 0.085584976
        vertex 57.787632 94.18513 4.5
        vertex 49.69677 93.86518 -4.5
    endloop
endfacet
facet normal 0.74260134 -0.09542255 -0.66290104
    outer loop
        vertex 50.279278 98.3984 -4.5
        vertex 50.422646 98.325005 -4.3288302
        vertex 49.69677 93.86518 -4.5
    endloop
endfacet
facet normal 0.74184638 -0.09751163 -0.66344202
    outer loop
        vertex 49.69677 93.86518 -4.5
        vertex 57.787632 94.18513 4.5
        vertex 57.207005 89.767845 4.5
    endloop
endfacet
facet normal 0.73272961 -0.12592171 -0.66876835
    outer loop
        vertex 48.922665 89.36072 -4.5
        vertex 49.69677 93.86518 -4.5
        vertex 57.207005 89.767845 4.5
    endloop
endfacet
facet normal 0.72286099 -0.15602282 -0.67314845
    outer loop
        vertex 47.95837 84.8931 -4.5
        vertex 48.922665 89.36072 -4.5
        vertex 56.44416 85.37835 4.5
    endloop
endfacet
facet normal 0.72280425 -0.15666452 -0.67306036
    outer loop
        vertex 55.500412 81.02417 4.5
        vertex 47.95837 84.8931 -4.5
        vertex 56.44416 85.37835 4.5
    endloop
endfacet
facet normal 0.71238649 -0.1855633 -0.67680997
    outer loop
        vertex 54.37737 76.71275 4.5
        vertex 46.805614 80.47036 -4.5
        vertex 55.500412 81.02417 4.5
    endloop
endfacet
facet normal 0.70128214 -0.21490726 -0.67971921
    outer loop
        vertex 54.37737 76.71275 4.5
        vertex 45.46646 76.10046 -4.5
        vertex 46.805614 80.47036 -4.5
    endloop
endfacet
facet normal 0.68959069 -0.24374171 -0.68194926
    outer loop
        vertex 53.076965 72.45147 4.5
        vertex 43.943325 71.79122 -4.5
        vertex 45.46646 76.10046 -4.5
    endloop
endfacet
facet normal 0.68981612 -0.24212657 -0.68229651
    outer loop
        vertex 53.076965 72.45147 4.5
        vertex 51.60141 68.24763 4.5
        vertex 43.943325 71.79122 -4.5
    endloop
endfacet
facet normal 0.67767495 -0.26983911 -0.68406403
    outer loop
        vertex 51.60141 68.24763 4.5
        vertex 49.95324 64.108406 4.5
        vertex 42.238937 67.55041 -4.5
    endloop
endfacet
facet normal 0.6649633 -0.29720449 -0.68519568
    outer loop
        vertex 49.95324 64.108406 4.5
        vertex 48.135277 60.04091 4.5
        vertex 40.35636 63.385635 -4.5
    endloop
endfacet
facet normal 0.65092742 -0.32813495 -0.68455899
    outer loop
        vertex 40.35636 63.385635 -4.5
        vertex 48.135277 60.04091 4.5
        vertex 38.298985 59.30438 -4.5
    endloop
endfacet
facet normal 0.63682431 -0.355643 -0.68408549
    outer loop
        vertex 38.298985 59.30438 -4.5
        vertex 46.150623 56.052086 4.5
        vertex 36.070496 55.313984 -4.5
    endloop
endfacet
facet normal 0.63781142 -0.35097751 -0.6855737
    outer loop
        vertex 36.070496 55.313984 -4.5
        vertex 46.150623 56.052086 4.5
        vertex 44.002686 52.14876 4.5
    endloop
endfacet
facet normal 0.62335277 -0.37742469 -0.68482256
    outer loop
        vertex 33.674908 51.421608 -4.5
        vertex 44.002686 52.14876 4.5
        vertex 41.695137 48.337627 4.5
    endloop
endfacet
facet normal 0.60672247 -0.40984613 -0.68111235
    outer loop
        vertex 31.116516 47.63425 -4.5
        vertex 33.674908 51.421608 -4.5
        vertex 41.695137 48.337627 4.5
    endloop
endfacet
facet normal 0.5415892 -0.5058651 -0.67140275
    outer loop
        vertex 30.951757 34.142773 4.5
        vertex 27.91061 30.88686 4.5
        vertex 19.3511 33.66801 -4.5
    endloop
endfacet
facet normal 0.5383448 -0.51543635 -0.66671598
    outer loop
        vertex 22.511923 36.969315 -4.5
        vertex 30.951757 34.142773 4.5
        vertex 19.3511 33.66801 -4.5
    endloop
endfacet
facet normal 0.55927545 -0.48064691 -0.6754179
    outer loop
        vertex 22.511923 36.969315 -4.5
        vertex 33.855633 37.52169 4.5
        vertex 30.951757 34.142773 4.5
    endloop
endfacet
facet normal 0.55652601 -0.48936412 -0.67141747
    outer loop
        vertex 22.511923 36.969315 -4.5
        vertex 25.530005 40.401608 -4.5
        vertex 33.855633 37.52169 4.5
    endloop
endfacet
facet normal 0.57627088 -0.45520189 -0.67875123
    outer loop
        vertex 33.855633 37.52169 4.5
        vertex 25.530005 40.401608 -4.5
        vertex 36.617264 41.017826 4.5
    endloop
endfacet
facet normal 0.57396322 -0.46307999 -0.67536891
    outer loop
        vertex 36.617264 41.017826 4.5
        vertex 25.530005 40.401608 -4.5
        vertex 28.399921 43.958717 -4.5
    endloop
endfacet
facet normal 0.59260106 -0.42952299 -0.68142068
    outer loop
        vertex 39.231922 44.6252 4.5
        vertex 36.617264 41.017826 4.5
        vertex 28.399921 43.958717 -4.5
    endloop
endfacet
facet normal 0.59068632 -0.43657756 -0.67859381
    outer loop
        vertex 31.116516 47.63425 -4.5
        vertex 39.231922 44.6252 4.5
        vertex 28.399921 43.958717 -4.5
    endloop
endfacet
facet normal 0.60828811 -0.40360218 -0.68344051
    outer loop
        vertex 31.116516 47.63425 -4.5
        vertex 41.695137 48.337627 4.5
        vertex 39.231922 44.6252 4.5
    endloop
endfacet
facet normal 0.62209523 -0.38287252 -0.68293935
    outer loop
        vertex 36.070496 55.313984 -4.5
        vertex 44.002686 52.14876 4.5
        vertex 33.674908 51.421608 -4.5
    endloop
endfacet
facet normal 0.65167791 -0.32424474 -0.68569762
    outer loop
        vertex 48.135277 60.04091 4.5
        vertex 46.150623 56.052086 4.5
        vertex 38.298985 59.30438 -4.5
    endloop
endfacet
facet normal 0.66441673 -0.30033216 -0.6843617
    outer loop
        vertex 49.95324 64.108406 4.5
        vertex 40.35636 63.385635 -4.5
        vertex 42.238937 67.55041 -4.5
    endloop
endfacet
facet normal 0.6773029 -0.27220881 -0.68349338
    outer loop
        vertex 51.60141 68.24763 4.5
        vertex 42.238937 67.55041 -4.5
        vertex 43.943325 71.79122 -4.5
    endloop
endfacet
facet normal 0.70138812 -0.21404058 -0.67988318
    outer loop
        vertex 53.076965 72.45147 4.5
        vertex 45.46646 76.10046 -4.5
        vertex 54.37737 76.71275 4.5
    endloop
endfacet
facet normal 0.71237469 -0.18567552 -0.67679161
    outer loop
        vertex 46.805614 80.47036 -4.5
        vertex 47.95837 84.8931 -4.5
        vertex 55.500412 81.02417 4.5
    endloop
endfacet
facet normal 0.73262948 -0.12732254 -0.66861278
    outer loop
        vertex 48.922665 89.36072 -4.5
        vertex 57.207005 89.767845 4.5
        vertex 56.44416 85.37835 4.5
    endloop
endfacet
facet normal 0.7419675 -0.09529144 -0.66362923
    outer loop
        vertex 49.69677 93.86518 -4.5
        vertex 50.422646 98.325005 -4.3288302
        vertex 54.105137 96.25507 0.085584976
    endloop
endfacet
facet normal -0.14201939 -0.72708297 0.67170006
    outer loop
        vertex -38.200314 19.173386 -4.5
        vertex -33.681572 18.29075 -4.5
        vertex -28.391499 25.57191 4.5
    endloop
endfacet
facet normal -0.17446953 -0.72353345 0.6678769
    outer loop
        vertex -42.676167 20.252672 -4.5
        vertex -38.200314 19.173386 -4.5
        vertex -33.014458 26.230583 4.5
    endloop
endfacet
facet normal -0.14168942 -0.74770308 0.64874047
    outer loop
        vertex -37.60245 27.100006 4.5
        vertex -42.676167 20.252672 -4.5
        vertex -33.014458 26.230583 4.5
    endloop
endfacet
facet normal -0.17627923 -0.74271959 0.64598227
    outer loop
        vertex -42.145878 28.178356 4.5
        vertex -47.10057 21.526545 -4.5
        vertex -37.60245 27.100006 4.5
    endloop
endfacet
facet normal -0.23952249 -0.71308267 0.65889466
    outer loop
        vertex -42.145878 28.178356 4.5
        vertex -51.465073 22.992569 -4.5
        vertex -47.10057 21.526545 -4.5
    endloop
endfacet
facet normal -0.27207968 -0.7061404 0.65371132
    outer loop
        vertex -46.63523 29.463379 4.5
        vertex -55.76133 24.64794 -4.5
        vertex -51.465073 22.992569 -4.5
    endloop
endfacet
facet normal -0.24530868 -0.7291503 0.63887668
    outer loop
        vertex -46.63523 29.463379 4.5
        vertex -51.061115 30.952383 4.5
        vertex -55.76133 24.64794 -4.5
    endloop
endfacet
facet normal -0.2797043 -0.72052819 0.63451141
    outer loop
        vertex -51.061115 30.952383 4.5
        vertex -55.414272 32.64225 4.5
        vertex -59.981136 26.489498 -4.5
    endloop
endfacet
facet normal -0.33712292 -0.68870878 0.64189434
    outer loop
        vertex -59.981136 26.489498 -4.5
        vertex -55.414272 32.64225 4.5
        vertex -64.116425 28.513721 -4.5
    endloop
endfacet
facet normal -0.369546 -0.67817068 0.63523245
    outer loop
        vertex -64.116425 28.513721 -4.5
        vertex -59.685577 34.52945 4.5
        vertex -68.159294 30.716745 -4.5
    endloop
endfacet
facet normal -0.34812915 -0.6995002 0.62410384
    outer loop
        vertex -68.159294 30.716745 -4.5
        vertex -59.685577 34.52945 4.5
        vertex -63.8661 36.610023 4.5
    endloop
endfacet
facet normal -0.38209397 -0.68704814 0.61803645
    outer loop
        vertex -72.10202 33.094357 -4.5
        vertex -63.8661 36.610023 4.5
        vertex -67.9471 38.879623 4.5
    endloop
endfacet
facet normal -0.43400937 -0.65332401 0.62032545
    outer loop
        vertex -75.937065 35.642014 -4.5
        vertex -72.10202 33.094357 -4.5
        vertex -67.9471 38.879623 4.5
    endloop
endfacet
facet normal -0.46596378 -0.63896257 0.61204946
    outer loop
        vertex -79.65709 38.354843 -4.5
        vertex -75.937065 35.642014 -4.5
        vertex -71.92001 41.333496 4.5
    endloop
endfacet
facet normal -0.44933954 -0.65814179 0.60410553
    outer loop
        vertex -75.77655 43.966507 4.5
        vertex -79.65709 38.354843 -4.5
        vertex -71.92001 41.333496 4.5
    endloop
endfacet
facet normal -0.48253024 -0.64163435 0.59621286
    outer loop
        vertex -79.50862 46.773148 4.5
        vertex -83.255005 41.227665 -4.5
        vertex -75.77655 43.966507 4.5
    endloop
endfacet
facet normal -0.6110875 -0.56133175 0.55810273
    outer loop
        vertex -94.66603 56.90901 0
        vertex -96.29174 54.20471 -4.5
        vertex -89.88136 56.17435 4.5
    endloop
endfacet
facet normal -0.61108732 -0.56133229 0.55810243
    outer loop
        vertex -89.88136 56.17435 4.5
        vertex -93.04033 59.61332 4.5
        vertex -94.66603 56.90901 0
    endloop
endfacet
facet normal -0.620781 -0.54679358 0.56182545
    outer loop
        vertex -93.24853 50.749714 -4.5
        vertex -89.88136 56.17435 4.5
        vertex -96.29174 54.20471 -4.5
    endloop
endfacet
facet normal -0.57970953 -0.58359563 0.56864136
    outer loop
        vertex -93.24853 50.749714 -4.5
        vertex -86.56841 52.88346 4.5
        vertex -89.88136 56.17435 4.5
    endloop
endfacet
facet normal -0.59069026 -0.56801724 0.57309818
    outer loop
        vertex -93.24853 50.749714 -4.5
        vertex -90.05723 47.43103 -4.5
        vertex -86.56841 52.88346 4.5
    endloop
endfacet
facet normal -0.54777718 -0.60438585 0.57849616
    outer loop
        vertex -86.56841 52.88346 4.5
        vertex -90.05723 47.43103 -4.5
        vertex -83.10842 49.747543 4.5
    endloop
endfacet
facet normal -0.56009352 -0.58782578 0.5837431
    outer loop
        vertex -83.10842 49.747543 4.5
        vertex -90.05723 47.43103 -4.5
        vertex -86.72393 44.25499 -4.5
    endloop
endfacet
facet normal -0.5153625 -0.62372404 0.58768171
    outer loop
        vertex -79.50862 46.773148 4.5
        vertex -83.10842 49.747543 4.5
        vertex -86.72393 44.25499 -4.5
    endloop
endfacet
facet normal -0.52906328 -0.6062386 0.59377325
    outer loop
        vertex -83.255005 41.227665 -4.5
        vertex -79.50862 46.773148 4.5
        vertex -86.72393 44.25499 -4.5
    endloop
endfacet
facet normal -0.49766648 -0.62327641 0.60320354
    outer loop
        vertex -79.65709 38.354843 -4.5
        vertex -75.77655 43.966507 4.5
        vertex -83.255005 41.227665 -4.5
    endloop
endfacet
facet normal -0.41584548 -0.67327011 0.61137533
    outer loop
        vertex -67.9471 38.879623 4.5
        vertex -71.92001 41.333496 4.5
        vertex -75.937065 35.642014 -4.5
    endloop
endfacet
facet normal -0.4018549 -0.66638464 0.62804794
    outer loop
        vertex -63.8661 36.610023 4.5
        vertex -72.10202 33.094357 -4.5
        vertex -68.159294 30.716745 -4.5
    endloop
endfacet
facet normal -0.31398869 -0.7106517 0.62959141
    outer loop
        vertex -59.685577 34.52945 4.5
        vertex -64.116425 28.513721 -4.5
        vertex -55.414272 32.64225 4.5
    endloop
endfacet
facet normal -0.30462319 -0.69802344 0.64804929
    outer loop
        vertex -59.981136 26.489498 -4.5
        vertex -55.76133 24.64794 -4.5
        vertex -51.061115 30.952383 4.5
    endloop
endfacet
facet normal -0.21082595 -0.73654127 0.6426971
    outer loop
        vertex -51.465073 22.992569 -4.5
        vertex -42.145878 28.178356 4.5
        vertex -46.63523 29.463379 4.5
    endloop
endfacet
facet normal -0.10707361 -0.7515071 0.65097803
    outer loop
        vertex -33.014458 26.230583 4.5
        vertex -38.200314 19.173386 -4.5
        vertex -28.391499 25.57191 4.5
    endloop
endfacet
facet normal -0.20697768 -0.71887338 0.66361237
    outer loop
        vertex -42.676167 20.252672 -4.5
        vertex -37.60245 27.100006 4.5
        vertex -47.10057 21.526545 -4.5
    endloop
endfacet
facet normal 0.0400214 -0.78818733 0.61413282
    outer loop
        vertex -27.977177 28.709635 -4.5
        vertex -26.04036 28.80798 -4.5
        vertex -20.7503 36.08913 4.5
    endloop
endfacet
facet normal 0.25851515 -0.81967396 0.51117963
    outer loop
        vertex -29.826681 28.126324 -4.5
        vertex -27.977177 28.709635 -4.5
        vertex -22.687115 35.990795 4.5
    endloop
endfacet
facet normal 0.72197944 -0.68033856 0.12603669
    outer loop
        vertex -32.799458 25.684298 -4.5
        vertex -31.469463 27.095695 -4.5
        vertex -27.509388 32.965454 4.5
    endloop
endfacet
facet normal 0.49793914 -0.79369599 0.34943286
    outer loop
        vertex -26.179398 34.376854 4.5
        vertex -31.469463 27.095695 -4.5
        vertex -29.826681 28.126324 -4.5
    endloop
endfacet
facet normal 0.25851804 -0.81967431 0.5111776
    outer loop
        vertex -22.687115 35.990795 4.5
        vertex -24.536617 35.40748 4.5
        vertex -29.826681 28.126324 -4.5
    endloop
endfacet
facet normal 0.87014395 -0.47640803 -0.12603559
    outer loop
        vertex -27.509388 32.965454 4.5
        vertex -28.440716 31.264414 4.5
        vertex -32.799458 25.684298 -4.5
    endloop
endfacet
facet normal 0.90872157 -0.22830164 -0.34943333
    outer loop
        vertex -28.440716 31.264414 4.5
        vertex -28.913252 29.383553 4.5
        vertex -33.730785 23.983255 -4.5
    endloop
endfacet
facet normal 0.90872157 -0.22830096 -0.34943372
    outer loop
        vertex -33.730785 23.983255 -4.5
        vertex -28.913252 29.383553 4.5
        vertex -34.20332 22.102396 -4.5
    endloop
endfacet
facet normal 0.76197559 0.20550376 -0.61413473
    outer loop
        vertex -34.186558 20.163158 -4.5
        vertex -28.391499 25.57191 4.5
        vertex -33.681572 18.29075 -4.5
    endloop
endfacet
facet normal 0.76197481 0.20550531 -0.61413521
    outer loop
        vertex -34.186558 20.163158 -4.5
        vertex -28.896488 27.444317 4.5
        vertex -28.391499 25.57191 4.5
    endloop
endfacet
facet normal 0.85944283 0.00742858 -0.5111779
    outer loop
        vertex -34.186558 20.163158 -4.5
        vertex -34.20332 22.102396 -4.5
        vertex -28.896488 27.444317 4.5
    endloop
endfacet
facet normal 0.85944259 0.00742944 -0.51117826
    outer loop
        vertex -28.896488 27.444317 4.5
        vertex -34.20332 22.102396 -4.5
        vertex -28.913252 29.383553 4.5
    endloop
endfacet
facet normal 0.87014407 -0.47640756 -0.12603594
    outer loop
        vertex -33.730785 23.983255 -4.5
        vertex -32.799458 25.684298 -4.5
        vertex -28.440716 31.264414 4.5
    endloop
endfacet
facet normal 0.72198099 -0.68033719 0.12603505
    outer loop
        vertex -31.469463 27.095695 -4.5
        vertex -26.179398 34.376854 4.5
        vertex -27.509388 32.965454 4.5
    endloop
endfacet
facet normal 0.04001748 -0.78818589 0.61413479
    outer loop
        vertex -22.687115 35.990795 4.5
        vertex -27.977177 28.709635 -4.5
        vertex -20.7503 36.08913 4.5
    endloop
endfacet
facet normal 0.49793825 -0.79369617 0.3494336
    outer loop
        vertex -29.826681 28.126324 -4.5
        vertex -24.536617 35.40748 4.5
        vertex -26.179398 34.376854 4.5
    endloop
endfacet
facet normal -0 0 -1
    outer loop
        vertex -34.186558 20.163158 -4.5
        vertex -38.200314 19.173386 -4.5
        vertex -34.20332 22.102396 -4.5
    endloop
endfacet
facet normal 0 0 -1
    outer loop
        vertex -38.200314 19.173386 -4.5
        vertex -33.730785 23.983255 -4.5
        vertex -34.20332 22.102396 -4.5
    endloop
endfacet
facet normal 0 0 -1
    outer loop
        vertex -42.676167 20.252672 -4.5
        vertex -33.730785 23.983255 -4.5
        vertex -38.200314 19.173386 -4.5
    endloop
endfacet
facet normal 0 0 -1
    outer loop
        vertex -32.799458 25.684298 -4.5
        vertex -33.730785 23.983255 -4.5
        vertex -42.676167 20.252672 -4.5
    endloop
endfacet
facet normal 0 0 -1
    outer loop
        vertex -32.799458 25.684298 -4.5
        vertex -42.676167 20.252672 -4.5
        vertex -47.10057 21.526545 -4.5
    endloop
endfacet
facet normal -0 0 -1
    outer loop
        vertex -32.799458 25.684298 -4.5
        vertex -47.10057 21.526545 -4.5
        vertex -33.031166 40.593918 -4.5
    endloop
endfacet
facet normal 0 0 -1
    outer loop
        vertex -47.10057 21.526545 -4.5
        vertex -51.465073 22.992569 -4.5
        vertex -33.031166 40.593918 -4.5
    endloop
endfacet
facet normal 0 0 -1
    outer loop
        vertex -51.465073 22.992569 -4.5
        vertex -35.687336 44.31335 -4.5
        vertex -33.031166 40.593918 -4.5
    endloop
endfacet
facet normal 0 0 -0.99999994
    outer loop
        vertex -55.76133 24.64794 -4.5
        vertex -35.687336 44.31335 -4.5
        vertex -51.465073 22.992569 -4.5
    endloop
endfacet
facet normal 0 0 -1
    outer loop
        vertex -59.981136 26.489498 -4.5
        vertex -41.460327 51.398037 -4.5
        vertex -55.76133 24.64794 -4.5
    endloop
endfacet
facet normal 0 0 -1
    outer loop
        vertex -64.116425 28.513721 -4.5
        vertex -44.56678 54.750553 -4.5
        vertex -59.981136 26.489498 -4.5
    endloop
endfacet
facet normal 0 0 -0.99999994
    outer loop
        vertex -68.159294 30.716745 -4.5
        vertex -47.81252 57.96841 -4.5
        vertex -64.116425 28.513721 -4.5
    endloop
endfacet
facet normal 0 0 -1
    outer loop
        vertex -72.10202 33.094357 -4.5
        vertex -75.937065 35.642014 -4.5
        vertex -54.698273 63.977287 -4.5
    endloop
endfacet
facet normal 0 -0 -1
    outer loop
        vertex -58.325924 66.7575 -4.5
        vertex -54.698273 63.977287 -4.5
        vertex -75.937065 35.642014 -4.5
    endloop
endfacet
facet normal 0 0 -1
    outer loop
        vertex -83.255005 41.227665 -4.5
        vertex -62.06813 69.381485 -4.5
        vertex -79.65709 38.354843 -4.5
    endloop
endfacet
facet normal 0 0 -1
    outer loop
        vertex -86.72393 44.25499 -4.5
        vertex -65.918175 71.84453 -4.5
        vertex -83.255005 41.227665 -4.5
    endloop
endfacet
facet normal 0 -0 -1
    outer loop
        vertex -94.380264 57.468376 -4.5
        vertex -93.24853 50.749714 -4.5
        vertex -96.29174 54.20471 -4.5
    endloop
endfacet
facet normal 0 0 -1
    outer loop
        vertex -92.35822 60.66472 -4.5
        vertex -93.24853 50.749714 -4.5
        vertex -94.380264 57.468376 -4.5
    endloop
endfacet
facet normal 0 -0 -1
    outer loop
        vertex -90.227974 63.789986 -4.5
        vertex -90.05723 47.43103 -4.5
        vertex -92.35822 60.66472 -4.5
    endloop
endfacet
facet normal 0 -0 -1
    outer loop
        vertex -87.99202 66.840515 -4.5
        vertex -86.72393 44.25499 -4.5
        vertex -90.227974 63.789986 -4.5
    endloop
endfacet
facet normal 0 -0 -1
    outer loop
        vertex -69.86915 74.1422 -4.5
        vertex -65.918175 71.84453 -4.5
        vertex -85.65297 69.81274 -4.5
    endloop
endfacet
facet normal 0 0 -1
    outer loop
        vertex -80.67669 75.50842 -4.5
        vertex -78.04528 78.22521 -4.5
        vertex -73.91394 76.27036 -4.5
    endloop
endfacet
facet normal 0 -0 -1
    outer loop
        vertex -80.67669 75.50842 -4.5
        vertex -73.91394 76.27036 -4.5
        vertex -83.21358 72.70317 -4.5
    endloop
endfacet
facet normal 0 -0 -1
    outer loop
        vertex -73.91394 76.27036 -4.5
        vertex -69.86915 74.1422 -4.5
        vertex -83.21358 72.70317 -4.5
    endloop
endfacet
facet normal 0 0 -1
    outer loop
        vertex -69.86915 74.1422 -4.5
        vertex -85.65297 69.81274 -4.5
        vertex -83.21358 72.70317 -4.5
    endloop
endfacet
facet normal 0 0 -1
    outer loop
        vertex -65.918175 71.84453 -4.5
        vertex -87.99202 66.840515 -4.5
        vertex -85.65297 69.81274 -4.5
    endloop
endfacet
facet normal 0 0 -1
    outer loop
        vertex -90.05723 47.43103 -4.5
        vertex -90.227974 63.789986 -4.5
        vertex -86.72393 44.25499 -4.5
    endloop
endfacet
facet normal 0 0 -1
    outer loop
        vertex -93.24853 50.749714 -4.5
        vertex -92.35822 60.66472 -4.5
        vertex -90.05723 47.43103 -4.5
    endloop
endfacet
facet normal 0 0 -1
    outer loop
        vertex -65.918175 71.84453 -4.5
        vertex -86.72393 44.25499 -4.5
        vertex -87.99202 66.840515 -4.5
    endloop
endfacet
facet normal -0 0 -0.99999994
    outer loop
        vertex -62.06813 69.381485 -4.5
        vertex -83.255005 41.227665 -4.5
        vertex -65.918175 71.84453 -4.5
    endloop
endfacet
facet normal -0 0 -1
    outer loop
        vertex -58.325924 66.7575 -4.5
        vertex -79.65709 38.354843 -4.5
        vertex -62.06813 69.381485 -4.5
    endloop
endfacet
facet normal 0 0 -1
    outer loop
        vertex -75.937065 35.642014 -4.5
        vertex -79.65709 38.354843 -4.5
        vertex -58.325924 66.7575 -4.5
    endloop
endfacet
facet normal 0 0 -1
    outer loop
        vertex -68.159294 30.716745 -4.5
        vertex -72.10202 33.094357 -4.5
        vertex -51.191708 61.045834 -4.5
    endloop
endfacet
facet normal 0 0 -1
    outer loop
        vertex -72.10202 33.094357 -4.5
        vertex -54.698273 63.977287 -4.5
        vertex -51.191708 61.045834 -4.5
    endloop
endfacet
facet normal 0 0 -1
    outer loop
        vertex -28.203346 32.83426 -4.5
        vertex -26.04036 28.80798 -4.5
        vertex -27.977177 28.709635 -4.5
    endloop
endfacet
facet normal 0 -0 -0.99999994
    outer loop
        vertex -28.203346 32.83426 -4.5
        vertex -27.977177 28.709635 -4.5
        vertex -29.826681 28.126324 -4.5
    endloop
endfacet
facet normal 0 -0 -1
    outer loop
        vertex -41.460327 51.398037 -4.5
        vertex -38.498737 47.916885 -4.5
        vertex -55.76133 24.64794 -4.5
    endloop
endfacet
facet normal 0 0 -1
    outer loop
        vertex -31.469463 27.095695 -4.5
        vertex -28.203346 32.83426 -4.5
        vertex -29.826681 28.126324 -4.5
    endloop
endfacet
facet normal 0 0 -1
    outer loop
        vertex -30.53501 36.76526 -4.5
        vertex -31.469463 27.095695 -4.5
        vertex -32.799458 25.684298 -4.5
    endloop
endfacet
facet normal -0 0 -1
    outer loop
        vertex -28.203346 32.83426 -4.5
        vertex -31.469463 27.095695 -4.5
        vertex -30.53501 36.76526 -4.5
    endloop
endfacet
facet normal 0 -0 -1
    outer loop
        vertex -47.81252 57.96841 -4.5
        vertex -44.56678 54.750553 -4.5
        vertex -64.116425 28.513721 -4.5
    endloop
endfacet
facet normal -0 0 -1
    outer loop
        vertex -30.53501 36.76526 -4.5
        vertex -32.799458 25.684298 -4.5
        vertex -33.031166 40.593918 -4.5
    endloop
endfacet
facet normal -0 0 -1
    outer loop
        vertex -47.81252 57.96841 -4.5
        vertex -68.159294 30.716745 -4.5
        vertex -51.191708 61.045834 -4.5
    endloop
endfacet
facet normal 0 0 -1
    outer loop
        vertex -33.681572 18.29075 -4.5
        vertex -38.200314 19.173386 -4.5
        vertex -34.186558 20.163158 -4.5
    endloop
endfacet
facet normal -0 0 -1
    outer loop
        vertex -41.460327 51.398037 -4.5
        vertex -59.981136 26.489498 -4.5
        vertex -44.56678 54.750553 -4.5
    endloop
endfacet
facet normal 0 -0 -0.99999994
    outer loop
        vertex -38.498737 47.916885 -4.5
        vertex -35.687336 44.31335 -4.5
        vertex -55.76133 24.64794 -4.5
    endloop
endfacet
facet normal 0 0 1
    outer loop
        vertex -28.896488 27.444317 4.5
        vertex -33.014458 26.230583 4.5
        vertex -28.391499 25.57191 4.5
    endloop
endfacet
facet normal 0 0 1
    outer loop
        vertex -33.014458 26.230583 4.5
        vertex -28.913252 29.383553 4.5
        vertex -28.440716 31.264414 4.5
    endloop
endfacet
facet normal -0 0 1
    outer loop
        vertex -37.60245 27.100006 4.5
        vertex -33.014458 26.230583 4.5
        vertex -28.440716 31.264414 4.5
    endloop
endfacet
facet normal 0 0 1
    outer loop
        vertex -27.509388 32.965454 4.5
        vertex -37.60245 27.100006 4.5
        vertex -28.440716 31.264414 4.5
    endloop
endfacet
facet normal 0 0 1
    outer loop
        vertex -27.509388 32.965454 4.5
        vertex -42.145878 28.178356 4.5
        vertex -37.60245 27.100006 4.5
    endloop
endfacet
facet normal 0 0 0.99999994
    outer loop
        vertex -27.509388 32.965454 4.5
        vertex -27.694918 47.50029 4.5
        vertex -42.145878 28.178356 4.5
    endloop
endfacet
facet normal 0 0 1
    outer loop
        vertex -42.145878 28.178356 4.5
        vertex -27.694918 47.50029 4.5
        vertex -30.317755 51.101715 4.5
    endloop
endfacet
facet normal -0 0 0.99999994
    outer loop
        vertex -46.63523 29.463379 4.5
        vertex -42.145878 28.178356 4.5
        vertex -30.317755 51.101715 4.5
    endloop
endfacet
facet normal 0 0 1
    outer loop
        vertex -51.061115 30.952383 4.5
        vertex -33.087315 54.591576 4.5
        vertex -35.998848 57.963894 4.5
    endloop
endfacet
facet normal -0 0 1
    outer loop
        vertex -55.414272 32.64225 4.5
        vertex -51.061115 30.952383 4.5
        vertex -35.998848 57.963894 4.5
    endloop
endfacet
facet normal 0 0 1
    outer loop
        vertex -59.685577 34.52945 4.5
        vertex -39.04738 61.212894 4.5
        vertex -42.227684 64.33302 4.5
    endloop
endfacet
facet normal -0 0 1
    outer loop
        vertex -63.8661 36.610023 4.5
        vertex -59.685577 34.52945 4.5
        vertex -42.227684 64.33302 4.5
    endloop
endfacet
facet normal 0 -0 0.99999994
    outer loop
        vertex -67.9471 38.879623 4.5
        vertex -48.96164 70.16553 4.5
        vertex -71.92001 41.333496 4.5
    endloop
endfacet
facet normal 0 0 1
    outer loop
        vertex -52.503765 72.86792 4.5
        vertex -71.92001 41.333496 4.5
        vertex -48.96164 70.16553 4.5
    endloop
endfacet
facet normal 0 0 1
    outer loop
        vertex -56.154633 75.42149 4.5
        vertex -75.77655 43.966507 4.5
        vertex -52.503765 72.86792 4.5
    endloop
endfacet
facet normal 0 0 1
    outer loop
        vertex -59.907997 77.82187 4.5
        vertex -79.50862 46.773148 4.5
        vertex -56.154633 75.42149 4.5
    endloop
endfacet
facet normal -0 0 1
    outer loop
        vertex -83.28138 72.62549 4.5
        vertex -79.50862 46.773148 4.5
        vertex -59.907997 77.82187 4.5
    endloop
endfacet
facet normal 0 0 1
    outer loop
        vertex -83.10842 49.747543 4.5
        vertex -83.28138 72.62549 4.5
        vertex -85.89925 69.50949 4.5
    endloop
endfacet
facet normal 0 0 1
    outer loop
        vertex -86.56841 52.88346 4.5
        vertex -88.4006 66.29921 4.5
        vertex -89.88136 56.17435 4.5
    endloop
endfacet
facet normal 0 0 0.99999994
    outer loop
        vertex -83.10842 49.747543 4.5
        vertex -85.89925 69.50949 4.5
        vertex -86.56841 52.88346 4.5
    endloop
endfacet
facet normal 0 0 1
    outer loop
        vertex -63.757435 80.06493 4.5
        vertex -80.55055 75.642975 4.5
        vertex -59.907997 77.82187 4.5
    endloop
endfacet
facet normal 0 0 1
    outer loop
        vertex -74.764946 81.366165 4.5
        vertex -67.69636 82.14687 4.5
        vertex -71.718025 84.06411 4.5
    endloop
endfacet
facet normal -0 0 1
    outer loop
        vertex -74.764946 81.366165 4.5
        vertex -77.71045 78.557846 4.5
        vertex -67.69636 82.14687 4.5
    endloop
endfacet
facet normal 0 0 1
    outer loop
        vertex -67.69636 82.14687 4.5
        vertex -77.71045 78.557846 4.5
        vertex -63.757435 80.06493 4.5
    endloop
endfacet
facet normal 0 0 1
    outer loop
        vertex -63.757435 80.06493 4.5
        vertex -77.71045 78.557846 4.5
        vertex -80.55055 75.642975 4.5
    endloop
endfacet
facet normal 0 0 1
    outer loop
        vertex -59.907997 77.82187 4.5
        vertex -80.55055 75.642975 4.5
        vertex -83.28138 72.62549 4.5
    endloop
endfacet
facet normal -0 -0 1
    outer loop
        vertex -83.10842 49.747543 4.5
        vertex -79.50862 46.773148 4.5
        vertex -83.28138 72.62549 4.5
    endloop
endfacet
facet normal -0 0 1
    outer loop
        vertex -88.4006 66.29921 4.5
        vertex -86.56841 52.88346 4.5
        vertex -85.89925 69.50949 4.5
    endloop
endfacet
facet normal 0 -0 1
    outer loop
        vertex -89.88136 56.17435 4.5
        vertex -88.4006 66.29921 4.5
        vertex -90.78203 62.99899 4.5
    endloop
endfacet
facet normal 0 0 1
    outer loop
        vertex -89.88136 56.17435 4.5
        vertex -90.78203 62.99899 4.5
        vertex -93.04033 59.61332 4.5
    endloop
endfacet
facet normal 0 -0 0.99999994
    outer loop
        vertex -75.77655 43.966507 4.5
        vertex -56.154633 75.42149 4.5
        vertex -79.50862 46.773148 4.5
    endloop
endfacet
facet normal 0 -0 1
    outer loop
        vertex -71.92001 41.333496 4.5
        vertex -52.503765 72.86792 4.5
        vertex -75.77655 43.966507 4.5
    endloop
endfacet
facet normal 0 0 1
    outer loop
        vertex -45.534325 67.31894 4.5
        vertex -48.96164 70.16553 4.5
        vertex -67.9471 38.879623 4.5
    endloop
endfacet
facet normal 0 -0 1
    outer loop
        vertex -63.8661 36.610023 4.5
        vertex -45.534325 67.31894 4.5
        vertex -67.9471 38.879623 4.5
    endloop
endfacet
facet normal 0 0 1
    outer loop
        vertex -22.907093 39.987564 4.5
        vertex -22.687115 35.990795 4.5
        vertex -20.7503 36.08913 4.5
    endloop
endfacet
facet normal 0 0 1
    outer loop
        vertex -22.907093 39.987564 4.5
        vertex -24.536617 35.40748 4.5
        vertex -22.687115 35.990795 4.5
    endloop
endfacet
facet normal 0 0 1
    outer loop
        vertex -33.087315 54.591576 4.5
        vertex -46.63523 29.463379 4.5
        vertex -30.317755 51.101715 4.5
    endloop
endfacet
facet normal 0 0 1
    outer loop
        vertex -26.179398 34.376854 4.5
        vertex -24.536617 35.40748 4.5
        vertex -22.907093 39.987564 4.5
    endloop
endfacet
facet normal 0 0 1
    outer loop
        vertex -25.223288 43.793457 4.5
        vertex -27.509388 32.965454 4.5
        vertex -26.179398 34.376854 4.5
    endloop
endfacet
facet normal 0 0 1
    outer loop
        vertex -27.694918 47.50029 4.5
        vertex -27.509388 32.965454 4.5
        vertex -25.223288 43.793457 4.5
    endloop
endfacet
facet normal -0 0 1
    outer loop
        vertex -51.061115 30.952383 4.5
        vertex -46.63523 29.463379 4.5
        vertex -33.087315 54.591576 4.5
    endloop
endfacet
facet normal -0 0 1
    outer loop
        vertex -59.685577 34.52945 4.5
        vertex -55.414272 32.64225 4.5
        vertex -39.04738 61.212894 4.5
    endloop
endfacet
facet normal 0 0 1
    outer loop
        vertex -42.227684 64.33302 4.5
        vertex -45.534325 67.31894 4.5
        vertex -63.8661 36.610023 4.5
    endloop
endfacet
facet normal 0 0 1
    outer loop
        vertex -33.014458 26.230583 4.5
        vertex -28.896488 27.444317 4.5
        vertex -28.913252 29.383553 4.5
    endloop
endfacet
facet normal 0 0 1
    outer loop
        vertex -35.998848 57.963894 4.5
        vertex -39.04738 61.212894 4.5
        vertex -55.414272 32.64225 4.5
    endloop
endfacet
facet normal 0 0 1
    outer loop
        vertex -22.907093 39.987564 4.5
        vertex -25.223288 43.793457 4.5
        vertex -26.179398 34.376854 4.5
    endloop
endfacet
facet normal 0.31990808 0.67620581 -0.66362983
    outer loop
        vertex -74.82351 81.20259 0.08723056
        vertex -71.718025 84.06411 4.5
        vertex -73.91394 76.27036 -4.5
    endloop
endfacet
facet normal 0.32023838 0.67678547 -0.66287929
    outer loop
        vertex -78.04528 78.22521 -4.5
        vertex -77.92899 78.341064 -4.3255386
        vertex -73.91394 76.27036 -4.5
    endloop
endfacet
facet normal 0.32198337 0.67540449 -0.66344219
    outer loop
        vertex -73.91394 76.27036 -4.5
        vertex -71.718025 84.06411 4.5
        vertex -67.69636 82.14687 4.5
    endloop
endfacet
facet normal 0.34618351 0.6579563 -0.66876793
    outer loop
        vertex -69.86915 74.1422 -4.5
        vertex -73.91394 76.27036 -4.5
        vertex -67.69636 82.14687 4.5
    endloop
endfacet
facet normal 0.37176329 0.63926846 -0.67314774
    outer loop
        vertex -65.918175 71.84453 -4.5
        vertex -69.86915 74.1422 -4.5
        vertex -63.757435 80.06493 4.5
    endloop
endfacet
facet normal 0.37235466 0.63901675 -0.67305982
    outer loop
        vertex -59.907997 77.82187 4.5
        vertex -65.918175 71.84453 -4.5
        vertex -63.757435 80.06493 4.5
    endloop
endfacet
facet normal 0.39662009 0.62017792 -0.6768102
    outer loop
        vertex -56.154633 75.42149 4.5
        vertex -62.06813 69.381485 -4.5
        vertex -59.907997 77.82187 4.5
    endloop
endfacet
facet normal 0.4210968 0.6005488 -0.67971939
    outer loop
        vertex -56.154633 75.42149 4.5
        vertex -58.325924 66.7575 -4.5
        vertex -62.06813 69.381485 -4.5
    endloop
endfacet
facet normal 0.44490722 0.58051974 -0.68194896
    outer loop
        vertex -52.503765 72.86792 4.5
        vertex -54.698273 63.977287 -4.5
        vertex -58.325924 66.7575 -4.5
    endloop
endfacet
facet normal 0.44344029 0.58123356 -0.68229634
    outer loop
        vertex -52.503765 72.86792 4.5
        vertex -48.96164 70.16553 4.5
        vertex -54.698273 63.977287 -4.5
    endloop
endfacet
facet normal 0.46604529 0.56112224 -0.68406403
    outer loop
        vertex -48.96164 70.16553 4.5
        vertex -45.534325 67.31894 4.5
        vertex -51.191708 61.045834 -4.5
    endloop
endfacet
facet normal 0.48814362 0.54057634 -0.68519562
    outer loop
        vertex -45.534325 67.31894 4.5
        vertex -42.227684 64.33302 4.5
        vertex -47.81252 57.96841 -4.5
    endloop
endfacet
facet normal 0.51322263 0.51766956 -0.68455887
    outer loop
        vertex -47.81252 57.96841 -4.5
        vertex -42.227684 64.33302 4.5
        vertex -44.56678 54.750553 -4.5
    endloop
endfacet
facet normal 0.5350256 0.49575657 -0.68408549
    outer loop
        vertex -44.56678 54.750553 -4.5
        vertex -39.04738 61.212894 4.5
        vertex -41.460327 51.398037 -4.5
    endloop
endfacet
facet normal 0.53089404 0.49813682 -0.68557358
    outer loop
        vertex -41.460327 51.398037 -4.5
        vertex -39.04738 61.212894 4.5
        vertex -35.998848 57.963894 4.5
    endloop
endfacet
facet normal 0.55157924 0.4762128 -0.68482232
    outer loop
        vertex -38.498737 47.916885 -4.5
        vertex -35.998848 57.963894 4.5
        vertex -33.087315 54.591576 4.5
    endloop
endfacet
facet normal 0.5772748 0.45037758 -0.68111211
    outer loop
        vertex -35.687336 44.31335 -4.5
        vertex -38.498737 47.916885 -4.5
        vertex -33.087315 54.591576 4.5
    endloop
endfacet
facet normal 0.64846635 0.35876155 -0.67140257
    outer loop
        vertex -22.907093 39.987564 4.5
        vertex -20.7503 36.08913 4.5
        vertex -26.04036 28.80798 -4.5
    endloop
endfacet
facet normal 0.65656614 0.35271868 -0.6667161
    outer loop
        vertex -28.203346 32.83426 -4.5
        vertex -22.907093 39.987564 4.5
        vertex -26.04036 28.80798 -4.5
    endloop
endfacet
facet normal 0.6299482 0.38337454 -0.67541778
    outer loop
        vertex -28.203346 32.83426 -4.5
        vertex -25.223288 43.793457 4.5
        vertex -22.907093 39.987564 4.5
    endloop
endfacet
facet normal 0.63738918 0.37806588 -0.67141736
    outer loop
        vertex -28.203346 32.83426 -4.5
        vertex -30.53501 36.76526 -4.5
        vertex -25.223288 43.793457 4.5
    endloop
endfacet
facet normal 0.61100048 0.40740094 -0.67875099
    outer loop
        vertex -25.223288 43.793457 4.5
        vertex -30.53501 36.76526 -4.5
        vertex -27.694918 47.50029 4.5
    endloop
endfacet
facet normal 0.61777997 0.40277177 -0.67536879
    outer loop
        vertex -27.694918 47.50029 4.5
        vertex -30.53501 36.76526 -4.5
        vertex -33.031166 40.593918 -4.5
    endloop
endfacet
facet normal 0.59162468 0.43086699 -0.68142051
    outer loop
        vertex -30.317755 51.101715 4.5
        vertex -27.694918 47.50029 4.5
        vertex -33.031166 40.593918 -4.5
    endloop
endfacet
facet normal 0.59774125 0.4268668 -0.67859417
    outer loop
        vertex -35.687336 44.31335 -4.5
        vertex -30.317755 51.101715 4.5
        vertex -33.031166 40.593918 -4.5
    endloop
endfacet
facet normal 0.57181919 0.45379677 -0.68344074
    outer loop
        vertex -35.687336 44.31335 -4.5
        vertex -33.087315 54.591576 4.5
        vertex -30.317755 51.101715 4.5
    endloop
endfacet
facet normal 0.55637181 0.47333333 -0.68293911
    outer loop
        vertex -41.460327 51.398037 -4.5
        vertex -35.998848 57.963894 4.5
        vertex -38.498737 47.916885 -4.5
    endloop
endfacet
facet normal 0.5097543 0.51958573 -0.68569762
    outer loop
        vertex -42.227684 64.33302 4.5
        vertex -39.04738 61.212894 4.5
        vertex -44.56678 54.750553 -4.5
    endloop
endfacet
facet normal 0.49094883 0.53909028 -0.68436176
    outer loop
        vertex -45.534325 67.31894 4.5
        vertex -47.81252 57.96841 -4.5
        vertex -51.191708 61.045834 -4.5
    endloop
endfacet
facet normal 0.46818444 0.56003594 -0.68349326
    outer loop
        vertex -48.96164 70.16553 4.5
        vertex -51.191708 61.045834 -4.5
        vertex -54.698273 63.977287 -4.5
    endloop
endfacet
facet normal 0.42030701 0.6009168 -0.67988312
    outer loop
        vertex -52.503765 72.86792 4.5
        vertex -58.325924 66.7575 -4.5
        vertex -56.154633 75.42149 4.5
    endloop
endfacet
facet normal 0.39672515 0.62013096 -0.67679149
    outer loop
        vertex -62.06813 69.381485 -4.5
        vertex -65.918175 71.84453 -4.5
        vertex -59.907997 77.82187 4.5
    endloop
endfacet
facet normal 0.34748688 0.65742731 -0.66861218
    outer loop
        vertex -69.86915 74.1422 -4.5
        vertex -67.69636 82.14687 4.5
        vertex -63.757435 80.06493 4.5
    endloop
endfacet
facet normal 0.31990689 0.67620599 -0.66363025
    outer loop
        vertex -73.91394 76.27036 -4.5
        vertex -77.92899 78.341064 -4.3255386
        vertex -74.82351 81.20259 0.08723056
    endloop
endfacet
facet normal 0.64761043 -0.35974991 0.67169988
    outer loop
        vertex -30.039528 -30.40575 -4.5
        vertex -27.80372 -26.38092 -4.5
        vertex -33.093792 -19.09977 4.5
    endloop
endfacet
facet normal 0.63420743 -0.38951492 0.66787654
    outer loop
        vertex -32.449104 -34.329018 -4.5
        vertex -30.039528 -30.40575 -4.5
        vertex -35.148796 -23.292921 4.5
    endloop
endfacet
facet normal 0.66732353 -0.36580804 0.64874017
    outer loop
        vertex -37.393436 -27.387695 4.5
        vertex -32.449104 -34.329018 -4.5
        vertex -35.148796 -23.292921 4.5
    endloop
endfacet
facet normal 0.65189546 -0.39716473 0.64598173
    outer loop
        vertex -39.823006 -31.375525 4.5
        vertex -35.027847 -38.14323 -4.5
        vertex -37.393436 -27.387695 4.5
    endloop
endfacet
facet normal 0.60416561 -0.44815439 0.65889418
    outer loop
        vertex -39.823006 -31.375525 4.5
        vertex -37.770824 -41.84109 -4.5
        vertex -35.027847 -38.14323 -4.5
    endloop
endfacet
facet normal 0.5875029 -0.47697255 0.6537106
    outer loop
        vertex -37.770824 -41.84109 -4.5
        vertex -42.43242 -35.24806 4.5
        vertex -40.67279 -45.41554 -4.5
    endloop
endfacet
facet normal 0.61765867 -0.45862263 0.63887632
    outer loop
        vertex -40.67279 -45.41554 -4.5
        vertex -42.43242 -35.24806 4.5
        vertex -45.21622 -38.997196 4.5
    endloop
endfacet
facet normal 0.59882969 -0.48867056 0.63451093
    outer loop
        vertex -43.72821 -48.859737 -4.5
        vertex -45.21622 -38.997196 4.5
        vertex -48.16858 -42.615093 4.5
    endloop
endfacet
facet normal 0.55082482 -0.53344578 0.6418938
    outer loop
        vertex -46.931236 -52.167114 -4.5
        vertex -43.72821 -48.859737 -4.5
        vertex -48.16858 -42.615093 4.5
    endloop
endfacet
facet normal 0.53078306 -0.56102586 0.63523173
    outer loop
        vertex -50.27575 -55.331337 -4.5
        vertex -46.931236 -52.167114 -4.5
        vertex -51.283314 -46.094173 4.5
    endloop
endfacet
facet normal 0.55768603 -0.54724872 0.62410343
    outer loop
        vertex -54.553913 -49.42715 4.5
        vertex -50.27575 -55.331337 -4.5
        vertex -51.283314 -46.094173 4.5
    endloop
endfacet
facet normal 0.53534859 -0.57570291 0.61803567
    outer loop
        vertex -57.973526 -52.607063 4.5
        vertex -53.755363 -58.346367 -4.5
        vertex -54.553913 -49.42715 4.5
    endloop
endfacet
facet normal 0.48723236 -0.61465591 0.62032467
    outer loop
        vertex -57.973526 -52.607063 4.5
        vertex -57.36342 -61.20644 -4.5
        vertex -53.755363 -58.346367 -4.5
    endloop
endfacet
facet normal 0.46112099 -0.65718961 0.59621245
    outer loop
        vertex -64.937065 -66.44016 -4.5
        vertex -65.23087 -58.481377 4.5
        vertex -69.05342 -61.16349 4.5
    endloop
endfacet
facet normal 0.48707581 -0.63072461 0.60410559
    outer loop
        vertex -65.23087 -58.481377 4.5
        vertex -61.093025 -63.906097 -4.5
        vertex -61.534996 -55.627243 4.5
    endloop
endfacet
facet normal 0.3450253 -0.75463903 0.55810177
    outer loop
        vertex -83.377106 -72.4469 0
        vertex -81.30753 -74.828705 -4.5
        vertex -81.19985 -68.12342 4.5
    endloop
endfacet
facet normal 0.34502262 -0.75463909 0.5581032
    outer loop
        vertex -81.19985 -68.12342 4.5
        vertex -85.44668 -70.06508 4.5
        vertex -83.377106 -72.4469 0
    endloop
endfacet
facet normal 0.32819933 -0.75936651 0.56182528
    outer loop
        vertex -77.08123 -73.00209 -4.5
        vertex -81.19985 -68.12342 4.5
        vertex -81.30753 -74.828705 -4.5
    endloop
endfacet
facet normal 0.37589177 -0.73167789 0.56864119
    outer loop
        vertex -77.08123 -73.00209 -4.5
        vertex -77.04627 -65.98956 4.5
        vertex -81.19985 -68.12342 4.5
    endloop
endfacet
facet normal 0.35768268 -0.73730713 0.57309806
    outer loop
        vertex -77.08123 -73.00209 -4.5
        vertex -72.938805 -70.992516 -4.5
        vertex -77.04627 -65.98956 4.5
    endloop
endfacet
facet normal 0.40553316 -0.70773232 0.57849616
    outer loop
        vertex -77.04627 -65.98956 4.5
        vertex -72.938805 -70.992516 -4.5
        vertex -72.99464 -63.66796 4.5
    endloop
endfacet
facet normal 0.38597816 -0.71432829 0.58374292
    outer loop
        vertex -72.99464 -63.66796 4.5
        vertex -72.938805 -70.992516 -4.5
        vertex -68.888176 -68.80381 -4.5
    endloop
endfacet
facet normal 0.43394092 -0.68288064 0.58768147
    outer loop
        vertex -69.05342 -61.16349 4.5
        vertex -72.99464 -63.66796 4.5
        vertex -68.888176 -68.80381 -4.5
    endloop
endfacet
facet normal 0.41307777 -0.69050741 0.59377289
    outer loop
        vertex -64.937065 -66.44016 -4.5
        vertex -69.05342 -61.16349 4.5
        vertex -68.888176 -68.80381 -4.5
    endloop
endfacet
facet normal 0.43898249 -0.66591269 0.60320365
    outer loop
        vertex -61.093025 -63.906097 -4.5
        vertex -65.23087 -58.481377 4.5
        vertex -64.937065 -66.44016 -4.5
    endloop
endfacet
facet normal 0.51181507 -0.60354489 0.61137462
    outer loop
        vertex -57.973526 -52.607063 4.5
        vertex -61.534996 -55.627243 4.5
        vertex -57.36342 -61.20644 -4.5
    endloop
endfacet
facet normal 0.50958931 -0.58811158 0.62804735
    outer loop
        vertex -54.553913 -49.42715 4.5
        vertex -53.755363 -58.346367 -4.5
        vertex -50.27575 -55.331337 -4.5
    endloop
endfacet
facet normal 0.57884324 -0.51822406 0.62959057
    outer loop
        vertex -51.283314 -46.094173 4.5
        vertex -46.931236 -52.167114 -4.5
        vertex -48.16858 -42.615093 4.5
    endloop
endfacet
facet normal 0.56972593 -0.50541568 0.648049
    outer loop
        vertex -43.72821 -48.859737 -4.5
        vertex -40.67279 -45.41554 -4.5
        vertex -45.21622 -38.997196 4.5
    endloop
endfacet
facet normal 0.63534409 -0.4281112 0.64269644
    outer loop
        vertex -37.770824 -41.84109 -4.5
        vertex -39.823006 -31.375525 4.5
        vertex -42.43242 -35.24806 4.5
    endloop
endfacet
facet normal 0.68163878 -0.33406147 0.65097749
    outer loop
        vertex -35.148796 -23.292921 4.5
        vertex -30.039528 -30.40575 -4.5
        vertex -33.093792 -19.09977 4.5
    endloop
endfacet
facet normal 0.46370062 -0.64060754 0.6120488
    outer loop
        vertex -57.36342 -61.20644 -4.5
        vertex -61.534996 -55.627243 4.5
        vertex -61.093025 -63.906097 -4.5
    endloop
endfacet
facet normal 0.61972982 -0.4189918 0.66361189
    outer loop
        vertex -32.449104 -34.329018 -4.5
        vertex -37.393436 -27.387695 4.5
        vertex -35.027847 -38.14323 -4.5
    endloop
endfacet
facet normal 0.76197547 -0.2055054 0.61413413
    outer loop
        vertex -35.94992 -17.736107 -4.5
        vertex -35.44493 -15.8637 -4.5
        vertex -41.239975 -10.454959 4.5
    endloop
endfacet
facet normal 0.90872169 0.22830307 0.34943172
    outer loop
        vertex -35.494144 -21.556204 -4.5
        vertex -35.966682 -19.675346 -4.5
        vertex -40.784206 -14.275054 4.5
    endloop
endfacet
facet normal 0.85944331 -0.00742858 0.511177
    outer loop
        vertex -41.25674 -12.394196 4.5
        vertex -35.966682 -19.675346 -4.5
        vertex -35.94992 -17.736107 -4.5
    endloop
endfacet
facet normal 0.87014443 0.47640723 0.12603562
    outer loop
        vertex -34.562817 -23.257248 -4.5
        vertex -35.494144 -21.556204 -4.5
        vertex -39.852875 -15.976095 4.5
    endloop
endfacet
facet normal 0.85944283 -0.00743028 0.51117784
    outer loop
        vertex -41.239975 -10.454959 4.5
        vertex -41.25674 -12.394196 4.5
        vertex -35.94992 -17.736107 -4.5
    endloop
endfacet
facet normal 0.7219798 0.68033803 -0.12603658
    outer loop
        vertex -39.852875 -15.976095 4.5
        vertex -33.232822 -24.668648 -4.5
        vertex -34.562817 -23.257248 -4.5
    endloop
endfacet
facet normal 0.72198206 0.68033624 -0.12603325
    outer loop
        vertex -39.852875 -15.976095 4.5
        vertex -38.52289 -17.387495 4.5
        vertex -33.232822 -24.668648 -4.5
    endloop
endfacet
facet normal 0.49793708 0.79369664 -0.34943417
    outer loop
        vertex -38.52289 -17.387495 4.5
        vertex -36.880104 -18.41812 4.5
        vertex -31.59004 -25.699272 -4.5
    endloop
endfacet
facet normal 0.04001762 0.78818637 -0.61413419
    outer loop
        vertex -35.0306 -19.001434 4.5
        vertex -33.093792 -19.09977 4.5
        vertex -27.80372 -26.38092 -4.5
    endloop
endfacet
facet normal 0.04001675 0.78818601 -0.61413461
    outer loop
        vertex -29.740534 -26.282587 -4.5
        vertex -35.0306 -19.001434 4.5
        vertex -27.80372 -26.38092 -4.5
    endloop
endfacet
facet normal 0.25851747 0.81967425 -0.51117784
    outer loop
        vertex -29.740534 -26.282587 -4.5
        vertex -36.880104 -18.41812 4.5
        vertex -35.0306 -19.001434 4.5
    endloop
endfacet
facet normal 0.25851667 0.81967431 -0.51117826
    outer loop
        vertex -29.740534 -26.282587 -4.5
        vertex -31.59004 -25.699272 -4.5
        vertex -36.880104 -18.41812 4.5
    endloop
endfacet
facet normal 0.49793759 0.79369658 -0.34943372
    outer loop
        vertex -31.59004 -25.699272 -4.5
        vertex -33.232822 -24.668648 -4.5
        vertex -38.52289 -17.387495 4.5
    endloop
endfacet
facet normal 0.87014341 0.47640941 0.12603372
    outer loop
        vertex -35.494144 -21.556204 -4.5
        vertex -40.784206 -14.275054 4.5
        vertex -39.852875 -15.976095 4.5
    endloop
endfacet
facet normal 0.76197839 -0.20549974 0.61413252
    outer loop
        vertex -41.239975 -10.454959 4.5
        vertex -35.44493 -15.8637 -4.5
        vertex -40.735 -8.58255 4.5
    endloop
endfacet
facet normal 0.9087218 0.22830112 0.3494328
    outer loop
        vertex -35.966682 -19.675346 -4.5
        vertex -41.25674 -12.394196 4.5
        vertex -40.784206 -14.275054 4.5
    endloop
endfacet
facet normal 0 -0 -1
    outer loop
        vertex -29.740534 -26.282587 -4.5
        vertex -27.80372 -26.38092 -4.5
        vertex -30.039528 -30.40575 -4.5
    endloop
endfacet
facet normal -0 0 -1
    outer loop
        vertex -29.740534 -26.282587 -4.5
        vertex -30.039528 -30.40575 -4.5
        vertex -31.59004 -25.699272 -4.5
    endloop
endfacet
facet normal 0 0 -1
    outer loop
        vertex -30.039528 -30.40575 -4.5
        vertex -33.232822 -24.668648 -4.5
        vertex -31.59004 -25.699272 -4.5
    endloop
endfacet
facet normal 0 0 -1
    outer loop
        vertex -32.449104 -34.329018 -4.5
        vertex -33.232822 -24.668648 -4.5
        vertex -30.039528 -30.40575 -4.5
    endloop
endfacet
facet normal 0 0 -0.99999994
    outer loop
        vertex -34.562817 -23.257248 -4.5
        vertex -33.232822 -24.668648 -4.5
        vertex -32.449104 -34.329018 -4.5
    endloop
endfacet
facet normal 0 -0 -1
    outer loop
        vertex -34.562817 -23.257248 -4.5
        vertex -32.449104 -34.329018 -4.5
        vertex -35.027847 -38.14323 -4.5
    endloop
endfacet
facet normal -0 0 -1
    outer loop
        vertex -34.562817 -23.257248 -4.5
        vertex -35.027847 -38.14323 -4.5
        vertex -48.814304 -18.870298 -4.5
    endloop
endfacet
facet normal -0 0 -1
    outer loop
        vertex -35.027847 -38.14323 -4.5
        vertex -37.770824 -41.84109 -4.5
        vertex -48.814304 -18.870298 -4.5
    endloop
endfacet
facet normal 0 0 -0.99999994
    outer loop
        vertex -37.770824 -41.84109 -4.5
        vertex -53.1725 -20.247093 -4.5
        vertex -48.814304 -18.870298 -4.5
    endloop
endfacet
facet normal -0 0 -1
    outer loop
        vertex -40.67279 -45.41554 -4.5
        vertex -43.72821 -48.859737 -4.5
        vertex -61.694386 -23.548248 -4.5
    endloop
endfacet
facet normal 0 0 -1
    outer loop
        vertex -43.72821 -48.859737 -4.5
        vertex -65.84277 -25.466679 -4.5
        vertex -61.694386 -23.548248 -4.5
    endloop
endfacet
facet normal -0 0 -1
    outer loop
        vertex -46.931236 -52.167114 -4.5
        vertex -50.27575 -55.331337 -4.5
        vertex -69.90612 -27.559185 -4.5
    endloop
endfacet
facet normal 0 0 -1
    outer loop
        vertex -50.27575 -55.331337 -4.5
        vertex -73.87715 -29.822008 -4.5
        vertex -69.90612 -27.559185 -4.5
    endloop
endfacet
facet normal 0 0 -1
    outer loop
        vertex -85.165825 -37.59025 -4.5
        vertex -81.51386 -34.842052 -4.5
        vertex -61.093025 -63.906097 -4.5
    endloop
endfacet
facet normal -0 0 -1
    outer loop
        vertex -53.755363 -58.346367 -4.5
        vertex -57.36342 -61.20644 -4.5
        vertex -77.74872 -32.251087 -4.5
    endloop
endfacet
facet normal 0 0 -0.99999994
    outer loop
        vertex -64.937065 -66.44016 -4.5
        vertex -85.165825 -37.59025 -4.5
        vertex -61.093025 -63.906097 -4.5
    endloop
endfacet
facet normal 0 0 -1
    outer loop
        vertex -88.698044 -40.490738 -4.5
        vertex -85.165825 -37.59025 -4.5
        vertex -64.937065 -66.44016 -4.5
    endloop
endfacet
facet normal 0 0 -1
    outer loop
        vertex -83.820786 -72.00226 -4.5
        vertex -77.08123 -73.00209 -4.5
        vertex -81.30753 -74.828705 -4.5
    endloop
endfacet
facet normal 0 0 -1
    outer loop
        vertex -90.76013 -63.030525 -4.5
        vertex -88.698044 -40.490738 -4.5
        vertex -68.888176 -68.80381 -4.5
    endloop
endfacet
facet normal -0 0 -1
    outer loop
        vertex -72.938805 -70.992516 -4.5
        vertex -77.08123 -73.00209 -4.5
        vertex -86.23584 -69.09146 -4.5
    endloop
endfacet
facet normal 0 0 -1
    outer loop
        vertex -96.74324 -53.39471 -4.5
        vertex -95.37809 -46.727497 -4.5
        vertex -94.85923 -56.6743 -4.5
    endloop
endfacet
facet normal -0 0 -1
    outer loop
        vertex -68.888176 -68.80381 -4.5
        vertex -72.938805 -70.992516 -4.5
        vertex -88.54986 -66.09972 -4.5
    endloop
endfacet
facet normal 0 0 -1
    outer loop
        vertex -96.74324 -53.39471 -4.5
        vertex -98.51392 -50.052563 -4.5
        vertex -95.37809 -46.727497 -4.5
    endloop
endfacet
facet normal 0 -0 -1
    outer loop
        vertex -92.10417 -43.538315 -4.5
        vertex -88.698044 -40.490738 -4.5
        vertex -92.86408 -59.887493 -4.5
    endloop
endfacet
facet normal 0 0 -1
    outer loop
        vertex -95.37809 -46.727497 -4.5
        vertex -92.10417 -43.538315 -4.5
        vertex -94.85923 -56.6743 -4.5
    endloop
endfacet
facet normal 0 0 -1
    outer loop
        vertex -92.10417 -43.538315 -4.5
        vertex -92.86408 -59.887493 -4.5
        vertex -94.85923 -56.6743 -4.5
    endloop
endfacet
facet normal 0 0 -1
    outer loop
        vertex -88.698044 -40.490738 -4.5
        vertex -90.76013 -63.030525 -4.5
        vertex -92.86408 -59.887493 -4.5
    endloop
endfacet
facet normal 0 0 -0.99999994
    outer loop
        vertex -88.54986 -66.09972 -4.5
        vertex -90.76013 -63.030525 -4.5
        vertex -68.888176 -68.80381 -4.5
    endloop
endfacet
facet normal 0 0 -0.99999994
    outer loop
        vertex -86.23584 -69.09146 -4.5
        vertex -88.54986 -66.09972 -4.5
        vertex -72.938805 -70.992516 -4.5
    endloop
endfacet
facet normal 0 0 -1
    outer loop
        vertex -83.820786 -72.00226 -4.5
        vertex -86.23584 -69.09146 -4.5
        vertex -77.08123 -73.00209 -4.5
    endloop
endfacet
facet normal -0 0 -1
    outer loop
        vertex -64.937065 -66.44016 -4.5
        vertex -68.888176 -68.80381 -4.5
        vertex -88.698044 -40.490738 -4.5
    endloop
endfacet
facet normal 0 -0 -1
    outer loop
        vertex -77.74872 -32.251087 -4.5
        vertex -57.36342 -61.20644 -4.5
        vertex -81.51386 -34.842052 -4.5
    endloop
endfacet
facet normal 0 0 -1
    outer loop
        vertex -73.87715 -29.822008 -4.5
        vertex -50.27575 -55.331337 -4.5
        vertex -53.755363 -58.346367 -4.5
    endloop
endfacet
facet normal -0 0 -1
    outer loop
        vertex -57.36342 -61.20644 -4.5
        vertex -61.093025 -63.906097 -4.5
        vertex -81.51386 -34.842052 -4.5
    endloop
endfacet
facet normal 0 -0 -1
    outer loop
        vertex -73.87715 -29.822008 -4.5
        vertex -53.755363 -58.346367 -4.5
        vertex -77.74872 -32.251087 -4.5
    endloop
endfacet
facet normal 0 0 -0.99999994
    outer loop
        vertex -57.468433 -21.807344 -4.5
        vertex -53.1725 -20.247093 -4.5
        vertex -40.67279 -45.41554 -4.5
    endloop
endfacet
facet normal 0 0 -1
    outer loop
        vertex -39.942547 -16.676632 -4.5
        vertex -35.44493 -15.8637 -4.5
        vertex -35.94992 -17.736107 -4.5
    endloop
endfacet
facet normal -0 0 -0.99999994
    outer loop
        vertex -35.94992 -17.736107 -4.5
        vertex -35.966682 -19.675346 -4.5
        vertex -39.942547 -16.676632 -4.5
    endloop
endfacet
facet normal -0 -0 -1
    outer loop
        vertex -35.966682 -19.675346 -4.5
        vertex -35.494144 -21.556204 -4.5
        vertex -39.942547 -16.676632 -4.5
    endloop
endfacet
facet normal 0 0 -1
    outer loop
        vertex -44.40168 -17.67943 -4.5
        vertex -39.942547 -16.676632 -4.5
        vertex -35.494144 -21.556204 -4.5
    endloop
endfacet
facet normal 0 0 -1
    outer loop
        vertex -44.40168 -17.67943 -4.5
        vertex -35.494144 -21.556204 -4.5
        vertex -34.562817 -23.257248 -4.5
    endloop
endfacet
facet normal 0 -0 -1
    outer loop
        vertex -44.40168 -17.67943 -4.5
        vertex -34.562817 -23.257248 -4.5
        vertex -48.814304 -18.870298 -4.5
    endloop
endfacet
facet normal 0 0 -1
    outer loop
        vertex -65.84277 -25.466679 -4.5
        vertex -43.72821 -48.859737 -4.5
        vertex -46.931236 -52.167114 -4.5
    endloop
endfacet
facet normal 0 -0 -1
    outer loop
        vertex -65.84277 -25.466679 -4.5
        vertex -46.931236 -52.167114 -4.5
        vertex -69.90612 -27.559185 -4.5
    endloop
endfacet
facet normal 0 0 -1
    outer loop
        vertex -61.694386 -23.548248 -4.5
        vertex -57.468433 -21.807344 -4.5
        vertex -40.67279 -45.41554 -4.5
    endloop
endfacet
facet normal 0 0 -1
    outer loop
        vertex -40.67279 -45.41554 -4.5
        vertex -53.1725 -20.247093 -4.5
        vertex -37.770824 -41.84109 -4.5
    endloop
endfacet
facet normal 0 0 1
    outer loop
        vertex -35.0306 -19.001434 4.5
        vertex -35.148796 -23.292921 4.5
        vertex -33.093792 -19.09977 4.5
    endloop
endfacet
facet normal 0 0 1
    outer loop
        vertex -35.0306 -19.001434 4.5
        vertex -36.880104 -18.41812 4.5
        vertex -35.148796 -23.292921 4.5
    endloop
endfacet
facet normal 0 0 1
    outer loop
        vertex -35.148796 -23.292921 4.5
        vertex -36.880104 -18.41812 4.5
        vertex -38.52289 -17.387495 4.5
    endloop
endfacet
facet normal 0 -0 1
    outer loop
        vertex -37.393436 -27.387695 4.5
        vertex -35.148796 -23.292921 4.5
        vertex -38.52289 -17.387495 4.5
    endloop
endfacet
facet normal 0 0 1
    outer loop
        vertex -39.852875 -15.976095 4.5
        vertex -37.393436 -27.387695 4.5
        vertex -38.52289 -17.387495 4.5
    endloop
endfacet
facet normal 0 0 1
    outer loop
        vertex -39.852875 -15.976095 4.5
        vertex -39.823006 -31.375525 4.5
        vertex -37.393436 -27.387695 4.5
    endloop
endfacet
facet normal 0 0 0.99999994
    outer loop
        vertex -39.852875 -15.976095 4.5
        vertex -53.73366 -11.661033 4.5
        vertex -39.823006 -31.375525 4.5
    endloop
endfacet
facet normal 0 0 1
    outer loop
        vertex -39.823006 -31.375525 4.5
        vertex -53.73366 -11.661033 4.5
        vertex -57.969326 -13.042599 4.5
    endloop
endfacet
facet normal 0 -0 1
    outer loop
        vertex -42.43242 -35.24806 4.5
        vertex -39.823006 -31.375525 4.5
        vertex -57.969326 -13.042599 4.5
    endloop
endfacet
facet normal 0 0 1
    outer loop
        vertex -45.21622 -38.997196 4.5
        vertex -66.2512 -16.325111 4.5
        vertex -48.16858 -42.615093 4.5
    endloop
endfacet
facet normal 0 0 1
    outer loop
        vertex -48.16858 -42.615093 4.5
        vertex -66.2512 -16.325111 4.5
        vertex -70.28323 -18.220438 4.5
    endloop
endfacet
facet normal 0 0 1
    outer loop
        vertex -51.283314 -46.094173 4.5
        vertex -70.28323 -18.220438 4.5
        vertex -74.23342 -20.280916 4.5
    endloop
endfacet
facet normal 0 0 1
    outer loop
        vertex -54.553913 -49.42715 4.5
        vertex -74.23342 -20.280916 4.5
        vertex -78.095 -22.50302 4.5
    endloop
endfacet
facet normal 0 0 1
    outer loop
        vertex -57.973526 -52.607063 4.5
        vertex -81.86137 -24.882946 4.5
        vertex -61.534996 -55.627243 4.5
    endloop
endfacet
facet normal -0 0 1
    outer loop
        vertex -85.52607 -27.41662 4.5
        vertex -61.534996 -55.627243 4.5
        vertex -81.86137 -24.882946 4.5
    endloop
endfacet
facet normal 0 -0 1
    outer loop
        vertex -69.05342 -61.16349 4.5
        vertex -65.23087 -58.481377 4.5
        vertex -89.08285 -30.099707 4.5
    endloop
endfacet
facet normal -0 0 1
    outer loop
        vertex -92.5256 -32.927612 4.5
        vertex -69.05342 -61.16349 4.5
        vertex -89.08285 -30.099707 4.5
    endloop
endfacet
facet normal -0 0 1
    outer loop
        vertex -94.806305 -56.762794 4.5
        vertex -69.05342 -61.16349 4.5
        vertex -92.5256 -32.927612 4.5
    endloop
endfacet
facet normal 0 0 1
    outer loop
        vertex -90.37158 -63.586384 4.5
        vertex -87.96879 -66.871086 4.5
        vertex -81.19985 -68.12342 4.5
    endloop
endfacet
facet normal 0 0 1
    outer loop
        vertex -92.65178 -60.215427 4.5
        vertex -77.04627 -65.98956 4.5
        vertex -72.99464 -63.66796 4.5
    endloop
endfacet
facet normal 0 0 1
    outer loop
        vertex -77.04627 -65.98956 4.5
        vertex -90.37158 -63.586384 4.5
        vertex -81.19985 -68.12342 4.5
    endloop
endfacet
facet normal -0 0 1
    outer loop
        vertex -100.48746 -45.962166 4.5
        vertex -98.7268 -49.63133 4.5
        vertex -99.045654 -38.998283 4.5
    endloop
endfacet
facet normal 0 -0 0.99999994
    outer loop
        vertex -100.48746 -45.962166 4.5
        vertex -99.045654 -38.998283 4.5
        vertex -102.11181 -42.23066 4.5
    endloop
endfacet
facet normal -0 0 1
    outer loop
        vertex -95.84843 -35.8955 4.5
        vertex -96.83223 -53.233166 4.5
        vertex -92.5256 -32.927612 4.5
    endloop
endfacet
facet normal -0 0 1
    outer loop
        vertex -99.045654 -38.998283 4.5
        vertex -98.7268 -49.63133 4.5
        vertex -95.84843 -35.8955 4.5
    endloop
endfacet
facet normal 0 0 1
    outer loop
        vertex -95.84843 -35.8955 4.5
        vertex -98.7268 -49.63133 4.5
        vertex -96.83223 -53.233166 4.5
    endloop
endfacet
facet normal 0 0 1
    outer loop
        vertex -92.5256 -32.927612 4.5
        vertex -96.83223 -53.233166 4.5
        vertex -94.806305 -56.762794 4.5
    endloop
endfacet
facet normal 0 -0 1
    outer loop
        vertex -72.99464 -63.66796 4.5
        vertex -69.05342 -61.16349 4.5
        vertex -94.806305 -56.762794 4.5
    endloop
endfacet
facet normal -0 -0 1
    outer loop
        vertex -90.37158 -63.586384 4.5
        vertex -77.04627 -65.98956 4.5
        vertex -92.65178 -60.215427 4.5
    endloop
endfacet
facet normal 0 0 0.99999994
    outer loop
        vertex -94.806305 -56.762794 4.5
        vertex -92.65178 -60.215427 4.5
        vertex -72.99464 -63.66796 4.5
    endloop
endfacet
facet normal 0 0 1
    outer loop
        vertex -81.19985 -68.12342 4.5
        vertex -87.96879 -66.871086 4.5
        vertex -85.44668 -70.06508 4.5
    endloop
endfacet
facet normal 0 0 1
    outer loop
        vertex -85.52607 -27.41662 4.5
        vertex -89.08285 -30.099707 4.5
        vertex -65.23087 -58.481377 4.5
    endloop
endfacet
facet normal -0 0 1
    outer loop
        vertex -81.86137 -24.882946 4.5
        vertex -57.973526 -52.607063 4.5
        vertex -78.095 -22.50302 4.5
    endloop
endfacet
facet normal 0 0 1
    outer loop
        vertex -61.534996 -55.627243 4.5
        vertex -85.52607 -27.41662 4.5
        vertex -65.23087 -58.481377 4.5
    endloop
endfacet
facet normal 0 0 1
    outer loop
        vertex -78.095 -22.50302 4.5
        vertex -57.973526 -52.607063 4.5
        vertex -54.553913 -49.42715 4.5
    endloop
endfacet
facet normal 0 0 1
    outer loop
        vertex -62.14422 -14.598179 4.5
        vertex -45.21622 -38.997196 4.5
        vertex -42.43242 -35.24806 4.5
    endloop
endfacet
facet normal -0 0 1
    outer loop
        vertex -45.10912 -9.429101 4.5
        vertex -41.239975 -10.454959 4.5
        vertex -40.735 -8.58255 4.5
    endloop
endfacet
facet normal 0 0 0.99999994
    outer loop
        vertex -41.239975 -10.454959 4.5
        vertex -45.10912 -9.429101 4.5
        vertex -41.25674 -12.394196 4.5
    endloop
endfacet
facet normal 0 0 1
    outer loop
        vertex -41.25674 -12.394196 4.5
        vertex -45.10912 -9.429101 4.5
        vertex -40.784206 -14.275054 4.5
    endloop
endfacet
facet normal -0 0 1
    outer loop
        vertex -49.44448 -10.455847 4.5
        vertex -40.784206 -14.275054 4.5
        vertex -45.10912 -9.429101 4.5
    endloop
endfacet
facet normal 0 0 1
    outer loop
        vertex -49.44448 -10.455847 4.5
        vertex -39.852875 -15.976095 4.5
        vertex -40.784206 -14.275054 4.5
    endloop
endfacet
facet normal 0 0 1
    outer loop
        vertex -49.44448 -10.455847 4.5
        vertex -53.73366 -11.661033 4.5
        vertex -39.852875 -15.976095 4.5
    endloop
endfacet
facet normal 0 0 1
    outer loop
        vertex -74.23342 -20.280916 4.5
        vertex -54.553913 -49.42715 4.5
        vertex -51.283314 -46.094173 4.5
    endloop
endfacet
facet normal 0 0 1
    outer loop
        vertex -70.28323 -18.220438 4.5
        vertex -51.283314 -46.094173 4.5
        vertex -48.16858 -42.615093 4.5
    endloop
endfacet
facet normal -0 0 1
    outer loop
        vertex -62.14422 -14.598179 4.5
        vertex -42.43242 -35.24806 4.5
        vertex -57.969326 -13.042599 4.5
    endloop
endfacet
facet normal 0 0 1
    outer loop
        vertex -45.21622 -38.997196 4.5
        vertex -62.14422 -14.598179 4.5
        vertex -66.2512 -16.325111 4.5
    endloop
endfacet
facet normal -0.54425341 0.51320928 -0.66362983
    outer loop
        vertex -100.34928 -46.069786 0.08558554
        vertex -102.11181 -42.23066 4.5
        vertex -95.37809 -46.727497 -4.5
    endloop
endfacet
facet normal -0.54469687 0.51369774 -0.66288757
    outer loop
        vertex -98.51392 -50.052563 -4.5
        vertex -98.58676 -49.908913 -4.328829
        vertex -95.37809 -46.727497 -4.5
    endloop
endfacet
facet normal -0.54285038 0.51493478 -0.66344213
    outer loop
        vertex -95.37809 -46.727497 -4.5
        vertex -102.11181 -42.23066 4.5
        vertex -99.045654 -38.998283 4.5
    endloop
endfacet
facet normal -0.51877624 0.53255999 -0.66876835
    outer loop
        vertex -92.10417 -43.538315 -4.5
        vertex -95.37809 -46.727497 -4.5
        vertex -99.045654 -38.998283 4.5
    endloop
endfacet
facet normal -0.49309865 0.55111229 -0.67314845
    outer loop
        vertex -88.698044 -40.490738 -4.5
        vertex -92.10417 -43.538315 -4.5
        vertex -95.84843 -35.8955 4.5
    endloop
endfacet
facet normal -0.49267617 0.55159742 -0.67306054
    outer loop
        vertex -92.5256 -32.927612 4.5
        vertex -88.698044 -40.490738 -4.5
        vertex -95.84843 -35.8955 4.5
    endloop
endfacet
facet normal -0.46726146 0.5688535 -0.6768105
    outer loop
        vertex -89.08285 -30.099707 4.5
        vertex -85.165825 -37.59025 -4.5
        vertex -92.5256 -32.927612 4.5
    endloop
endfacet
facet normal -0.44102991 0.58606631 -0.67971981
    outer loop
        vertex -89.08285 -30.099707 4.5
        vertex -81.51386 -34.842052 -4.5
        vertex -85.165825 -37.59025 -4.5
    endloop
endfacet
facet normal -0.41462281 0.60252243 -0.68194908
    outer loop
        vertex -85.52607 -27.41662 4.5
        vertex -77.74872 -32.251087 -4.5
        vertex -81.51386 -34.842052 -4.5
    endloop
endfacet
facet normal -0.41575515 0.60134774 -0.68229663
    outer loop
        vertex -85.52607 -27.41662 4.5
        vertex -81.86137 -24.882946 4.5
        vertex -77.74872 -32.251087 -4.5
    endloop
endfacet
facet normal -0.3896431 0.61663169 -0.68406403
    outer loop
        vertex -81.86137 -24.882946 4.5
        vertex -78.095 -22.50302 4.5
        vertex -73.87715 -29.822008 -4.5
    endloop
endfacet
facet normal -0.36327413 0.63129926 -0.6851958
    outer loop
        vertex -78.095 -22.50302 4.5
        vertex -74.23342 -20.280916 4.5
        vertex -69.90612 -27.559185 -4.5
    endloop
endfacet
facet normal -0.33373851 0.64807224 -0.68455899
    outer loop
        vertex -69.90612 -27.559185 -4.5
        vertex -74.23342 -20.280916 4.5
        vertex -65.84277 -25.466679 -4.5
    endloop
endfacet
facet normal -0.30616027 0.66203684 -0.68408561
    outer loop
        vertex -65.84277 -25.466679 -4.5
        vertex -70.28323 -18.220438 4.5
        vertex -61.694386 -23.548248 -4.5
    endloop
endfacet
facet normal -0.3097004 0.6588434 -0.68557358
    outer loop
        vertex -61.694386 -23.548248 -4.5
        vertex -70.28323 -18.220438 4.5
        vertex -66.2512 -16.325111 4.5
    endloop
endfacet
facet normal -0.28245842 0.67174053 -0.68482262
    outer loop
        vertex -57.468433 -21.807344 -4.5
        vertex -66.2512 -16.325111 4.5
        vertex -62.14422 -14.598179 4.5
    endloop
endfacet
facet normal -0.24994735 0.68819493 -0.68111241
    outer loop
        vertex -53.1725 -20.247093 -4.5
        vertex -57.468433 -21.807344 -4.5
        vertex -62.14422 -14.598179 4.5
    endloop
endfacet
facet normal -0.14081538 0.7275914 -0.67140275
    outer loop
        vertex -45.10912 -9.429101 4.5
        vertex -40.735 -8.58255 4.5
        vertex -35.44493 -15.8637 -4.5
    endloop
endfacet
facet normal -0.13256507 0.73342752 -0.66671622
    outer loop
        vertex -39.942547 -16.676632 -4.5
        vertex -45.10912 -9.429101 4.5
        vertex -35.44493 -15.8637 -4.5
    endloop
endfacet
facet normal -0.16994603 0.7175855 -0.67541802
    outer loop
        vertex -39.942547 -16.676632 -4.5
        vertex -49.44448 -10.455847 4.5
        vertex -45.10912 -9.429101 4.5
    endloop
endfacet
facet normal -0.16259773 0.72302186 -0.67141742
    outer loop
        vertex -39.942547 -16.676632 -4.5
        vertex -44.40168 -17.67943 -4.5
        vertex -49.44448 -10.455847 4.5
    endloop
endfacet
facet normal -0.19865189 0.70698959 -0.67875105
    outer loop
        vertex -49.44448 -10.455847 4.5
        vertex -44.40168 -17.67943 -4.5
        vertex -53.73366 -11.661033 4.5
    endloop
endfacet
facet normal -0.19215459 0.71200657 -0.67536896
    outer loop
        vertex -53.73366 -11.661033 4.5
        vertex -44.40168 -17.67943 -4.5
        vertex -48.814304 -18.870298 -4.5
    endloop
endfacet
facet normal -0.22695671 0.6958136 -0.68142068
    outer loop
        vertex -57.969326 -13.042599 4.5
        vertex -53.73366 -11.661033 4.5
        vertex -48.814304 -18.870298 -4.5
    endloop
endfacet
facet normal -0.2212614 0.70039529 -0.67859405
    outer loop
        vertex -53.1725 -20.247093 -4.5
        vertex -57.969326 -13.042599 4.5
        vertex -48.814304 -18.870298 -4.5
    endloop
endfacet
facet normal -0.25488454 0.68406332 -0.68344069
    outer loop
        vertex -53.1725 -20.247093 -4.5
        vertex -62.14422 -14.598179 4.5
        vertex -57.969326 -13.042599 4.5
    endloop
endfacet
facet normal -0.27823842 0.67540908 -0.68293917
    outer loop
        vertex -61.694386 -23.548248 -4.5
        vertex -66.2512 -16.325111 4.5
        vertex -57.468433 -21.807344 -4.5
    endloop
endfacet
facet normal -0.33663264 0.64536577 -0.68569779
    outer loop
        vertex -74.23342 -20.280916 4.5
        vertex -70.28323 -18.220438 4.5
        vertex -65.84277 -25.466679 -4.5
    endloop
endfacet
facet normal -0.36099353 0.63350821 -0.68436176
    outer loop
        vertex -78.095 -22.50302 4.5
        vertex -69.90612 -27.559185 -4.5
        vertex -73.87715 -29.822008 -4.5
    endloop
endfacet
facet normal -0.38794947 0.61832994 -0.68349355
    outer loop
        vertex -81.86137 -24.882946 4.5
        vertex -73.87715 -29.822008 -4.5
        vertex -77.74872 -32.251087 -4.5
    endloop
endfacet
facet normal -0.44162354 0.58542913 -0.67988324
    outer loop
        vertex -85.52607 -27.41662 4.5
        vertex -81.51386 -34.842052 -4.5
        vertex -89.08285 -30.099707 4.5
    endloop
endfacet
facet normal -0.46718508 0.56893837 -0.67679197
    outer loop
        vertex -85.165825 -37.59025 -4.5
        vertex -88.698044 -40.490738 -4.5
        vertex -92.5256 -32.927612 4.5
    endloop
endfacet
facet normal -0.5178715 0.53363472 -0.66861272
    outer loop
        vertex -92.10417 -43.538315 -4.5
        vertex -99.045654 -38.998283 4.5
        vertex -95.84843 -35.8955 4.5
    endloop
endfacet
facet normal -0.54425293 0.51321012 -0.66362941
    outer loop
        vertex -95.37809 -46.727497 -4.5
        vertex -98.58676 -49.908913 -4.328829
        vertex -100.34928 -46.069786 0.08558554
    endloop
endfacet
facet normal 0.54226524 0.50474495 0.6717
    outer loop
        vertex 19.634867 -37.965183 -4.5
        vertex 16.49793 -34.595062 -4.5
        vertex 7.9384203 -37.37622 4.5
    endloop
endfacet
facet normal 0.5664314 0.48280069 0.6678763
    outer loop
        vertex 22.621517 -41.46918 -4.5
        vertex 19.634867 -37.965183 -4.5
        vertex 11.291315 -40.6264 4.5
    endloop
endfacet
facet normal 0.55411845 0.52162153 0.64874017
    outer loop
        vertex 14.492045 -44.026535 4.5
        vertex 22.621517 -41.46918 -4.5
        vertex 11.291315 -40.6264 4.5
    endloop
endfacet
facet normal 0.57917297 0.49725822 0.64598215
    outer loop
        vertex 17.533915 -47.5695 4.5
        vertex 25.452173 -45.100365 -4.5
        vertex 14.492045 -44.026535 4.5
    endloop
endfacet
facet normal 0.61291754 0.43610814 0.65889436
    outer loop
        vertex 17.533915 -47.5695 4.5
        vertex 28.121422 -48.851795 -4.5
        vertex 25.452173 -45.100365 -4.5
    endloop
endfacet
facet normal 0.63517642 0.4113552 0.65371078
    outer loop
        vertex 20.410563 -51.24788 4.5
        vertex 30.624165 -52.716297 -4.5
        vertex 28.121422 -48.851795 -4.5
    endloop
endfacet
facet normal 0.62704307 0.44570681 0.63887596
    outer loop
        vertex 20.410563 -51.24788 4.5
        vertex 23.115963 -55.053974 4.5
        vertex 30.624165 -52.716297 -4.5
    endloop
endfacet
facet normal 0.64980191 0.41851252 0.63451129
    outer loop
        vertex 23.115963 -55.053974 4.5
        vertex 25.644455 -58.979828 4.5
        vertex 32.95562 -56.686485 -4.5
    endloop
endfacet
facet normal 0.67755109 0.35902148 0.6418941
    outer loop
        vertex 32.95562 -56.686485 -4.5
        vertex 25.644455 -58.979828 4.5
        vertex 35.111332 -60.75478 -4.5
    endloop
endfacet
facet normal 0.69758791 0.33143833 0.63523209
    outer loop
        vertex 35.111332 -60.75478 -4.5
        vertex 27.99075 -63.017212 4.5
        vertex 37.087177 -64.9134 -4.5
    endloop
endfacet
facet normal 0.6927985 0.36128223 0.62410367
    outer loop
        vertex 37.087177 -64.9134 -4.5
        vertex 27.99075 -63.017212 4.5
        vertex 30.149933 -67.157684 4.5
    endloop
endfacet
facet normal 0.71295762 0.3312448 0.61803579
    outer loop
        vertex 38.87938 -69.1544 -4.5
        vertex 30.149933 -67.157684 4.5
        vertex 32.11749 -71.39257 4.5
    endloop
endfacet
facet normal 0.7351355 0.27344614 0.62032485
    outer loop
        vertex 40.48452 -73.46968 -4.5
        vertex 38.87938 -69.1544 -4.5
        vertex 32.11749 -71.39257 4.5
    endloop
endfacet
facet normal 0.75254571 0.24304573 0.61204892
    outer loop
        vertex 41.89953 -77.85099 -4.5
        vertex 40.48452 -73.46968 -4.5
        vertex 33.889297 -75.71302 4.5
    endloop
endfacet
facet normal 0.75036967 0.26833194 0.60410541
    outer loop
        vertex 35.46165 -80.109985 4.5
        vertex 41.89953 -77.85099 -4.5
        vertex 33.889297 -75.71302 4.5
    endloop
endfacet
facet normal 0.76751858 0.2354691 0.59621269
    outer loop
        vertex 36.831257 -84.57426 4.5
        vertex 43.1217 -82.289955 -4.5
        vertex 35.46165 -80.109985 4.5
    endloop
endfacet
facet normal 0.82432294 0.09494055 0.55810219
    outer loop
        vertex 43.13615 -101.68366 0
        vertex 46.04092 -100.4514 -4.5
        vertex 39.69709 -98.27694 4.5
    endloop
endfacet
facet normal 0.82432294 0.09494055 0.55810225
    outer loop
        vertex 39.69709 -98.27694 4.5
        vertex 40.23138 -102.915924 4.5
        vertex 43.13615 -101.68366 0
    endloop
endfacet
facet normal 0.8236196 0.07747826 0.56182545
    outer loop
        vertex 45.60971 -95.8675 -4.5
        vertex 39.69709 -98.27694 4.5
        vertex 46.04092 -100.4514 -4.5
    endloop
endfacet
facet normal 0.8120237 0.13139388 0.56864154
    outer loop
        vertex 45.60971 -95.8675 -4.5
        vertex 38.951195 -93.66725 4.5
        vertex 39.69709 -98.27694 4.5
    endloop
endfacet
facet normal 0.81175047 0.11233698 0.57309824
    outer loop
        vertex 45.60971 -95.8675 -4.5
        vertex 44.978565 -91.30682 -4.5
        vertex 38.951195 -93.66725 4.5
    endloop
endfacet
facet normal 0.79841024 0.16698293 0.57849616
    outer loop
        vertex 38.951195 -93.66725 4.5
        vertex 44.978565 -91.30682 -4.5
        vertex 37.99525 -89.09651 4.5
    endloop
endfacet
facet normal 0.79864055 0.14634635 0.58374298
    outer loop
        vertex 37.99525 -89.09651 4.5
        vertex 44.978565 -91.30682 -4.5
        vertex 44.1487 -86.77809 -4.5
    endloop
endfacet
facet normal 0.783553 0.20168054 0.58768159
    outer loop
        vertex 36.831257 -84.57426 4.5
        vertex 37.99525 -89.09651 4.5
        vertex 44.1487 -86.77809 -4.5
    endloop
endfacet
facet normal 0.78435946 0.17948152 0.59377319
    outer loop
        vertex 43.1217 -82.289955 -4.5
        vertex 36.831257 -84.57426 4.5
        vertex 44.1487 -86.77809 -4.5
    endloop
endfacet
facet normal 0.76897341 0.21171999 0.60320348
    outer loop
        vertex 41.89953 -77.85099 -4.5
        vertex 35.46165 -80.109985 4.5
        vertex 43.1217 -82.289955 -4.5
    endloop
endfacet
facet normal 0.73216468 0.30025941 0.61137474
    outer loop
        vertex 32.11749 -71.39257 4.5
        vertex 33.889297 -75.71302 4.5
        vertex 40.48452 -73.46968 -4.5
    endloop
endfacet
facet normal 0.71679902 0.30291137 0.6280477
    outer loop
        vertex 30.149933 -67.157684 4.5
        vertex 38.87938 -69.1544 -4.5
        vertex 37.087177 -64.9134 -4.5
    endloop
endfacet
facet normal 0.67173266 0.39037222 0.62959093
    outer loop
        vertex 27.99075 -63.017212 4.5
        vertex 35.111332 -60.75478 -4.5
        vertex 25.644455 -58.979828 4.5
    endloop
endfacet
facet normal 0.65673351 0.38566053 0.64804864
    outer loop
        vertex 32.95562 -56.686485 -4.5
        vertex 30.624165 -52.716297 -4.5
        vertex 23.115963 -55.053974 4.5
    endloop
endfacet
facet normal 0.60348988 0.47195461 0.6426965
    outer loop
        vertex 28.121422 -48.851795 -4.5
        vertex 17.533915 -47.5695 4.5
        vertex 20.410563 -51.24788 4.5
    endloop
endfacet
facet normal 0.52834916 0.54504657 0.65097725
    outer loop
        vertex 11.291315 -40.6264 4.5
        vertex 19.634867 -37.965183 -4.5
        vertex 7.9384203 -37.37622 4.5
    endloop
endfacet
facet normal 0.58999181 0.45992273 0.66361189
    outer loop
        vertex 22.621517 -41.46918 -4.5
        vertex 14.492045 -44.026535 4.5
        vertex 25.452173 -45.100365 -4.5
    endloop
endfacet
facet normal 0.43091056 0.66117662 0.61413479
    outer loop
        vertex 5.758904 -39.67116 -4.5
        vertex 4.1341896 -38.61228 -4.5
        vertex -2.800596 -42.452316 4.5
    endloop
endfacet
facet normal 0.06367897 0.93479621 0.34942946
    outer loop
        vertex 9.532875 -40.41817 -4.5
        vertex -0.9614533 -43.067516 4.5
        vertex 0.9733704 -43.199318 4.5
    endloop
endfacet
facet normal 0.27264816 0.81508267 0.51117814
    outer loop
        vertex -0.9614533 -43.067516 4.5
        vertex 7.5980487 -40.28636 -4.5
        vertex -2.800596 -42.452316 4.5
    endloop
endfacet
facet normal -0.1842002 0.9747743 0.12603688
    outer loop
        vertex 11.438461 -40.058075 -4.5
        vertex 0.9733704 -43.199318 4.5
        vertex 2.8789532 -42.839226 4.5
    endloop
endfacet
facet normal 0.27264801 0.81508291 0.51117808
    outer loop
        vertex -2.800596 -42.452316 4.5
        vertex 7.5980487 -40.28636 -4.5
        vertex 5.758904 -39.67116 -4.5
    endloop
endfacet
facet normal -0.60097814 0.71883392 -0.34943247
    outer loop
        vertex 6.1200914 -40.76658 4.5
        vertex 14.679605 -37.985424 -4.5
        vertex 13.1917715 -39.22932 -4.5
    endloop
endfacet
facet normal -0.42393672 0.8968792 -0.12603679
    outer loop
        vertex 11.438461 -40.058075 -4.5
        vertex 4.6322613 -42.010475 4.5
        vertex 13.1917715 -39.22932 -4.5
    endloop
endfacet
facet normal -0.73724353 0.28162336 -0.61413378
    outer loop
        vertex 15.805897 -36.406693 -4.5
        vertex 7.9384203 -37.37622 4.5
        vertex 16.49793 -34.595062 -4.5
    endloop
endfacet
facet normal -0.73724329 0.28162482 -0.61413342
    outer loop
        vertex 15.805897 -36.406693 -4.5
        vertex 7.246383 -39.187847 4.5
        vertex 7.9384203 -37.37622 4.5
    endloop
endfacet
facet normal -0.69967073 0.49915627 -0.51117891
    outer loop
        vertex 15.805897 -36.406693 -4.5
        vertex 14.679605 -37.985424 -4.5
        vertex 7.246383 -39.187847 4.5
    endloop
endfacet
facet normal -0.69967085 0.49915609 -0.51117903
    outer loop
        vertex 7.246383 -39.187847 4.5
        vertex 14.679605 -37.985424 -4.5
        vertex 6.1200914 -40.76658 4.5
    endloop
endfacet
facet normal -0.60097867 0.71883327 -0.34943295
    outer loop
        vertex 6.1200914 -40.76658 4.5
        vertex 13.1917715 -39.22932 -4.5
        vertex 4.6322613 -42.010475 4.5
    endloop
endfacet
facet normal -0.18420175 0.97477436 0.126035
    outer loop
        vertex 9.532875 -40.41817 -4.5
        vertex 0.9733704 -43.199318 4.5
        vertex 11.438461 -40.058075 -4.5
    endloop
endfacet
facet normal 0.43090966 0.66117752 0.61413449
    outer loop
        vertex -2.800596 -42.452316 4.5
        vertex 4.1341896 -38.61228 -4.5
        vertex -4.42531 -41.39344 4.5
    endloop
endfacet
facet normal 0.0636825 0.93479466 0.34943324
    outer loop
        vertex 7.5980487 -40.28636 -4.5
        vertex -0.9614533 -43.067516 4.5
        vertex 9.532875 -40.41817 -4.5
    endloop
endfacet
facet normal -0.42393562 0.89687985 -0.12603581
    outer loop
        vertex 2.8789532 -42.839226 4.5
        vertex 4.6322613 -42.010475 4.5
        vertex 11.438461 -40.058075 -4.5
    endloop
endfacet
facet normal 0 0 -1
    outer loop
        vertex 15.805897 -36.406693 -4.5
        vertex 16.49793 -34.595062 -4.5
        vertex 19.634867 -37.965183 -4.5
    endloop
endfacet
facet normal 0 -0 -1
    outer loop
        vertex 15.805897 -36.406693 -4.5
        vertex 19.634867 -37.965183 -4.5
        vertex 14.679605 -37.985424 -4.5
    endloop
endfacet
facet normal 0 0 -1
    outer loop
        vertex 19.634867 -37.965183 -4.5
        vertex 13.1917715 -39.22932 -4.5
        vertex 14.679605 -37.985424 -4.5
    endloop
endfacet
facet normal 0 0 -1
    outer loop
        vertex 22.621517 -41.46918 -4.5
        vertex 13.1917715 -39.22932 -4.5
        vertex 19.634867 -37.965183 -4.5
    endloop
endfacet
facet normal 0 0 -1
    outer loop
        vertex 11.438461 -40.058075 -4.5
        vertex 13.1917715 -39.22932 -4.5
        vertex 22.621517 -41.46918 -4.5
    endloop
endfacet
facet normal 0 0 -1
    outer loop
        vertex 11.438461 -40.058075 -4.5
        vertex 22.621517 -41.46918 -4.5
        vertex 25.452173 -45.100365 -4.5
    endloop
endfacet
facet normal 0 0 -1
    outer loop
        vertex 2.8622706 -52.256397 -4.5
        vertex 25.452173 -45.100365 -4.5
        vertex 28.121422 -48.851795 -4.5
    endloop
endfacet
facet normal 0 -0 -0.99999994
    outer loop
        vertex 2.8622706 -52.256397 -4.5
        vertex 28.121422 -48.851795 -4.5
        vertex 2.8249254 -56.826744 -4.5
    endloop
endfacet
facet normal 0 -0 -1
    outer loop
        vertex 28.121422 -48.851795 -4.5
        vertex 30.624165 -52.716297 -4.5
        vertex 2.8249254 -56.826744 -4.5
    endloop
endfacet
facet normal 0 -0 -1
    outer loop
        vertex 30.624165 -52.716297 -4.5
        vertex 32.95562 -56.686485 -4.5
        vertex 3.3311038 -65.95165 -4.5
    endloop
endfacet
facet normal 0 0 -1
    outer loop
        vertex 32.95562 -56.686485 -4.5
        vertex 3.873718 -70.48982 -4.5
        vertex 3.3311038 -65.95165 -4.5
    endloop
endfacet
facet normal 0 0 -1
    outer loop
        vertex 4.6081643 -75.00092 -4.5
        vertex 37.087177 -64.9134 -4.5
        vertex 5.5331235 -79.476845 -4.5
    endloop
endfacet
facet normal 0 -0 -1
    outer loop
        vertex 35.111332 -60.75478 -4.5
        vertex 37.087177 -64.9134 -4.5
        vertex 4.6081643 -75.00092 -4.5
    endloop
endfacet
facet normal 0 0 -1
    outer loop
        vertex 6.646933 -83.909546 -4.5
        vertex 38.87938 -69.1544 -4.5
        vertex 40.48452 -73.46968 -4.5
    endloop
endfacet
facet normal 0 0 -1
    outer loop
        vertex 6.646933 -83.909546 -4.5
        vertex 40.48452 -73.46968 -4.5
        vertex 7.9475923 -88.29107 -4.5
    endloop
endfacet
facet normal -0 0 -1
    outer loop
        vertex 43.1217 -82.289955 -4.5
        vertex 9.432764 -92.61353 -4.5
        vertex 41.89953 -77.85099 -4.5
    endloop
endfacet
facet normal 0 0 -1
    outer loop
        vertex 9.432764 -92.61353 -4.5
        vertex 7.9475923 -88.29107 -4.5
        vertex 41.89953 -77.85099 -4.5
    endloop
endfacet
facet normal -0 0 -1
    outer loop
        vertex 44.1487 -86.77809 -4.5
        vertex 11.099779 -96.86918 -4.5
        vertex 43.1217 -82.289955 -4.5
    endloop
endfacet
facet normal 0 0 -0.99999994
    outer loop
        vertex 44.1487 -86.77809 -4.5
        vertex 31.89917 -105.795525 -4.5
        vertex 11.099779 -96.86918 -4.5
    endloop
endfacet
facet normal 0 0 -1
    outer loop
        vertex 39.061546 -103.36559 -4.5
        vertex 44.978565 -91.30682 -4.5
        vertex 45.60971 -95.8675 -4.5
    endloop
endfacet
facet normal 0 0 -1
    outer loop
        vertex 12.945644 -101.05035 -4.5
        vertex 11.099779 -96.86918 -4.5
        vertex 28.259815 -106.82525 -4.5
    endloop
endfacet
facet normal -0 0 -1
    outer loop
        vertex 20.88608 -108.50816 -4.5
        vertex 17.16034 -109.159386 -4.5
        vertex 14.967041 -105.14954 -4.5
    endloop
endfacet
facet normal -0 0 -1
    outer loop
        vertex 24.58735 -107.729805 -4.5
        vertex 20.88608 -108.50816 -4.5
        vertex 14.967041 -105.14954 -4.5
    endloop
endfacet
facet normal 0 0 -1
    outer loop
        vertex 24.58735 -107.729805 -4.5
        vertex 14.967041 -105.14954 -4.5
        vertex 12.945644 -101.05035 -4.5
    endloop
endfacet
facet normal 0 0 -1
    outer loop
        vertex 24.58735 -107.729805 -4.5
        vertex 12.945644 -101.05035 -4.5
        vertex 28.259815 -106.82525 -4.5
    endloop
endfacet
facet normal 0 0 -1
    outer loop
        vertex 31.89917 -105.795525 -4.5
        vertex 44.1487 -86.77809 -4.5
        vertex 35.501156 -104.64185 -4.5
    endloop
endfacet
facet normal 0 0 -1
    outer loop
        vertex 28.259815 -106.82525 -4.5
        vertex 11.099779 -96.86918 -4.5
        vertex 31.89917 -105.795525 -4.5
    endloop
endfacet
facet normal 0 0 -0.99999994
    outer loop
        vertex 44.978565 -91.30682 -4.5
        vertex 39.061546 -103.36559 -4.5
        vertex 35.501156 -104.64185 -4.5
    endloop
endfacet
facet normal -0 0 -1
    outer loop
        vertex 44.978565 -91.30682 -4.5
        vertex 35.501156 -104.64185 -4.5
        vertex 44.1487 -86.77809 -4.5
    endloop
endfacet
facet normal 0 0 -1
    outer loop
        vertex 45.60971 -95.8675 -4.5
        vertex 42.576176 -101.96823 -4.5
        vertex 39.061546 -103.36559 -4.5
    endloop
endfacet
facet normal 0 -0 -1
    outer loop
        vertex 45.60971 -95.8675 -4.5
        vertex 46.04092 -100.4514 -4.5
        vertex 42.576176 -101.96823 -4.5
    endloop
endfacet
facet normal 0 0 -1
    outer loop
        vertex 9.432764 -92.61353 -4.5
        vertex 43.1217 -82.289955 -4.5
        vertex 11.099779 -96.86918 -4.5
    endloop
endfacet
facet normal 0 0 -1
    outer loop
        vertex 7.9475923 -88.29107 -4.5
        vertex 40.48452 -73.46968 -4.5
        vertex 41.89953 -77.85099 -4.5
    endloop
endfacet
facet normal 0 0 -1
    outer loop
        vertex 5.5331235 -79.476845 -4.5
        vertex 37.087177 -64.9134 -4.5
        vertex 38.87938 -69.1544 -4.5
    endloop
endfacet
facet normal 0 0 -1
    outer loop
        vertex 3.3311038 -65.95165 -4.5
        vertex 2.9812968 -61.39456 -4.5
        vertex 30.624165 -52.716297 -4.5
    endloop
endfacet
facet normal 0 -0 -1
    outer loop
        vertex 4.1341896 -38.61228 -4.5
        vertex 5.758904 -39.67116 -4.5
        vertex 3.5174942 -43.14098 -4.5
    endloop
endfacet
facet normal 0 0 -1
    outer loop
        vertex 11.438461 -40.058075 -4.5
        vertex 3.0932653 -47.691742 -4.5
        vertex 9.532875 -40.41817 -4.5
    endloop
endfacet
facet normal 0 -0 -1
    outer loop
        vertex 5.758904 -39.67116 -4.5
        vertex 7.5980487 -40.28636 -4.5
        vertex 3.5174942 -43.14098 -4.5
    endloop
endfacet
facet normal 0 -0 -0.99999994
    outer loop
        vertex 7.5980487 -40.28636 -4.5
        vertex 9.532875 -40.41817 -4.5
        vertex 3.5174942 -43.14098 -4.5
    endloop
endfacet
facet normal 0 0 -1
    outer loop
        vertex 9.532875 -40.41817 -4.5
        vertex 3.0932653 -47.691742 -4.5
        vertex 3.5174942 -43.14098 -4.5
    endloop
endfacet
facet normal 0 0 -0.99999994
    outer loop
        vertex 30.624165 -52.716297 -4.5
        vertex 2.9812968 -61.39456 -4.5
        vertex 2.8249254 -56.826744 -4.5
    endloop
endfacet
facet normal 0 -0 -1
    outer loop
        vertex 3.0932653 -47.691742 -4.5
        vertex 11.438461 -40.058075 -4.5
        vertex 2.8622706 -52.256397 -4.5
    endloop
endfacet
facet normal 0 0 -1
    outer loop
        vertex 3.873718 -70.48982 -4.5
        vertex 35.111332 -60.75478 -4.5
        vertex 4.6081643 -75.00092 -4.5
    endloop
endfacet
facet normal -0 0 -1
    outer loop
        vertex 25.452173 -45.100365 -4.5
        vertex 2.8622706 -52.256397 -4.5
        vertex 11.438461 -40.058075 -4.5
    endloop
endfacet
facet normal 0 0 -1
    outer loop
        vertex 6.646933 -83.909546 -4.5
        vertex 5.5331235 -79.476845 -4.5
        vertex 38.87938 -69.1544 -4.5
    endloop
endfacet
facet normal 0 0 -1
    outer loop
        vertex 3.873718 -70.48982 -4.5
        vertex 32.95562 -56.686485 -4.5
        vertex 35.111332 -60.75478 -4.5
    endloop
endfacet
facet normal -0 0 1
    outer loop
        vertex 7.246383 -39.187847 4.5
        vertex 11.291315 -40.6264 4.5
        vertex 7.9384203 -37.37622 4.5
    endloop
endfacet
facet normal 0 0 1
    outer loop
        vertex 7.246383 -39.187847 4.5
        vertex 6.1200914 -40.76658 4.5
        vertex 11.291315 -40.6264 4.5
    endloop
endfacet
facet normal 0 0 1
    outer loop
        vertex 11.291315 -40.6264 4.5
        vertex 6.1200914 -40.76658 4.5
        vertex 4.6322613 -42.010475 4.5
    endloop
endfacet
facet normal 0 0 1
    outer loop
        vertex 14.492045 -44.026535 4.5
        vertex 11.291315 -40.6264 4.5
        vertex 4.6322613 -42.010475 4.5
    endloop
endfacet
facet normal -0 0 1
    outer loop
        vertex 2.8789532 -42.839226 4.5
        vertex 14.492045 -44.026535 4.5
        vertex 4.6322613 -42.010475 4.5
    endloop
endfacet
facet normal 0 0 1
    outer loop
        vertex 2.8789532 -42.839226 4.5
        vertex 17.533915 -47.5695 4.5
        vertex 14.492045 -44.026535 4.5
    endloop
endfacet
facet normal 0 0 1
    outer loop
        vertex 2.8789532 -42.839226 4.5
        vertex -5.5143156 -54.707207 4.5
        vertex 17.533915 -47.5695 4.5
    endloop
endfacet
facet normal 0 0 1
    outer loop
        vertex 17.533915 -47.5695 4.5
        vertex -5.509261 -59.162487 4.5
        vertex 20.410563 -51.24788 4.5
    endloop
endfacet
facet normal -0 0 1
    outer loop
        vertex -5.31993 -63.61375 4.5
        vertex -4.946647 -68.05337 4.5
        vertex 23.115963 -55.053974 4.5
    endloop
endfacet
facet normal 0 0 1
    outer loop
        vertex 23.115963 -55.053974 4.5
        vertex -4.946647 -68.05337 4.5
        vertex 25.644455 -58.979828 4.5
    endloop
endfacet
facet normal 0 0 1
    outer loop
        vertex 25.644455 -58.979828 4.5
        vertex -4.946647 -68.05337 4.5
        vertex -4.3900514 -72.47375 4.5
    endloop
endfacet
facet normal -0 0 1
    outer loop
        vertex -3.6510954 -76.867325 4.5
        vertex -2.7310433 -81.22657 4.5
        vertex 30.149933 -67.157684 4.5
    endloop
endfacet
facet normal 0 0 1
    outer loop
        vertex 27.99075 -63.017212 4.5
        vertex -3.6510954 -76.867325 4.5
        vertex 30.149933 -67.157684 4.5
    endloop
endfacet
facet normal 0 0 1
    outer loop
        vertex -1.6314708 -85.544044 4.5
        vertex 33.889297 -75.71302 4.5
        vertex 32.11749 -71.39257 4.5
    endloop
endfacet
facet normal -0 0 1
    outer loop
        vertex -1.6314708 -85.544044 4.5
        vertex -0.35425907 -89.81233 4.5
        vertex 33.889297 -75.71302 4.5
    endloop
endfacet
facet normal 0 0 1
    outer loop
        vertex 35.46165 -80.109985 4.5
        vertex -0.35425907 -89.81233 4.5
        vertex 1.0984055 -94.02414 4.5
    endloop
endfacet
facet normal 0 0 0.99999994
    outer loop
        vertex 36.831257 -84.57426 4.5
        vertex 35.46165 -80.109985 4.5
        vertex 1.0984055 -94.02414 4.5
    endloop
endfacet
facet normal 0 0 1
    outer loop
        vertex 40.23138 -102.915924 4.5
        vertex 39.69709 -98.27694 4.5
        vertex 36.414333 -104.32759 4.5
    endloop
endfacet
facet normal 0 -0 1
    outer loop
        vertex 36.414333 -104.32759 4.5
        vertex 39.69709 -98.27694 4.5
        vertex 32.547894 -105.59775 4.5
    endloop
endfacet
facet normal 0 0 1
    outer loop
        vertex 32.547894 -105.59775 4.5
        vertex 39.69709 -98.27694 4.5
        vertex 38.951195 -93.66725 4.5
    endloop
endfacet
facet normal -0 -0 0.99999994
    outer loop
        vertex 4.5198517 -102.24959 4.5
        vertex 20.704945 -108.54288 4.5
        vertex 2.7240365 -98.17226 4.5
    endloop
endfacet
facet normal 0 0 1
    outer loop
        vertex 12.660285 -109.77234 4.5
        vertex 6.482777 -106.249146 4.5
        vertex 8.60946 -110.16409 4.5
    endloop
endfacet
facet normal 0 0 1
    outer loop
        vertex 16.69394 -109.23169 4.5
        vertex 6.482777 -106.249146 4.5
        vertex 12.660285 -109.77234 4.5
    endloop
endfacet
facet normal 0 0 1
    outer loop
        vertex 16.69394 -109.23169 4.5
        vertex 4.5198517 -102.24959 4.5
        vertex 6.482777 -106.249146 4.5
    endloop
endfacet
facet normal 0 0 0.99999994
    outer loop
        vertex 24.68787 -107.706825 4.5
        vertex 2.7240365 -98.17226 4.5
        vertex 20.704945 -108.54288 4.5
    endloop
endfacet
facet normal 0 -0 1
    outer loop
        vertex 16.69394 -109.23169 4.5
        vertex 20.704945 -108.54288 4.5
        vertex 4.5198517 -102.24959 4.5
    endloop
endfacet
facet normal 0 0 0.99999994
    outer loop
        vertex 24.68787 -107.706825 4.5
        vertex 37.99525 -89.09651 4.5
        vertex 36.831257 -84.57426 4.5
    endloop
endfacet
facet normal 0 0 1
    outer loop
        vertex 38.951195 -93.66725 4.5
        vertex 28.637302 -106.72467 4.5
        vertex 32.547894 -105.59775 4.5
    endloop
endfacet
facet normal 0 0 1
    outer loop
        vertex 38.951195 -93.66725 4.5
        vertex 37.99525 -89.09651 4.5
        vertex 28.637302 -106.72467 4.5
    endloop
endfacet
facet normal 0 -0 0.99999994
    outer loop
        vertex 28.637302 -106.72467 4.5
        vertex 37.99525 -89.09651 4.5
        vertex 24.68787 -107.706825 4.5
    endloop
endfacet
facet normal -0 0 1
    outer loop
        vertex 2.7240365 -98.17226 4.5
        vertex 24.68787 -107.706825 4.5
        vertex 36.831257 -84.57426 4.5
    endloop
endfacet
facet normal -0 0 1
    outer loop
        vertex 1.0984055 -94.02414 4.5
        vertex 2.7240365 -98.17226 4.5
        vertex 36.831257 -84.57426 4.5
    endloop
endfacet
facet normal 0 0 1
    outer loop
        vertex -0.35425907 -89.81233 4.5
        vertex 35.46165 -80.109985 4.5
        vertex 33.889297 -75.71302 4.5
    endloop
endfacet
facet normal 0 -0 1
    outer loop
        vertex -1.6314708 -85.544044 4.5
        vertex 32.11749 -71.39257 4.5
        vertex -2.7310433 -81.22657 4.5
    endloop
endfacet
facet normal 0 -0 1
    outer loop
        vertex -5.31993 -63.61375 4.5
        vertex 20.410563 -51.24788 4.5
        vertex -5.509261 -59.162487 4.5
    endloop
endfacet
facet normal 0 0 0.99999994
    outer loop
        vertex -4.42531 -41.39344 4.5
        vertex -4.971878 -45.81507 4.5
        vertex -2.800596 -42.452316 4.5
    endloop
endfacet
facet normal 0 0 1
    outer loop
        vertex 2.8789532 -42.839226 4.5
        vertex 0.9733704 -43.199318 4.5
        vertex -5.335086 -50.255527 4.5
    endloop
endfacet
facet normal 0 0 1
    outer loop
        vertex -2.800596 -42.452316 4.5
        vertex -4.971878 -45.81507 4.5
        vertex -0.9614533 -43.067516 4.5
    endloop
endfacet
facet normal 0 0 1
    outer loop
        vertex -0.9614533 -43.067516 4.5
        vertex -4.971878 -45.81507 4.5
        vertex 0.9733704 -43.199318 4.5
    endloop
endfacet
facet normal 0 0 1
    outer loop
        vertex 0.9733704 -43.199318 4.5
        vertex -4.971878 -45.81507 4.5
        vertex -5.335086 -50.255527 4.5
    endloop
endfacet
facet normal 0 0 1
    outer loop
        vertex 23.115963 -55.053974 4.5
        vertex 20.410563 -51.24788 4.5
        vertex -5.31993 -63.61375 4.5
    endloop
endfacet
facet normal -0 0 0.99999994
    outer loop
        vertex -5.335086 -50.255527 4.5
        vertex -5.5143156 -54.707207 4.5
        vertex 2.8789532 -42.839226 4.5
    endloop
endfacet
facet normal 0 0 1
    outer loop
        vertex -4.3900514 -72.47375 4.5
        vertex 27.99075 -63.017212 4.5
        vertex 25.644455 -58.979828 4.5
    endloop
endfacet
facet normal 0 -0 1
    outer loop
        vertex -5.509261 -59.162487 4.5
        vertex 17.533915 -47.5695 4.5
        vertex -5.5143156 -54.707207 4.5
    endloop
endfacet
facet normal 0 0 1
    outer loop
        vertex 32.11749 -71.39257 4.5
        vertex 30.149933 -67.157684 4.5
        vertex -2.7310433 -81.22657 4.5
    endloop
endfacet
facet normal 0 -0 1
    outer loop
        vertex -3.6510954 -76.867325 4.5
        vertex 27.99075 -63.017212 4.5
        vertex -4.3900514 -72.47375 4.5
    endloop
endfacet
facet normal -0.65627557 -0.35902375 -0.66362971
    outer loop
        vertex 12.805335 -109.674194 0.0855872
        vertex 8.60946 -110.16409 4.5
        vertex 14.967041 -105.14954 -4.5
    endloop
endfacet
facet normal -0.65685898 -0.35928795 -0.66290909
    outer loop
        vertex 17.16034 -109.159386 -4.5
        vertex 17.00121 -109.18429 -4.3288255
        vertex 14.967041 -105.14954 -4.5
    endloop
endfacet
facet normal -0.65748179 -0.35715821 -0.66344237
    outer loop
        vertex 14.967041 -105.14954 -4.5
        vertex 8.60946 -110.16409 4.5
        vertex 6.482777 -106.249146 4.5
    endloop
endfacet
facet normal -0.66680527 -0.32881507 -0.66876864
    outer loop
        vertex 12.945644 -101.05035 -4.5
        vertex 14.967041 -105.14954 -4.5
        vertex 6.482777 -106.249146 4.5
    endloop
endfacet
facet normal -0.67651451 -0.29866171 -0.67314875
    outer loop
        vertex 11.099779 -96.86918 -4.5
        vertex 12.945644 -101.05035 -4.5
        vertex 4.5198517 -102.24959 4.5
    endloop
endfacet
facet normal -0.67684579 -0.29810917 -0.67306066
    outer loop
        vertex 2.7240365 -98.17226 4.5
        vertex 11.099779 -96.86918 -4.5
        vertex 4.5198517 -102.24959 4.5
    endloop
endfacet
facet normal -0.68540335 -0.26860693 -0.67681062
    outer loop
        vertex 1.0984055 -94.02414 4.5
        vertex 9.432764 -92.61353 -4.5
        vertex 2.7240365 -98.17226 4.5
    endloop
endfacet
facet normal -0.69366771 -0.23833987 -0.67971992
    outer loop
        vertex 1.0984055 -94.02414 4.5
        vertex 7.9475923 -88.29107 -4.5
        vertex 9.432764 -92.61353 -4.5
    endloop
endfacet
facet normal -0.70115817 -0.20813945 -0.68194956
    outer loop
        vertex -0.35425907 -89.81233 4.5
        vertex 6.646933 -83.909546 -4.5
        vertex 7.9475923 -88.29107 -4.5
    endloop
endfacet
facet normal -0.70039058 -0.20957984 -0.68229711
    outer loop
        vertex -0.35425907 -89.81233 4.5
        vertex -1.6314708 -85.544044 4.5
        vertex 6.646933 -83.909546 -4.5
    endloop
endfacet
facet normal -0.70685774 -0.18002222 -0.68406445
    outer loop
        vertex -1.6314708 -85.544044 4.5
        vertex -2.7310433 -81.22657 4.5
        vertex 5.5331235 -79.476845 -4.5
    endloop
endfacet
facet normal -0.71265888 -0.1504121 -0.68519598
    outer loop
        vertex -2.7310433 -81.22657 4.5
        vertex -3.6510954 -76.867325 4.5
        vertex 4.6081643 -75.00092 -4.5
    endloop
endfacet
facet normal -0.71948409 -0.11713824 -0.68455929
    outer loop
        vertex 4.6081643 -75.00092 -4.5
        vertex -3.6510954 -76.867325 4.5
        vertex 3.873718 -70.48982 -4.5
    endloop
endfacet
facet normal -0.72424275 -0.08659535 -0.68408602
    outer loop
        vertex 3.873718 -70.48982 -4.5
        vertex -4.3900514 -72.47375 4.5
        vertex 3.3311038 -65.95165 -4.5
    endloop
endfacet
facet normal -0.72229964 -0.09094895 -0.68557394
    outer loop
        vertex 3.3311038 -65.95165 -4.5
        vertex -4.3900514 -72.47375 4.5
        vertex -4.946647 -68.05337 4.5
    endloop
endfacet
facet normal -0.72614735 -0.06105425 -0.6848228
    outer loop
        vertex 2.9812968 -61.39456 -4.5
        vertex -4.946647 -68.05337 4.5
        vertex -5.31993 -63.61375 4.5
    endloop
endfacet
facet normal -0.73174995 -0.0250502 -0.68111265
    outer loop
        vertex 2.8249254 -56.826744 -4.5
        vertex 2.9812968 -61.39456 -4.5
        vertex -5.31993 -63.61375 4.5
    endloop
endfacet
facet normal -0.73549539 0.09091627 -0.67140216
    outer loop
        vertex -4.971878 -45.81507 4.5
        vertex -4.42531 -41.39344 4.5
        vertex 4.1341896 -38.61228 -4.5
    endloop
endfacet
facet normal -0.73849583 0.10056466 -0.66671634
    outer loop
        vertex 3.5174942 -43.14098 -4.5
        vertex -4.971878 -45.81507 4.5
        vertex 4.1341896 -38.61228 -4.5
    endloop
endfacet
facet normal -0.7349804 0.06011778 -0.67541802
    outer loop
        vertex 3.5174942 -43.14098 -4.5
        vertex -5.335086 -50.255527 4.5
        vertex -4.971878 -45.81507 4.5
    endloop
endfacet
facet normal -0.73787999 0.06878629 -0.67141759
    outer loop
        vertex 3.5174942 -43.14098 -4.5
        vertex 3.0932653 -47.691742 -4.5
        vertex -5.335086 -50.255527 4.5
    endloop
endfacet
facet normal -0.73377371 0.02954257 -0.67875129
    outer loop
        vertex -5.335086 -50.255527 4.5
        vertex 3.0932653 -47.691742 -4.5
        vertex -5.5143156 -54.707207 4.5
    endloop
endfacet
facet normal -0.73653746 0.03727261 -0.67536908
    outer loop
        vertex -5.5143156 -54.707207 4.5
        vertex 3.0932653 -47.691742 -4.5
        vertex 2.8622706 -52.256397 -4.5
    endloop
endfacet
facet normal -0.73189145 -0.00083032 -0.68142074
    outer loop
        vertex -5.509261 -59.162487 4.5
        vertex -5.5143156 -54.707207 4.5
        vertex 2.8622706 -52.256397 -4.5
    endloop
endfacet
facet normal -0.73448879 0.00600165 -0.67859429
    outer loop
        vertex 2.8249254 -56.826744 -4.5
        vertex -5.509261 -59.162487 4.5
        vertex 2.8622706 -52.256397 -4.5
    endloop
endfacet
facet normal -0.72934628 -0.03102218 -0.68344092
    outer loop
        vertex 2.8249254 -56.826744 -4.5
        vertex -5.31993 -63.61375 4.5
        vertex -5.509261 -59.162487 4.5
    endloop
endfacet
facet normal -0.72833234 -0.05590755 -0.68293947
    outer loop
        vertex 3.3311038 -65.95165 -4.5
        vertex -4.946647 -68.05337 4.5
        vertex 2.9812968 -61.39456 -4.5
    endloop
endfacet
facet normal -0.71780425 -0.12072752 -0.68569809
    outer loop
        vertex -3.6510954 -76.867325 4.5
        vertex -4.3900514 -72.47375 4.5
        vertex 3.873718 -70.48982 -4.5
    endloop
endfacet
facet normal -0.71405482 -0.14756098 -0.68436205
    outer loop
        vertex -2.7310433 -81.22657 4.5
        vertex 4.6081643 -75.00092 -4.5
        vertex 5.5331235 -79.476845 -4.5
    endloop
endfacet
facet normal -0.70794916 -0.17788726 -0.68349397
    outer loop
        vertex -1.6314708 -85.544044 4.5
        vertex 5.5331235 -79.476845 -4.5
        vertex 6.646933 -83.909546 -4.5
    endloop
endfacet
facet normal -0.69324481 -0.23910215 -0.6798836
    outer loop
        vertex -0.35425907 -89.81233 4.5
        vertex 7.9475923 -88.29107 -4.5
        vertex 1.0984055 -94.02414 4.5
    endloop
endfacet
facet normal -0.68546057 -0.26850757 -0.67679197
    outer loop
        vertex 9.432764 -92.61353 -4.5
        vertex 11.099779 -96.86918 -4.5
        vertex 2.7240365 -98.17226 4.5
    endloop
endfacet
facet normal -0.6675477 -0.32762289 -0.66861308
    outer loop
        vertex 12.945644 -101.05035 -4.5
        vertex 6.482777 -106.249146 4.5
        vertex 4.5198517 -102.24959 4.5
    endloop
endfacet
facet normal -0.65627515 -0.35902417 -0.66362989
    outer loop
        vertex 14.967041 -105.14954 -4.5
        vertex 17.00121 -109.18429 -4.3288255
        vertex 12.805335 -109.674194 0.0855872
    endloop
endfacet
endsolid unnamed
