DBRep_DrawableShape

CASCADE Topology V3, (c) Open Cascade
Locations 3
1
              0               1               0 18.6437190776876 
-5.55111512312578e-17               0               1 -11.2025624833905 
              1               0 5.55111512312578e-17 41.143146607908 
1
              0 0.866025403784439            -0.5               0 
              0            -0.5 -0.866025403784439               0 
             -1               0               0 65.6108128499461 
2  1 1 2 1 0
Curve2ds 380
1 0 23.249999999999996 1 0 
1 0 0.035355339059326626 1 0 
1 3.1415926535897931 0 0 1 
1 3.1415926535897931 0 0 1 
1 3.1415926535897931 62.999999999999986 -1 0 
1 0 -3.1401849173674783e-16 1 0 
1 0 0 0 1 
1 6.2831853071795862 0 0 1 
1 6.2831853071795862 -0.28284271247464088 -1 0 
1 3.1415926535897931 -2.2204460492503131e-16 0 1 
1 3.1415926535897931 -2.2204460492503131e-16 0 1 
1 0 -2.2204460492503131e-16 0 1 
1 6.2831853071795862 -2.2204460492503131e-16 0 1 
1 6.2831853071795862 0 0 1 
1 0 0 0 1 
1 0 7.1999999999999993 1 0 
1 3.1415926535897931 0 0 1 
1 3.1415926535897931 0 0 1 
1 0 3.2000000000000028 1 0 
1 6.2831853071795862 0 0 1 
1 0 0 0 1 
1 0 7.1999999999999993 1 0 
1 3.1415926535897931 0 0 1 
1 3.1415926535897931 0 0 1 
1 0 3.2000000000000028 1 0 
1 6.2831853071795862 0 0 1 
1 0 0 0 1 
1 9.4247779607693793 0.35355339059326996 -1 0 
1 3.1415926535897931 0 0 1 
1 3.1415926535897931 0 0 1 
1 0 0.035355339059326626 1 0 
1 0 23.249999999999996 1 0 
1 3.1415926535897931 -0.70710678118654502 -1 0 
1 3.1415926535897931 2.4424906541753444e-15 0 1 
1 3.1415926535897931 2.4424906541753444e-15 0 1 
1 -3.1415926535897931 0 1 0 
1 -3.1415926535897931 -18.475000000000001 1 0 
1 0 -2.55351295663786e-15 0 1 
1 6.2831853071795862 -2.55351295663786e-15 0 1 
1 6.2831853071795862 -0.70710678118654047 -1 1.7669748230352872e-16 
1 3.1415926535897931 0 0 1 
1 3.1415926535897931 0 0 1 
1 0 0 1 0 
1 0 -24.475000000000012 1 0 
1 0 -1.7763568394002505e-15 0 1 
1 6.2831853071795862 -1.7763568394002505e-15 0 1 
1 0 -14.975000000000001 1 0 
1 3.1415926535897931 0 0 1 
1 3.1415926535897931 0 0 1 
1 0 -13.499999999999996 1 0 
1 0 0 0 1 
1 6.2831853071795862 0 0 1 
1 3.1415926535897931 0 0 1 
1 3.1415926535897931 0 0 1 
1 0 -18.974999999999998 1 0 
1 0 0 0 1 
1 6.2831853071795862 0 0 1 
1 3.1415926535897931 0 0 1 
1 3.1415926535897931 0 0 1 
1 0 -16.975000000000001 1 0 
1 0 0 0 1 
1 6.2831853071795862 0 0 1 
7 0 0  3 25 23  4.5705942757611115 0.38273277063737199  4.5588833597729641 0.38273255149586927  4.5354605759011921 0.38272310221217754  4.5003301088707728 0.38269333955805585  4.4652093281471155 0.38266049922493611  4.4301062655292442 0.38263335854601399  4.3950299212203605 0.38261808272135478  4.3599901029955097 0.38261780160377401  4.3249972450534413 0.38263261587534275  4.2900613507355763 0.3826596062734966  4.2551944442363654 0.38269257895122483  4.2203998639389111 0.3827230410797956  4.1857106989702855 0.38273669539809096  4.1510448462862426 0.38272680115204993  4.1163125224712367 0.38271017265899848  4.0815386637401323 0.38269146308595253  4.0467180829663993 0.38267639648080254  4.0118540073925733 0.38266818957185322  3.9769474781683796 0.38266850417303377  3.9419999122898832 0.38267720722829751  3.9070121517547558 0.38269249068679612  3.8719844086370059 0.38271086595264731  3.836916154972041 0.38272742167902774  3.8135089592541696 0.38273265686375857  3.8017980046777282 0.38273277063736916 
 5.2041704279304213e-18 4 5.3379429289964964e-05 1 0.00010675885857992472 1 0.0001601382878698845 1 0.00021351771715984424 1 0.00026689714644980399 1 0.00032027657573976379 1 0.00037365600502972353 1 0.00042703543431968328 1 0.00048041486360964303 1 0.00053379429289960277 1 0.00058717372218956257 1 0.00064055315147952237 1 0.00069393258076948206 1 0.00074731201005944186 1 0.00080069143934940155 1 0.00085407086863936135 1 0.00090745029792932115 1 0.00096082972721928085 1 0.0010142091565092405 1 0.0010675885857992003 1 0.0011209680150891601 1 0.0011743474443791199 4
7 0 0  3 25 23  1 0.18895188037332841  0.98550987357122866 0.18906994784311382  0.95632371219362045 0.18930529205085467  0.91199011306075806 0.18965610584244744  0.86716440668238759 0.19000489416221611  0.82191275823425824 0.19035180825382389  0.77630329794025654 0.19069698684855194  0.73040587412467539 0.19104055744828313  0.684291596547424 0.19138263839795577  0.63803121706531474 0.19172334914886063  0.59169816247662077 0.192062786405654  0.54535400790806632 0.19240112806828588  0.499099519030334 0.19273825970948133  0.45288105682870161 0.19307518279344094  0.40663458275810266 0.19341297291430692  0.36044948645118491 0.19375159323015961  0.31437526205758048 0.19409130220168033  0.26847282795795291 0.19443227959063725  0.22280029050687428 0.1947747298996319  0.17741627523284684 0.19511885799974857  0.13237858729820431 0.19546487887506397  0.087744086640852231 0.19581301912122964  0.043568528913941751 0.19616351782629624  0.014459865904527254 0.19639893180882256  0 0.19651711863594934 
 5.2041704279304213e-18 4 5.3379429289964964e-05 1 0.00010675885857992472 1 0.0001601382878698845 1 0.00021351771715984424 1 0.00026689714644980399 1 0.00032027657573976379 1 0.00037365600502972353 1 0.00042703543431968328 1 0.00048041486360964303 1 0.00053379429289960277 1 0.00058717372218956257 1 0.00064055315147952237 1 0.00069393258076948206 1 0.00074731201005944186 1 0.00080069143934940155 1 0.00085407086863936135 1 0.00090745029792932115 1 0.00096082972721928085 1 0.0010142091565092405 1 0.0010675885857992003 1 0.0011209680150891601 1 0.0011743474443791199 4
7 0 0  3 25 23  3.1415926372026397 4.2392496384461867e-15  3.1656412624357517 0.006704600678769327  3.2134103551617224 0.020006771464786747  3.2841408721388294 0.039592255043162793  3.3540140975058068 0.058771434362708853  3.4230801838895615 0.077477255467483283  3.4913986122395273 0.095638691217885999  3.559000216165245 0.11311534929648059  3.6262535409478214 0.12996010476710626  3.6930868527081486 0.14651610468067633  3.7594199635628627 0.16302651928371689  3.825156978012175 0.179688693976712  3.8900705703981142 0.19670233943179632  3.9543458632403024 0.21399636823137  4.0182418922730481 0.23138925982158204  4.0815927414620301 0.24888163643396025  4.1443444664698035 0.2663751208289602  4.2064429540436965 0.28376441723012363  4.2677866603082233 0.30085716070594731  4.3289326654227462 0.31776880123600421  4.3898006596968528 0.33447683235509584  4.4503847108970138 0.35093627428474805  4.5106654565675175 0.36708070976399709  4.5506518954741866 0.37757055648872107  4.5705942757611115 0.38273277063737199 
 0 4 9.1500686578350083e-05 1 0.00018300137315670017 1 0.00027450205973505028 1 0.00036600274631340033 1 0.00045750343289175039 1 0.00054900411947010055 1 0.00064050480604845061 1 0.00073200549262680066 1 0.00082350617920515072 1 0.00091500686578350077 1 0.0010065075523618509 1 0.0010980082389402011 1 0.001189508925518551 1 0.0012810096120969012 1 0.0013725102986752512 1 0.0014640109852536013 1 0.0015555116718319515 1 0.0016470123584103014 1 0.0017385130449886516 1 0.0018300137315670015 1 0.0019215144181453517 1 0.0020130151047237019 4
7 0 0  3 25 23  1 0.20312500015926482  0.98248430295314682 0.20289128271799461  0.94774697762329296 0.20242700052296986  0.89661381442006727 0.20173780423499665  0.84651217668618872 0.20105353606658991  0.79761247747716402 0.20037213452730343  0.75011588422374387 0.19969158191431308  0.70445355524617104 0.19900979807953356  0.66054070910470475 0.1983226668997693  0.61708813508682736 0.19762500310219536  0.57396833586100704 0.19694500184913383  0.5304983271068695 0.19628056194054103  0.48605251347963346 0.19563231099578424  0.44090870091605766 0.19499656254528208  0.39553891939848157 0.19436931929911702  0.34985013163374573 0.19375080507531045  0.30409693807983679 0.19314021520559571  0.25858275781205797 0.19253681883557403  0.2139234970605024 0.19194041700800243  0.16978824703942766 0.19134448932841311  0.12616282753120786 0.19074872856606706  0.083146771334007871 0.19015211060514392  0.040919182361862809 0.18955374716855222  0.013490137935112506 0.18915293584185269  0 0.18895188037332841 
 0 4 9.1500686578350083e-05 1 0.00018300137315670017 1 0.00027450205973505028 1 0.00036600274631340033 1 0.00045750343289175039 1 0.00054900411947010055 1 0.00064050480604845061 1 0.00073200549262680066 1 0.00082350617920515072 1 0.00091500686578350077 1 0.0010065075523618509 1 0.0010980082389402011 1 0.001189508925518551 1 0.0012810096120969012 1 0.0013725102986752512 1 0.0014640109852536013 1 0.0015555116718319515 1 0.0016470123584103014 1 0.0017385130449886516 1 0.0018300137315670015 1 0.0019215144181453517 1 0.0020130151047237019 4
1 0 3.2971941190104658e-15 1 -8.9959670389405593e-16 
1 0 -0.39999999999999858 1 0 
7 0 0  3 25 23  6.2831853071795862 0.11207193402263163  6.2600547529533319 0.1103487154408732  6.2139288695088277 0.10690788881829208  6.1447787007385415 0.10176123899561509  6.0753893646080916 0.096649077101494674  6.0051708553126879 0.091513813301881589  5.9346413666008537 0.086528284679595321  5.8645290246410022 0.081678225749130515  5.7940312887575951 0.076854996262463282  5.7232947866937049 0.072100037640336317  5.6524017621673321 0.067373639225715501  5.581418623259994 0.062603326237888737  5.5104976516533695 0.057657421474947457  5.4393529817912931 0.052414462786664513  5.3677343303665834 0.047062574241995371  5.2958265220507172 0.041692797608251189  5.2237250038370382 0.036354919534378922  5.1515337178282286 0.031050157582859072  5.0794195468303576 0.025697090584906643  5.0068319138110491 0.02032522801555648  4.9338308159575179 0.015032979056573663  4.8604217601672755 0.0098664090533472464  4.7866277362133163 0.0048518009186411977  4.7371767874156081 0.0016018787867601032  4.7123889803846897 -9.4205547521027225e-16 
 0.0053944880700362427 4 0.0054860131541519417 1 0.0055775382382676408 1 0.0056690633223833399 1 0.0057605884064990398 1 0.0058521134906147389 1 0.0059436385747304379 1 0.006035163658846137 1 0.0061266887429618361 1 0.0062182138270775351 1 0.0063097389111932342 1 0.0064012639953089333 1 0.0064927890794246332 1 0.0065843141635403323 1 0.0066758392476560314 1 0.0067673643317717304 1 0.0068588894158874295 1 0.0069504145000031294 1 0.0070419395841188285 1 0.0071334646682345276 1 0.0072249897523502266 1 0.0073165148364659257 1 0.0074080399205816248 4
7 0 0  3 25 23  0.29282032431135757 0.2343749999997895  0.28832440996775882 0.2345998067238258  0.27934161230978422 0.23504809030709711  0.26588806671519954 0.23572176983647802  0.25252868511509713 0.23640100985857757  0.23905713707069176 0.23709339764885634  0.22607490335731414 0.23779569472370479  0.21340665158287661 0.23850269306363367  0.20071684142837878 0.23922363665893898  0.18852586123074525 0.23996228077159257  0.17613781845030241 0.24068682830099256  0.16359143795288467 0.24140220214203537  0.15065284405124016 0.2421079853438021  0.13690113053106398 0.24280921070647618  0.12281730222760624 0.24350997009522407  0.10876451167191427 0.24421022060355477  0.094878954390392914 0.24491082259460933  0.081128219226346637 0.24561259772645119  0.067141451058328055 0.24631578326111769  0.053047274415924571 0.24702761718164376  0.039185086722691428 0.24774951353729341  0.025697666982371851 0.24848356098776372  0.012648718863471574 0.24923181543709985  0.0041824396175144801 0.24974181208179214  0 0.25 
 0.0053944880700362427 4 0.0054860131541519417 1 0.0055775382382676408 1 0.0056690633223833399 1 0.0057605884064990398 1 0.0058521134906147389 1 0.0059436385747304379 1 0.006035163658846137 1 0.0061266887429618361 1 0.0062182138270775351 1 0.0063097389111932342 1 0.0064012639953089333 1 0.0064927890794246332 1 0.0065843141635403323 1 0.0066758392476560314 1 0.0067673643317717304 1 0.0068588894158874295 1 0.0069504145000031294 1 0.0070419395841188285 1 0.0071334646682345276 1 0.0072249897523502266 1 0.0073165148364659257 1 0.0074080399205816248 4
1 6.2831853071795862 1.5681900222830336e-15 0 1 
1 0 1.5681900222830336e-15 0 1 
1 6.2831853071795862 0.56568542494924001 -1 0 
1 3.1415926535897931 1.5543122344752192e-15 0 1 
1 3.1415926535897931 1.5543122344752192e-15 0 1 
7 0 0  3 25 23  3.8017980046777282 0.38273277063736916  3.7918040606653487 0.38204149847477314  3.7718550337347421 0.38068109014650248  3.7420242589564547 0.37868822349676701  3.7122628739248893 0.3767235089179789  3.6825459564903551 0.37477061332111866  3.6528477191584541 0.37281539905272387  3.6231415931329747 0.37084628121771651  3.5934000142632274 0.36885414717672355  3.5635959902495862 0.36683260427283026  3.533697843132285 0.36477735550577695  3.5036894832193055 0.36268874062584427  3.4734954085664387 0.36056249420435055  3.4432613110762431 0.35842447680723905  3.4131399956624473 0.3562864936205144  3.3830625070622462 0.35413499746307875  3.3530186839906766 0.35196577206996976  3.3229821154368437 0.34977464635635747  3.292930376058874 0.34755998894981199  3.2628397314390121 0.34532205289152701  3.2326866810183903 0.3430631432024997  3.2024476849165415 0.34078764742705064  3.1720993305189751 0.33850179600278896  3.1517788286666284 0.33697702808081348  3.1415926535899339 0.3362158020630367 
 1.1219579961409454e-13 4 4.4992752628818296e-05 1 8.998550514544079e-05 1 0.00013497825766206327 1 0.00017997101017868576 1 0.00022496376269530826 1 0.00026995651521193075 1 0.00031494926772855327 1 0.00035994202024517574 1 0.0004049347727617982 1 0.00044992752527842073 1 0.0004949202777950433 1 0.00053991303031166577 1 0.00058490578282828823 1 0.00062989853534491081 1 0.00067489128786153328 1 0.00071988404037815574 1 0.00076487679289477821 1 0.00080986954541140068 1 0.00085486229792802325 1 0.00089985505044464572 1 0.00094484780296126818 1 0.00098984055547789076 4
7 0 0  3 25 23  1 0.19651711863594934  0.99819409999246989 0.19661797850836768  0.99464425031911663 0.19681989618951293  0.98945917975783682 0.19712373220468474  0.98436602961790698 0.19742896978140137  0.97932274395052266 0.19773578364528213  0.9743218029888151 0.19804545670886453  0.96920820092987858 0.19835266296336374  0.96397813825791501 0.19865803655694317  0.95863220293442242 0.19896195299340758  0.95318193706111998 0.19926488898153488  0.94765142409385139 0.19956713912022514  0.94206579860486983 0.19986958985410241  0.93649709070053988 0.20017090721547609  0.93093558770496976 0.20046972386669748  0.92534314524044603 0.20076688219290725  0.91969896940830298 0.20106262832842478  0.91398742364988295 0.2013573643617263  0.9082013664632842 0.20165144715251818  0.90234135536931137 0.20194524261407121  0.89641587538369794 0.2022391115525595  0.89044162665826643 0.20253341378221698  0.88444257439697671 0.20282850748898174  0.88045013196247313 0.20302600194524772  0.87846097292145098 0.20312499999999861 
 1.1219579961409454e-13 4 4.4992752628818296e-05 1 8.998550514544079e-05 1 0.00013497825766206327 1 0.00017997101017868576 1 0.00022496376269530826 1 0.00026995651521193075 1 0.00031494926772855327 1 0.00035994202024517574 1 0.0004049347727617982 1 0.00044992752527842073 1 0.0004949202777950433 1 0.00053991303031166577 1 0.00058490578282828823 1 0.00062989853534491081 1 0.00067489128786153328 1 0.00071988404037815574 1 0.00076487679289477821 1 0.00080986954541140068 1 0.00085486229792802325 1 0.00089985505044464572 1 0.00094484780296126818 1 0.00098984055547789076 4
1 6.2831853071795862 9.9920072216264089e-16 0 1 
1 0 9.9920072216264089e-16 0 1 
1 9.4247779607693793 -3.14018491736754e-16 -1 0 
1 3.1415926535897931 9.9920072216264089e-16 0 1 
1 3.1415926535897931 9.9920072216264089e-16 0 1 
7 0 0  3 47 45  6.2831853071795862 -0.29671278452317579  6.2607585140673212 -0.29840193876740312  6.2156037549017427 -0.30178811649070864  6.1474431558406328 -0.30684925529735357  6.079522606971028 -0.31183313950623381  6.0118335368186706 -0.31674151197594752  5.9439589862862423 -0.32159254346951255  5.8755281715818777 -0.32635570320100338  5.8070713508172256 -0.33097482974527698  5.7384961032490454 -0.33553837798340003  5.6697423178016191 -0.34011874305159712  5.6007592655267837 -0.34478692584517873  5.5313461188379938 -0.3496556293158033  5.4617947225890964 -0.35467607135394302  5.3923657808315912 -0.3597449380228504  5.3228066342683826 -0.36490235585099434  5.2529901017841558 -0.37012969388630801  5.18278371856033 -0.37540416997335874  5.1119352184271518 -0.38067986914456886  5.0412919565225174 -0.38588626137221405  4.9706556594572922 -0.39102406552966551  4.8999372288187457 -0.39607539425685573  4.8290634023514771 -0.4010210461413663  4.7578046127281004 -0.40583470405367866  4.6865472532111259 -0.41049165107507318  4.6154276522981164 -0.41520897919169902  4.543961553598769 -0.4201285979716915  4.4716680130037014 -0.42531339776719085  4.39910386509181 -0.43053546646872992  4.3270430182239936 -0.43583438689744219  4.2545374873781405 -0.44131447982257438  4.1817275257155719 -0.44680479290016412  4.10869644300384 -0.45224264731050068  4.0355273103699663 -0.45759769731162692  3.9624112536541496 -0.46291659135799629  3.889078136641813 -0.46822225643055398  3.8152701871338719 -0.47338941039209076  3.7411866967158991 -0.4784190761576198  3.6669141898110706 -0.48335073365756942  3.5925346464193906 -0.48827037942953333  3.5181774935893211 -0.49335876618320385  3.4428873506438031 -0.49871061512424825  3.3674744800548337 -0.5041027725630578  3.292556552501539 -0.50960177795504724  3.21745157119194 -0.51517432995347057  3.1669959466216824 -0.51895164488431156  3.1415926535900787 -0.52085665256516989 
 0.0023559158943367276 4 0.0024526774072418031 1 0.0025494389201468791 1 0.0026462004330519546 1 0.0027429619459570305 1 0.002839723458862106 1 0.002936484971767182 1 0.0030332464846722575 1 0.0031300079975773334 1 0.0032267695104824089 1 0.0033235310233874849 1 0.0034202925362925604 1 0.0035170540491976359 1 0.0036138155621027119 1 0.0037105770750077878 1 0.0038073385879128633 1 0.0039041001008179388 1 0.0040008616137230148 1 0.0040976231266280907 1 0.0041943846395331667 1 0.0042911461524382417 1 0.0043879076653433177 1 0.0044846691782483936 1 0.0045814306911534687 1 0.0046781922040585447 1 0.0047749537169636206 1 0.0048717152298686957 1 0.0049684767427737725 1 0.0050652382556788476 1 0.0051619997685839235 1 0.0052587612814889995 1 0.0053555227943940745 1 0.0054522843072991505 1 0.0055490458202042264 1 0.0056458073331093015 1 0.0057425688460143775 1 0.0058393303589194534 1 0.0059360918718245285 1 0.0060328533847296053 1 0.0061296148976346804 1 0.0062263764105397563 1 0.0063231379234448323 1 0.0064198994363499073 1 0.0065166609492549842 1 0.0066134224621600592 4
7 0 0  3 47 45  0.2972312248618601 0.64062500000000011  0.30166209445600511 0.64040703340290206  0.31052575869682336 0.63996818014896939  0.32373928506195465 0.63930421600716969  0.33673386795323229 0.63863952826419457  0.34954483302716755 0.63797248098480963  0.36223432454612309 0.6372974965014554  0.37468170759756375 0.6366086654074723  0.38679996495428948 0.63591098033109761  0.39848234150709555 0.635195773263177  0.41044579410329418 0.63448941113262525  0.42277850259203414 0.63379187703891737  0.435579852335298 0.63309874383417997  0.44865681548432629 0.63241140387055372  0.46187405963360539 0.63173065115093574  0.47534013181486534 0.63105231458795719  0.48901821731886075 0.63037351946388842  0.50283540108398717 0.62969134246233971  0.51661945622956151 0.62900163741938364  0.53021020772261007 0.6283109089658262  0.54362648142044945 0.627615452509516  0.55683053817442485 0.62691268018668234  0.56975141014219233 0.6261995504810185  0.58238131780475777 0.62547317229471833  0.59437656743991996 0.62472956780383804  0.60679834498289853 0.6240002817928979  0.61969358858640144 0.62327874390957605  0.63328753247874314 0.62255815086686139  0.64688903777157747 0.62184234465574473  0.66072354438964365 0.62113688808174461  0.67515101846002834 0.62043058060321377  0.68956071212452152 0.61972301788428563  0.70374635659395679 0.61901314181286893  0.71765049509447076 0.61829986125941649  0.73143829366267166 0.61758305828257998  0.74548205463557204 0.61685820001466141  0.75928338885404678 0.61612025507415424  0.77258349449083252 0.61537016244422782  0.78520903982945356 0.6146014864597813  0.79769639061922493 0.61383055988898683  0.81104099013711284 0.61307727061022099  0.82506325605619213 0.61232410049615182  0.83909292073687514 0.6115786675275332  0.85345489926307583 0.61084430148112812  0.868006377724589 0.61011227256140843  0.87788541094183781 0.60962189417386303  0.88287187347606566 0.60937500000000278 
 0.0023559158943367276 4 0.0024526774072418031 1 0.0025494389201468791 1 0.0026462004330519546 1 0.0027429619459570305 1 0.002839723458862106 1 0.002936484971767182 1 0.0030332464846722575 1 0.0031300079975773334 1 0.0032267695104824089 1 0.0033235310233874849 1 0.0034202925362925604 1 0.0035170540491976359 1 0.0036138155621027119 1 0.0037105770750077878 1 0.0038073385879128633 1 0.0039041001008179388 1 0.0040008616137230148 1 0.0040976231266280907 1 0.0041943846395331667 1 0.0042911461524382417 1 0.0043879076653433177 1 0.0044846691782483936 1 0.0045814306911534687 1 0.0046781922040585447 1 0.0047749537169636206 1 0.0048717152298686957 1 0.0049684767427737725 1 0.0050652382556788476 1 0.0051619997685839235 1 0.0052587612814889995 1 0.0053555227943940745 1 0.0054522843072991505 1 0.0055490458202042264 1 0.0056458073331093015 1 0.0057425688460143775 1 0.0058393303589194534 1 0.0059360918718245285 1 0.0060328533847296053 1 0.0061296148976346804 1 0.0062263764105397563 1 0.0063231379234448323 1 0.0064198994363499073 1 0.0065166609492549842 1 0.0066134224621600592 4
1 6.2831853071795862 0 0 1 
1 0 0 0 1 
7 0 0  3 25 23  6.2831853071795862 -3.1499999986344029  6.2344578167017071 -3.1540636872729002  6.1370149333267596 -3.1621822983133607  5.9925042394762222 -3.1739552921081424  5.8505610450154419 -3.1850939232942381  5.7145613641428392 -3.194846607281502  5.5743622075864288 -3.2055735834778072  5.430582236290098 -3.2171634812586092  5.284789008565407 -3.2292527511679761  5.1384386810100411 -3.2414809335197678  4.9932282445819895 -3.2534261856671542  4.8501970330442621 -3.2648290985955932  4.7123889803846852 -3.2749999986344025  4.5745809277251155 -3.2851708986732189  4.431549716187372 -3.296573811601649  4.286339279759332 -3.3085190637490416  4.1399889522039492 -3.3207472461008214  3.9941957244792805 -3.3328365160101874  3.8504157531829408 -3.3444264137910005  3.7102165966265246 -3.3551533899873069  3.5742169157539334 -3.3649060739745575  3.432273721293142 -3.3760447051606612  3.2877630274426144 -3.3878176989554447  3.1903201440676692 -3.3959363099959083  3.1415926535897873 -3.3999999986344065 
 0.546875 4 0.54829545454545459 1 0.54971590909090906 1 0.55113636363636365 1 0.55255681818181823 1 0.55397727272727271 1 0.55539772727272729 1 0.55681818181818188 1 0.55823863636363635 1 0.55965909090909094 1 0.56107954545454553 1 0.5625 1 0.56392045454545459 1 0.56534090909090917 1 0.56676136363636376 1 0.56818181818181823 1 0.56960227272727282 1 0.5710227272727274 1 0.57244318181818188 1 0.57386363636363646 1 0.57528409090909105 1 0.57670454545454553 1 0.57812500000000011 4
1 0.99999999999999967 -1.1102230246251565e-16 0 1 
1 3.1415926535897931 0 0 1 
1 3.1415926535897931 0 0 1 
7 0 0  3 25 23  6.2831853071795862 -3.2749999999999986  6.2344578167017071 -3.2790636886384918  6.1370149333267596 -3.2871822996789515  5.9925042394762222 -3.2989552934737403  5.8505610450154419 -3.3100939246598333  5.7145613641428392 -3.3198466086470955  5.5743622075864288 -3.3305735848433931  5.430582236290098 -3.3421634826242048  5.284789008565407 -3.3542527525335806  5.1384386810100411 -3.3664809348853497  4.9932282445819895 -3.3784261870327521  4.8501970330442621 -3.3898290999611782  4.7123889803846852 -3.3999999999999959  4.5745809277251155 -3.4101709000388105  4.431549716187372 -3.4215738129672419  4.286339279759332 -3.4335190651146292  4.1399889522039492 -3.4457472474664095  3.9941957244792805 -3.4578365173757803  3.8504157531829408 -3.469426415156597  3.7102165966265246 -3.4801533913529021  3.5742169157539334 -3.4899060753401541  3.432273721293142 -3.5010447065262529  3.2877630274426144 -3.5128177003210319  3.1903201440676692 -3.5209363113614969  3.1415926535897873 -3.5249999999999986 
 0.609375 4 0.61079545454545459 1 0.61221590909090906 1 0.61363636363636365 1 0.61505681818181823 1 0.61647727272727271 1 0.61789772727272729 1 0.61931818181818188 1 0.62073863636363635 1 0.62215909090909094 1 0.62357954545454553 1 0.625 1 0.62642045454545459 1 0.62784090909090917 1 0.62926136363636376 1 0.63068181818181823 1 0.63210227272727282 1 0.6335227272727274 1 0.63494318181818188 1 0.63636363636363646 1 0.63778409090909105 1 0.63920454545454553 1 0.64062500000000011 4
1 1.6809822120484087e-13 0 -2.6533639653416614e-13 1 
1 6.2831853071795862 0 0 1 
1 0 0 0 1 
7 0 0  3 25 23  6.2831853071795862 -2.6499999986343994  6.234457816701708 -2.6540636872728971  6.137014933326757 -2.6621822983133581  5.9925042394762151 -2.673955292108138  5.8505610450154357 -2.6850939232942341  5.7145613641428428 -2.6948466072814994  5.5743622075864234 -2.7055735834778027  5.4305822362900997 -2.7171634812586061  5.2847890085654097 -2.7292527511679947  5.1384386810100375 -2.7414809335197607  4.9932282445819931 -2.7534261856671631  4.8501970330442621 -2.7648290985955861  4.712388980384687 -2.7749999986344003  4.5745809277251199 -2.7851708986732082  4.4315497161873765 -2.796573811601649  4.2863392797593418 -2.8085190637490309  4.1399889522039581 -2.8207472461008214  3.9941957244792787 -2.8328365160101918  3.8504157531829497 -2.8444264137910049  3.7102165966265339 -2.8551533899873043  3.574216915753937 -2.864906073974562  3.4322737212931571 -2.8760447051606661  3.2877630274426188 -2.8878176989554403  3.1903201440676696 -2.8959363099959003  3.1415926535897873 -2.8999999986343994 
 0.484375 4 0.48579545454545453 1 0.48721590909090912 1 0.48863636363636365 1 0.49005681818181818 1 0.49147727272727271 1 0.49289772727272729 1 0.49431818181818182 1 0.49573863636363635 1 0.49715909090909088 1 0.49857954545454547 1 0.5 1 0.50142045454545459 1 0.50284090909090906 1 0.50426136363636365 1 0.50568181818181823 1 0.50710227272727271 1 0.50852272727272729 1 0.50994318181818177 1 0.51136363636363635 1 0.51278409090909094 1 0.51420454545454541 1 0.515625 4
1 1.0000000000001037 -5.5511151231257827e-17 -2.2382096176443115e-13 1 
1 3.1415926535897931 0 0 1 
1 3.1415926535897931 0 0 1 
7 0 0  3 25 23  6.2831853071795862 -2.7749999999999986  6.2344578167017071 -2.7790636886384976  6.1370149333267596 -2.7871822996789573  5.9925042394762222 -2.7989552934737327  5.8505610450154419 -2.8100939246598355  5.7145613641428392 -2.8198466086470941  5.5743622075864288 -2.8305735848433931  5.4305822362900988 -2.8421634826242017  5.2847890085654221 -2.8542527525335912  5.1384386810100402 -2.866480934885355  4.9932282445819949 -2.8784261870327605  4.8501970330442656 -2.8898290999611764  4.7123889803846879 -2.8999999999999972  4.5745809277251199 -2.9101709000388056  4.4315497161873765 -2.9215738129672384  4.2863392797593418 -2.9335190651146297  4.1399889522039581 -2.9457472474664104  3.9941957244792787 -2.9578365173757888  3.8504157531829497 -2.9694264151566001  3.7102165966265339 -2.9801533913528981  3.574216915753937 -2.9899060753401652  3.4322737212931571 -3.0010447065262542  3.2877630274426188 -3.0128177003210372  3.1903201440676696 -3.0209363113614995  3.1415926535897873 -3.0249999999999986 
 0.546875 4 0.54829545454545459 1 0.54971590909090906 1 0.55113636363636365 1 0.55255681818181823 1 0.55397727272727271 1 0.55539772727272729 1 0.55681818181818177 1 0.55823863636363635 1 0.55965909090909094 1 0.56107954545454541 1 0.5625 1 0.56392045454545459 1 0.56534090909090906 1 0.56676136363636365 1 0.56818181818181823 1 0.56960227272727271 1 0.57102272727272729 1 0.57244318181818177 1 0.57386363636363635 1 0.57528409090909094 1 0.57670454545454541 1 0.578125 4
1 7.8478993325910205e-14 0 -1.3178596656859687e-13 1 
1 6.2831853071795862 0 0 1 
1 0 0 0 1 
7 0 0  3 25 23  6.2831853071795862 -2.1499999986343994  6.234457816701708 -2.1540636872729015  6.137014933326757 -2.1621822983133634  5.9925042394762151 -2.1739552921081331  5.8505610450154357 -2.1850939232942479  5.714561364142841 -2.1948466072814918  5.5743622075864216 -2.2055735834778174  5.4305822362900971 -2.2171634812585967  5.2847890085654061 -2.2292527511679947  5.1384386810100393 -2.2414809335197718  4.9932282445819895 -2.2534261856671565  4.8501970330442621 -2.264829098595583  4.712388980384687 -2.2749999986344007  4.5745809277251146 -2.28517089867321  4.4315497161873818 -2.2965738116016414  4.2863392797593338 -2.3085190637490349  4.1399889522039706 -2.3207472461008147  3.9941957244792734 -2.3328365160101949  3.850415753182947 -2.3444264137909978  3.7102165966265397 -2.3551533899873127  3.5742169157539347 -2.3649060739745544  3.4322737212931629 -2.3760447051606648  3.2877630274426175 -2.3878176989554349  3.1903201440676661 -2.3959363099958981  3.1415926535897873 -2.3999999986343994 
 0.421875 4 0.42329545454545453 1 0.42471590909090912 1 0.42613636363636365 1 0.42755681818181818 1 0.42897727272727276 1 0.43039772727272729 1 0.43181818181818182 1 0.43323863636363641 1 0.43465909090909094 1 0.43607954545454547 1 0.4375 1 0.43892045454545459 1 0.44034090909090912 1 0.44176136363636365 1 0.44318181818181823 1 0.44460227272727276 1 0.44602272727272729 1 0.44744318181818188 1 0.44886363636363641 1 0.45028409090909094 1 0.45170454545454553 1 0.45312500000000006 4
1 1.0000000000000995 0 -2.4513724383723411e-13 1 
1 3.1415926535897931 0 0 1 
1 3.1415926535897931 0 0 1 
7 0 0  3 25 23  6.2831853071795862 -2.274999999999995  6.234457816701708 -2.2790636886384985  6.137014933326757 -2.2871822996789599  5.9925042394762151 -2.2989552934737234  5.8505610450154357 -2.310093924659844  5.7145613641428428 -2.3198466086470919  5.5743622075864234 -2.3305735848433948  5.4305822362900997 -2.3421634826241982  5.2847890085654097 -2.354252752533585  5.1384386810100375 -2.3664809348853599  4.9932282445819931 -2.3784261870327486  4.8501970330442621 -2.3898290999611791  4.712388980384687 -2.3999999999999946  4.5745809277251199 -2.4101709000388114  4.4315497161873765 -2.4215738129672371  4.2863392797593418 -2.4335190651146288  4.1399889522039581 -2.4457472474664161  3.9941957244792787 -2.4578365173757892  3.8504157531829497 -2.4694264151565943  3.7102165966265339 -2.4801533913529012  3.574216915753937 -2.4899060753401585  3.4322737212931571 -2.5010447065262578  3.2877630274426188 -2.5128177003210315  3.1903201440676696 -2.5209363113614955  3.1415926535897873 -2.5249999999999986 
 0.484375 4 0.48579545454545453 1 0.48721590909090912 1 0.48863636363636365 1 0.49005681818181818 1 0.49147727272727271 1 0.49289772727272729 1 0.49431818181818182 1 0.49573863636363635 1 0.49715909090909088 1 0.49857954545454547 1 0.5 1 0.50142045454545459 1 0.50284090909090906 1 0.50426136363636365 1 0.50568181818181823 1 0.50710227272727271 1 0.50852272727272729 1 0.50994318181818177 1 0.51136363636363635 1 0.51278409090909094 1 0.51420454545454541 1 0.515625 4
1 -1.68855560078815e-13 -5.5511151231257827e-17 3.384417595928467e-13 1 
1 6.2831853071795862 0 0 1 
1 0 0 0 1 
7 0 0  3 25 23  6.2831853071795862 -1.6499999986343994  6.234457816701708 -1.6540636872729011  6.137014933326757 -1.6621822983133634  5.9925042394762151 -1.6739552921081351  5.8505610450154357 -1.685093923294241  5.714561364142841 -1.6948466072814965  5.5743622075864216 -1.7055735834778059  5.4305822362900971 -1.7171634812585943  5.2847890085654061 -1.7292527511679958  5.1384386810100393 -1.7414809335197701  4.9932282445819895 -1.7534261856671627  4.8501970330442621 -1.7648290985955808  4.712388980384687 -1.7749999986344018  4.5745809277251146 -1.7851708986732082  4.4315497161873818 -1.7965738116016468  4.2863392797593338 -1.8085190637490383  4.1399889522039706 -1.8207472461008183  3.9941957244792734 -1.8328365160101978  3.850415753182947 -1.8444264137910031  3.7102165966265397 -1.8551533899873096  3.5742169157539347 -1.8649060739745613  3.4322737212931629 -1.8760447051606626  3.2877630274426175 -1.8878176989554356  3.1903201440676661 -1.8959363099958981  3.1415926535897873 -1.8999999986343994 
 0.359375 4 0.36079545454545453 1 0.36221590909090912 1 0.36363636363636365 1 0.36505681818181818 1 0.36647727272727276 1 0.36789772727272729 1 0.36931818181818182 1 0.37073863636363641 1 0.37215909090909094 1 0.37357954545454547 1 0.375 1 0.37642045454545459 1 0.37784090909090912 1 0.37926136363636365 1 0.38068181818181823 1 0.38210227272727276 1 0.38352272727272729 1 0.38494318181818188 1 0.38636363636363641 1 0.38778409090909094 1 0.38920454545454553 1 0.39062500000000006 4
1 1.000000000000042 -5.5511151231257827e-17 -1.207922650792166e-13 1 
1 3.1415926535897931 0 0 1 
1 3.1415926535897931 0 0 1 
7 0 0  3 25 23  6.2831853071795862 -1.774999999999995  6.234457816701708 -1.7790636886384945  6.137014933326757 -1.7871822996789546  5.9925042394762151 -1.7989552934737272  5.8505610450154357 -1.8100939246598333  5.714561364142841 -1.8198466086470879  5.5743622075864216 -1.8305735848434013  5.4305822362900971 -1.842163482624197  5.2847890085654061 -1.8542527525335841  5.1384386810100393 -1.866480934885367  4.9932282445819895 -1.8784261870327619  4.8501970330442621 -1.8898290999611815  4.712388980384687 -1.8999999999999952  4.5745809277251146 -1.9101709000388063  4.4315497161873818 -1.9215738129672364  4.2863392797593338 -1.9335190651146326  4.1399889522039706 -1.9457472474664026  3.9941957244792734 -1.9578365173757981  3.850415753182947 -1.9694264151565919  3.7102165966265397 -1.9801533913529064  3.5742169157539347 -1.9899060753401587  3.4322737212931629 -2.0010447065262511  3.2877630274426175 -2.0128177003210372  3.1903201440676661 -2.0209363113614991  3.1415926535897873 -2.024999999999995 
 0.421875 4 0.42329545454545453 1 0.42471590909090912 1 0.42613636363636365 1 0.42755681818181818 1 0.42897727272727276 1 0.43039772727272729 1 0.43181818181818182 1 0.43323863636363641 1 0.43465909090909094 1 0.43607954545454547 1 0.4375 1 0.43892045454545459 1 0.44034090909090912 1 0.44176136363636365 1 0.44318181818181823 1 0.44460227272727276 1 0.44602272727272729 1 0.44744318181818188 1 0.44886363636363641 1 0.45028409090909094 1 0.45170454545454553 1 0.45312500000000006 4
1 -1.3264028751775961e-13 -5.5511151231257827e-17 3.0273879310106665e-13 1 
1 6.2831853071795862 0 0 1 
1 0 0 0 1 
7 0 0  3 25 23  6.2831853071795862 -1.1499999986343994  6.234457816701708 -1.1540636872729011  6.137014933326757 -1.1621822983133634  5.9925042394762151 -1.1739552921081351  5.8505610450154357 -1.1850939232942408  5.714561364142841 -1.1948466072814976  5.5743622075864216 -1.2055735834778025  5.4305822362900971 -1.2171634812586081  5.2847890085654061 -1.2292527511679867  5.1384386810100393 -1.2414809335197725  4.9932282445819895 -1.2534261856671618  4.8501970330442621 -1.2648290985955812  4.712388980384687 -1.2749999986344012  4.5745809277251146 -1.28517089867321  4.4315497161873818 -1.2965738116016412  4.2863392797593338 -1.3085190637490363  4.1399889522039706 -1.3207472461008087  3.9941957244792734 -1.332836516010196  3.850415753182947 -1.3444264137909996  3.7102165966265397 -1.3551533899873043  3.5742169157539347 -1.3649060739745642  3.4322737212931629 -1.3760447051606564  3.2877630274426175 -1.3878176989554365  3.1903201440676661 -1.3959363099958999  3.1415926535897873 -1.3999999986343994 
 0.296875 4 0.29829545454545453 1 0.29971590909090912 1 0.30113636363636365 1 0.30255681818181818 1 0.30397727272727276 1 0.30539772727272729 1 0.30681818181818182 1 0.30823863636363641 1 0.30965909090909094 1 0.31107954545454547 1 0.3125 1 0.31392045454545459 1 0.31534090909090912 1 0.31676136363636365 1 0.31818181818181823 1 0.31960227272727276 1 0.32102272727272729 1 0.32244318181818188 1 0.32386363636363641 1 0.32528409090909094 1 0.32670454545454553 1 0.32812500000000006 4
1 0.99999999999995426 -5.5511151231257827e-17 1.3855583347321906e-13 1 
1 3.1415926535897931 0 0 1 
1 3.1415926535897931 0 0 1 
7 0 0  3 25 23  6.2831853071795862 -1.274999999999995  6.234457816701708 -1.2790636886384985  6.137014933326757 -1.2871822996789599  5.9925042394762151 -1.2989552934737243  5.8505610450154357 -1.3100939246598395  5.714561364142841 -1.3198466086470866  5.5743622075864216 -1.3305735848433988  5.4305822362900971 -1.3421634826242075  5.2847890085654061 -1.3542527525335866  5.1384386810100393 -1.3664809348853675  4.9932282445819895 -1.3784261870327577  4.8501970330442621 -1.3898290999611769  4.712388980384687 -1.3999999999999968  4.5745809277251146 -1.4101709000388056  4.4315497161873818 -1.4215738129672371  4.2863392797593338 -1.4335190651146319  4.1399889522039706 -1.4457472474664042  3.9941957244792734 -1.4578365173757923  3.850415753182947 -1.469426415156593  3.7102165966265397 -1.4801533913529077  3.5742169157539347 -1.4899060753401521  3.4322737212931629 -1.5010447065262544  3.2877630274426175 -1.5128177003210317  3.1903201440676661 -1.5209363113614953  3.1415926535897873 -1.524999999999995 
 0.359375 4 0.36079545454545453 1 0.36221590909090912 1 0.36363636363636365 1 0.36505681818181818 1 0.36647727272727276 1 0.36789772727272729 1 0.36931818181818182 1 0.37073863636363641 1 0.37215909090909094 1 0.37357954545454547 1 0.375 1 0.37642045454545459 1 0.37784090909090912 1 0.37926136363636365 1 0.38068181818181823 1 0.38210227272727276 1 0.38352272727272729 1 0.38494318181818188 1 0.38636363636363641 1 0.38778409090909094 1 0.38920454545454553 1 0.39062500000000006 4
1 -3.4415515737549025e-14 -5.5511151231257827e-17 9.7833533390380592e-14 1 
1 6.2831853071795862 0 0 1 
1 0 0 0 1 
7 0 0  3 25 23  6.2831853071795862 -0.64999999863440294  6.2344578167017062 -0.65406368727290076  6.1370149333267578 -0.66218229831336173  5.992504239476224 -0.67395529210814009  5.8505610450154384 -0.68509392329424545  5.7145613641428508 -0.6948466072814945  5.5743622075864279 -0.70557358347780819  5.430582236290098 -0.71716348125861107  5.2847890085654123 -0.72925275116798971  5.1384386810100375 -0.74148093351977618  4.9932282445819949 -0.75342618566716824  4.8501970330442594 -0.76482909859559511  4.7123889803846879 -0.77499999863440205  4.5745809277251146 -0.78517089867321443  4.4315497161873818 -0.79657381160164464  4.2863392797593338 -0.80851906374903992  4.1399889522039706 -0.82074724610081196  3.9941957244792734 -0.83283651601020059  3.850415753182947 -0.84442641379099936  3.7102165966265397 -0.85515338998729973  3.5742169157539347 -0.86490607397456132  3.4322737212931629 -0.8760447051606518  3.2877630274426175 -0.88781769895543683  3.1903201440676661 -0.89593630999590268  3.1415926535897873 -0.89999999863440294 
 0.23437499999999997 4 0.23579545454545453 1 0.23721590909090906 1 0.23863636363636362 1 0.24005681818181818 1 0.24147727272727271 1 0.24289772727272727 1 0.24431818181818182 1 0.24573863636363635 1 0.24715909090909091 1 0.24857954545454547 1 0.25 1 0.25142045454545459 1 0.25284090909090912 1 0.25426136363636365 1 0.25568181818181823 1 0.25710227272727276 1 0.25852272727272729 1 0.25994318181818188 1 0.26136363636363641 1 0.26278409090909094 1 0.26420454545454553 1 0.26562500000000006 4
1 1.0000000000000902 2.7755575615628914e-17 -3.6237679523765044e-13 1 
1 3.1415926535897931 0 0 1 
1 3.1415926535897931 0 0 1 
7 0 0  3 25 23  6.2831853071795862 -0.77499999999999858  6.234457816701708 -0.77906368863849795  6.1370149333267578 -0.78718229967895825  5.9925042394762169 -0.79895529347373129  5.8505610450154455 -0.81009392465983443  5.7145613641428366 -0.81984660864710068  5.5743622075864332 -0.83057358484339128  5.4305822362900988 -0.84216348262420215  5.2847890085654132 -0.85425275253357358  5.1384386810100384 -0.86648093488536082  4.9932282445819958 -0.8784261870327541  4.8501970330442656 -0.88982909996117776  4.7123889803846906 -0.89999999999999636  4.5745809277251199 -0.91017090003880596  4.4315497161873854 -0.92157381296723762  4.2863392797593436 -0.93351906511463023  4.1399889522039715 -0.94574724746641026  3.9941957244792836 -0.95783651737579034  3.8504157531829546 -0.969426415156595  3.7102165966265388 -0.98015339135290225  3.5742169157539445 -0.98990607534015074  3.432273721293154 -1.0010447065262646  3.2877630274426264 -1.0128177003210344  3.1903201440676732 -1.0209363113614964  3.1415926535897873 -1.0249999999999986 
 0.29687499999999994 4 0.29829545454545447 1 0.29971590909090906 1 0.30113636363636359 1 0.30255681818181812 1 0.30397727272727271 1 0.30539772727272724 1 0.30681818181818177 1 0.30823863636363635 1 0.30965909090909088 1 0.31107954545454541 1 0.3125 1 0.31392045454545453 1 0.31534090909090906 1 0.31676136363636359 1 0.31818181818181818 1 0.31960227272727271 1 0.32102272727272724 1 0.32244318181818182 1 0.32386363636363635 1 0.32528409090909088 1 0.32670454545454547 1 0.328125 4
1 9.2140491577103217e-14 0 -2.6473056457994585e-13 1 
1 3.1415926535897931 0 0 1 
1 3.1415926535897931 0 0 1 
7 0 0  3 25 23  4.7123889803846897 -0.39999999999999858  4.6896629505664649 -0.4016397329034605  4.643790930853366 -0.40501550791842444  4.5738717332224228 -0.4103378202471244  4.5029845437294735 -0.41589062421557843  4.431291914466601 -0.42163834287750396  4.3589668706380698 -0.42754122129679162  4.2861925101703946 -0.43355544155685233  4.2131588761090093 -0.43963433336798846  4.1400600928630347 -0.44572952266992061  4.0670915654932775 -0.45179214830841286  3.9944457011166397 -0.45777442306271243  3.9223132333441946 -0.46362989156688306  3.8508641013700458 -0.46931827306132506  3.7803056950132139 -0.47479258554290887  3.7106538824099085 -0.48005154050410048  3.6425778307901884 -0.48494730834902383  3.5734091776728314 -0.49009415097089953  3.5031434394539245 -0.49549848700712767  3.4319710221434381 -0.50111998250173706  3.360047300341503 -0.50692418475212386  3.2875519244036555 -0.51286915623806817  3.2146695354876877 -0.51891031498775475  3.1659519792665813 -0.52296995419482672  3.1415926535897873 -0.52499999999999858 
 0.25000000000000022 4 0.25071022727272751 1 0.25142045454545475 1 0.25213068181818199 1 0.25284090909090928 1 0.25355113636363658 1 0.25426136363636381 1 0.25497159090909105 1 0.25568181818181834 1 0.25639204545454564 1 0.25710227272727287 1 0.25781250000000011 1 0.2585227272727274 1 0.2592329545454547 1 0.25994318181818193 1 0.26065340909090917 1 0.26136363636363646 1 0.26207386363636376 1 0.26278409090909099 1 0.26349431818181823 1 0.26420454545454553 1 0.26491477272727282 1 0.26562500000000006 4
1 2.5649555219467341e-13 -2.2204460492503131e-16 -9.4718993008754516e-13 1 
7 0 0  3 25 23  3.1415926535897873 -2.8999999986343994  3.092865163111906 -2.9040636872728971  2.9954222797369581 -2.9121822983133572  2.8509115858864247 -2.9239552921081384  2.7089683914256457 -2.9350939232942386  2.5729687105530532 -2.9448466072815029  2.4327695539966339 -2.9555735834778005  2.2889895827003071 -2.9671634812586118  2.1431963549756206 -2.9792527511679925  1.9968460274202451 -2.991480933519767  1.8516355909922064 -3.0034261856671565  1.7086043794544681 -3.0148290985955883  1.5707963267948977 -3.0249999986344012  1.432988274135321 -3.035170898673226  1.2899570625975934 -3.0465738116016432  1.1447466261695447 -3.0585190637490389  0.99839629861417034 -3.0707472461008183  0.85260307088949139 -3.0828365160101958  0.70882309959316359 -3.0944264137909925  0.56862394303674324 -3.1051533899873078  0.4326242621641555 -3.1149060739745611  0.29068106770336821 -3.1260447051606666  0.14617037385283596 -3.1378176989554398  0.048727490477884987 -3.1459363099959017  0 -3.1499999986344029 
 0.515625 4 0.51704545454545459 1 0.51846590909090906 1 0.51988636363636365 1 0.52130681818181823 1 0.52272727272727271 1 0.52414772727272729 1 0.52556818181818177 1 0.52698863636363635 1 0.52840909090909094 1 0.52982954545454541 1 0.53125 1 0.53267045454545459 1 0.53409090909090906 1 0.53551136363636365 1 0.53693181818181823 1 0.53835227272727271 1 0.53977272727272729 1 0.54119318181818177 1 0.54261363636363635 1 0.54403409090909094 1 0.54545454545454541 1 0.546875 4
1 0.99999999999976918 0 4.2277292777726113e-13 1 
7 0 0  3 25 23  3.1415926535897873 -3.0249999999999986  3.092865163111906 -3.0290636886384998  2.9954222797369581 -3.0371822996789613  2.8509115858864247 -3.0489552934737354  2.7089683914256457 -3.0600939246598409  2.5729687105530532 -3.0698466086470924  2.4327695539966339 -3.0805735848433935  2.2889895827003071 -3.0921634826242035  2.1431963549756206 -3.1042527525335855  1.9968460274202451 -3.1164809348853577  1.8516355909922064 -3.1284261870327543  1.7086043794544681 -3.1398290999611782  1.5707963267948977 -3.1499999999999959  1.432988274135321 -3.1601709000388092  1.2899570625975934 -3.1715738129672446  1.1447466261695447 -3.1835190651146221  0.99839629861417034 -3.1957472474664121  0.85260307088949139 -3.2078365173757919  0.70882309959316359 -3.2194264151565872  0.56862394303674324 -3.2301533913529039  0.4326242621641555 -3.2399060753401563  0.29068106770336821 -3.2510447065262627  0.14617037385283596 -3.2628177003210359  0.048727490477884987 -3.2709363113614973  0 -3.2749999999999986 
 0.578125 4 0.57954545454545459 1 0.58096590909090906 1 0.58238636363636365 1 0.58380681818181823 1 0.58522727272727271 1 0.58664772727272729 1 0.58806818181818177 1 0.58948863636363635 1 0.59090909090909094 1 0.59232954545454541 1 0.59375 1 0.59517045454545459 1 0.59659090909090906 1 0.59801136363636365 1 0.59943181818181823 1 0.60085227272727271 1 0.60227272727272729 1 0.60369318181818177 1 0.60511363636363635 1 0.60653409090909094 1 0.60795454545454541 1 0.609375 4
1 1.7645767631654506e-14 0 -2.5907613563288471e-14 1 
7 0 0  3 25 23  3.1415926535897873 -2.3999999986343994  3.09286516311191 -2.4040636872728953  2.9954222797369616 -2.4121822983133576  2.8509115858864207 -2.4239552921081429  2.7089683914256337 -2.4350939232942381  2.5729687105530457 -2.4448466072814981  2.432769553996621 -2.4555735834778014  2.2889895827002942 -2.4671634812586114  2.1431963549756126 -2.4792527511679747  1.9968460274202382 -2.4914809335197687  1.8516355909922004 -2.503426185667168  1.7086043794544672 -2.5148290985955799  1.5707963267948948 -2.5249999986343998  1.4329882741353217 -2.5351708986732175  1.2899570625975894 -2.5465738116016348  1.1447466261695507 -2.5585190637490327  0.99839629861417145 -2.5707472461008094  0.85260307088949994 -2.5828365160101967  0.70882309959316681 -2.5944264137909987  0.56862394303674813 -2.6051533899873069  0.43262426216415278 -2.6149060739745567  0.29068106770336649 -2.6260447051606639  0.1461703738528346 -2.6378176989554354  0.048727490477883641 -2.6459363099958977  0 -2.6499999986343994 
 0.45312500000000006 4 0.45454545454545459 1 0.45596590909090912 1 0.4573863636363637 1 0.45880681818181823 1 0.46022727272727276 1 0.46164772727272729 1 0.46306818181818188 1 0.46448863636363641 1 0.46590909090909094 1 0.46732954545454547 1 0.46875 1 0.47017045454545459 1 0.47159090909090912 1 0.47301136363636365 1 0.47443181818181818 1 0.47585227272727276 1 0.47727272727272729 1 0.47869318181818182 1 0.48011363636363635 1 0.48153409090909094 1 0.48295454545454547 1 0.484375 4
1 0.99999999999979483 -5.5511151231257827e-17 4.2632564145606087e-13 1 
7 0 0  3 25 23  3.1415926535897873 -2.5249999999999986  3.092865163111906 -2.5290636886384972  2.9954222797369581 -2.5371822996789568  2.8509115858864247 -2.5489552934737336  2.7089683914256457 -2.5600939246598298  2.5729687105530532 -2.5698466086470959  2.4327695539966339 -2.5805735848433922  2.2889895827003071 -2.5921634826242035  2.1431963549756206 -2.6042527525335863  1.9968460274202451 -2.6164809348853519  1.8516355909922064 -2.6284261870327557  1.7086043794544681 -2.6398290999611782  1.5707963267948977 -2.6499999999999959  1.432988274135321 -2.6601709000388114  1.2899570625975934 -2.6715738129672384  1.1447466261695447 -2.6835190651146239  0.99839629861417034 -2.6957472474664121  0.85260307088949139 -2.7078365173757888  0.70882309959316359 -2.7194264151566006  0.56862394303674324 -2.7301533913528977  0.4326242621641555 -2.7399060753401652  0.29068106770336821 -2.7510447065262547  0.14617037385283596 -2.7628177003210372  0.048727490477884987 -2.7709363113614995  0 -2.7749999999999986 
 0.515625 4 0.51704545454545459 1 0.51846590909090906 1 0.51988636363636365 1 0.52130681818181823 1 0.52272727272727271 1 0.52414772727272729 1 0.52556818181818177 1 0.52698863636363635 1 0.52840909090909094 1 0.52982954545454541 1 0.53125 1 0.53267045454545459 1 0.53409090909090906 1 0.53551136363636365 1 0.53693181818181823 1 0.53835227272727271 1 0.53977272727272729 1 0.54119318181818177 1 0.54261363636363635 1 0.54403409090909094 1 0.54545454545454541 1 0.546875 4
1 4.7823389549950619e-14 1.1102230246251565e-16 -7.3691297988527141e-14 1 
7 0 0  3 25 23  3.1415926535897873 -1.8999999986343994  3.09286516311191 -1.904063687272896  2.9954222797369616 -1.9121822983133574  2.8509115858864207 -1.9239552921081418  2.7089683914256337 -1.9350939232942432  2.5729687105530457 -1.9448466072814998  2.432769553996621 -1.9555735834778092  2.2889895827002942 -1.9671634812586005  2.1431963549756126 -1.9792527511679889  1.9968460274202382 -1.991480933519767  1.8516355909922004 -2.0034261856671618  1.7086043794544672 -2.014829098595587  1.5707963267948948 -2.0249999986343994  1.4329882741353217 -2.0351708986732109  1.2899570625975894 -2.0465738116016388  1.1447466261695507 -2.0585190637490434  0.99839629861417145 -2.0707472461008054  0.85260307088949994 -2.0828365160102016  0.70882309959316681 -2.0944264137910027  0.56862394303674813 -2.1051533899873052  0.43262426216415278 -2.1149060739745593  0.29068106770336649 -2.126044705160655  0.1461703738528346 -2.137817698955446  0.048727490477883641 -2.145936309995907  0 -2.1499999986343994 
 0.39062500000000006 4 0.39204545454545459 1 0.39346590909090912 1 0.3948863636363637 1 0.39630681818181823 1 0.39772727272727276 1 0.39914772727272729 1 0.40056818181818188 1 0.40198863636363641 1 0.40340909090909094 1 0.40482954545454547 1 0.40625 1 0.40767045454545459 1 0.40909090909090912 1 0.41051136363636365 1 0.41193181818181818 1 0.41335227272727276 1 0.41477272727272729 1 0.41619318181818182 1 0.41761363636363635 1 0.41903409090909094 1 0.42045454545454547 1 0.421875 4
1 0.99999999999977984 -5.5511151231257827e-17 5.3645976549887655e-13 1 
7 0 0  3 25 23  3.1415926535897873 -2.024999999999995  3.09286516311191 -2.0290636886384914  2.9954222797369616 -2.0371822996789533  2.8509115858864207 -2.0489552934737367  2.7089683914256337 -2.0600939246598404  2.5729687105530457 -2.0698466086470915  2.432769553996621 -2.0805735848433997  2.2889895827002942 -2.0921634826242008  2.1431963549756126 -2.1042527525335712  1.9968460274202382 -2.116480934885367  1.8516355909922004 -2.1284261870327517  1.7086043794544672 -2.1398290999611786  1.5707963267948948 -2.1499999999999964  1.4329882741353217 -2.1601709000388047  1.2899570625975894 -2.1715738129672411  1.1447466261695507 -2.1835190651146368  0.99839629861417145 -2.1957472474664033  0.85260307088949994 -2.2078365173757906  0.70882309959316681 -2.2194264151566001  0.56862394303674813 -2.2301533913529012  0.43262426216415278 -2.2399060753401518  0.29068106770336649 -2.2510447065262635  0.1461703738528346 -2.262817700321035  0.048727490477883641 -2.2709363113614951  0 -2.274999999999995 
 0.45312500000000006 4 0.45454545454545459 1 0.45596590909090912 1 0.4573863636363637 1 0.45880681818181823 1 0.46022727272727276 1 0.46164772727272729 1 0.46306818181818188 1 0.46448863636363641 1 0.46590909090909094 1 0.46732954545454547 1 0.46875 1 0.47017045454545459 1 0.47159090909090912 1 0.47301136363636365 1 0.47443181818181818 1 0.47585227272727276 1 0.47727272727272729 1 0.47869318181818182 1 0.48011363636363635 1 0.48153409090909094 1 0.48295454545454547 1 0.484375 4
1 1.4134591376099546e-13 0 -3.0275394823011844e-13 1 
7 0 0  3 25 23  3.1415926535897873 -1.3999999986343994  3.09286516311191 -1.4040636872728964  2.9954222797369616 -1.4121822983133578  2.8509115858864207 -1.4239552921081395  2.7089683914256337 -1.4350939232942506  2.5729687105530457 -1.4448466072814958  2.432769553996621 -1.4555735834777976  2.2889895827002942 -1.4671634812586094  2.1431963549756126 -1.4792527511679863  1.9968460274202382 -1.4914809335197687  1.8516355909922004 -1.5034261856671571  1.7086043794544672 -1.5148290985955821  1.5707963267948948 -1.5249999986344014  1.4329882741353217 -1.5351708986732089  1.2899570625975894 -1.5465738116016463  1.1447466261695507 -1.5585190637490383  0.99839629861417145 -1.5707472461008187  0.85260307088949994 -1.5828365160101974  0.70882309959316681 -1.5944264137910054  0.56862394303674813 -1.605153389987299  0.43262426216415278 -1.6149060739745587  0.29068106770336649 -1.626044705160663  0.1461703738528346 -1.6378176989554356  0.048727490477883641 -1.6459363099958979  0 -1.6499999986343994 
 0.32812500000000006 4 0.32954545454545459 1 0.33096590909090912 1 0.3323863636363637 1 0.33380681818181823 1 0.33522727272727276 1 0.33664772727272729 1 0.33806818181818188 1 0.33948863636363641 1 0.34090909090909094 1 0.34232954545454547 1 0.34375 1 0.34517045454545459 1 0.34659090909090912 1 0.34801136363636365 1 0.34943181818181818 1 0.35085227272727276 1 0.35227272727272729 1 0.35369318181818182 1 0.35511363636363635 1 0.35653409090909094 1 0.35795454545454547 1 0.359375 4
1 1.0000000000000582 0 -1.9184653865522773e-13 1 
7 0 0  3 25 23  3.1415926535897873 -1.524999999999995  3.09286516311191 -1.5290636886384916  2.9954222797369616 -1.5371822996789533  2.8509115858864207 -1.5489552934737365  2.7089683914256337 -1.5600939246598422  2.5729687105530457 -1.5698466086470837  2.432769553996621 -1.5805735848434077  2.2889895827002942 -1.5921634826241968  2.1431963549756126 -1.6042527525335788  1.9968460274202382 -1.6164809348853637  1.8516355909922004 -1.6284261870327588  1.7086043794544672 -1.6398290999611764  1.5707963267948948 -1.6499999999999968  1.4329882741353217 -1.6601709000388067  1.2899570625975894 -1.6715738129672324  1.1447466261695507 -1.6835190651146277  0.99839629861417145 -1.6957472474664061  0.85260307088949994 -1.7078365173757897  0.70882309959316681 -1.7194264151566001  0.56862394303674813 -1.7301533913529004  0.43262426216415278 -1.7399060753401545  0.29068106770336649 -1.7510447065262531  0.1461703738528346 -1.7628177003210319  0.048727490477883641 -1.7709363113614955  0 -1.774999999999995 
 0.39062500000000006 4 0.39204545454545459 1 0.39346590909090912 1 0.3948863636363637 1 0.39630681818181823 1 0.39772727272727276 1 0.39914772727272729 1 0.40056818181818188 1 0.40198863636363641 1 0.40340909090909094 1 0.40482954545454547 1 0.40625 1 0.40767045454545459 1 0.40909090909090912 1 0.41051136363636365 1 0.41193181818181818 1 0.41335227272727276 1 0.41477272727272729 1 0.41619318181818182 1 0.41761363636363635 1 0.41903409090909094 1 0.42045454545454547 1 0.421875 4
1 1.1674837987067603e-13 0 -3.0272922842058739e-13 1 
7 0 0  3 25 23  3.1415926535897873 -0.89999999863440294  3.09286516311191 -0.90406368727289943  2.9954222797369616 -0.91218229831336106  2.8509115858864207 -0.92395529210814475  2.7089683914256337 -0.9350939232942489  2.5729687105530457 -0.94484660728149716  2.432769553996621 -0.95557358347781529  2.2889895827002942 -0.96716348125860041  2.1431963549756126 -0.97925275116798305  1.9968460274202382 -0.99148093351976962  1.8516355909922004 -1.0034261856671574  1.7086043794544672 -1.0148290985955817  1.5707963267948948 -1.0249999986344032  1.4329882741353217 -1.035170898673202  1.2899570625975894 -1.0465738116016505  1.1447466261695507 -1.058519063749028  0.99839629861417145 -1.0707472461008112  0.85260307088949994 -1.0828365160101951  0.70882309959316681 -1.0944264137910005  0.56862394303674813 -1.1051533899873001  0.43262426216415278 -1.1149060739745604  0.29068106770336649 -1.1260447051606559  0.1461703738528346 -1.1378176989554414  0.048727490477883641 -1.1459363099959032  0 -1.1499999986343994 
 0.26562500000000006 4 0.26704545454545459 1 0.26846590909090912 1 0.2698863636363637 1 0.27130681818181823 1 0.27272727272727276 1 0.27414772727272729 1 0.27556818181818188 1 0.27698863636363641 1 0.27840909090909094 1 0.27982954545454547 1 0.28125 1 0.28267045454545459 1 0.28409090909090912 1 0.28551136363636365 1 0.28693181818181818 1 0.28835227272727276 1 0.28977272727272729 1 0.29119318181818182 1 0.29261363636363635 1 0.29403409090909094 1 0.29545454545454547 1 0.296875 4
1 0.99999999999993483 0 2.2382096176443237e-13 1 
7 0 0  3 25 23  3.1415926535897873 -1.0249999999999986  3.0928651631119086 -1.0290636886384998  2.9954222797369612 -1.037182299678959  2.8509115858864309 -1.0489552934737252  2.7089683914256413 -1.0600939246598367  2.5729687105530479 -1.069846608647097  2.4327695539966299 -1.080573584843403  2.2889895827002968 -1.0921634826242024  2.1431963549756157 -1.1042527525335815  1.9968460274202462 -1.1164809348853708  1.8516355909921995 -1.1284261870327499  1.7086043794544696 -1.139829099961184  1.5707963267948968 -1.1499999999999952  1.4329882741353235 -1.1601709000388054  1.2899570625975918 -1.1715738129672417  1.1447466261695496 -1.1835190651146339  0.998396298614176 -1.1957472474664113  0.85260307088949328 -1.2078365173757846  0.70882309959317114 -1.2194264151565963  0.56862394303674735 -1.230153391352901  0.43262426216415306 -1.2399060753401547  0.29068106770336638 -1.2510447065262518  0.14617037385283463 -1.262817700321037  0.048727490477883641 -1.2709363113614989  0 -1.274999999999995 
 0.328125 4 0.32954545454545453 1 0.33096590909090912 1 0.33238636363636365 1 0.33380681818181818 1 0.33522727272727271 1 0.33664772727272729 1 0.33806818181818182 1 0.33948863636363635 1 0.34090909090909088 1 0.34232954545454547 1 0.34375 1 0.34517045454545453 1 0.34659090909090912 1 0.34801136363636365 1 0.34943181818181818 1 0.35085227272727271 1 0.35227272727272729 1 0.35369318181818182 1 0.35511363636363635 1 0.35653409090909094 1 0.35795454545454547 1 0.359375 4
1 1.686499218802165e-13 5.5511151231257827e-17 -4.8403385251230535e-13 1 
7 0 0  3 25 23  3.1415926372026397 -0.39999999999999503  3.0928651469724686 -0.40406368861803066  2.9954222641570425 -0.41218229960127722  2.8509115712701676 -0.42395529327966686  2.7089683779555433 -0.43509392430806165  2.5729686980285149 -0.44484660818722688  2.4327695416248267 -0.45557358446046176  2.288989570881856 -0.46716348222711351  2.1431963437861383 -0.47925275210315188  1.9968460169980018 -0.49148093438722051  1.8516355814496774 -0.50342618643927117  1.7086043707961569 -0.51482909927108544  1.5707963193021177 -0.52499999915098017  1.4329882668964828 -0.53517089924163797  1.2899570559886029 -0.54657381213692746  1.1447466202092955 -0.55851906424585895  0.99839629339506064 -0.57074724653659004  0.85260306646020356 -0.58283651637268918  0.708823095966294 -0.59442641407720487  0.56862394025877649 -0.60515339018733749  0.43262426002734544 -0.6149060741369774  0.29068106623576867 -0.6260447052792637  0.14617037310852157 -0.63781769901736252  0.048727490229358926 -0.64593631001669094  0 -0.64999999863440294 
 0.20312500015926482 4 0.20454545469748006 1 0.2059659092356953 1 0.20738636377391054 1 0.20880681831212575 1 0.21022727285034098 1 0.21164772738855622 1 0.21306818192677146 1 0.2144886364649867 1 0.21590909100320194 1 0.21732954554141717 1 0.21875000007963241 1 0.22017045461784762 1 0.22159090915606286 1 0.2230113636942781 1 0.22443181823249334 1 0.22585227277070857 1 0.22727272730892381 1 0.22869318184713905 1 0.23011363638535426 1 0.2315340909235695 1 0.23295454546178473 1 0.23437499999999997 4
1 0.99999999999995992 -2.7755575615628914e-17 1.9539925332987483e-13 1 
7 0 0  3 25 23  3.1415926535897873 -0.52499999999999858  3.09286516311191 -0.52906368863849851  2.9954222797369616 -0.53718229967895859  2.8509115858864207 -0.54895529347372873  2.7089683914256337 -0.56009392465984664  2.5729687105530457 -0.56984660864709558  2.432769553996621 -0.58057358484339816  2.2889895827002955 -0.59216348262420138  2.1431963549756157 -0.60425275253359056  1.9968460274202429 -0.61648093488535682  1.8516355909922022 -0.62842618703275488  1.7086043794544667 -0.63982909996117698  1.5707963267948966 -0.64999999999999691  1.4329882741353253 -0.66017090003880485  1.2899570625975949 -0.67157381296724217  1.1447466261695514 -0.68351906511463378  0.99839629861417578 -0.6957472474664117  0.85260307088949505 -0.70783651737578202  0.70882309959317547 -0.71942641515660577  0.5686239430367438 -0.73015339135288782  0.43262426216416144 -0.73990607534015662  0.29068106770337399 -0.75104470652625566  0.14617037385284018 -0.7628177003210409  0.048727490477885223 -0.77093631136150198  0 -0.77499999999999858 
 0.26562500000000006 4 0.26704545454545459 1 0.26846590909090912 1 0.2698863636363637 1 0.27130681818181823 1 0.27272727272727276 1 0.27414772727272729 1 0.27556818181818182 1 0.27698863636363635 1 0.27840909090909094 1 0.27982954545454547 1 0.28125 1 0.28267045454545453 1 0.28409090909090906 1 0.28551136363636365 1 0.28693181818181818 1 0.28835227272727271 1 0.28977272727272724 1 0.29119318181818177 1 0.29261363636363635 1 0.29403409090909088 1 0.29545454545454541 1 0.29687499999999994 4
1 -2.9795933516534266e-14 0 1.3061331023700041e-13 1 
1 6.2831853071795862 -9.9920072216264089e-16 0 1 
1 0 -9.9920072216264089e-16 0 1 
1 6.2831853071795862 0.56568542494925511 -1 0 
1 3.1415926535897931 -9.5756735873919752e-16 0 1 
1 3.1415926535897931 -9.5756735873919752e-16 0 1 
7 0 0  3 47 45  6.2831853071795862 0.33621580206304641  6.2605215126660125 0.3345244625109689  6.2152842761614142 0.33116065409157819  6.1475395798777557 0.32615625530763998  6.0797500825206363 0.32116839415047554  6.0117460361263237 0.31620546743401168  5.9433912108466167 0.3112934427451356  5.8744212672769924 0.30649722186087325  5.8056734564145112 0.30187754890623303  5.7369641166385383 0.29731570976959387  5.6681965945766866 0.29272918449919788  5.5992839420353553 0.28804704231350137  5.5299462660458865 0.28317013893549975  5.4605930840211556 0.27816668936042876  5.3914219973236417 0.27308330458601421  5.3219900121603967 0.26792820800460737  5.2517348871581486 0.26263751239162747  5.1811702962480295 0.25739914370361122  5.1110340248646438 0.25218389125710544  5.0405331065494607 0.24690350067220876  4.9697847369041508 0.24171057703731436  4.8988635621315524 0.23666548961539391  4.8278391392812257 0.23177832867176498  4.7568876469097203 0.22707002069143764  4.6857419669334099 0.22228375511555931  4.6141523047811592 0.21735662579184911  4.5423184123401406 0.21240296224450619  4.4703387741466978 0.20741187365593741  4.3983162222240919 0.20234319770849132  4.3264051491621816 0.19704475094191903  4.2540432623998603 0.19158456790231176  4.1813415807731262 0.18610555247234722  4.1083700020748983 0.18067210883102178  4.0351743820125527 0.17530560973143164  3.9619692956519645 0.16998837214983328  3.8882773443779031 0.16461340238894673  3.8140620830766863 0.15939756030972116  3.7402467774285664 0.15435543470891375  3.6665577064377453 0.14952829303957488  3.5924806820914301 0.14465870058572225  3.5174511813723766 0.13952377412602654  3.4425889080632026 0.13424172444528931  3.3676748304602779 0.12883280424297799  3.2926259312402153 0.1233212884304575  3.21732740783197 0.11772941586512002  3.1668896242027609 0.11396197179539494  3.1415926536112977 0.11207193402262441 
 0.00098984055558997666 4 0.0010899461809207752 1 0.0011900518062515734 1 0.0012901574315823719 1 0.0013902630569131704 1 0.0014903686822439687 1 0.0015904743075747672 1 0.0016905799329055655 1 0.001790685558236364 1 0.0018907911835671625 1 0.0019908968088979606 1 0.0020910024342287595 1 0.0021911080595595576 1 0.0022912136848903561 1 0.0023913193102211546 1 0.0024914249355519526 1 0.0025915305608827516 1 0.0026916361862135496 1 0.0027917418115443481 1 0.0028918474368751466 1 0.0029919530622059447 1 0.0030920586875367436 1 0.0031921643128675417 1 0.0032922699381983406 1 0.0033923755635291387 1 0.0034924811888599368 1 0.0035925868141907357 1 0.0036926924395215338 1 0.0037927980648523327 1 0.0038929036901831308 1 0.0039930093155139288 1 0.0040931149408447278 1 0.0041932205661755258 1 0.0042933261915063248 1 0.0043934318168371228 1 0.0044935374421679209 1 0.0045936430674987198 1 0.0046937486928295179 1 0.0047938543181603168 1 0.0048939599434911149 1 0.004994065568821913 1 0.0050941711941527119 1 0.00519427681948351 1 0.005294382444814308 1 0.005394488070145107 4
7 0 0  3 47 45  0.87846097292150538 0.20312499999999856  0.87404436230419746 0.20334526824326316  0.86527725071672068 0.20378491755110242  0.85224832411015405 0.20444483307754591  0.83922723846004743 0.20510822402914913  0.82623068472817573 0.20577836660736359  0.8133436453631937 0.20645816179583656  0.80081304486873206 0.20715252146734645  0.78872488697318222 0.20785340821402157  0.7770679734950845 0.20857018218516118  0.76507485988857193 0.20927629464431433  0.75267938343693563 0.20997294218270149  0.73983998710235088 0.21066514931384883  0.72681309405561101 0.21135041279910291  0.71351519750486536 0.21202857695190022  0.70004574555190557 0.21270564536426906  0.68616356446278315 0.21338869253934475  0.67252287738112915 0.21407434610956494  0.65890623295330564 0.21475715878457191  0.64500817894033524 0.21544655309938932  0.63138208316139899 0.21614318594982429  0.61821501689255698 0.21684806804999149  0.60554961878081182 0.21756286213903675  0.59326366214661552 0.21828628867418515  0.58090845552652259 0.21902884498851208  0.56801747712186523 0.21976278174400582  0.55498827913887061 0.22048781462535244  0.54190349449149466 0.22120503356127905  0.52867720916143945 0.2219153811874314  0.51483815656526555 0.22261933763396075  0.50047253817725224 0.22332422090711027  0.48609803497114656 0.22403072649007541  0.47192081851738954 0.22474002956488515  0.45798610164262821 0.22545358636928844  0.44416881487229071 0.22617128242523649  0.43005036193620139 0.22689975157918213  0.41644961157308524 0.22764192677523384  0.40329252424909279 0.22838951759194095  0.39071899902479845 0.22915228696249162  0.37799097212953764 0.229919988798407  0.36453867962116843 0.23068005881477421  0.35074774144486204 0.23142882188416938  0.33661240890863164 0.23216936044914346  0.32221245854460123 0.23290502909155711  0.30760203880788795 0.23363893982448655  0.29775861054284819 0.23412914281935537  0.29282032431136379 0.23437499999979106 
 0.00098984055558997666 4 0.0010899461809207752 1 0.0011900518062515734 1 0.0012901574315823719 1 0.0013902630569131704 1 0.0014903686822439687 1 0.0015904743075747672 1 0.0016905799329055655 1 0.001790685558236364 1 0.0018907911835671625 1 0.0019908968088979606 1 0.0020910024342287595 1 0.0021911080595595576 1 0.0022912136848903561 1 0.0023913193102211546 1 0.0024914249355519526 1 0.0025915305608827516 1 0.0026916361862135496 1 0.0027917418115443481 1 0.0028918474368751466 1 0.0029919530622059447 1 0.0030920586875367436 1 0.0031921643128675417 1 0.0032922699381983406 1 0.0033923755635291387 1 0.0034924811888599368 1 0.0035925868141907357 1 0.0036926924395215338 1 0.0037927980648523327 1 0.0038929036901831308 1 0.0039930093155139288 1 0.0040931149408447278 1 0.0041932205661755258 1 0.0042933261915063248 1 0.0043934318168371228 1 0.0044935374421679209 1 0.0045936430674987198 1 0.0046937486928295179 1 0.0047938543181603168 1 0.0048939599434911149 1 0.004994065568821913 1 0.0050941711941527119 1 0.00519427681948351 1 0.005294382444814308 1 0.005394488070145107 4
7 0 0  3 25 23  5.5120771732046236 -0.18295265431186353  5.5002464562279947 -0.18295252802133369  5.4766273379204486 -0.18294797496733667  5.4413050983723528 -0.18293379420454767  5.4060687937043479 -0.18291839753956812  5.3708978999155734 -0.18290587260295615  5.335771909750779 -0.18289901205309678  5.3006704477131787 -0.18289914711382971  5.2655729852676707 -0.1829062365911153  5.230460059482759 -0.18291881663729886  5.1953088665106488 -0.18293421521372774  5.1601098481859138 -0.18294781020256867  5.1248049342035857 -0.18295581180188539  5.0895181785936598 -0.18294486846108232  5.0543676606249379 -0.18292048393713065  5.0192889533880498 -0.18289398973406193  4.9842658515875815 -0.18287215214589395  4.9492686978818972 -0.18285994627565003  4.914271052656038 -0.18285980047305367  4.879245370345612 -0.1828717753224425  4.8441642965622886 -0.18289351494948372  4.8090004780088149 -0.18292015427950623  4.7737267154084915 -0.18294460990244987  4.7501197445547918 -0.18295244423523321  4.738288997164088 -0.18295265431186419 
 3.0690391223099168e-17 4 5.3924833102244059e-05 1 0.00010784966620445743 1 0.0001617744993066708 1 0.00021569933240888416 1 0.00026962416551109755 1 0.00032354899861331091 1 0.00037747383171552427 1 0.00043139866481773764 1 0.000485323497919951 1 0.00053924833102216442 1 0.00059317316412437772 1 0.00064709799722659114 1 0.00070102283032880445 1 0.00075494766343101787 1 0.00080887249653323117 1 0.00086279732963544459 1 0.00091672216273765801 1 0.00097064699583987132 1 0.0010245718289420848 1 0.0010784966620442983 1 0.0011324214951465115 1 0.0011863463282487249 4
7 0 0  3 25 23  0 0.66415878932259598  0.015177016179979833 0.66404158963151749  0.045628924799343516 0.66380818380217688  0.091566852876328805 0.6634606183280306  0.13773077855608204 0.66311515494155915  0.18408839799558002 0.66277136573818574  0.23060819183041986 0.6624288293267111  0.27725918736693084 0.66208713147175036  0.32401102358915834 0.66174586013521297  0.37083208417521896 0.66140461568639575  0.4176950741957558 0.66106296619087157  0.46455476978370192 0.66072060734876459  0.51142964506095745 0.66037675887119507  0.55809582736444874 0.66003241055123629  0.60434083488939205 0.65968850415501068  0.65019479272928382 0.65934420179013098  0.69562413051268635 0.65899913242038166  0.74061297336737142 0.65865278857068799  0.7851406636816447 0.65830468653102381  0.82918711737616158 0.65795432181482072  0.87273076603520994 0.65760117957234576  0.91574837904248896 0.65724472943236223  0.95821484206015051 0.65688442720905516  0.9861391466084618 0.65664127859255073  1 0.65651887389447949 
 3.0690391223099168e-17 4 5.3924833102244059e-05 1 0.00010784966620445743 1 0.0001617744993066708 1 0.00021569933240888416 1 0.00026962416551109755 1 0.00032354899861331091 1 0.00037747383171552427 1 0.00043139866481773764 1 0.000485323497919951 1 0.00053924833102216442 1 0.00059317316412437772 1 0.00064709799722659114 1 0.00070102283032880445 1 0.00075494766343101787 1 0.00080887249653323117 1 0.00086279732963544459 1 0.00091672216273765801 1 0.00097064699583987132 1 0.0010245718289420848 1 0.0010784966620442983 1 0.0011324214951465115 1 0.0011863463282487249 4
7 0 0  3 25 23  4.088622783626068 -0.56568542494916063  4.1125929689016507 -0.55903336908160617  4.1601039556657096 -0.54579693647894845  4.2302739348062559 -0.52620121005484877  4.2995424760189795 -0.50692758026533258  4.3680926978547543 -0.48801370951252221  4.4360827793942663 -0.46949754679467359  4.5037191416255187 -0.4513574504139094  4.5707026738909668 -0.43411336285966495  4.6371498610393518 -0.41740957280338375  4.7030777551402441 -0.40102157181683612  4.7684787532197976 -0.38472235747531458  4.8333120184056391 -0.36829875284446595  4.8975143015350504 -0.35165164424549239  4.9611288335326842 -0.334858898299222  5.0241907943522932 -0.31792183925350026  5.0867279243534176 -0.30087367700002504  5.1487645556523081 -0.2837516645792566  5.2103244975700305 -0.26660507584225346  5.2714339778261552 -0.24949294594432925  5.3321241041365832 -0.23248391559407444  5.392433566254863 -0.21565508619081372  5.4524090971125174 -0.19909013404469778  5.492211596421086 -0.1882827076142409  5.5120771732046236 -0.18295265431186353 
 1.4763149071101527e-15 4 9.0772573902840511e-05 1 0.00018154514780420469 1 0.0002723177217055689 1 0.00036309029560693308 1 0.00045386286950829726 1 0.00054463544340966155 1 0.00063540801731102573 1 0.00072618059121238991 1 0.00081695316511375409 1 0.00090772573901511827 1 0.00099849831291648245 1 0.0010892708868178466 1 0.0011800434607192108 1 0.001270816034620575 1 0.0013615886085219392 1 0.0014523611824233033 1 0.0015431337563246675 1 0.0016339063302260317 1 0.0017246789041273959 1 0.0018154514780287601 1 0.0019062240519301242 1 0.0019969966258314886 4
7 0 0  3 25 23  0 0.65006733648989601  0.017382113996604082 0.65030087118860158  0.051978744119907661 0.65076296601868244  0.10320440725635777 0.65144472316646274  0.15356725872786814 0.6521187177585599  0.20296841303975438 0.65278827855709687  0.25131721393472128 0.65345646270644897  0.29871917220845345 0.65412675869486125  0.3435945007706554 0.654797829784033  0.38708528720059376 0.65547168688689916  0.42998235401314228 0.65615224778297199  0.47281334307095069 0.65683251186380753  0.51574149653987378 0.65749225851439197  0.55918307658642497 0.65813819959870334  0.60291881654986901 0.65877099323638544  0.64702218926062738 0.65939291058817728  0.69144298263166548 0.66000552895353837  0.7361136846020131 0.66061042357827082  0.78091846326660608 0.66120904650749213  0.82570147883291645 0.66180281630194893  0.87026724853612492 0.66239314425681217  0.91438481478082478 0.66298147864541424  0.9577953053068381 0.66356932232901955  0.98607315011365171 0.66396199243625387  1 0.66415878932259598 
 1.4763149071101527e-15 4 9.0772573902840511e-05 1 0.00018154514780420469 1 0.0002723177217055689 1 0.00036309029560693308 1 0.00045386286950829726 1 0.00054463544340966155 1 0.00063540801731102573 1 0.00072618059121238991 1 0.00081695316511375409 1 0.00090772573901511827 1 0.00099849831291648245 1 0.0010892708868178466 1 0.0011800434607192108 1 0.001270816034620575 1 0.0013615886085219392 1 0.0014523611824233033 1 0.0015431337563246675 1 0.0016339063302260317 1 0.0017246789041273959 1 0.0018154514780287601 1 0.0019062240519301242 1 0.0019969966258314886 4
1 3.1415926535897865 -0.56568542494923657 1 3.5609595248643672e-16 
1 6.2831853071795933 -3.5999999999999979 -1 0 
7 0 0  3 25 23  6.2831853071795862 -0.52085665256517322  6.2736538887555335 -0.52156880887278856  6.2545898990643352 -0.52299113065787406  6.225986800441194 -0.5251171492657194  6.1973728181532186 -0.5272341220866118  6.1687445816969646 -0.52934078288576447  6.1400989243566393 -0.5314360980065711  6.1114328757438541 -0.53351930989347285  6.082743602246377 -0.53558994220738965  6.054028359906761 -0.53764781064349798  6.0252844426927448 -0.53969302757837356  5.9965091309855181 -0.54172600367770296  5.9676996392660273 -0.54374744558049959  5.9388530635518268 -0.5457583498565296  5.9099663287268118 -0.54775999314954382  5.8810361360037033 -0.54975391849958755  5.852058910793434 -0.55174191782168636  5.823030751031987 -0.55372601052000203  5.7939473768707144 -0.55570841824283235  5.7648040794386937 -0.55769153568261365  5.7355956783135502 -0.55967789770931309  5.7063164528202712 -0.56167014168179319  5.676960178426806 -0.56367096915916715  5.6573332457723637 -0.56501238381740915  5.6475046199303476 -0.56568542494923568 
 0.0066134224621600939 4 0.0066497283045728016 1 0.0066860341469855093 1 0.0067223399893982169 1 0.0067586458318109246 1 0.0067949516742236322 1 0.006831257516636339 1 0.0068675633590490467 1 0.0069038692014617544 1 0.006940175043874462 1 0.0069764808862871697 1 0.0070127867286998774 1 0.007049092571112585 1 0.0070853984135252927 1 0.0071217042559380004 1 0.007158010098350708 1 0.0071943159407634148 1 0.0072306217831761225 1 0.0072669276255888302 1 0.0073032334680015378 1 0.0073395393104142455 1 0.0073758451528269531 1 0.0074121509952396608 4
7 0 0  3 25 23  0.8828718734760802 0.60937500000000278  0.88473260748712013 0.60928236521876533  0.88846317085251214 0.60909708583078093  0.89407475199718978 0.60881898726879935  0.89969018250819166 0.60854055841474164  0.90529875444446273 0.60826165128662035  0.91089064016011112 0.60798211878794794  0.91645706298483698 0.60770181425063408  0.92199032489543664 0.60742059056651621  0.92748385477984097 0.60713829940987218  0.93293223321751129 0.60685479041767976  0.93833120466274189 0.60656991033485741  0.94367767581977069 0.60628350220440552  0.948969692511893 0.60599540424988285  0.95420642549476853 0.60570544975322915  0.95938804967087354 0.60541346303906374  0.96451594709629207 0.60511926978608266  0.96959162653692188 0.60482265363717225  0.97462035702601968 0.60452351296294693  0.97959713181030783 0.60422127034612394  0.98455849869305656 0.60391707061568023  0.98961822394838461 0.60361527569850781  0.99475585520900633 0.60331458165226137  0.99824148596345352 0.60311491578905541  1 0.603015231209308 
 0.0066134224621600939 4 0.0066497283045728016 1 0.0066860341469855093 1 0.0067223399893982169 1 0.0067586458318109246 1 0.0067949516742236322 1 0.006831257516636339 1 0.0068675633590490467 1 0.0069038692014617544 1 0.006940175043874462 1 0.0069764808862871697 1 0.0070127867286998774 1 0.007049092571112585 1 0.0070853984135252927 1 0.0071217042559380004 1 0.007158010098350708 1 0.0071943159407634148 1 0.0072306217831761225 1 0.0072669276255888302 1 0.0073032334680015378 1 0.0073395393104142455 1 0.0073758451528269531 1 0.0074121509952396608 4
1 6.2831853071795862 -3.3306690738754696e-16 0 1 
1 0 -3.3306690738754696e-16 0 1 
1 9.4247779607693793 -3.14018491736754e-16 -1 0 
1 3.1415926535897931 9.9920072216264089e-16 0 1 
1 3.1415926535897931 9.9920072216264089e-16 0 1 
7 0 0  3 47 45  4.738288997164088 -0.18295265431186419  4.7263943351465425 -0.1837331009669812  4.7026639229563347 -0.18528880228502811  4.6671996057802518 -0.18762459188818212  4.6318212534345022 -0.18998250262868779  4.5964831861273518 -0.19237517333763257  4.5611371051554643 -0.19481069130789855  4.5257436699507858 -0.19729130563976047  4.4901356586435863 -0.19983365781001688  4.4543887264135753 -0.20240751043576399  4.418546560967 -0.20500103269319919  4.3826644388855716 -0.20760753571440896  4.346786450979673 -0.21023915932895729  4.3109876598355958 -0.21288548425911136  4.2752474148280646 -0.21553320093066897  4.2395127197795066 -0.21819578070670251  4.203738209531469 -0.22087257286509523  4.167877393070289 -0.22356100387700253  4.1318798064107387 -0.22624862958410685  4.0956791895935334 -0.228966500054329  4.0593607904151492 -0.23167534295355305  4.0229930561841147 -0.2343593976795646  3.9866362150963197 -0.23701213946131444  3.9504076953506098 -0.23964152787352283  3.9142047858136437 -0.24226357561242012  3.8778660966578333 -0.24486266297375217  3.8414511824444881 -0.24743105766760717  3.8049618319678604 -0.24996374697778412  3.7684162298420625 -0.2524599265744113  3.7318284880237873 -0.25492266507744116  3.6952137534713789 -0.25735897357621057  3.6585855955892597 -0.25977983866858873  3.6219586806520061 -0.26219975323706352  3.5853380285274254 -0.26463805042882688  3.5487566891211468 -0.26711328871791118  3.51213321606392 -0.26966339774505016  3.4753852063450896 -0.27227889846377296  3.4385443436937022 -0.27493754006207655  3.4016139154437237 -0.27762483033163632  3.3646064878795165 -0.28032870946408472  3.3275332874662755 -0.28304110269919658  3.2904064992818425 -0.28575759085170188  3.2532381094340881 -0.28847749811675555  3.2160395957864965 -0.29120395388861486  3.1788216476791842 -0.29394339833458688  3.1540024911357225 -0.29578586273345553  3.1415926535898078 -0.29671278452317612 
 4.7348736264955023e-17 4 5.3543543053153463e-05 1 0.00010708708610625959 1 0.0001606306291593657 1 0.00021417417221247182 1 0.00026771771526557794 1 0.00032126125831868403 1 0.00037480480137179012 1 0.00042834834442489626 1 0.00048189188747800241 1 0.00053543543053110861 1 0.00058897897358421464 1 0.00064252251663732079 1 0.00069606605969042693 1 0.00074960960274353297 1 0.00080315314579663911 1 0.00085669668884974526 1 0.0009102402319028514 1 0.00096378377495595754 1 0.0010173273180090635 1 0.0010708708610621697 1 0.0011244144041152758 1 0.0011779579471683818 1 0.001231501490221488 1 0.0012850450332745941 1 0.0013385885763277001 1 0.0013921321193808064 1 0.0014456756624339124 1 0.0014992192054870184 1 0.0015527627485401247 1 0.0016063062915932307 1 0.001659849834646337 1 0.001713393377699443 1 0.0017669369207525491 1 0.0018204804638056553 1 0.0018740240068587613 1 0.0019275675499118676 1 0.0019811110929649736 1 0.0020346546360180797 1 0.0020881981790711857 1 0.0021417417221242922 1 0.0021952852651773982 1 0.0022488288082305042 1 0.0023023723512836103 1 0.0023559158943367163 4
7 0 0  3 47 45  0 0.65651887389447949  0.0020248909457110395 0.65639523091132468  0.0060554577511872029 0.65614858535649911  0.01211547453006109 0.65578140650505767  0.018291864250672186 0.65541880926125029  0.024580452385067425 0.6550593521701884  0.030983727496161139 0.65470246728413117  0.037463377947042707 0.65434746063438964  0.044126098755707971 0.65399245000116246  0.05086241878719918 0.65363798196077849  0.057635160647135177 0.65328426819205154  0.064426930629248147 0.65293162541233551  0.071292773249719887 0.65258025034863043  0.07820368027459873 0.65223064300577083  0.085110613623424564 0.6518823709734326  0.092065346480964372 0.65153468897965972  0.099065552681925989 0.65118693362303637  0.10610121178322771 0.65083843186135837  0.11312297929030589 0.6504884719817412  0.12025067171070845 0.65013617227941956  0.12734405892284933 0.64978213059035206  0.13435108787208072 0.64942677549145034  0.14126102232080018 0.64907045413883224  0.14810354017576247 0.64871407906322898  0.15500205287144592 0.64835640869422251  0.16191451344897456 0.64799559751078817  0.16876819539121757 0.64763196580457316  0.17551718659874257 0.64726524821699771  0.18212869585766031 0.64689537609688097  0.18858265316964318 0.64652207648706972  0.19488838806719452 0.64614566957257602  0.20101873236002768 0.64576425431365236  0.20717376851272737 0.64538487518195919  0.21344927732710964 0.6450094029121195  0.21988447916295481 0.64463729964059935  0.22657234186463873 0.64426759399314815  0.23345081386073072 0.64389915878217074  0.24044806599764582 0.64353207683670766  0.24751131817629235 0.64316612773525006  0.25459987954907376 0.64280118756383908  0.26168759640627959 0.64243711623257349  0.2687626374509185 0.64207378215701261  0.27582765670151521 0.64171105040279075  0.28290020453474568 0.64134877997073214  0.29001083531859423 0.64098682129921236  0.29480976416106958 0.64074560968564176  0.2972312248618611 0.64062500000000011 
 4.7348736264955023e-17 4 5.3543543053153463e-05 1 0.00010708708610625959 1 0.0001606306291593657 1 0.00021417417221247182 1 0.00026771771526557794 1 0.00032126125831868403 1 0.00037480480137179012 1 0.00042834834442489626 1 0.00048189188747800241 1 0.00053543543053110861 1 0.00058897897358421464 1 0.00064252251663732079 1 0.00069606605969042693 1 0.00074960960274353297 1 0.00080315314579663911 1 0.00085669668884974526 1 0.0009102402319028514 1 0.00096378377495595754 1 0.0010173273180090635 1 0.0010708708610621697 1 0.0011244144041152758 1 0.0011779579471683818 1 0.001231501490221488 1 0.0012850450332745941 1 0.0013385885763277001 1 0.0013921321193808064 1 0.0014456756624339124 1 0.0014992192054870184 1 0.0015527627485401247 1 0.0016063062915932307 1 0.001659849834646337 1 0.001713393377699443 1 0.0017669369207525491 1 0.0018204804638056553 1 0.0018740240068587613 1 0.0019275675499118676 1 0.0019811110929649736 1 0.0020346546360180797 1 0.0020881981790711857 1 0.0021417417221242922 1 0.0021952852651773982 1 0.0022488288082305042 1 0.0023023723512836103 1 0.0023559158943367163 4
1 6.2831853071795862 0 0 1 
1 0 0 0 1 
7 0 0  3 25 23  6.2831853071795862 -2.8999999986343994  6.2344578167017 -2.9040636872728971  6.1370149333267516 -2.9121822983133572  5.9925042394762302 -2.9239552921081384  5.8505610450154233 -2.9350939232942386  5.7145613641428552 -2.9448466072815029  5.5743622075864216 -2.9555735834778005  5.4305822362900971 -2.9671634812586118  5.2847890085654194 -2.9792527511679925  5.1384386810100438 -2.991480933519767  4.9932282445819949 -3.0034261856671565  4.8501970330442674 -3.0148290985955883  4.7123889803846915 -3.0249999986344012  4.5745809277251235 -3.035170898673226  4.4315497161873809 -3.0465738116016432  4.2863392797593427 -3.0585190637490389  4.139988952203967 -3.0707472461008183  3.9941957244792836 -3.0828365160101958  3.850415753182959 -3.0944264137909925  3.7102165966265304 -3.1051533899873078  3.5742169157539498 -3.1149060739745611  3.432273721293154 -3.1260447051606666  3.2877630274426268 -3.1378176989554398  3.1903201440676781 -3.1459363099959017  3.1415926535897931 -3.1499999986344029 
 0.515625 4 0.51704545454545459 1 0.51846590909090906 1 0.51988636363636365 1 0.52130681818181823 1 0.52272727272727271 1 0.52414772727272729 1 0.52556818181818177 1 0.52698863636363635 1 0.52840909090909094 1 0.52982954545454541 1 0.53125 1 0.53267045454545459 1 0.53409090909090906 1 0.53551136363636365 1 0.53693181818181823 1 0.53835227272727271 1 0.53977272727272729 1 0.54119318181818177 1 0.54261363636363635 1 0.54403409090909094 1 0.54545454545454541 1 0.546875 4
1 0.99999999999971945 -1.1102230246251565e-16 5.1869619710487132e-13 1 
1 3.1415926535897931 0 0 1 
1 3.1415926535897931 0 0 1 
7 0 0  3 25 23  6.2831853071795862 -3.0249999999999986  6.2344578167017 -3.0290636886384998  6.1370149333267516 -3.0371822996789613  5.9925042394762302 -3.0489552934737354  5.8505610450154233 -3.0600939246598409  5.7145613641428552 -3.0698466086470924  5.5743622075864216 -3.0805735848433935  5.4305822362900971 -3.0921634826242035  5.2847890085654194 -3.1042527525335855  5.1384386810100438 -3.1164809348853577  4.9932282445819949 -3.1284261870327543  4.8501970330442674 -3.1398290999611782  4.7123889803846915 -3.1499999999999959  4.5745809277251235 -3.1601709000388092  4.4315497161873809 -3.1715738129672446  4.2863392797593427 -3.1835190651146221  4.139988952203967 -3.1957472474664121  3.9941957244792836 -3.2078365173757919  3.850415753182959 -3.2194264151565872  3.7102165966265304 -3.2301533913529039  3.5742169157539498 -3.2399060753401563  3.432273721293154 -3.2510447065262627  3.2877630274426268 -3.2628177003210359  3.1903201440676781 -3.2709363113614973  3.1415926535897931 -3.2749999999999986 
 0.578125 4 0.57954545454545459 1 0.58096590909090906 1 0.58238636363636365 1 0.58380681818181823 1 0.58522727272727271 1 0.58664772727272729 1 0.58806818181818177 1 0.58948863636363635 1 0.59090909090909094 1 0.59232954545454541 1 0.59375 1 0.59517045454545459 1 0.59659090909090906 1 0.59801136363636365 1 0.59943181818181823 1 0.60085227272727271 1 0.60227272727272729 1 0.60369318181818177 1 0.60511363636363635 1 0.60653409090909094 1 0.60795454545454541 1 0.609375 4
1 -1.0940354756355743e-13 -1.1102230246251565e-16 1.8072419430535463e-13 1 
1 6.2831853071795862 0 0 1 
1 0 0 0 1 
7 0 0  3 25 23  6.2831853071795862 -2.3999999986343994  6.234457816701708 -2.4040636872728953  6.1370149333267596 -2.4121822983133576  5.9925042394762107 -2.4239552921081429  5.8505610450154304 -2.4350939232942381  5.7145613641428454 -2.4448466072814981  5.5743622075864199 -2.4555735834778014  5.430582236290098 -2.4671634812586114  5.2847890085654035 -2.4792527511679747  5.1384386810100331 -2.4914809335197687  4.9932282445819922 -2.503426185667168  4.8501970330442612 -2.5148290985955799  4.7123889803846897 -2.5249999986343998  4.5745809277251182 -2.5351708986732175  4.4315497161873871 -2.5465738116016348  4.2863392797593374 -2.5585190637490327  4.139988952203975 -2.5707472461008094  3.9941957244792832 -2.5828365160101967  3.8504157531829475 -2.5944264137909987  3.710216596626545 -2.6051533899873069  3.5742169157539498 -2.6149060739745567  3.4322737212931629 -2.6260447051606639  3.2877630274426162 -2.6378176989554354  3.1903201440676687 -2.6459363099958977  3.1415926535897931 -2.6499999986343994 
 0.45312500000000006 4 0.45454545454545459 1 0.45596590909090912 1 0.4573863636363637 1 0.45880681818181823 1 0.46022727272727276 1 0.46164772727272729 1 0.46306818181818188 1 0.46448863636363641 1 0.46590909090909094 1 0.46732954545454547 1 0.46875 1 0.47017045454545459 1 0.47159090909090912 1 0.47301136363636365 1 0.47443181818181818 1 0.47585227272727276 1 0.47727272727272729 1 0.47869318181818182 1 0.48011363636363635 1 0.48153409090909094 1 0.48295454545454547 1 0.484375 4
1 0.99999999999972933 0 5.6843418860808015e-13 1 
1 3.1415926535897931 0 0 1 
1 3.1415926535897931 0 0 1 
7 0 0  3 25 23  6.2831853071795862 -2.5249999999999986  6.2344578167017 -2.5290636886384972  6.1370149333267516 -2.5371822996789568  5.9925042394762302 -2.5489552934737336  5.8505610450154233 -2.5600939246598298  5.7145613641428552 -2.5698466086470959  5.5743622075864216 -2.5805735848433922  5.4305822362900971 -2.5921634826242035  5.2847890085654194 -2.6042527525335863  5.1384386810100438 -2.6164809348853519  4.9932282445819949 -2.6284261870327557  4.8501970330442674 -2.6398290999611782  4.7123889803846915 -2.6499999999999959  4.5745809277251235 -2.6601709000388114  4.4315497161873809 -2.6715738129672384  4.2863392797593427 -2.6835190651146239  4.139988952203967 -2.6957472474664121  3.9941957244792836 -2.7078365173757888  3.850415753182959 -2.7194264151566006  3.7102165966265304 -2.7301533913528977  3.5742169157539498 -2.7399060753401652  3.432273721293154 -2.7510447065262547  3.2877630274426268 -2.7628177003210372  3.1903201440676781 -2.7709363113614995  3.1415926535897931 -2.7749999999999986 
 0.515625 4 0.51704545454545459 1 0.51846590909090906 1 0.51988636363636365 1 0.52130681818181823 1 0.52272727272727271 1 0.52414772727272729 1 0.52556818181818177 1 0.52698863636363635 1 0.52840909090909094 1 0.52982954545454541 1 0.53125 1 0.53267045454545459 1 0.53409090909090906 1 0.53551136363636365 1 0.53693181818181823 1 0.53835227272727271 1 0.53977272727272729 1 0.54119318181818177 1 0.54261363636363635 1 0.54403409090909094 1 0.54545454545454541 1 0.546875 4
1 1.1907795515040655e-13 0 -2.0605723696126023e-13 1 
1 6.2831853071795862 0 0 1 
1 0 0 0 1 
7 0 0  3 25 23  6.2831853071795862 -1.8999999986343994  6.2344578167017062 -1.9040636872728955  6.1370149333267578 -1.9121822983133543  5.9925042394762178 -1.9239552921081324  5.8505610450154331 -1.9350939232942408  5.7145613641428348 -1.9448466072814974  5.5743622075864367 -1.9555735834778016  5.4305822362900917 -1.9671634812586134  5.2847890085654159 -1.979252751167988  5.138438681010034 -1.9914809335197572  4.9932282445820011 -2.0034261856671591  4.8501970330442665 -2.0148290985955875  4.7123889803846923 -2.0249999986344007  4.5745809277251261 -2.0351708986732038  4.4315497161873862 -2.0465738116016463  4.286339279759348 -2.0585190637490234  4.1399889522039768 -2.0707472461008138  3.9941957244792876 -2.0828365160101887  3.8504157531829559 -2.0944264137910023  3.7102165966265517 -2.105153389987299  3.5742169157539596 -2.1149060739745602  3.4322737212931593 -2.1260447051606781  3.2877630274426264 -2.1378176989554381  3.1903201440676745 -2.1459363099958964  3.1415926535897931 -2.1499999986343994 
 0.390625 4 0.39204545454545453 1 0.39346590909090906 1 0.39488636363636365 1 0.39630681818181818 1 0.39772727272727271 1 0.39914772727272724 1 0.40056818181818182 1 0.40198863636363635 1 0.40340909090909088 1 0.40482954545454541 1 0.40625 1 0.40767045454545453 1 0.40909090909090906 1 0.41051136363636359 1 0.41193181818181812 1 0.41335227272727271 1 0.41477272727272724 1 0.41619318181818177 1 0.4176136363636363 1 0.41903409090909083 1 0.42045454545454541 1 0.42187499999999994 4
1 0.99999999999979017 5.5511151231257827e-17 5.2224891078367364e-13 1 
1 3.1415926535897931 0 0 1 
1 3.1415926535897931 0 0 1 
7 0 0  3 25 23  6.2831853071795862 -2.024999999999995  6.234457816701708 -2.0290636886384914  6.1370149333267596 -2.0371822996789533  5.9925042394762107 -2.0489552934737367  5.8505610450154304 -2.0600939246598404  5.7145613641428454 -2.0698466086470915  5.5743622075864199 -2.0805735848433997  5.430582236290098 -2.0921634826242008  5.2847890085654035 -2.1042527525335712  5.1384386810100331 -2.116480934885367  4.9932282445819922 -2.1284261870327517  4.8501970330442612 -2.1398290999611786  4.7123889803846897 -2.1499999999999964  4.5745809277251182 -2.1601709000388047  4.4315497161873871 -2.1715738129672411  4.2863392797593374 -2.1835190651146368  4.139988952203975 -2.1957472474664033  3.9941957244792832 -2.2078365173757906  3.8504157531829475 -2.2194264151566001  3.710216596626545 -2.2301533913529012  3.5742169157539498 -2.2399060753401518  3.4322737212931629 -2.2510447065262635  3.2877630274426162 -2.262817700321035  3.1903201440676687 -2.2709363113614951  3.1415926535897931 -2.274999999999995 
 0.45312500000000006 4 0.45454545454545459 1 0.45596590909090912 1 0.4573863636363637 1 0.45880681818181823 1 0.46022727272727276 1 0.46164772727272729 1 0.46306818181818188 1 0.46448863636363641 1 0.46590909090909094 1 0.46732954545454547 1 0.46875 1 0.47017045454545459 1 0.47159090909090912 1 0.47301136363636365 1 0.47443181818181818 1 0.47585227272727276 1 0.47727272727272729 1 0.47869318181818182 1 0.48011363636363635 1 0.48153409090909094 1 0.48295454545454547 1 0.484375 4
1 -7.6098795234041949e-16 0 -1.474514954580286e-17 1 
1 6.2831853071795862 0 0 1 
1 0 0 0 1 
7 0 0  3 25 23  6.2831853071795862 -1.3999999986343994  6.2344578167017053 -1.4040636872729015  6.1370149333267543 -1.4121822983133632  5.9925042394762196 -1.4239552921081338  5.8505610450154304 -1.4350939232942463  5.7145613641428348 -1.4448466072814976  5.5743622075864261 -1.4555735834777968  5.4305822362900988 -1.4671634812586092  5.2847890085654097 -1.4792527511679872  5.138438681010034 -1.4914809335197683  4.9932282445819922 -1.5034261856671574  4.8501970330442621 -1.5148290985955823  4.7123889803846897 -1.5249999986344012  4.5745809277251182 -1.5351708986732091  4.4315497161873871 -1.5465738116016456  4.2863392797593338 -1.5585190637490411  4.139988952203975 -1.5707472461008063  3.9941957244792792 -1.5828365160102007  3.8504157531829484 -1.5944264137910042  3.7102165966265352 -1.6051533899873025  3.5742169157539361 -1.6149060739745664  3.4322737212931687 -1.6260447051606493  3.2877630274426166 -1.6378176989554423  3.1903201440676674 -1.6459363099959052  3.1415926535897931 -1.6499999986343994 
 0.328125 4 0.32954545454545453 1 0.33096590909090912 1 0.33238636363636365 1 0.33380681818181818 1 0.33522727272727276 1 0.33664772727272729 1 0.33806818181818182 1 0.33948863636363641 1 0.34090909090909094 1 0.34232954545454547 1 0.34375 1 0.34517045454545459 1 0.34659090909090912 1 0.34801136363636365 1 0.34943181818181823 1 0.35085227272727276 1 0.35227272727272729 1 0.35369318181818188 1 0.35511363636363641 1 0.35653409090909094 1 0.35795454545454553 1 0.35937500000000006 4
1 1.000000000000008 5.5511151231257827e-17 -2.4868995751603507e-14 1 
1 3.1415926535897931 0 0 1 
1 3.1415926535897931 0 0 1 
7 0 0  3 25 23  6.2831853071795862 -1.524999999999995  6.2344578167017062 -1.5290636886384916  6.1370149333267578 -1.5371822996789533  5.9925042394762178 -1.5489552934737365  5.8505610450154331 -1.5600939246598418  5.7145613641428348 -1.5698466086470857  5.5743622075864367 -1.5805735848434006  5.4305822362900917 -1.5921634826242019  5.2847890085654159 -1.6042527525335857  5.138438681010034 -1.6164809348853517  4.9932282445820011 -1.6284261870327572  4.8501970330442665 -1.639829099961176  4.7123889803846923 -1.649999999999999  4.5745809277251261 -1.6601709000387976  4.4315497161873862 -1.6715738129672475  4.286339279759348 -1.6835190651146177  4.1399889522039768 -1.695747247466409  3.9941957244792876 -1.7078365173757877  3.8504157531829559 -1.7194264151565855  3.7102165966265517 -1.7301533913528979  3.5742169157539596 -1.7399060753401561  3.4322737212931593 -1.7510447065262698  3.2877630274426264 -1.7628177003210297  3.1903201440676745 -1.7709363113614902  3.1415926535897931 -1.774999999999995 
 0.390625 4 0.39204545454545453 1 0.39346590909090906 1 0.39488636363636365 1 0.39630681818181818 1 0.39772727272727271 1 0.39914772727272724 1 0.40056818181818182 1 0.40198863636363635 1 0.40340909090909088 1 0.40482954545454541 1 0.40625 1 0.40767045454545453 1 0.40909090909090906 1 0.41051136363636359 1 0.41193181818181812 1 0.41335227272727271 1 0.41477272727272724 1 0.41619318181818177 1 0.4176136363636363 1 0.41903409090909083 1 0.42045454545454541 1 0.42187499999999994 4
1 2.777574516989287e-15 5.5511151231257827e-17 -2.3580228916763981e-14 1 
1 6.2831853071795862 0 0 1 
1 0 0 0 1 
7 0 0  3 25 23  6.2831853071795862 -0.89999999863440294  6.234457816701708 -0.9040636872728991  6.1370149333267587 -0.91218229831336084  5.9925042394762142 -0.9239552921081462  5.8505610450154215 -0.93509392329424235  5.7145613641428259 -0.94484660728150183  5.5743622075864083 -0.9555735834778043  5.4305822362900802 -0.96716348125859697  5.2847890085653946 -0.97925275116798505  5.1384386810100295 -0.99148093351976596  4.9932282445819869 -1.0034261856671496  4.8501970330442532 -1.0148290985955957  4.7123889803846817 -1.0249999986343976  4.5745809277251146 -1.0351708986732087  4.4315497161873756 -1.0465738116016521  4.2863392797593409 -1.0585190637490158  4.1399889522039688 -1.0707472461008143  3.994195724479281 -1.0828365160101943  3.8504157531829479 -1.0944264137910011  3.7102165966265455 -1.105153389987299  3.5742169157539507 -1.1149060739745642  3.4322737212931651 -1.126044705160663  3.2877630274426237 -1.1378176989554314  3.1903201440676718 -1.1459363099958946  3.1415926535897931 -1.1499999986343994 
 0.26562500000000022 4 0.26704545454545475 1 0.26846590909090928 1 0.26988636363636381 1 0.27130681818181834 1 0.27272727272727287 1 0.2741477272727274 1 0.27556818181818193 1 0.27698863636363646 1 0.27840909090909099 1 0.27982954545454553 1 0.28125000000000011 1 0.28267045454545464 1 0.28409090909090917 1 0.2855113636363637 1 0.28693181818181823 1 0.28835227272727276 1 0.28977272727272729 1 0.29119318181818182 1 0.29261363636363635 1 0.29403409090909088 1 0.29545454545454541 1 0.29687499999999994 4
1 0.99999999999995082 -1.6653345369377348e-16 1.8118839761882555e-13 1 
1 3.1415926535897931 0 0 1 
1 3.1415926535897931 0 0 1 
7 0 0  3 25 23  6.2831853071795862 -1.0249999999999986  6.2344578167017062 -1.0290636886384894  6.1370149333267552 -1.0371822996789508  5.9925042394762178 -1.0489552934737485  5.850561045015426 -1.0600939246598369  5.7145613641428463 -1.0698466086470939  5.5743622075864199 -1.0805735848433935  5.4305822362900882 -1.0921634826242008  5.2847890085654043 -1.1042527525335759  5.1384386810100349 -1.1164809348853728  4.9932282445819895 -1.1284261870327486  4.8501970330442585 -1.1398290999611884  4.7123889803846835 -1.1499999999999999  4.5745809277251173 -1.1601709000388032  4.4315497161873783 -1.1715738129672451  4.28633927975934 -1.1835190651146235  4.1399889522039715 -1.1957472474664075  3.9941957244792765 -1.2078365173757888  3.8504157531829528 -1.219426415156605  3.7102165966265308 -1.2301533913529044  3.574216915753937 -1.239906075340153  3.4322737212931669 -1.2510447065262553  3.2877630274426175 -1.2628177003210268  3.1903201440676674 -1.2709363113614915  3.1415926535897931 -1.274999999999995 
 0.32812500000000006 4 0.32954545454545459 1 0.33096590909090917 1 0.3323863636363637 1 0.33380681818181823 1 0.33522727272727276 1 0.33664772727272735 1 0.33806818181818188 1 0.33948863636363641 1 0.34090909090909094 1 0.34232954545454553 1 0.34375000000000006 1 0.34517045454545459 1 0.34659090909090917 1 0.3480113636363637 1 0.34943181818181823 1 0.35085227272727276 1 0.35227272727272735 1 0.35369318181818188 1 0.35511363636363641 1 0.35653409090909094 1 0.35795454545454553 1 0.35937500000000006 4
1 2.6191874030699453e-13 0 -7.4876873019957667e-13 1 
1 6.2831853071795862 0 0 1 
1 0 0 0 1 
7 0 0  3 25 23  6.2831853071795862 -0.39999999862614999  6.2344578167607372 -0.40406368726476655  6.1370149334388033 -0.41218229830557301  5.9925042395597865 -0.42395529210106875  5.8505610450981367 -0.43509392328811258  5.7145613642182065 -0.44484660727602898  5.5743622076613075 -0.45557358347186799  5.4305822363615084 -0.46716348125274981  5.2847890086330489 -0.4792527511623304  5.1384386810730431 -0.49148093351453104  4.9932282446396741 -0.50342618566249386  4.8501970330966016 -0.51482909859150738  4.7123889804299859 -0.52499999863127667  4.5745809277688725 -0.53517089866978707  4.4315497162273445 -0.54657381159840135  4.2863392797953557 -0.55851906374604232  4.1399889522355249 -0.57074724609818206  3.9941957245060555 -0.58283651600800779  3.8504157532048824 -0.59442641378927019  3.7102165966433183 -0.60515338998609158  3.5742169157668693 -0.61490607397357744  3.4322737213020322 -0.62604470515993349  3.2877630274471339 -0.63781769895507201  3.1903201440691826 -0.64593630999578366  3.1415926535897931 -0.64999999863440294 
 0.20312499999903733 4 0.20454545454453563 1 0.20596590909003393 1 0.20738636363553223 1 0.20880681818103053 1 0.21022727272652883 1 0.21164772727202713 1 0.21306818181752543 1 0.21448863636302373 1 0.21590909090852203 1 0.21732954545402033 1 0.21874999999951866 1 0.22017045454501694 1 0.22159090909051526 1 0.22301136363601357 1 0.22443181818151187 1 0.22585227272701017 1 0.22727272727250847 1 0.22869318181800677 1 0.23011363636350507 1 0.23153409090900337 1 0.23295454545450167 1 0.23437499999999997 4
1 0.99999999999996392 1.1102230246251565e-16 1.7408297025586213e-13 1 
1 3.1415926535897931 0 0 1 
1 3.1415926535897931 0 0 1 
7 0 0  3 25 23  6.2831853071795862 -0.52499999999999858  6.234457816701708 -0.52906368863849074  6.1370149333267587 -0.53718229967895137  5.9925042394762142 -0.54895529347374428  5.8505610450154215 -0.56009392465983354  5.7145613641428268 -0.56984660864709114  5.5743622075864083 -0.5805735848434086  5.4305822362900713 -0.59216348262420815  5.284789008565399 -0.60425275253357424  5.1384386810100224 -0.61648093488537237  4.9932282445819807 -0.62842618703275044  4.8501970330442514 -0.63982909996117998  4.712388980384679 -0.64999999999998959  4.5745809277251128 -0.66017090003881007  4.4315497161873765 -0.67157381296724938  4.2863392797593391 -0.68351906511462068  4.1399889522039706 -0.69574724746641459  3.994195724479281 -0.70783651737578357  3.8504157531829484 -0.71942641515659733  3.7102165966265304 -0.73015339135289914  3.5742169157539556 -0.73990607534016095  3.4322737212931584 -0.75104470652624911  3.2877630274426162 -0.76281770032104179  3.1903201440676692 -0.7709363113615042  3.1415926535897931 -0.77499999999999858 
 0.26562500000000022 4 0.26704545454545475 1 0.26846590909090928 1 0.26988636363636381 1 0.27130681818181834 1 0.27272727272727287 1 0.27414772727272746 1 0.27556818181818199 1 0.27698863636363652 1 0.27840909090909105 1 0.27982954545454558 1 0.28125000000000011 1 0.28267045454545464 1 0.28409090909090917 1 0.2855113636363637 1 0.28693181818181823 1 0.28835227272727276 1 0.28977272727272729 1 0.29119318181818188 1 0.29261363636363641 1 0.29403409090909094 1 0.29545454545454547 1 0.296875 4
1 -5.5788492885369064e-14 -1.6653345369377348e-16 2.2846768401045964e-13 1 
7 0 0  3 25 23  3.1415926535897931 -3.1499999986344029  3.0928651631119028 -3.1540636872729002  2.9954222797369519 -3.1621822983133607  2.850911585886434 -3.1739552921081424  2.7089683914256399 -3.1850939232942381  2.5729687105530448 -3.1948466072815012  2.4327695539966343 -3.2055735834778081  2.2889895827003071 -3.217163481258603  2.1431963549756179 -3.2292527511679965  1.9968460274202466 -3.2414809335197616  1.8516355909922035 -3.253426185667156  1.7086043794544667 -3.2648290985955941  1.5707963267948948 -3.2749999986344007  1.4329882741353173 -3.2851708986732215  1.28995706259759 -3.2965738116016405  1.1447466261695403 -3.3085190637490336  0.99839629861416768 -3.3207472461008192  0.85260307088948262 -3.3328365160102003  0.70882309959316181 -3.3444264137909965  0.56862394303674246 -3.3551533899873078  0.43262426216415073 -3.3649060739745553  0.29068106770336155 -3.376044705160667  0.14617037385282516 -3.3878176989554443  0.048727490477879186 -3.3959363099959052  0 -3.3999999986344029 
 0.546875 4 0.54829545454545459 1 0.54971590909090906 1 0.55113636363636365 1 0.55255681818181823 1 0.55397727272727271 1 0.55539772727272729 1 0.55681818181818177 1 0.55823863636363635 1 0.55965909090909094 1 0.56107954545454541 1 0.5625 1 0.56392045454545459 1 0.56534090909090906 1 0.56676136363636365 1 0.56818181818181823 1 0.56960227272727271 1 0.57102272727272729 1 0.57244318181818177 1 0.57386363636363635 1 0.57528409090909094 1 0.57670454545454541 1 0.578125 4
1 1.0000000000000375 0 -6.3948846218409244e-14 1 
1 0 0 0 1 
1 6.2831853071795862 0 0 1 
7 0 0  3 25 23  3.1415926535897931 -3.2749999999999986  3.0928651631119028 -3.2790636886384918  2.9954222797369519 -3.2871822996789515  2.850911585886434 -3.2989552934737403  2.7089683914256399 -3.3100939246598333  2.5729687105530448 -3.3198466086470955  2.4327695539966343 -3.3305735848433922  2.2889895827003071 -3.3421634826242048  2.1431963549756179 -3.354252752533581  1.9968460274202466 -3.3664809348853502  1.8516355909922035 -3.3784261870327494  1.7086043794544667 -3.3898290999611853  1.5707963267948948 -3.3999999999999937  1.4329882741353173 -3.4101709000388118  1.28995706259759 -3.4215738129672384  1.1447466261695403 -3.4335190651146257  0.99839629861416768 -3.4457472474664055  0.85260307088948262 -3.4578365173757919  0.70882309959316181 -3.4694264151565948  0.56862394303674246 -3.4801533913528959  0.43262426216415073 -3.4899060753401567  0.29068106770336155 -3.5010447065262484  0.14617037385282516 -3.5128177003210279  0.048727490477879186 -3.5209363113614951  0 -3.5249999999999986 
 0.609375 4 0.61079545454545459 1 0.61221590909090906 1 0.61363636363636365 1 0.61505681818181823 1 0.61647727272727271 1 0.61789772727272729 1 0.61931818181818177 1 0.62073863636363635 1 0.62215909090909094 1 0.62357954545454541 1 0.625 1 0.62642045454545459 1 0.62784090909090906 1 0.62926136363636365 1 0.63068181818181823 1 0.63210227272727271 1 0.63352272727272729 1 0.63494318181818177 1 0.63636363636363635 1 0.63778409090909094 1 0.63920454545454541 1 0.640625 4
1 -2.4903555036472306e-14 1.1102230246251565e-16 4.890528031361652e-14 1 
7 0 0  3 25 23  3.1415926535897931 -2.6499999986343994  3.0928651631119104 -2.6540636872728971  2.9954222797369594 -2.6621822983133581  2.8509115858864305 -2.673955292108138  2.7089683914256413 -2.6850939232942341  2.5729687105530399 -2.6948466072814994  2.4327695539966356 -2.7055735834778027  2.2889895827003035 -2.7171634812586061  2.1431963549756103 -2.7292527511679947  1.9968460274202449 -2.7414809335197607  1.8516355909921967 -2.7534261856671631  1.7086043794544685 -2.7648290985955861  1.5707963267948921 -2.7749999986344003  1.4329882741353175 -2.7851708986732082  1.2899570625975898 -2.796573811601649  1.1447466261695407 -2.8085190637490309  0.99839629861416745 -2.8207472461008214  0.85260307088948262 -2.8328365160101918  0.70882309959316181 -2.8444264137910049  0.56862394303674246 -2.8551533899873043  0.43262426216415073 -2.864906073974562  0.29068106770336155 -2.8760447051606661  0.14617037385282516 -2.8878176989554403  0.048727490477879186 -2.8959363099959003  0 -2.8999999986343994 
 0.484375 4 0.48579545454545453 1 0.48721590909090912 1 0.48863636363636365 1 0.49005681818181818 1 0.49147727272727271 1 0.49289772727272729 1 0.49431818181818182 1 0.49573863636363635 1 0.49715909090909088 1 0.49857954545454547 1 0.5 1 0.50142045454545459 1 0.50284090909090906 1 0.50426136363636365 1 0.50568181818181823 1 0.50710227272727271 1 0.50852272727272729 1 0.50994318181818177 1 0.51136363636363635 1 0.51278409090909094 1 0.51420454545454541 1 0.515625 4
1 1.0000000000001643 5.5511151231257827e-17 -3.4106051316484991e-13 1 
7 0 0  3 25 23  3.1415926535897931 -2.7749999999999986  3.0928651631119028 -2.7790636886384976  2.9954222797369519 -2.7871822996789573  2.850911585886434 -2.7989552934737327  2.7089683914256399 -2.8100939246598355  2.5729687105530448 -2.8198466086470941  2.4327695539966343 -2.8305735848433931  2.2889895827003071 -2.8421634826242017  2.1431963549756179 -2.8542527525335912  1.9968460274202466 -2.866480934885355  1.8516355909922035 -2.8784261870327605  1.7086043794544667 -2.8898290999611764  1.5707963267948948 -2.8999999999999972  1.4329882741353173 -2.9101709000388056  1.28995706259759 -2.9215738129672384  1.1447466261695403 -2.9335190651146297  0.99839629861416768 -2.9457472474664104  0.85260307088948262 -2.9578365173757888  0.70882309959316181 -2.9694264151566001  0.56862394303674246 -2.9801533913528981  0.43262426216415073 -2.9899060753401652  0.29068106770336155 -3.0010447065262542  0.14617037385282516 -3.0128177003210372  0.048727490477879186 -3.0209363113614995  0 -3.0249999999999986 
 0.546875 4 0.54829545454545459 1 0.54971590909090906 1 0.55113636363636365 1 0.55255681818181823 1 0.55397727272727271 1 0.55539772727272729 1 0.55681818181818177 1 0.55823863636363635 1 0.55965909090909094 1 0.56107954545454541 1 0.5625 1 0.56392045454545459 1 0.56534090909090906 1 0.56676136363636365 1 0.56818181818181823 1 0.56960227272727271 1 0.57102272727272729 1 0.57244318181818177 1 0.57386363636363635 1 0.57528409090909094 1 0.57670454545454541 1 0.578125 4
1 1.0372587731507849e-13 1.1102230246251565e-16 -1.8071421964537657e-13 1 
7 0 0  3 25 23  3.1415926535897931 -2.1499999986343994  3.0928651631119184 -2.1540636872728953  2.9954222797369683 -2.1621822983133536  2.8509115858864216 -2.1739552921081335  2.7089683914256395 -2.1850939232942355  2.5729687105530554 -2.1948466072814976  2.4327695539966374 -2.2055735834778076  2.2889895827003035 -2.2171634812586101  2.1431963549756126 -2.2292527511679934  1.9968460274202446 -2.2414809335197594  1.8516355909921969 -2.2534261856671662  1.7086043794544679 -2.264829098595579  1.5707963267948932 -2.2749999986344034  1.4329882741353199 -2.2851708986732042  1.2899570625975876 -2.2965738116016432  1.1447466261695469 -2.3085190637490345  0.99839629861416856 -2.3207472461008152  0.85260307088949272 -2.3328365160101949  0.70882309959314982 -2.3444264137909978  0.56862394303673847 -2.3551533899873123  0.43262426216414951 -2.3649060739745544  0.29068106770337021 -2.3760447051606648  0.14617037385282342 -2.3878176989554349  0.04872749047787428 -2.3959363099958981  0 -2.3999999986343994 
 0.42187499999999994 4 0.42329545454545447 1 0.42471590909090906 1 0.42613636363636359 1 0.42755681818181812 1 0.42897727272727271 1 0.43039772727272724 1 0.43181818181818182 1 0.43323863636363635 1 0.43465909090909088 1 0.43607954545454547 1 0.4375 1 0.43892045454545453 1 0.44034090909090912 1 0.44176136363636365 1 0.44318181818181818 1 0.44460227272727276 1 0.44602272727272729 1 0.44744318181818188 1 0.44886363636363641 1 0.45028409090909094 1 0.45170454545454553 1 0.45312500000000006 4
1 1.0000000000002469 1.1102230246251565e-16 -5.7198690228688065e-13 1 
7 0 0  3 25 23  3.1415926535897931 -2.274999999999995  3.0928651631119104 -2.2790636886384985  2.9954222797369594 -2.2871822996789599  2.8509115858864305 -2.2989552934737234  2.7089683914256413 -2.310093924659844  2.5729687105530399 -2.3198466086470919  2.4327695539966356 -2.3305735848433948  2.2889895827003035 -2.3421634826241982  2.1431963549756103 -2.354252752533585  1.9968460274202449 -2.3664809348853599  1.8516355909921967 -2.3784261870327486  1.7086043794544685 -2.3898290999611791  1.5707963267948921 -2.3999999999999946  1.4329882741353175 -2.4101709000388114  1.2899570625975898 -2.4215738129672371  1.1447466261695407 -2.4335190651146288  0.99839629861416745 -2.4457472474664161  0.85260307088948262 -2.4578365173757892  0.70882309959316181 -2.4694264151565943  0.56862394303674246 -2.4801533913529012  0.43262426216415073 -2.4899060753401585  0.29068106770336155 -2.5010447065262578  0.14617037385282516 -2.5128177003210315  0.048727490477879186 -2.5209363113614955  0 -2.5249999999999986 
 0.484375 4 0.48579545454545453 1 0.48721590909090912 1 0.48863636363636365 1 0.49005681818181818 1 0.49147727272727271 1 0.49289772727272729 1 0.49431818181818182 1 0.49573863636363635 1 0.49715909090909088 1 0.49857954545454547 1 0.5 1 0.50142045454545459 1 0.50284090909090906 1 0.50426136363636365 1 0.50568181818181823 1 0.50710227272727271 1 0.50852272727272729 1 0.50994318181818177 1 0.51136363636363635 1 0.51278409090909094 1 0.51420454545454541 1 0.515625 4
1 -1.4685533041125607e-13 5.5511151231257827e-17 3.015993812172478e-13 1 
7 0 0  3 25 23  3.1415926535897931 -1.6499999986343994  3.0928651631119144 -1.6540636872728955  2.995422279736963 -1.6621822983133574  2.8509115858864207 -1.6739552921081426  2.7089683914256253 -1.6850939232942388  2.572968710553055 -1.6948466072814969  2.4327695539966112 -1.7055735834778063  2.2889895827003022 -1.7171634812585947  2.143196354975617 -1.7292527511679949  1.9968460274202335 -1.7414809335197705  1.8516355909921989 -1.7534261856671625  1.708604379454465 -1.7648290985955812  1.5707963267948919 -1.7749999986344014  1.4329882741353182 -1.7851708986732087  1.2899570625975856 -1.7965738116016461  1.1447466261695471 -1.8085190637490396  0.99839629861416823 -1.8207472461008127  0.85260307088949283 -1.8328365160101991  0.70882309959315093 -1.8444264137910047  0.56862394303674457 -1.8551533899872994  0.4326242621641494 -1.8649060739745589  0.29068106770335767 -1.8760447051606617  0.14617037385283088 -1.8878176989554403  0.048727490477882836 -1.8959363099959017  0 -1.8999999986343994 
 0.35937500000000006 4 0.36079545454545459 1 0.36221590909090912 1 0.3636363636363637 1 0.36505681818181823 1 0.36647727272727276 1 0.36789772727272729 1 0.36931818181818188 1 0.37073863636363641 1 0.37215909090909094 1 0.37357954545454547 1 0.375 1 0.37642045454545459 1 0.37784090909090912 1 0.37926136363636365 1 0.38068181818181818 1 0.38210227272727276 1 0.38352272727272729 1 0.38494318181818182 1 0.38636363636363635 1 0.38778409090909094 1 0.38920454545454547 1 0.390625 4
1 0.99999999999992417 0 2.0605739337042905e-13 1 
7 0 0  3 25 23  3.1415926535897931 -1.774999999999995  3.0928651631119184 -1.7790636886384905  2.9954222797369683 -1.7871822996789493  2.8509115858864216 -1.7989552934737301  2.7089683914256395 -1.8100939246598264  2.5729687105530554 -1.8198466086470904  2.4327695539966374 -1.8305735848433971  2.2889895827003035 -1.8421634826242093  2.1431963549756126 -1.8542527525335821  1.9968460274202446 -1.8664809348853604  1.8516355909921969 -1.8784261870327472  1.7086043794544679 -1.8898290999611849  1.5707963267948932 -1.8999999999999946  1.4329882741353199 -1.9101709000388067  1.2899570625975876 -1.9215738129672371  1.1447466261695469 -1.9335190651146306  0.99839629861416856 -1.945747247466409  0.85260307088949272 -1.9578365173757968  0.70882309959314982 -1.9694264151565926  0.56862394303673847 -1.9801533913529061  0.43262426216414951 -1.9899060753401587  0.29068106770337021 -2.0010447065262511  0.14617037385282342 -2.0128177003210372  0.04872749047787428 -2.0209363113614991  0 -2.024999999999995 
 0.42187499999999994 4 0.42329545454545447 1 0.42471590909090906 1 0.42613636363636359 1 0.42755681818181812 1 0.42897727272727271 1 0.43039772727272724 1 0.43181818181818182 1 0.43323863636363635 1 0.43465909090909088 1 0.43607954545454547 1 0.4375 1 0.43892045454545453 1 0.44034090909090912 1 0.44176136363636365 1 0.44318181818181818 1 0.44460227272727276 1 0.44602272727272729 1 0.44744318181818188 1 0.44886363636363641 1 0.45028409090909094 1 0.45170454545454553 1 0.45312500000000006 4
1 -7.79883747730908e-14 1.1102230246251565e-16 1.8129421575086023e-13 1 
7 0 0  3 25 23  3.1415926535897931 -1.1499999986343994  3.0928651631119184 -1.154063687272896  2.9954222797369683 -1.1621822983133543  2.8509115858864216 -1.1739552921081307  2.7089683914256395 -1.1850939232942461  2.5729687105530554 -1.1948466072815023  2.432769553996637 -1.2055735834777994  2.2889895827003053 -1.2171634812586154  2.1431963549756166 -1.2292527511679812  1.9968460274202455 -1.2414809335197643  1.8516355909921993 -1.2534261856671587  1.7086043794544692 -1.2648290985955821  1.5707963267948954 -1.2749999986344012  1.4329882741353213 -1.2851708986732093  1.2899570625975942 -1.2965738116016463  1.1447466261695498 -1.30851906374904  0.99839629861417589 -1.320747246100811  0.85260307088948328 -1.332836516010182  0.7088230995931758 -1.3444264137910105  0.56862394303674135 -1.3551533899872956  0.43262426216414995 -1.3649060739745664  0.29068106770336938 -1.3760447051606561  0.1461703738528313 -1.3878176989554365  0.048727490477879776 -1.3959363099958999  0 -1.3999999986343994 
 0.29687499999999994 4 0.29829545454545447 1 0.29971590909090906 1 0.30113636363636359 1 0.30255681818181812 1 0.30397727272727271 1 0.30539772727272724 1 0.30681818181818177 1 0.30823863636363635 1 0.30965909090909088 1 0.31107954545454541 1 0.3125 1 0.31392045454545453 1 0.31534090909090906 1 0.31676136363636359 1 0.31818181818181818 1 0.31960227272727271 1 0.32102272727272724 1 0.32244318181818182 1 0.32386363636363635 1 0.32528409090909088 1 0.32670454545454547 1 0.328125 4
1 0.99999999999994527 1.1102230246251565e-16 1.8118839761882555e-13 1 
7 0 0  3 25 23  3.1415926535897931 -1.274999999999995  3.0928651631119144 -1.2790636886384896  2.995422279736963 -1.2871822996789493  2.8509115858864207 -1.2989552934737323  2.7089683914256253 -1.3100939246598413  2.572968710553055 -1.3198466086470917  2.4327695539966112 -1.3305735848433973  2.2889895827003022 -1.3421634826242099  2.143196354975617 -1.3542527525335792  1.9968460274202335 -1.3664809348853695  1.8516355909921989 -1.378426187032757  1.708604379454465 -1.3898290999611771  1.5707963267948919 -1.3999999999999968  1.4329882741353182 -1.4101709000388056  1.2899570625975856 -1.4215738129672373  1.1447466261695471 -1.4335190651146306  0.99839629861416823 -1.4457472474664106  0.85260307088949283 -1.4578365173757903  0.70882309959315093 -1.4694264151565943  0.56862394303674457 -1.4801533913529035  0.4326242621641494 -1.4899060753401483  0.29068106770335767 -1.5010447065262535  0.14617037385283088 -1.5128177003210366  0.048727490477882836 -1.5209363113614986  0 -1.524999999999995 
 0.35937500000000006 4 0.36079545454545459 1 0.36221590909090912 1 0.3636363636363637 1 0.36505681818181823 1 0.36647727272727276 1 0.36789772727272729 1 0.36931818181818188 1 0.37073863636363641 1 0.37215909090909094 1 0.37357954545454547 1 0.375 1 0.37642045454545459 1 0.37784090909090912 1 0.37926136363636365 1 0.38068181818181818 1 0.38210227272727276 1 0.38352272727272729 1 0.38494318181818182 1 0.38636363636363635 1 0.38778409090909094 1 0.38920454545454547 1 0.390625 4
1 -1.1977474163564355e-13 0 3.1538626920067621e-13 1 
7 0 0  3 25 23  3.1415926535897931 -0.64999999863440294  3.0928651631119175 -0.65406368727290087  2.9954222797369714 -0.66218229831336173  2.8509115858864278 -0.67395529210814009  2.7089683914256333 -0.68509392329424457  2.572968710553047 -0.69484660728149861  2.4327695539966236 -0.70557358347781429  2.2889895827002964 -0.7171634812586033  2.1431963549756148 -0.7292527511679926  1.9968460274202346 -0.7414809335197724  1.8516355909921935 -0.75342618566715813  1.7086043794544579 -0.76482909859559645  1.5707963267948837 -0.77499999863440738  1.4329882741353095 -0.78517089867321233  1.2899570625975794 -0.79657381160165019  1.1447466261695309 -0.80851906374901905  0.99839629861415979 -0.82074724610082617  0.85260307088947374 -0.83283651601018638  0.70882309959314105 -0.84442641379100125  0.5686239430367197 -0.85515338998730583  0.43262426216412397 -0.86490607397455743  0.29068106770336027 -0.87604470516066124  0.14617037385282719 -0.88781769895544516  0.048727490477879574 -0.89593630999590657  0 -0.89999999863440294 
 0.23437499999999997 4 0.23579545454545453 1 0.23721590909090909 1 0.23863636363636365 1 0.2400568181818182 1 0.24147727272727276 1 0.24289772727272732 1 0.24431818181818188 1 0.24573863636363644 1 0.24715909090909099 1 0.24857954545454553 1 0.25000000000000011 1 0.25142045454545464 1 0.25284090909090923 1 0.25426136363636376 1 0.25568181818181834 1 0.25710227272727287 1 0.25852272727272746 1 0.25994318181818199 1 0.26136363636363658 1 0.26278409090909111 1 0.26420454545454564 1 0.26562500000000022 4
1 1.0000000000000471 8.3266726846886741e-17 -1.8118839761882555e-13 1 
7 0 0  3 25 23  3.1415926535897931 -0.77499999999999858  3.0928651631119104 -0.77906368863849984  2.9954222797369594 -0.78718229967896236  2.8509115858864309 -0.79895529347373584  2.7089683914256404 -0.81009392465983354  2.5729687105530421 -0.81984660864709957  2.4327695539966165 -0.8305735848433965  2.2889895827003057 -0.84216348262420393  2.1431963549756077 -0.85425275253358257  1.996846027420238 -0.86648093488536582  1.8516355909921984 -0.87842618703274666  1.708604379454465 -0.88982909996117987  1.5707963267948919 -0.89999999999999536  1.4329882741353184 -0.91017090003880863  1.2899570625975849 -0.92157381296724794  1.1447466261695471 -0.9335190651146279  0.99839629861415757 -0.94574724746640915  0.85260307088949294 -0.95783651737579734  0.70882309959314926 -0.96942641515658945  0.56862394303673869 -0.9801533913528957  0.4326242621641494 -0.98990607534016151  0.29068106770337027 -1.0010447065262507  0.14617037385282339 -1.0128177003210366  0.04872749047787428 -1.0209363113615004  0 -1.0249999999999986 
 0.296875 4 0.29829545454545453 1 0.29971590909090912 1 0.30113636363636365 1 0.30255681818181818 1 0.30397727272727276 1 0.30539772727272729 1 0.30681818181818182 1 0.30823863636363641 1 0.30965909090909094 1 0.31107954545454547 1 0.3125 1 0.31392045454545459 1 0.31534090909090912 1 0.31676136363636365 1 0.31818181818181823 1 0.31960227272727276 1 0.32102272727272729 1 0.32244318181818188 1 0.32386363636363641 1 0.32528409090909094 1 0.32670454545454553 1 0.32812500000000006 4
1 1.0419861407551856e-13 5.5511151231257827e-17 -3.1540279647642269e-13 1 
1 0 -0.40000000000001279 1 0 
1 0 3.1401849173675464e-16 1 -7.9964152291465737e-16 
7 0 0  3 25 23  1.5707963267948937 -0.39999999999999858  1.5480702969766695 -0.40163973290346044  1.5021982772635698 -0.40501550791842428  1.4322790796326215 -0.41033782024712523  1.3613918901396769 -0.41589062421557682  1.2896992608767979 -0.42163834287750901  1.2173742170482738 -0.42754122129679339  1.1445998565805962 -0.43355544155684184  1.0715662225192044 -0.43963433336800656  0.99846743927322823 -0.44572952266990151  0.92549891190347633 -0.4517921483084284  0.85285304752682356 -0.45777442306271254  0.78072057975439213 -0.46362989156688972  0.70927144778024043 -0.46931827306131885  0.63871304142341223 -0.47479258554290582  0.56906122882008847 -0.48005154050409993  0.50098517720039171 -0.48494730834902866  0.43181652408301663 -0.4900941509709012  0.36155078586412881 -0.49549848700713817  0.29037836855362881 -0.50111998250173639  0.21845464675170456 -0.50692418475211665  0.14595927081385757 -0.51286915623807539  0.073076881897893409 -0.51891031498775431  0.0243593256767917 -0.52296995419482484  0 -0.52499999999999858 
 0.25000000000000022 4 0.25071022727272751 1 0.25142045454545475 1 0.25213068181818205 1 0.25284090909090934 1 0.25355113636363658 1 0.25426136363636387 1 0.25497159090909111 1 0.2556818181818184 1 0.25639204545454569 1 0.25710227272727293 1 0.25781250000000022 1 0.25852272727272751 1 0.25923295454545475 1 0.25994318181818205 1 0.26065340909090934 1 0.26136363636363658 1 0.26207386363636387 1 0.26278409090909111 1 0.2634943181818184 1 0.26420454545454569 1 0.26491477272727293 1 0.26562500000000022 4
1 5.9430563768836133e-13 -2.4980018054066022e-16 -2.2189455134435814e-12 1 
1 3.1415926535897931 6.2803698347350662e-16 -1 0 
1 3.1415926535897931 -6.2803698347350662e-16 0 1 
1 3.1415926535897931 -6.2803698347350662e-16 0 1 
1 -3.1415926535897931 0.28284271247460357 1 0 
1 -3.1415926535897931 0.19999999999998863 1 0 
1 0 -6.2803698347350662e-16 0 1 
1 6.2831853071795862 -6.2803698347350662e-16 0 1 
1 9.4247779607693793 7.5709613192710831e-15 -1 -2.2100014551103969e-15 
1 3.1415926535897958 0.28284271247460357 1 0 
1 3.1415926535897958 0.19999999999998863 1 0 
7 0 0  3 25 23  5.5727366986263691 -9.4205547521026002e-16  5.5738509619351646 0.0042128537148949131  5.5760695785859591 0.012645881016962518  5.5793681289237584 0.025317069786708099  5.5826376615579587 0.038009592602381917  5.5858785275685943 0.050723142590132927  5.5890910742281399 0.063457417281137726  5.5922756444850981 0.076212119165273859  5.5954325771363198 0.088986955430977926  5.5985622068164442 0.10178163792471936  5.6016648640378888 0.11459588305377935  5.6047408752187424 0.12742941170592498  5.6077905627152118 0.14028194916654294  5.6108142448540583 0.15315322503813583  5.6138122359661882 0.16604297316116698  5.6167848464208641 0.17895093153619748  5.6197323826609136 0.19187684224742477  5.6226551472377269 0.20482045138813229  5.6255534388499067 0.21778150898490781  5.6284275523711473 0.2307597689337158  5.631277778920559 0.24375498889688366  5.634104405776835 0.25676693035336789  5.6369077168771247 0.2697953580822951  5.6387612330491583 0.27849181387276478  5.6396841983863029 0.28284271247460357 
 0.0074141122046894005 4 0.0074287190464535271 1 0.0074433258882176537 1 0.0074579327299817795 1 0.0074725395717459061 1 0.0074871464135100327 1 0.0075017532552741593 1 0.0075163600970382851 1 0.0075309669388024117 1 0.0075455737805665384 1 0.007560180622330665 1 0.0075747874640947916 1 0.0075893943058589174 1 0.007604001147623044 1 0.0076186079893871706 1 0.0076332148311512972 1 0.007647821672915423 1 0.0076624285146795496 1 0.0076770353564436762 1 0.0076916421982078029 1 0.0077062490399719286 1 0.0077208558817360553 1 0.0077354627235001819 4
1 3.1415926535897931 0 0 1 
1 3.1415926535897931 0 0 1 
1 0 11.999999999999993 1 0 
1 0 0 0 1 
1 6.2831853071795862 0 0 1 
1 3.1415926535897931 0 -1 0 
1 3.1415926535897931 0 0 1 
1 3.1415926535897931 0 0 1 
1 -3.1415926535897931 0.28284271247460291 1 0 
1 -3.1415926535897931 0.19999999999998863 1 0 
1 0 0 0 1 
1 6.2831853071795862 0 0 1 
1 6.2831853071795862 -0.28284271247462001 -1 0 
1 3.1415926535897931 -4.4408920985006262e-16 0 1 
1 3.1415926535897931 -4.4408920985006262e-16 0 1 
1 0 0 1 0 
1 3.1415926535897931 26.799999999999994 -1 0 
1 0 -1.1102230246251565e-16 0 1 
1 6.2831853071795862 -1.1102230246251565e-16 0 1 
1 3.1415926535897931 0 0 1 
1 3.1415926535897931 0 0 1 
1 0 0 0 1 
1 6.2831853071795862 0 0 1 
1 6.2831853071795862 0 0 1 
1 0 0 0 1 
1 6.2831853071795862 74.214631970583696 -1 0 
1 3.1415926535897931 0 0 1 
1 3.1415926535897931 0 0 1 
1 6.2831853071795862 49.214631970583703 -1 0 
1 6.2831853071795862 74.214631970583696 -1 0 
1 6.2831853071795862 49.214631970583703 -1 0 
1 6.2831853071795862 -0.28284271247462001 -1 0 
1 3.1415926535897931 0.19999999999998863 1 0 
1 3.1415926535897931 0.28284271247460291 1 0 
1 9.4247779607693793 26.799999999999994 -1 0 
1 0 0 1 0 
1 9.4247779607693793 0 -1 0 
1 3.1415926535897931 0.19999999999998863 1 0 
1 3.1415926535897931 0.28284271247460357 1 0 
1 3.7850937623830774 5.9999999999999929 0 -1 
1 9.4247779607693793 5.9999999999999929 -1 0 
1 5.639684198386302 5.9999999999999929 0 -1 
1 0 11.999999999999993 1 0 
1 9.4247779607693793 -1.6034981422440687e-14 -1 2.6520017461324782e-15 
7 0 0  3 25 23  3.7850937623830774 0.28284271247460357  3.786017893034336 0.2784863204003723  3.78787366517968 0.26977933748554134  3.7906801247487736 0.25673651565586103  3.7935096531696684 0.24371159388972818  3.7963625225696558 0.23070482433054121  3.7992390081491663 0.21771646222890551  3.8021393886379204 0.20474676642758621  3.8050639462120239 0.19179599931154651  3.808012966554883 0.17886442690304233  3.8109867388788361 0.16595231891909792  3.8139855559565459 0.15305994884063862  3.8170097141488952 0.14018759397984998  3.8200595134329078 0.12733553554961557  3.8231352574285937 0.11450405873384174  3.8262372534250675 0.10169345275912274  3.8293658124054053 0.088904010967323657  3.832521249071378 0.076136030890438244  3.8357038818638438 0.063389814322767857  3.8389140329938325 0.050665667408916433  3.8421520284280075 0.037963900678670066  3.8454181980383 0.025284829286257984  3.8487128751319966 0.01262877249203923  3.8509285572355689 0.0042069614830752946  3.8520412621430098 -1.2560739669470132e-15 
 0.0032273871781712841 4 0.0032422261074058468 1 0.003257065036640409 1 0.0032719039658749716 1 0.0032867428951095339 1 0.0033015818243440965 1 0.0033164207535786587 1 0.0033312596828132214 1 0.0033460986120477836 1 0.0033609375412823462 1 0.0033757764705169089 1 0.0033906153997514711 1 0.0034054543289860338 1 0.003420293258220596 1 0.0034351321874551586 1 0.0034499711166897208 1 0.0034648100459242835 1 0.0034796489751588457 1 0.0034944879043934084 1 0.0035093268336279706 1 0.0035241657628625332 1 0.0035390046920970959 1 0.0035538436213316581 4
7 0 0  3 25 23  6.2831853071795862 -3.3999999986344029  6.2443789128377718 -3.4032348776138908  6.1667802050236817 -3.4096994284946716  6.0511404903482262 -3.4192081051822503  5.9371100345007664 -3.4283216352816726  5.8250679235552534 -3.4369536617828254  5.7167917283796212 -3.4447123982732286  5.6054683341856322 -3.4531758370717864  5.4917983400812593 -3.4622010563324648  5.3764324191955746 -3.4716418136101272  5.2601206217611072 -3.4813180221148574  5.1436504881843303 -3.4910340188931199  5.0277830998940845 -3.5005989340078125  4.9133870340326373 -3.5098021030038078  4.8007789060666166 -3.5185684256517558  4.6920541680034065 -3.5264305890079144  4.5816006142560131 -3.5346917370817708  4.4682873016558435 -3.5436294970499334  4.3532334463797238 -3.5529935410433393  4.2370495194697462 -3.5626376798240598  4.1205454072931955 -3.5723620902833053  4.00450084872279 -3.5819716620012456  3.8896948892707215 -3.5912737674948612  3.8144511652832103 -3.5971623471860159  3.7772733408390358 -3.5999999999999979 
 0.578125 4 0.57925637414587761 1 0.58038774829175532 1 0.58151912243763293 1 0.58265049658351054 1 0.58378187072938814 1 0.58491324487526586 1 0.58604461902114346 1 0.58717599316702107 1 0.58830736731289868 1 0.58943874145877639 1 0.590570115604654 1 0.59170148975053161 1 0.59283286389640932 1 0.59396423804228693 1 0.59509561218816454 1 0.59622698633404214 1 0.59735836047991986 1 0.59848973462579746 1 0.59962110877167507 1 0.60075248291755268 1 0.60188385706343039 1 0.603015231209308 4
1 0.99999999999997879 -1.1102230246251565e-16 1.7841907779626736e-14 1 
7 0 0  3 25 23  6.2831853071795862 -3.5249999999999986  6.2684648955735458 -3.5262267092996509  6.2390241607764949 -3.5286800911297678  6.194906028351018 -3.5323494367265003  6.1508737445879751 -3.535997365778246  6.1069695780940849 -3.5396134428333381  6.0632350775376196 -3.5431875276408906  6.0197108556164194 -3.546709871503082  5.976436186786966 -3.5501712420939016  5.9334495380155543 -3.5535628327445243  5.8907856516931361 -3.5568769501830788  5.8484855987369668 -3.5601047419146621  5.806558521760266 -3.5632449195674938  5.7651237789837388 -3.5662713887557396  5.7238799315925402 -3.5692541859298257  5.6820448167392597 -3.5723728713277425  5.6398525562715767 -3.5755753022320675  5.5972808694901675 -3.5788674242618788  5.5543786151132197 -3.5822386902308829  5.511177866841396 -3.5856820890617116  5.4677172752944774 -3.5891888427435572  5.424035617943245 -3.5927498914994596  5.3801731851998831 -3.5963556260856069  5.3508387408902349 -3.5987824800001897  5.3361551771433078 -3.6000000000000973 
 0.640625 4 0.64105419711317757 1 0.64148339422635525 1 0.64191259133953282 1 0.6423417884527105 1 0.64277098556588808 1 0.64320018267906565 1 0.64362937979224333 1 0.6440585769054209 1 0.64448777401859858 1 0.64491697113177615 1 0.64534616824495372 1 0.6457753653581314 1 0.64620456247130897 1 0.64663375958448666 1 0.64706295669766423 1 0.64749215381084191 1 0.64792135092401948 1 0.64835054803719705 1 0.64877974515037473 1 0.6492089422635523 1 0.64963813937672998 1 0.65006733648990755 4
1 -2.0604340244379314e-12 0 3.217446687596093e-12 1 
1 3.1415926535897931 -3.14018491736754e-16 -1 0 
7 0 0  3 47 45  3.1415926535898078 -0.29671278452317612  3.1191658604775343 -0.29840193876741034  3.0740111013119491 -0.30178811649071774  3.0058505022508419 -0.30684925529734863  2.9379299533812091 -0.31183313950623376  2.8702408832288726 -0.31674151197594574  2.8023663326964652 -0.32159254346949645  2.7339355179920877 -0.32635570320099866  2.66547869722746 -0.33097482974527659  2.5969034496592562 -0.33553837798339464  2.5281496642118388 -0.34011874305159784  2.459166611936987 -0.34478692584517656  2.3897534652482171 -0.34965562931580552  2.3202020689992997 -0.35467607135393631  2.2507731272417946 -0.3597449380228494  2.1812139806785704 -0.36490235585098524  2.1113974481943374 -0.37012969388630657  2.0411910649705147 -0.37540416997334763  1.9703425648373487 -0.38067986914457164  1.8996993029327121 -0.38588626137221343  1.8290630058674884 -0.39102406552965324  1.7583445752289508 -0.39607539425685906  1.6874707487616769 -0.40102104614133988  1.6162119591383071 -0.40583470405367733  1.5449545996213341 -0.4104916510750895  1.4738349987083206 -0.41520897919169486  1.4023689000089872 -0.42012859797169194  1.3300753594139048 -0.42531339776719845  1.2575112115020022 -0.43053546646873991  1.1854503646341987 -0.43583438689742565  1.1129448337883359 -0.44131447982257249  1.0401348721257744 -0.44680479290016789  0.96710378941404396 -0.45224264731048491  0.89393465678017181 -0.4575976973116363  0.82081860006436569 -0.4629165913579818  0.74748548305201523 -0.46822225643056337  0.67367753354408022 -0.47338941039208676  0.59959404312609499 -0.47841907615762941  0.52532153622127808 -0.4833507336575727  0.45094199282958219 -0.48827037942953971  0.37658483999952425 -0.49335876618320845  0.3012946970540043 -0.49871061512425691  0.22588182646506208 -0.50410277256304015  0.15096389891172665 -0.50960177795505179  0.075858917602214207 -0.51517432995346002  0.025403293031788714 -0.51895164488430567  0 -0.52085665256517322 
 0.0023559158943367163 4 0.0024526774072417931 1 0.0025494389201468699 1 0.0026462004330519468 1 0.0027429619459570236 1 0.0028397234588621 1 0.0029364849717671768 1 0.0030332464846722536 1 0.0031300079975773304 1 0.0032267695104824072 1 0.003323531023387484 1 0.0034202925362925608 1 0.0035170540491976376 1 0.0036138155621027145 1 0.0037105770750077913 1 0.0038073385879128681 1 0.0039041001008179449 1 0.0040008616137230217 1 0.0040976231266280985 1 0.0041943846395331753 1 0.0042911461524382521 1 0.004387907665343329 1 0.0044846691782484058 1 0.0045814306911534826 1 0.0046781922040585594 1 0.0047749537169636362 1 0.004871715229868713 1 0.004968476742773789 1 0.0050652382556788658 1 0.0051619997685839426 1 0.0052587612814890194 1 0.0053555227943940962 1 0.005452284307299173 1 0.0055490458202042499 1 0.0056458073331093267 1 0.0057425688460144035 1 0.0058393303589194803 1 0.0059360918718245571 1 0.006032853384729633 1 0.0061296148976347099 1 0.0062263764105397867 1 0.0063231379234448635 1 0.0064198994363499403 1 0.0065166609492550171 1 0.0066134224621600939 4
7 0 0  3 47 45  0.29723122486185616 0.64062500000000011  0.30166209445598258 0.64040703340290195  0.31052575869679283 0.6399681801489695  0.32373928506195804 0.63930421600716969  0.33673386795321747 0.63863952826419423  0.3495448330271832 0.63797248098480952  0.36223432454619037 0.63729749650145562  0.37468170759759944 0.63660866540747219  0.3867999649543436 0.63591098033109783  0.39848234150713796 0.63519577326317722  0.41044579410334758 0.63448941113262536  0.42277850259204219 0.63379187703891693  0.43557985233533442 0.6330987438341803  0.44865681548437858 0.6324114038705535  0.46187405963360972 0.63173065115093563  0.4753401318148579 0.63105231458795707  0.48901821731885436 0.6303735194638882  0.50283540108388802 0.62969134246233927  0.51661945622960381 0.62900163741938375  0.53021020772260485 0.62831090896582587  0.54362648142040282 0.62761545250951589  0.55683053817446604 0.62691268018668245  0.56975141014211272 0.62619955048101816  0.58238131780480884 0.62547317229471833  0.59437656743995881 0.62472956780383804  0.60679834498283447 0.62400028179289779  0.61969358858637413 0.62327874390957616  0.63328753247875968 0.62255815086686128  0.64688903777161844 0.62184234465574439  0.66072354438962833 0.62113688808174461  0.67515101846006831 0.62043058060321343  0.68956071212448333 0.61972301788428552  0.70374635659388496 0.61901314181286926  0.71765049509440282 0.61829986125941638  0.73143829366258328 0.61758305828257998  0.74548205463557282 0.61685820001466141  0.75928338885399904 0.61612025507415402  0.77258349449088204 0.61537016244422793  0.78520903982942059 0.61460148645978097  0.79769639061925823 0.6138305598889866  0.8110409901370832 0.61307727061022099  0.82506325605616826 0.61232410049615182  0.83909292073687625 0.61157866752753343  0.8534548992630373 0.61084430148112767  0.86800637772457712 0.61011227256140887  0.87788541094184691 0.60962189417386314  0.88287187347608587 0.60937500000000278 
 0.0023559158943367163 4 0.0024526774072417931 1 0.0025494389201468699 1 0.0026462004330519468 1 0.0027429619459570236 1 0.0028397234588621 1 0.0029364849717671768 1 0.0030332464846722536 1 0.0031300079975773304 1 0.0032267695104824072 1 0.003323531023387484 1 0.0034202925362925608 1 0.0035170540491976376 1 0.0036138155621027145 1 0.0037105770750077913 1 0.0038073385879128681 1 0.0039041001008179449 1 0.0040008616137230217 1 0.0040976231266280985 1 0.0041943846395331753 1 0.0042911461524382521 1 0.004387907665343329 1 0.0044846691782484058 1 0.0045814306911534826 1 0.0046781922040585594 1 0.0047749537169636362 1 0.004871715229868713 1 0.004968476742773789 1 0.0050652382556788658 1 0.0051619997685839426 1 0.0052587612814890194 1 0.0053555227943940962 1 0.005452284307299173 1 0.0055490458202042499 1 0.0056458073331093267 1 0.0057425688460144035 1 0.0058393303589194803 1 0.0059360918718245571 1 0.006032853384729633 1 0.0061296148976347099 1 0.0062263764105397867 1 0.0063231379234448635 1 0.0064198994363499403 1 0.0065166609492550171 1 0.0066134224621600939 4
1 6.2831853071795862 0.56568542494925511 -1 0 
7 0 0  3 25 23  0.66020535108791401 0.38273277063738409  0.6502114070800733 0.382041498475793  0.63026238015854152 0.38068109014940749  0.60043160539353269 0.37868822350204606  0.57067022037460191 0.376723508925075  0.54095330295171651 0.37477061332945444  0.51125506563015355 0.37281539906170014  0.48154893961331907 0.37084628122677071  0.45180736075023548 0.3688541471853875  0.42200333674085772 0.36683260428071984  0.39210518962506224 0.36477735551269957  0.36209682971067858 0.36268874063179346  0.33190275505249234 0.36056249420966419  0.30166865755512989 0.35842447681217854  0.27154734213470377 0.35628649362503201  0.241469853527746 0.35413499746715366  0.21142603044946409 0.35196577207360064  0.18138946188887062 0.34977464635951661  0.15133772250412772 0.34755998895250029  0.12124707787742507 0.34532205289369827  0.091094027449913448 0.34306314320412684  0.060855031341071765 0.34078764742816475  0.030506676936443614 0.33850179600335478  0.010186175079206723 0.33697702808100916  0 0.33621580206304641 
 6.2160252178758829e-17 4 4.4992752526876451e-05 1 8.998550505369075e-05 1 0.00013497825758050503 1 0.00017997101010731932 1 0.00022496376263413361 1 0.00026995651516094793 1 0.00031494926768776222 1 0.00035994202021457652 1 0.00040493477274139081 1 0.0004499275252682051 1 0.00049492027779501934 1 0.00053991303032183363 1 0.00058490578284864792 1 0.00062989853537546222 1 0.00067489128790227651 1 0.0007198840404290908 1 0.00076487679295590509 1 0.00080986954548271939 1 0.00085486229800953368 1 0.00089985505053634797 1 0.00094484780306316226 1 0.00098984055558997666 4
7 0 0  3 25 23  1 0.19651711863594956  0.99819409999580733 0.19661797850832186  0.99464425032868375 0.19681989618937476  0.98945917977511388 0.19712373220440957  0.9843660296409581 0.19742896978099422  0.97932274397712693 0.19773578364475039  0.97432180301701166 0.19804545670822352  0.9692082009577957 0.1983526629626404  0.96397813828401802 0.19865803655615635  0.95863220295737517 0.19896195299258324  0.95318193708045373 0.19926488898070063  0.94765142410968806 0.1995671391194099  0.94206579861860762 0.19986958985334485  0.93649709071352205 0.20017090721479328  0.93093558771670371 0.20046972386608347  0.9253431452511619 0.20076688219236202  0.91969896941785134 0.20106262832794755  0.91398742365824326 0.20135736436131665  0.90820136647038929 0.20165144715217576  0.90234135537504723 0.20194524261379632  0.89641587538811907 0.202239111552352  0.89044162666120075 0.20253341378207768  0.88444257439844887 0.20282850748891154  0.88045013196299027 0.20302600194522422  0.87846097292150471 0.20312499999999861 
 6.2160252178758829e-17 4 4.4992752526876451e-05 1 8.998550505369075e-05 1 0.00013497825758050503 1 0.00017997101010731932 1 0.00022496376263413361 1 0.00026995651516094793 1 0.00031494926768776222 1 0.00035994202021457652 1 0.00040493477274139081 1 0.0004499275252682051 1 0.00049492027779501934 1 0.00053991303032183363 1 0.00058490578284864792 1 0.00062989853537546222 1 0.00067489128790227651 1 0.0007198840404290908 1 0.00076487679295590509 1 0.00080986954548271939 1 0.00085486229800953368 1 0.00089985505053634797 1 0.00094484780306316226 1 0.00098984055558997666 4
7 0 0  3 25 23  1.4290016221711643 0.38273277063737265  1.4172907061830162 0.38273255149586899  1.3938679223112471 0.38272310221217787  1.3587374552808362 0.38269333955806134  1.3236166745571771 0.38266049922493045  1.2885136119393115 0.38263335854601793  1.2534372676304277 0.38261808272135761  1.2183974494055878 0.38261780160377784  1.1834045914635196 0.38263261587534486  1.148468697145659 0.38265960627349233  1.1136017906464648 0.38269257895123032  1.0788072103489976 0.38272304107978206  1.0441180453803915 0.38273669539809241  1.0094521926963573 0.38272680115205965  0.97471986888135309 0.38271017265899521  0.93994601015024981 0.38269146308595559  0.90512542937652241 0.38267639648080093  0.87026135380270153 0.38266818957185633  0.83535482457851573 0.38266850417304704  0.80040725870002816 0.38267720722831122  0.76541949816490451 0.38269249068679301  0.7303917550471748 0.38271086595266812  0.695323501382202 0.38272742167902962  0.67191630566434135 0.38273265686376384  0.66020535108791401 0.38273277063738409 
 2.6930150290767383e-17 4 5.3379429289975914e-05 1 0.0001067588585799249 1 0.0001601382878698739 1 0.00021351771715982288 1 0.00026689714644977184 1 0.00032027657573972085 1 0.00037365600502966987 1 0.00042703543431961882 1 0.00048041486360956778 1 0.00053379429289951669 1 0.00058717372218946575 1 0.00064055315147941471 1 0.00069393258076936367 1 0.00074731201005931273 1 0.00080069143934926169 1 0.00085407086863921065 1 0.00090745029792915961 1 0.00096082972721910857 1 0.0010142091565090575 1 0.0010675885857990065 1 0.0011209680150889557 1 0.0011743474443789046 4
7 0 0  3 25 23  1 0.18895188037332994  0.98550987357114972 0.18906994784311534  0.95632371219353041 0.18930529205085611  0.91199011306086764 0.18965610584244885  0.86716440668242945 0.19000489416221752  0.8219127582343938 0.19035180825382528  0.77630329794009134 0.19069698684855318  0.73040587412461988 0.19104055744828438  0.68429159654723515 0.19138263839795699  0.63803121706552346 0.19172334914886183  0.59169816247679463 0.19206278640565494  0.54535400790800626 0.19240112806828713  0.4990995190304528 0.19273825970948227  0.45288105682870017 0.19307518279344177  0.40663458275847753 0.19341297291430776  0.36044948645120306 0.19375159323016056  0.31437526205763255 0.19409130220168105  0.26847282795803629 0.19443227959063808  0.22280029050652986 0.19477472989963254  0.17741627523295181 0.19511885799974923  0.13237858729846427 0.19546487887506453  0.08774408664086629 0.19581301912122998  0.043568528913949273 0.19616351782629662  0.014459865904528864 0.19639893180882287  0 0.19651711863594956 
 2.6930150290767383e-17 4 5.3379429289975914e-05 1 0.0001067588585799249 1 0.0001601382878698739 1 0.00021351771715982288 1 0.00026689714644977184 1 0.00032027657573972085 1 0.00037365600502966987 1 0.00042703543431961882 1 0.00048041486360956778 1 0.00053379429289951669 1 0.00058717372218946575 1 0.00064055315147941471 1 0.00069393258076936367 1 0.00074731201005931273 1 0.00080069143934926169 1 0.00085407086863921065 1 0.00090745029792915961 1 0.00096082972721910857 1 0.0010142091565090575 1 0.0010675885857990065 1 0.0011209680150889557 1 0.0011743474443789046 4
7 0 0  3 25 23  0 9.7147147144219838e-10  0.024048625025266057 0.0067046022207210105  0.071817717237647752 0.020006773905598619  0.14254823329087821 0.039592258237891115  0.21242145778182417 0.058771437847368928  0.28148754332472303 0.077477258913950561  0.34980597088064003 0.095638694429898155  0.4174075740273171 0.1131153522112983  0.48466089802899859 0.12996010745729172  0.55149420900730051 0.14651610717972041  0.61782731907870392 0.16302652161567222  0.68356433274788342 0.17968869615068833  0.74847792435726646 0.1967023414462501  0.8127532164479554 0.21399637007627464  0.87664924476023365 0.23138926149032327  0.94000009324587019 0.24888163792173179  1.0027518175587502 0.2663751221311263  1.0648503044381168 0.2837644183416092  1.1261940099950918 0.30085716161705733  1.1873400144273454 0.31776880195211121  1.2482080080361275 0.33447683288150676  1.308792058584854 0.35093627462795329  1.3690728036135105 0.36708070993108377  1.4090592420960411 0.37757055654350158  1.4290016221711643 0.38273277063737265 
 2.0332441085937827e-13 4 9.1500685829262062e-05 1 0.00018300137145519973 1 0.00027450205708113738 1 0.00036600274270707502 1 0.00045750342833301267 1 0.00054900411395895042 1 0.00064050479958488807 1 0.00073200548521082571 1 0.00082350617083676335 1 0.000915006856462701 1 0.0010065075420886385 1 0.0010980082277145763 1 0.0011895089133405138 1 0.0012810095989664516 1 0.0013725102845923891 1 0.0014640109702183269 1 0.0015555116558442646 1 0.0016470123414702022 1 0.0017385130270961399 1 0.0018300137127220774 1 0.0019215143983480152 1 0.0020130150839739527 4
7 0 0  3 25 23  1 0.20312499999903733  0.98248430100550022 0.20289128256037753  0.94774697257535545 0.20242700037075717  0.89661380667782675 0.20173780409099609  0.84651216778454119 0.20105353593034703  0.79761246850303968 0.20037213439820448  0.75011587582620232 0.1996915817917298  0.70445354763486556 0.19900979796333515  0.66054070203850535 0.19832266678942126  0.61708812850772443 0.19762500299950014  0.57396832975807588 0.19694500175664473  0.53049832142406739 0.19628056185691906  0.48605250821667051 0.19563231092081748  0.44090869609694699 0.19499656247834188  0.39553891504260846 0.19436931923965681  0.34985012775118818 0.19375080502295844  0.30409693468053944 0.19314021516011851  0.25858275490793159 0.19253681879685985  0.21392349467997054 0.19194041697611161  0.16978824516868254 0.1913444893030728  0.12616282615628349 0.19074872854712063  0.083146770437699941 0.19015211059249881  0.040919181925465169 0.18955374716219153  0.013490137792012349 0.18915293583971898  0 0.18895188037332994 
 2.0332441085937827e-13 4 9.1500685829262062e-05 1 0.00018300137145519973 1 0.00027450205708113738 1 0.00036600274270707502 1 0.00045750342833301267 1 0.00054900411395895042 1 0.00064050479958488807 1 0.00073200548521082571 1 0.00082350617083676335 1 0.000915006856462701 1 0.0010065075420886385 1 0.0010980082277145763 1 0.0011895089133405138 1 0.0012810095989664516 1 0.0013725102845923891 1 0.0014640109702183269 1 0.0015555116558442646 1 0.0016470123414702022 1 0.0017385130270961399 1 0.0018300137127220774 1 0.0019215143983480152 1 0.0020130150839739527 4
7 0 0  3 25 23  3.1415926536112977 0.11207193402262441  3.1184620993719929 0.11034871544088273  3.0723362159154011 0.10690788881832446  3.003186047150133 0.10176123899565599  2.9337967110180059 0.096649077101498379  2.8635782017227376 0.091513813301874747  2.793048713010855 0.086528284679580333  2.7229363710514067 0.081678225749155703  2.6524386351680609 0.076854996262435082  2.5817021331040881 0.072100037640289091  2.510809108577583 0.067373639225683998  2.4398259696701539 0.06260332623787529  2.3689049980635914 0.057657421474980132  2.2977603282017016 0.052414462786661342  2.2261416767770092 0.047062574242016673  2.1542338684611382 0.041692797608242668  2.0821323502473814 0.036354919534368063  2.0099410642384652 0.031050157582875312  1.9378268932404636 0.025697090584893976  1.8652392602211234 0.020325228015546572  1.7922381623676118 0.015032979056585358  1.7188291065774317 0.0098664090533519266  1.6450350826235149 0.004851800918657884  1.5955841338258159 0.0016018787867751296  1.5707963267948937 9.1065362603659089e-15 
 0.005394488070145107 4 0.0054860131542607765 1 0.005577538238376447 1 0.0056690633224921166 1 0.005760588406607787 1 0.0058521134907234566 1 0.005943638574839127 1 0.0060351636589547966 1 0.0061266887430704671 1 0.0062182138271861366 1 0.0063097389113018071 1 0.0064012639954174767 1 0.0064927890795331462 1 0.0065843141636488167 1 0.0066758392477644863 1 0.0067673643318801567 1 0.0068588894159958263 1 0.0069504145001114967 1 0.0070419395842271663 1 0.0071334646683428368 1 0.0072249897524585063 1 0.0073165148365741759 1 0.0074080399206898464 4
7 0 0  3 25 23  0.29282032431135885 0.23437499999979106  0.28832440996780012 0.23459980672382555  0.27934161230987675 0.23504809030709445  0.26588806671529919 0.23572176983647461  0.25252868511514931 0.23640100985857759  0.23905713707066339 0.23709339764885864  0.22607490335727323 0.2377956947237066  0.21340665158287769 0.2385026930636317  0.20071684142828417 0.23922363665893626  0.18852586123058737 0.23996228077159079  0.17613781845016721 0.24068682830099206  0.16359143795283379 0.24140220214203584  0.15065284405139359 0.24210798534380185  0.13690113053108546 0.24280921070647427  0.12281730222767936 0.24350997009522174  0.10876451167196044 0.24421022060355291  0.094878954390344536 0.24491082259460784  0.081128219226356824 0.24561259772645092  0.067141451058211593 0.2463157832611185  0.053047274415950037 0.24702761718164501  0.039185086722685857 0.24774951353729466  0.025697666982381479 0.24848356098776431  0.012648718863437469 0.24923181543709985  0.0041824396174905513 0.24974181208179214  0 0.25 
 0.005394488070145107 4 0.0054860131542607765 1 0.005577538238376447 1 0.0056690633224921166 1 0.005760588406607787 1 0.0058521134907234566 1 0.005943638574839127 1 0.0060351636589547966 1 0.0061266887430704671 1 0.0062182138271861366 1 0.0063097389113018071 1 0.0064012639954174767 1 0.0064927890795331462 1 0.0065843141636488167 1 0.0066758392477644863 1 0.0067673643318801567 1 0.0068588894159958263 1 0.0069504145001114967 1 0.0070419395842271663 1 0.0071334646683428368 1 0.0072249897524585063 1 0.0073165148365741759 1 0.0074080399206898464 4
7 0 0  3 25 23  3.1415926535897873 -3.3999999986344065  3.1027862592479636 -3.4032348776138956  3.0251875514338713 -3.4096994284946751  2.9095478367584366 -3.4192081051822467  2.7955173809109661 -3.4283216352816845  2.6834752699654554 -3.4369536617828258  2.5751990747898277 -3.4447123982732339  2.4638756805958217 -3.453175837071786  2.3502056864914724 -3.4622010563324643  2.2348397656057712 -3.4716418136101277  2.1185279681713132 -3.4813180221148565  2.0020578345945497 -3.4910340188931177  1.8861904463042951 -3.5005989340078023  1.7717943804428467 -3.5098021030038109  1.659186252476831 -3.5185684256517487  1.5504615144136245 -3.5264305890079166  1.440007960666227 -3.5346917370817703  1.3266946480660593 -3.5436294970499325  1.2116407927899588 -3.5529935410433371  1.0954568658799639 -3.5626376798240544  0.97895275370340984 -3.5723620902833129  0.86290819513302042 -3.5819716620012412  0.74810223568094525 -3.5912737674948669  0.6728585116934318 -3.5971623471860199  0.63568068724925575 -3.5999999999999979 
 0.57812500000000011 4 0.57925637414587772 1 0.58038774829175532 1 0.58151912243763293 1 0.58265049658351065 1 0.58378187072938825 1 0.58491324487526586 1 0.58604461902114346 1 0.58717599316702107 1 0.58830736731289868 1 0.58943874145877628 1 0.59057011560465389 1 0.59170148975053161 1 0.59283286389640921 1 0.59396423804228682 1 0.59509561218816442 1 0.59622698633404203 1 0.59735836047991964 1 0.59848973462579724 1 0.59962110877167496 1 0.60075248291755257 1 0.60188385706343017 1 0.60301523120930778 4
1 0.99999999999990774 0 1.5165621612682998e-13 1 
1 6.2831853071795756 -3.5999999999999979 -1 0 
1 -3.141592653589782 -0.56568542494923535 1 0 
7 0 0  3 25 23  3.1415926535897873 -3.5249999999999986  3.1268722419837478 -3.5262267092996504  3.0974315071866987 -3.528680091129766  3.0533133747612236 -3.5323494367265034  3.0092810909981815 -3.5359973657782389  2.9653769245042976 -3.5396134428333523  2.9216424239478163 -3.5431875276408822  2.8781182020266267 -3.5467098715030803  2.8348435331971786 -3.5501712420938945  2.7918568844257545 -3.5535628327445274  2.7491929981033567 -3.5568769501830655  2.7068929451471679 -3.5601047419146679  2.6649658681704809 -3.5632449195675036  2.623531125393963 -3.5662713887557347  2.5822872780027484 -3.5692541859298159  2.5404521631494781 -3.5723728713277376  2.4982599026818115 -3.5755753022320578  2.4556882159003992 -3.5788674242618757  2.412785961523447 -3.5822386902308812  2.3695852132516313 -3.5856820890617005  2.3261246217046954 -3.5891888427435599  2.2824429643534878 -3.5927498914994609  2.2385805316101224 -3.5963556260855922  2.2092460873004747 -3.5987824800001795  2.1945625235535484 -3.6000000000000973 
 0.64062500000000011 4 0.64105419711317768 1 0.64148339422635525 1 0.64191259133953293 1 0.6423417884527105 1 0.64277098556588808 1 0.64320018267906565 1 0.64362937979224333 1 0.6440585769054209 1 0.64448777401859847 1 0.64491697113177604 1 0.64534616824495372 1 0.64577536535813129 1 0.64620456247130886 1 0.64663375958448643 1 0.647062956697664 1 0.64749215381084169 1 0.64792135092401926 1 0.64835054803719683 1 0.6487797451503744 1 0.64920894226355208 1 0.64963813937672965 1 0.65006733648990722 4
1 -3.5831082730097411e-14 -1.1102230246251565e-16 6.2425489320975856e-14 1 
1 3.1415926535897931 -3.14018491736754e-16 -1 0 
7 0 0  3 47 45  1.5966963435743933 -0.1829526543118615  1.5848016815568324 -0.18373310096697459  1.561071269366598 -0.18528880228502589  1.5256069521904838 -0.18762459188820454  1.4902285998447153 -0.1899825026286841  1.4548905325375558 -0.19237517333765802  1.419544451565659 -0.19481069130788817  1.3841510163609823 -0.19729130563976596  1.3485430050537837 -0.19983365781000681  1.3127960728237729 -0.20240751043575456  1.2769539073771952 -0.20500103269321709  1.2410717852957718 -0.2076075357143902  1.205193797389859 -0.21023915932899639  1.1693950062457876 -0.21288548425911188  1.1336547612382577 -0.21553320093068629  1.0979200661896971 -0.21819578070671156  1.0621455559416682 -0.22087257286511253  1.0262847394804762 -0.22356100387701855  0.99028715282092739 -0.22624862958413366  0.95408653600372029 -0.22896650005435748  0.91776813682533487 -0.23167534295358275  0.88140040259431041 -0.23435939767956709  0.84504356150649929 -0.23701213946134178  0.80881504176081698 -0.23964152787351176  0.77261213222383596 -0.24226357561242018  0.73627344306802256 -0.2448626629737552  0.69985852885468092 -0.24743105766761381  0.66336917837806264 -0.24996374697778073  0.62682357625225638 -0.25245992657441357  0.59023583443399819 -0.25492266507744382  0.55362109988157393 -0.25735897357621507  0.51699294199946544 -0.25977983866860022  0.4803660270622056 -0.26219975323705919  0.44374537493762506 -0.26463805042884081  0.40716403553135722 -0.26711328871791795  0.37054056247411993 -0.26966339774505405  0.33379255275530328 -0.27227889846377257  0.29695169010390127 -0.27493754006208443  0.26002126185392738 -0.27762483033163643  0.22301383428971483 -0.28032870946409044  0.18594063387648346 -0.2830411026991832  0.14881384569204278 -0.28575759085169933  0.1116454558442937 -0.28847749811673823  0.074446942196703517 -0.29120395388861203  0.037228994089397213 -0.29394339833458549  0.012409837545925746 -0.29578586273345514  0 -0.29671278452317579 
 7.9362414096686107e-17 4 5.3543543053185007e-05 1 0.00010708708610629065 1 0.00016063062915939628 1 0.00021417417221250194 1 0.00026771771526560759 1 0.00032126125831871319 1 0.00037480480137181885 1 0.00042834834442492451 1 0.00048189188747803016 1 0.00053543543053113582 1 0.00058897897358424142 1 0.00064252251663734702 1 0.00069606605969045273 1 0.00074960960274355834 1 0.00080315314579666405 1 0.00085669668884976965 1 0.00091024023190287525 1 0.00096378377495598096 1 0.0010173273180090867 1 0.0010708708610621923 1 0.0011244144041152979 1 0.0011779579471684035 1 0.0012315014902215091 1 0.0012850450332746147 1 0.0013385885763277205 1 0.0013921321193808261 1 0.0014456756624339317 1 0.0014992192054870373 1 0.0015527627485401429 1 0.0016063062915932487 1 0.0016598498346463543 1 0.0017133933776994599 1 0.0017669369207525655 1 0.0018204804638056711 1 0.001874024006858777 1 0.0019275675499118826 1 0.0019811110929649879 1 0.002034654636018094 1 0.0020881981790711996 1 0.0021417417221243052 1 0.0021952852651774108 1 0.0022488288082305164 1 0.002302372351283622 1 0.0023559158943367276 4
7 0 0  3 47 45  0 0.65651887389448049  0.0020248909457313063 0.65639523091132557  0.0060554577512217456 0.65614858535649978  0.012115474530089263 0.65578140650505767  0.018291864250621494 0.6554188092612504  0.024580452385155677 0.65505935217018829  0.030983727496162253 0.65470246728413106  0.037463377947033583 0.65434746063438942  0.044126098755665991 0.65399245000116268  0.050862418787234208 0.65363798196077805  0.057635160647162453 0.65328426819205165  0.064426930629322948 0.6529316254123354  0.071292773249868685 0.65258025034863032  0.078203680274664678 0.65223064300577061  0.085110613623534767 0.65188237097343238  0.092065346481070787 0.65153468897965949  0.099065552681917537 0.65118693362303626  0.10610121178330305 0.65083843186135815  0.11312297929034268 0.65048847198174109  0.12025067171077573 0.65013617227941911  0.12734405892293288 0.64978213059035173  0.13435108787215011 0.64942677549145011  0.14126102232089363 0.64907045413883202  0.14810354017577848 0.64871407906322887  0.15500205287154464 0.64835640869422229  0.16191451344903762 0.64799559751078806  0.16876819539125204 0.64763196580457294  0.17551718659875098 0.6472652482169976  0.18212869585768363 0.64689537609688086  0.18858265316960382 0.6465220764870695  0.1948883880672144 0.64614566957257591  0.20101873236002793 0.64576425431365247  0.20717376851270985 0.64538487518195908  0.21344927732708407 0.64500940291211939  0.21988447916293727 0.64463729964059902  0.22657234186460473 0.64426759399314848  0.23345081386070388 0.64389915878217074  0.24044806599764937 0.64353207683670755  0.24751131817628846 0.64316612773525006  0.25459987954908075 0.64280118756383919  0.26168759640631611 0.64243711623257327  0.26876263745095363 0.6420737821570125  0.27582765670154702 0.64171105040279086  0.28290020453479781 0.64134877997073203  0.2900108353185713 0.64098682129921236  0.29480976416104931 0.64074560968564176  0.29723122486187037 0.64062500000000011 
 7.9362414096686107e-17 4 5.3543543053185007e-05 1 0.00010708708610629065 1 0.00016063062915939628 1 0.00021417417221250194 1 0.00026771771526560759 1 0.00032126125831871319 1 0.00037480480137181885 1 0.00042834834442492451 1 0.00048189188747803016 1 0.00053543543053113582 1 0.00058897897358424142 1 0.00064252251663734702 1 0.00069606605969045273 1 0.00074960960274355834 1 0.00080315314579666405 1 0.00085669668884976965 1 0.00091024023190287525 1 0.00096378377495598096 1 0.0010173273180090867 1 0.0010708708610621923 1 0.0011244144041152979 1 0.0011779579471684035 1 0.0012315014902215091 1 0.0012850450332746147 1 0.0013385885763277205 1 0.0013921321193808261 1 0.0014456756624339317 1 0.0014992192054870373 1 0.0015527627485401429 1 0.0016063062915932487 1 0.0016598498346463543 1 0.0017133933776994599 1 0.0017669369207525655 1 0.0018204804638056711 1 0.001874024006858777 1 0.0019275675499118826 1 0.0019811110929649879 1 0.002034654636018094 1 0.0020881981790711996 1 0.0021417417221243052 1 0.0021952852651774108 1 0.0022488288082305164 1 0.002302372351283622 1 0.0023559158943367276 4
7 0 0  3 25 23  2.3704845196148088 -0.1829526543118648  2.3586538026381874 -0.18295252802133344  2.3350346843306524 -0.18294797496733664  2.2997124447825668 -0.18293379420455189  2.2644761401145703 -0.18291839753956329  2.2293052463257936 -0.18290587260295108  2.1941792561610098 -0.18289901205309567  2.1590777941234007 -0.18289914711381844  2.1239803316779073 -0.18290623659111485  2.0888674058929908 -0.18291881663729845  2.0537162129208784 -0.18293421521372016  2.0185171945961526 -0.18294781020256723  1.983212280613821 -0.18295581180187531  1.947925525003906 -0.18294486846107033  1.912775007035177 -0.1829204839371274  1.8776962997982907 -0.18289398973405674  1.8426731979978106 -0.18287215214588604  1.8076760442921327 -0.18285994627565763  1.7726783990662696 -0.18285980047305075  1.7376527167558455 -0.1828717753224437  1.7025716429725291 -0.18289351494948294  1.6674078244190684 -0.18292015427949498  1.6321340618187685 -0.1829446099024494  1.6085270909650873 -0.18295244423523374  1.5966963435743933 -0.1829526543118615 
 1.0551910960100406e-16 4 5.3924833102310371e-05 1 0.00010784966620451522 1 0.00016177449930672007 1 0.00021569933240892493 1 0.00026962416551112975 1 0.0003235489986133346 1 0.00037747383171553945 1 0.0004313986648177443 1 0.00048532349791994916 1 0.00053924833102215401 1 0.00059317316412435886 1 0.00064709799722656371 1 0.00070102283032876856 1 0.00075494766343097341 1 0.00080887249653317827 1 0.00086279732963538312 1 0.00091672216273758797 1 0.00097064699583979282 1 0.0010245718289419979 1 0.0010784966620442026 1 0.0011324214951464074 1 0.0011863463282486123 4
7 0 0  3 25 23  0 0.66415878932259576  0.01517701617994281 0.66404158963151727  0.045628924799263872 0.66380818380217699  0.091566852876234062 0.6634606183280306  0.13773077855606725 0.66311515494155926  0.18408839799546561 0.66277136573818574  0.2306081918305031 0.66242882932671121  0.27725918736683514 0.66208713147175036  0.32401102358933109 0.6617458601352133  0.37083208417505376 0.66140461568639575  0.41769507419585533 0.6610629661908719  0.46455476978345639 0.6607206073487647  0.51142964506094646 0.66037675887119507  0.55809582736435082 0.66003241055123663  0.60434083488929846 0.65968850415501101  0.6501947927292181 0.6593442017901312  0.6956241305127534 0.65899913242038188  0.74061297336723086 0.65865278857068799  0.78514066368153412 0.65830468653102392  0.82918711737609785 0.65795432181482105  0.87273076603522215 0.65760117957234598  0.9157483790426435 0.65724472943236267  0.95821484206007435 0.65688442720905615  0.98613914660837865 0.65664127859255172  1 0.65651887389448049 
 1.0551910960100406e-16 4 5.3924833102310371e-05 1 0.00010784966620451522 1 0.00016177449930672007 1 0.00021569933240892493 1 0.00026962416551112975 1 0.0003235489986133346 1 0.00037747383171553945 1 0.0004313986648177443 1 0.00048532349791994916 1 0.00053924833102215401 1 0.00059317316412435886 1 0.00064709799722656371 1 0.00070102283032876856 1 0.00075494766343097341 1 0.00080887249653317827 1 0.00086279732963538312 1 0.00091672216273758797 1 0.00097064699583979282 1 0.0010245718289419979 1 0.0010784966620442026 1 0.0011324214951464074 1 0.0011863463282486123 4
7 0 0  3 25 23  0.94703013003624381 -0.5656854249491623  0.97100031531182152 -0.55903336908161838  1.0185113020758803 -0.54579693647896743  1.088681281216435 -0.5262012100548541  1.1579498224291509 -0.50692758026533902  1.2265000442649343 -0.48801370951250983  1.2944901258044412 -0.46949754679467187  1.3621264880356974 -0.4513574504138792  1.4291100203011444 -0.43411336285964403  1.4955572074495316 -0.41740957280336716  1.5614851015504227 -0.40102157181682085  1.6268860996299841 -0.38472235747531514  1.6917193648158324 -0.36829875284447161  1.7559216479452429 -0.35165164424551087  1.81953617994288 -0.33485889829924947  1.882598140762495 -0.31792183925352768  1.9451352707636178 -0.30087367700006118  2.0071719020625083 -0.2837516645792954  2.0687318439802307 -0.26660507584229154  2.1298413242363474 -0.2494929459443436  2.1905314505467794 -0.23248391559408094  2.2508409126650406 -0.21565508619082424  2.3108164435227052 -0.1990901340447046  2.3506189428312756 -0.18828270761424432  2.3704845196148088 -0.1829526543118648 
 1.4782745116692544e-15 4 9.0772573902842964e-05 1 0.00018154514780420767 1 0.00027231772170557231 1 0.00036309029560693704 1 0.00045386286950830176 1 0.00054463544340966643 1 0.00063540801731103115 1 0.00072618059121239587 1 0.00081695316511376059 1 0.00090772573901512531 1 0.00099849831291648982 1 0.0010892708868178544 1 0.0011800434607192193 1 0.0012708160346205839 1 0.0013615886085219487 1 0.0014523611824233133 1 0.0015431337563246779 1 0.0016339063302260428 1 0.0017246789041274074 1 0.0018154514780287722 1 0.0019062240519301368 1 0.0019969966258315017 4
7 0 0  3 25 23  0 0.65006733648989568  0.017382113996549219 0.65030087118860103  0.051978744119823631 0.65076296601868211  0.10320440725636147 0.6514447231664624  0.15356725872784013 0.65211871775855956  0.20296841303981736 0.65278827855709654  0.25131721393472367 0.65345646270644853  0.29871917220858746 0.65412675869486081  0.34359450077072279 0.65479782978403267  0.38708528720065044 0.65547168688689883  0.42998235401319818 0.65615224778297154  0.47281334307091927 0.65683251186380742  0.51574149653979628 0.65749225851439186  0.5591830765863175 0.65813819959870334  0.6029188165497732 0.65877099323638522  0.64702218926049082 0.65939291058817717  0.69144298263153525 0.66000552895353837  0.7361136846018328 0.66061042357827082  0.78091846326648495 0.6612090465074919  0.82570147883285094 0.6618028163019487  0.87026724853606063 0.66239314425681228  0.91438481478078759 0.66298147864541368  0.95779530530679546 0.66356932232901955  0.98607315011362962 0.66396199243625376  1 0.66415878932259576 
 1.4782745116692544e-15 4 9.0772573902842964e-05 1 0.00018154514780420767 1 0.00027231772170557231 1 0.00036309029560693704 1 0.00045386286950830176 1 0.00054463544340966643 1 0.00063540801731103115 1 0.00072618059121239587 1 0.00081695316511376059 1 0.00090772573901512531 1 0.00099849831291648982 1 0.0010892708868178544 1 0.0011800434607192193 1 0.0012708160346205839 1 0.0013615886085219487 1 0.0014523611824233133 1 0.0015431337563246779 1 0.0016339063302260428 1 0.0017246789041274074 1 0.0018154514780287722 1 0.0019062240519301368 1 0.0019969966258315017 4
7 0 0  3 25 23  3.1415926535900787 -0.52085665256516989  3.132061235165863 -0.521568808872789  3.1129972454745061 -0.52299113065787595  3.084394146851412 -0.52511714926571462  3.0557801645634335 -0.52723412208660658  3.0271519281071781 -0.52934078288576392  2.9985062707668417 -0.53143609800656855  2.9698402221540743 -0.53351930989346874  2.9411509486565728 -0.53558994220739065  2.9124357063169652 -0.53764781064349154  2.8836917891029445 -0.53969302757837601  2.8549164773957232 -0.54172600367769952  2.8261069856762258 -0.5437474455805027  2.7972604099620364 -0.54575834985651894  2.7683736751369983 -0.54775999314955903  2.7394434824138933 -0.54975391849957345  2.7104662572036418 -0.5517419178217049  2.681438097442173 -0.55372601051999515  2.6523547232809044 -0.55570841824282913  2.6232114258488957 -0.55769153568260987  2.5940030247237154 -0.55967789770931264  2.5647237992304843 -0.56167014168179363  2.5353675248369956 -0.56367096915916792  2.5157405921825506 -0.56501238381740915  2.5059119663405376 -0.56568542494923535 
 0.0066134224621600592 4 0.0066497283045727678 1 0.0066860341469854772 1 0.0067223399893981857 1 0.0067586458318108942 1 0.0067949516742236036 1 0.0068312575166363122 1 0.0068675633590490207 1 0.0069038692014617301 1 0.0069401750438744386 1 0.0069764808862871472 1 0.0070127867286998557 1 0.0070490925711125651 1 0.0070853984135252736 1 0.0071217042559379821 1 0.0071580100983506915 1 0.0071943159407634001 1 0.0072306217831761086 1 0.007266927625588818 1 0.0073032334680015265 1 0.0073395393104142351 1 0.0073758451528269445 1 0.007412150995239653 4
7 0 0  3 25 23  0.88287187347607099 0.60937500000000278  0.88473260748711036 0.60928236521876544  0.88846317085249926 0.60909708583078126  0.89407475199716802 0.60881898726879913  0.89969018250819555 0.60854055841474186  0.90529875444445052 0.60826165128662035  0.91089064016011512 0.60798211878794794  0.91645706298482499 0.60770181425063408  0.92199032489544519 0.60742059056651598  0.92748385477981654 0.60713829940987185  0.93293223321751639 0.60685479041767965  0.9383312046627349 0.60656991033485752  0.94367767581978057 0.60628350220440552  0.94896969251188867 0.60599540424988274  0.95420642549472567 0.60570544975322904  0.95938804967088787 0.60541346303906352  0.96451594709627753 0.60511926978608266  0.96959162653688757 0.60482265363717203  0.97462035702604066 0.60452351296294671  0.97959713181029195 0.60422127034612405  0.9845584986930721 0.60391707061567956  0.98961822394841847 0.60361527569850804  0.99475585520901044 0.60331458165226126  0.99824148596344897 0.60311491578905518  1 0.60301523120930789 
 0.0066134224621600592 4 0.0066497283045727678 1 0.0066860341469854772 1 0.0067223399893981857 1 0.0067586458318108942 1 0.0067949516742236036 1 0.0068312575166363122 1 0.0068675633590490207 1 0.0069038692014617301 1 0.0069401750438744386 1 0.0069764808862871472 1 0.0070127867286998557 1 0.0070490925711125651 1 0.0070853984135252736 1 0.0071217042559379821 1 0.0071580100983506915 1 0.0071943159407634001 1 0.0072306217831761086 1 0.007266927625588818 1 0.0073032334680015265 1 0.0073395393104142351 1 0.0073758451528269445 1 0.007412150995239653 4
1 6.2831853071795862 0.56568542494924001 -1 0 
7 0 0  3 47 45  3.1415926535899339 0.3362158020630367  3.1189288590765103 0.33452446251097739  3.0736916225722308 0.33116065409161505  3.0059469262889564 0.32615625530769715  2.9381574289319099 0.32116839415054038  2.8701533825374361 0.31620546743405714  2.8017985572573005 0.31129344274515175  2.7328286136868809 0.3064972218608315  2.6640808028242873 0.30187754890629759  2.5953714630485196 0.2973157097697457  2.5266039409869818 0.29272918449933916  2.4576912884458366 0.2880470423135561  2.3883536124559654 0.28317013893547804  2.319000430430735 0.27816668936035555  2.2498293437331354 0.2730833045859466  2.1803973585702279 0.26792820800456435  2.1101422335681965 0.26263751239159555  2.039577642658021 0.25739914370356864  1.9694413712742602 0.25218389125704266  1.8989404529589682 0.24690350067217018  1.8281920833136962 0.24171057703732035  1.7572709085412024 0.2366654896153973  1.6862464856909729 0.23177832867172862  1.6152949933194181 0.22707002069138099  1.5441493133429873 0.22228375511548709  1.4725596511907095 0.21735662579179416  1.4007257587496824 0.21240296224442745  1.3287461205562887 0.20741187365589306  1.2567235686337501 0.20234319770841946  1.1848124955719825 0.19704475094189394  1.1124506088096082 0.19158456790221057  1.0397489271828027 0.18610555247223168  0.96677734848452279 0.18067210883092899  0.89358172842220385 0.17530560973133033  0.82037664206200744 0.1699883721498201  0.74668469078817912 0.16461340238891425  0.67246942948679855 0.15939756030969654  0.59865412383834871 0.15435543470887925  0.52496505284754436 0.14952829303953286  0.45088802850161469 0.14465870058570138  0.37585852778347439 0.13952377412607009  0.30099625447461614 0.13424172444533966  0.22608217687212107 0.12883280424302895  0.15103327765053043 0.12332128843048779  0.07573475424683207 0.11772941586515055  0.025296970604908094 0.11396197179541363  0 0.11207193402263163 
 0.00098984055547789076 4 0.0010899461808087623 1 0.0011900518061396339 1 0.0012901574314705057 1 0.0013902630568013773 1 0.0014903686821322489 1 0.0015904743074631206 1 0.0016905799327939922 1 0.0017906855581248638 1 0.0018907911834557354 1 0.0019908968087866069 1 0.0020910024341174787 1 0.0021911080594483505 1 0.0022912136847792219 1 0.0023913193101100937 1 0.002491424935440965 1 0.0025915305607718368 1 0.0026916361861027086 1 0.00279174181143358 1 0.0028918474367644518 1 0.0029919530620953231 1 0.0030920586874261949 1 0.0031921643127570667 1 0.0032922699380879381 1 0.0033923755634188099 1 0.0034924811887496817 1 0.003592586814080553 1 0.0036926924394114248 1 0.0037927980647422966 1 0.003892903690073168 1 0.0039930093154040402 1 0.0040931149407349111 1 0.0041932205660657829 1 0.0042933261913966547 1 0.0043934318167275256 1 0.0044935374420583974 1 0.0045936430673892692 1 0.004693748692720141 1 0.0047938543180510128 1 0.0048939599433818846 1 0.0049940655687127555 1 0.0050941711940436273 1 0.0051942768193744991 1 0.0052943824447053709 1 0.0053944880700362427 4
7 0 0  3 47 45  0.87846097292145708 0.20312499999999864  0.8740443623042069 0.20334526824326085  0.86527725071680817 0.20378491755109623  0.85224832411027329 0.20444483307753611  0.83922723846024128 0.20510822402913859  0.82623068472827099 0.20577836660735443  0.81334364536325321 0.20645816179583185  0.80081304486862659 0.20715252146734972  0.78872488697350651 0.20785340821402581  0.77706797349572998 0.20857018218516366  0.76507485988919854 0.20927629464431347  0.7526793834370914 0.20997294218269863  0.73983998710229948 0.21066514931385011  0.72681309405545913 0.21135041279910921  0.71351519750469994 0.21202857695190716  0.70004574555184762 0.21270564536427269  0.68616356446274174 0.21338869253934634  0.67252287738110095 0.21407434610956705  0.65890623295310002 0.21475715878457766  0.6450081789403862 0.21544655309939612  0.63138208316153677 0.2161431859498309  0.61821501689264191 0.21684806804999698  0.60554961878083957 0.21756286213904141  0.59326366214642412 0.21828628867419039  0.58090845552635584 0.21902884498851849  0.56801747712175077 0.21976278174401254  0.55498827913868587 0.2204878146253591  0.541903494491358 0.22120503356128499  0.52867720916126348 0.22191538118743673  0.51483815656517939 0.22261933763396469  0.50047253817692994 0.22332422090711457  0.48609803497080817 0.22403072649008063  0.47192081851704176 0.22474002956489064  0.4579861016423914 0.225453586369294  0.44416881487227539 0.2261712824252379  0.43005036193611029 0.22689975157918152  0.41644961157305566 0.2276419267752347  0.40329252424902001 0.22838951759194517  0.39071899902470242 0.22915228696249582  0.37799097212947802 0.22991998879840719  0.36453867962126685 0.23068005881476539  0.35074774144495591 0.23142882188415664  0.33661240890864802 0.23216936044913006  0.32221245854464248 0.23290502909154584  0.30760203880798515 0.23363893982447945  0.29775861054290237 0.23412914281935182  0.29282032431135502 0.23437499999978953 
 0.00098984055547789076 4 0.0010899461808087623 1 0.0011900518061396339 1 0.0012901574314705057 1 0.0013902630568013773 1 0.0014903686821322489 1 0.0015904743074631206 1 0.0016905799327939922 1 0.0017906855581248638 1 0.0018907911834557354 1 0.0019908968087866069 1 0.0020910024341174787 1 0.0021911080594483505 1 0.0022912136847792219 1 0.0023913193101100937 1 0.002491424935440965 1 0.0025915305607718368 1 0.0026916361861027086 1 0.00279174181143358 1 0.0028918474367644518 1 0.0029919530620953231 1 0.0030920586874261949 1 0.0031921643127570667 1 0.0032922699380879381 1 0.0033923755634188099 1 0.0034924811887496817 1 0.003592586814080553 1 0.0036926924394114248 1 0.0037927980647422966 1 0.003892903690073168 1 0.0039930093154040402 1 0.0040931149407349111 1 0.0041932205660657829 1 0.0042933261913966547 1 0.0043934318167275256 1 0.0044935374420583974 1 0.0045936430673892692 1 0.004693748692720141 1 0.0047938543180510128 1 0.0048939599433818846 1 0.0049940655687127555 1 0.0050941711940436273 1 0.0051942768193744991 1 0.0052943824447053709 1 0.0053944880700362427 4
1 0 -14.975000000000001 1 0 
1 0 3.2000000000000028 1 0 
1 0 3.2000000000000028 1 0 
1 0 -16.975000000000001 1 0 
1 3.1415926535897931 -18.475000000000001 1 0 
1 3.1415926535897931 0 1 0 
1 0 7.1999999999999993 1 0 
1 0 7.1999999999999993 1 0 
1 9.4247779607693793 -0.70710678118654502 -1 0 
1 0 -18.974999999999998 1 0 
1 0 -24.475000000000012 1 0 
1 0 0 1 0 
1 6.2831853071795862 -0.70710678118653936 -1 -1.7669748230352872e-16 
1 3.1415926535897931 0.35355339059326996 -1 0 
1 0 -13.499999999999996 1 0 
1 -1.1695656995902839e-13 0 2.0132749488545822e-13 1 
1 0.99999999999997724 2.7755575615628914e-17 2.302866492426021e-14 1 
1 0.99999999999997236 0 1.4294299428432791e-13 1 
1 -5.7343668754284886e-17 0 1.9084165214158122e-14 1 
1 -1.283642098554767e-13 0 2.4080559371915096e-13 1 
1 0.99999999999998812 -2.7755575615628914e-17 7.6445671191874103e-14 1 
1 0.99999999999991118 2.7755575615628914e-17 1.7286129541360677e-13 1 
1 -1.8227061272796034e-14 2.7755575615628914e-17 5.9175414370895575e-14 1 
1 6.2831853071795862 -0.28284271247464088 -1 0 
1 0 61.200000000000003 1 0 
1 3.7850937623830774 56.700000000000003 0 1 
1 5.639684198386302 56.700000000000003 0 1 
1 0 56.699999999999996 1 0 
1 0 -3.1401849173674783e-16 1 0 
1 9.4247779607693793 62.999999999999986 -1 0 
Curves 221
2 -41.143146607907966 25.717093772258512 11.202562483390466 0 -1 0 0 0 -1 1 0 0 2.5000000000000004
1 -41.143146607907966 48.967093772258508 13.702562483390466 -0 -1 -0 
2 -41.143146607907966 -14.032906227741476 11.202562483390466 -0 1 -0 0 0 1 1 0 -0 2.5000000000000004
1 -41.143146607907966 48.967093772258508 8.7025624833904658 -0 -1 -0 
2 -41.143146607907966 -14.232906227741497 11.202562483390466 -0 -1 -0 0 0 1 -1 0 0 2.2999999999999896
1 -41.143146607907966 -14.032906227741476 8.7025624833904658 8.6595605623547381e-17 0.70710678118656356 -0.70710678118653147 
1 -41.143146607907966 -14.032906227741476 13.702562483390466 0 0.70710678118656356 0.70710678118653147 
1 -33.718525405449228 23.767093772258516 20.627183685849229 -0 1 -0 
2 -33.718525405449228 30.967093772258515 18.627183685849225 0 1 0 0 -0 1 1 0 -0 2.0000000000000018
1 -33.718525405449228 23.767093772258516 16.627183685849225 -0 1 -0 
2 -33.718525405449228 26.967093772258519 18.627183685849225 0 1 0 0 -0 1 1 0 -0 2.0000000000000018
1 -48.567767810366703 23.767093772258516 5.7779412809317048 -0 1 -0 
2 -48.567767810366703 30.967093772258515 3.7779412809317039 0 1 0 0 -0 1 1 0 -0 2.0000000000000009
1 -48.567767810366703 23.767093772258516 1.7779412809317037 -0 1 -0 
2 -48.567767810366703 26.967093772258519 3.7779412809317039 0 1 0 0 -0 1 1 0 -0 2.0000000000000009
1 -41.143146607907966 25.74209377225851 8.7275624833904661 0 -0.70710678118654569 -0.70710678118654935 
2 -41.143146607907966 25.492093772258514 11.202562483390466 0 1 0 0 -0 1 1 0 -0 2.7249999999999983
1 -41.143146607907966 25.74209377225851 13.677562483390465 8.6595605623549575e-17 -0.70710678118654569 0.70710678118654935 
2 -41.143146607907966 25.717093772258512 11.202562483390466 0 -1 0 0 0 -1 1 0 0 2.5000000000000004
2 -41.143146607907966 30.967093772258515 11.202562483390466 0 1 0 0 -0 1 1 0 -0 17.5
1 -41.143146607907966 30.467093772258519 29.202562483390466 8.6595605623549329e-17 -0.70710678118654746 0.70710678118654746 
2 -41.143146607907966 30.467093772258519 11.202562483390466 -0 -1 -0 0 0 1 -1 0 0 18
1 -41.143146607907966 30.467093772258519 -6.7974375166095324 0 -0.70710678118654746 -0.70710678118654746 
2 -41.143146607907966 36.967093772258515 11.202562483390466 0 1 0 0 0 -1 -1 0 0 4.9999999999999973
1 -41.143146607907966 36.467093772258529 16.702562483390462 8.659560562355008e-17 -0.70710678118654147 0.70710678118655368 
2 -41.143146607907966 36.467093772258529 11.202562483390466 -0 -1 -0 0 0 -1 1 -0 0 5.5
1 -41.143146607907966 36.467093772258529 5.7025624833904658 0 -0.70710678118654147 -0.70710678118655368 
2 -41.143146607907966 26.967093772258519 11.202562483390466 -0 -1 -0 0 0 -1 1 -0 0 6
1 -41.143146607907966 11.992093772258517 17.202562483390466 -0 -1 -0 
2 -41.143146607907966 25.492093772258514 11.202562483390466 -0 -1 -0 0 0 -1 1 -0 0 6
1 -41.143146607907966 11.992093772258517 5.2025624833904658 -0 -1 -0 
1 -41.143146607907966 11.992093772258517 16.702562483390462 -0 -1 -0 
2 -41.143146607907966 30.967093772258515 11.202562483390466 -0 -1 -0 0 0 -1 1 -0 0 5.5000000000000009
1 -41.143146607907966 11.992093772258517 5.7025624833904658 -0 -1 -0 
1 -41.143146607907966 11.992093772258517 29.202562483390466 -0 -1 -0 
2 -41.143146607907966 28.967093772258519 11.202562483390466 -0 -1 -0 0 0 -1 1 -0 0 18
1 -41.143146607907966 11.992093772258517 -6.7974375166095324 -0 -1 -0 
7 0 0  3 6 3  -33.123518416906371 30.837726709758517 10.987666584679673  -33.09583518097083 30.83772670975852 10.793742162626012  -33.029840731071658 30.837726709758517 10.605248301919667  -32.835576652601191 30.837726709758513 10.271150321649351  -32.705446169596321 30.837726709758599 10.121601227478491  -32.550718953736038 30.837726709758517 10.001465755226338 
 5.2041704279304213e-18 4 0.00058717372218956257 2 0.0011743474443791199 4
7 0 0  3 10 5  -31.618146587424025 30.56709377225852 9.9525624833904729  -31.783488991218391 30.593174060839278 9.9264821921002202  -31.95288734571492 30.618214551860905 9.9345714259106863  -32.274252892812157 30.663552407790991 10.015375556073492  -32.427797133029408 30.683928011537706 10.089144326251239  -32.698942823884195 30.728504736142398 10.280088323148613  -32.818664564900175 30.751622963132675 10.40037961536895  -33.008083253696149 30.795943158510475 10.671583814091223  -33.080077956743956 30.817656657327031 10.825379349218306  -33.123518416906371 30.837726709758517 10.987666584679673 
 0 4 0.00050325377618092547 2 0.0010065075523618509 2 0.0015097613285427764 2 0.0020130151047237019 4
2 -31.618146607907967 30.567093772258517 11.202562483390462 0 1 0 0 -0 1 1 0 -0 1.2499999999999871
7 0 0  3 12 6  -31.618146607879176 30.646340596786615 12.53180930791854  -31.702693000854257 30.642980281233037 12.528448992366815  -31.785957140911016 30.639645443896722 12.517120816441736  -31.94995722069245 30.633027610346183 12.478753944455786  -32.03134207030805 30.629717634701596 12.451297637046174  -32.262029056190727 30.62026779010726 12.348002221248333  -32.403584229923858 30.614444368718729 12.248698946616598  -32.63480449917963 30.601213066937984 12.004787067105497  -32.726912831310813 30.594094643044318 11.857992218892212  -32.845936584204665 30.580220454068449 11.543502713866053  -32.874384626197077 30.573331790547638 11.37298831243465  -32.868146607907953 30.567093772258517 11.202562483390462 
 0.0053944880700362427 4 0.0056461820513544229 2 0.0058978760326726023 2 0.0064012639953089437 2 0.0069046519579452842 2 0.0074080399205816248 4
1 -31.618146607907967 30.567093772258517 12.45256248339045 0 0.70710678118654213 0.70710678118655301 
2 -31.618146607907967 30.967093772258515 11.202562483390462 -0 -1 -0 0 0 1 -1 0 0 1.6499999999999917
1 -31.618146607907967 30.567093772258517 9.9525624833904747 8.6595605623550007e-17 0.70710678118654213 -0.70710678118655301 
7 0 0  3 6 3  -32.550718953736038 30.837726709758517 10.001465755226338  -32.415381228730588 30.832348354301232 9.9031941402539179  -32.268155468439453 30.827589333432396 9.8288972637213199  -31.9488753155191 30.816507806025935 9.7305802209998031  -31.784844371471095 30.810753857336437 9.7089023983125795  -31.618146607908177 30.804834245839366 9.7148220098096303 
 1.1219579961409454e-13 4 0.0004949202777950433 2 0.00098984055547789076 4
1 -31.618146607907967 26.967093772258519 9.5525624833904779 0 -0.70710678118654979 -0.70710678118654535 
2 -31.618146607907967 26.967093772258519 11.202562483390462 0 1 0 0 -0 1 1 0 -0 1.6499999999999848
1 -31.618146607907967 26.967093772258519 12.852562483390447 8.6595605623549057e-17 -0.70710678118654979 0.70710678118654535 
7 0 0  3 24 12  -31.618146607907946 27.176901394259595 9.7623701053915628  -31.70696848310061 27.180159686538261 9.7656283976702323  -31.7968468211313 27.183479548883209 9.7773530787775424  -31.970389400022352 27.189933569291426 9.8166991668704924  -32.054701880391995 27.193091133008103 9.8442021222579932  -32.300218245520512 27.202345218021009 9.950343974889936  -32.449931353038778 27.207908497327292 10.051063066626929  -32.702502734911874 27.220802545451619 10.304890711614682  -32.802647762048252 27.227578172611477 10.454280441296659  -32.941520210453213 27.241240383967675 10.785584964601806  -32.977825088082618 27.24790652169888 10.962238601361387  -32.980774154608419 27.257112401620709 11.229900188344109  -32.973141166963813 27.260080487529379 11.318254162622077  -32.940059916985852 27.266544741209106 11.493144061151881  -32.914311085008947 27.269964301794943 11.580188864677298  -32.813435561829984 27.280280461534055 11.826981449922716  -32.711871461949904 27.287519888059414 11.979088232561013  -32.459962659506957 27.301327460104584 12.229230056365802  -32.307355702353213 27.307556743443406 12.330152325804272  -32.059304932415891 27.317453301848872 12.428262236482434  -31.971769955165755 27.320971255429026 12.452677456524258  -31.79630812548081 27.328083129773834 12.482293021137227  -31.707683809520589 27.331704348173488 12.487951907475471  -31.618146607908333 27.335395043313479 12.484261212335493 
 0.0023559158943367276 4 0.0026220100548256858 2 0.002888104215314644 2 0.00342029253629256 2 0.0039524808572704764 2 0.0044846691782483928 2 0.0047507633387373514 2 0.00501685749922631 2 0.0055490458202042264 2 0.006081234141182142 2 0.0063473283016711006 2 0.0066134224621600592 4
1 -31.618146607907967 30.967093772258515 12.45256248339045 -0 1 -0 
7 1 0  2 9 5  -31.61814660790796 27.817093773624112 12.45256248339045  0.93301270189221941 -31.953083098446861 27.794764674254854 12.452562483390452  0.93301270189221941 -32.24314660790796 27.775427106957448 12.285094238121001  1 -32.868146607907953 27.73376044029078 11.924250319877489  0.86602540378443871 -32.868146607907953 27.692093773624112 11.202562483390462  1 -32.868146607907953 27.650427106957448 10.480874646903436  0.86602540378443871 -32.24314660790796 27.60876044029078 10.120030728659923  1 -31.953083098446861 27.589422872993378 9.9525624833904693  0.93301270189221786 -31.61814660790796 27.567093773624109 9.9525624833904711  0.9330127018922193
 0.546875 3 0.55208333333333337 2 0.5625 2 0.57291666666666663 2 0.57812500000000011 3
1 -31.618146607907967 30.967093772258515 9.9525624833904747 -0 1 -0 
7 1 0  2 9 5  -31.61814660790796 27.692093772258517 12.45256248339045  0.93301270189221941 -31.953083098446861 27.669764672889258 12.452562483390452  0.93301270189221941 -32.24314660790796 27.650427105591852 12.285094238121001  1 -32.868146607907953 27.608760438925191 11.924250319877489  0.86602540378443871 -32.868146607907953 27.56709377225852 11.202562483390462  1 -32.868146607907953 27.525427105591852 10.480874646903436  0.86602540378443871 -32.24314660790796 27.483760438925188 10.120030728659923  1 -31.953083098446861 27.464422871627779 9.9525624833904693  0.93301270189221786 -31.61814660790796 27.442093772258517 9.9525624833904711  0.9330127018922193
 0.609375 3 0.61458333333333337 2 0.625 2 0.63541666666666663 2 0.64062500000000011 3
1 -31.618146607907967 30.967093772258515 12.45256248339045 -0 1 -0 
7 1 0  2 9 5  -31.61814660790796 28.317093773624116 12.45256248339045  0.93301270189221941 -31.953083098446861 28.294764674254854 12.452562483390452  0.93301270189221941 -32.24314660790796 28.275427106957448 12.285094238121001  1 -32.868146607907953 28.233760440290776 11.924250319877489  0.86602540378443871 -32.868146607907953 28.192093773624116 11.202562483390462  1 -32.868146607907953 28.150427106957448 10.480874646903436  0.86602540378443871 -32.24314660790796 28.10876044029078 10.120030728659923  1 -31.953083098446861 28.089422872993371 9.9525624833904711  0.93301270189221941 -31.61814660790796 28.067093773624116 9.9525624833904711  0.93301270189221941
 0.484375 3 0.48958333333333331 2 0.5 2 0.51041666666666663 2 0.515625 3
1 -31.618146607907967 30.967093772258515 9.9525624833904747 -0 1 -0 
7 1 0  2 9 5  -31.61814660790796 28.192093772258517 12.45256248339045  0.93301270189221941 -31.953083098446861 28.169764672889261 12.452562483390452  0.93301270189221941 -32.24314660790796 28.150427105591852 12.285094238121001  1 -32.868146607907953 28.108760438925184 11.924250319877489  0.86602540378443871 -32.868146607907953 28.06709377225852 11.202562483390462  1 -32.868146607907953 28.025427105591856 10.480874646903436  0.86602540378443871 -32.24314660790796 27.983760438925184 10.120030728659923  1 -31.953083098446861 27.964422871627779 9.9525624833904711  0.93301270189221941 -31.61814660790796 27.942093772258517 9.9525624833904711  0.93301270189221941
 0.546875 3 0.55208333333333337 2 0.5625 2 0.57291666666666663 2 0.578125 3
1 -31.618146607907967 30.967093772258515 12.45256248339045 -0 1 -0 
7 1 0  2 9 5  -31.61814660790796 28.817093773624116 12.45256248339045  0.93301270189221941 -31.953083098446861 28.794764674254854 12.452562483390452  0.93301270189221941 -32.24314660790796 28.775427106957448 12.285094238121001  1 -32.868146607907953 28.73376044029078 11.924250319877489  0.86602540378443871 -32.868146607907953 28.692093773624116 11.202562483390462  1 -32.868146607907953 28.650427106957451 10.480874646903436  0.86602540378443871 -32.24314660790796 28.60876044029078 10.120030728659923  1 -31.953083098446861 28.589422872993374 9.9525624833904711  0.93301270189221863 -31.61814660790796 28.567093773624116 9.9525624833904711  0.93301270189221941
 0.421875 3 0.42708333333333331 2 0.4375 2 0.44791666666666669 2 0.45312500000000006 3
1 -31.618146607907967 30.967093772258515 9.9525624833904747 -0 1 -0 
7 1 0  2 9 5  -31.61814660790796 28.69209377225852 12.45256248339045  0.93301270189221941 -31.953083098446861 28.669764672889261 12.452562483390452  0.93301270189221941 -32.24314660790796 28.650427105591852 12.285094238121001  1 -32.868146607907953 28.608760438925188 11.924250319877489  0.86602540378443871 -32.868146607907953 28.56709377225852 11.202562483390462  1 -32.868146607907953 28.525427105591852 10.480874646903436  0.86602540378443871 -32.24314660790796 28.483760438925184 10.120030728659923  1 -31.953083098446861 28.464422871627779 9.9525624833904711  0.93301270189221941 -31.61814660790796 28.442093772258517 9.9525624833904711  0.93301270189221941
 0.484375 3 0.48958333333333331 2 0.5 2 0.51041666666666663 2 0.515625 3
1 -31.618146607907967 30.967093772258515 12.45256248339045 -0 1 -0 
7 1 0  2 9 5  -31.61814660790796 29.317093773624116 12.45256248339045  0.93301270189221941 -31.953083098446861 29.294764674254857 12.452562483390452  0.93301270189221941 -32.24314660790796 29.275427106957448 12.285094238121001  1 -32.868146607907953 29.23376044029078 11.924250319877489  0.86602540378443871 -32.868146607907953 29.192093773624116 11.202562483390462  1 -32.868146607907953 29.150427106957448 10.480874646903436  0.86602540378443871 -32.24314660790796 29.10876044029078 10.120030728659923  1 -31.953083098446861 29.089422872993374 9.9525624833904711  0.93301270189221863 -31.61814660790796 29.067093773624116 9.9525624833904711  0.93301270189221941
 0.359375 3 0.36458333333333331 2 0.375 2 0.38541666666666669 2 0.39062500000000006 3
1 -31.618146607907967 30.967093772258515 9.9525624833904747 -0 1 -0 
7 1 0  2 9 5  -31.61814660790796 29.19209377225852 12.45256248339045  0.93301270189221941 -31.953083098446861 29.169764672889258 12.452562483390452  0.93301270189221941 -32.24314660790796 29.150427105591856 12.285094238121001  1 -32.868146607907953 29.108760438925181 11.924250319877489  0.86602540378443871 -32.868146607907953 29.06709377225852 11.202562483390462  1 -32.868146607907953 29.025427105591859 10.480874646903436  0.86602540378443871 -32.24314660790796 28.983760438925184 10.120030728659923  1 -31.953083098446861 28.964422871627779 9.9525624833904711  0.93301270189221863 -31.61814660790796 28.94209377225852 9.9525624833904711  0.93301270189221941
 0.421875 3 0.42708333333333331 2 0.4375 2 0.44791666666666669 2 0.45312500000000006 3
1 -31.618146607907967 30.967093772258515 12.45256248339045 -0 1 -0 
7 1 0  2 9 5  -31.61814660790796 29.817093773624116 12.45256248339045  0.93301270189221941 -31.953083098446861 29.79476467425485 12.452562483390452  0.93301270189221941 -32.24314660790796 29.775427106957448 12.285094238121001  1 -32.868146607907953 29.733760440290784 11.924250319877489  0.86602540378443871 -32.868146607907953 29.692093773624116 11.202562483390462  1 -32.868146607907953 29.650427106957448 10.480874646903436  0.86602540378443871 -32.24314660790796 29.60876044029078 10.120030728659923  1 -31.953083098446861 29.589422872993378 9.9525624833904711  0.93301270189221863 -31.61814660790796 29.567093773624116 9.9525624833904711  0.93301270189221941
 0.296875 3 0.30208333333333331 2 0.3125 2 0.32291666666666669 2 0.32812500000000006 3
1 -31.618146607907967 30.967093772258515 9.9525624833904747 -0 1 -0 
7 1 0  2 9 5  -31.61814660790796 29.69209377225852 12.45256248339045  0.93301270189221941 -31.953083098446861 29.669764672889258 12.452562483390452  0.93301270189221941 -32.24314660790796 29.650427105591856 12.285094238121001  1 -32.868146607907953 29.608760438925181 11.924250319877489  0.86602540378443871 -32.868146607907953 29.56709377225852 11.202562483390462  1 -32.868146607907953 29.525427105591856 10.480874646903436  0.86602540378443871 -32.24314660790796 29.483760438925184 10.120030728659923  1 -31.953083098446861 29.464422871627782 9.9525624833904711  0.93301270189221863 -31.61814660790796 29.44209377225852 9.9525624833904711  0.93301270189221941
 0.359375 3 0.36458333333333331 2 0.375 2 0.38541666666666669 2 0.39062500000000006 3
1 -31.618146607907967 30.967093772258515 12.45256248339045 -0 1 -0 
7 1 0  2 9 5  -31.61814660790796 30.317093773624112 12.45256248339045  0.9330127018922193 -31.953083098446861 30.294764674254854 12.452562483390453  0.93301270189221897 -32.24314660790796 30.275427106957448 12.285094238121001  1 -32.868146607907953 30.233760440290776 11.924250319877489  0.86602540378443871 -32.868146607907953 30.192093773624112 11.202562483390462  1 -32.868146607907953 30.150427106957451 10.480874646903436  0.86602540378443871 -32.24314660790796 30.10876044029078 10.120030728659923  1 -31.953083098446861 30.089422872993381 9.9525624833904711  0.93301270189221863 -31.61814660790796 30.067093773624112 9.9525624833904711  0.93301270189221941
 0.23437499999999997 3 0.23958333333333334 2 0.25 2 0.26041666666666669 2 0.26562500000000006 3
1 -31.618146607907967 30.967093772258515 9.9525624833904747 -0 1 -0 
7 1 0  2 9 5  -31.61814660790796 30.192093772258517 12.45256248339045  0.93301270189221941 -31.953083098446861 30.169764672889261 12.452562483390453  0.93301270189221863 -32.24314660790796 30.150427105591852 12.285094238121001  1 -32.868146607907953 30.108760438925188 11.924250319877489  0.86602540378443871 -32.868146607907953 30.06709377225852 11.202562483390462  1 -32.868146607907953 30.025427105591852 10.480874646903436  0.86602540378443871 -32.24314660790796 29.983760438925184 10.120030728659923  1 -31.953083098446861 29.964422871627782 9.9525624833904711  0.93301270189221941 -31.61814660790796 29.942093772258517 9.9525624833904711  0.93301270189221941
 0.29687499999999994 3 0.30208333333333331 2 0.3125 2 0.32291666666666669 2 0.328125 3
1 -31.618146607907967 30.967093772258515 9.9525624833904747 -0 1 -0 
7 1 0  2 5 3  -32.868146607907953 30.567093772258517 11.202562483390462  0.99999999999999711 -32.868146607907939 30.525427105591849 10.480874646903423  0.86602540378444159 -32.24314660790796 30.483760438925188 10.120030728659923  1 -31.953083098446861 30.464422871627786 9.9525624833904711  0.93301270189221863 -31.61814660790796 30.442093772258517 9.9525624833904711  0.93301270189221941
 0.25000000000000022 3 0.26041666666666674 2 0.26562500000000006 3
7 1 0  2 9 5  -31.61814660790796 28.067093773624116 9.9525624833904711  0.93301270189221941 -31.283210117369066 28.044764674254854 9.9525624833904711  0.93301270189221941 -30.993146607907974 28.025427106957448 10.120030728659923  1 -30.368146607907974 27.98376044029078 10.480874646903436  0.86602540378443871 -30.368146607907978 27.942093773624112 11.202562483390462  1 -30.368146607907974 27.900427106957448 11.924250319877489  0.86602540378443871 -30.99314660790797 27.85876044029078 12.285094238121001  1 -31.283210117369066 27.839422872993371 12.452562483390452  0.93301270189221941 -31.61814660790796 27.817093773624112 12.45256248339045  0.93301270189221941
 0.515625 3 0.52083333333333337 2 0.53125 2 0.54166666666666663 2 0.546875 3
7 1 0  2 9 5  -31.61814660790796 27.942093772258517 9.9525624833904711  0.93301270189221941 -31.283210117369066 27.919764672889258 9.9525624833904711  0.93301270189221941 -30.993146607907974 27.900427105591852 10.120030728659923  1 -30.368146607907974 27.858760438925184 10.480874646903436  0.86602540378443871 -30.368146607907978 27.81709377225852 11.202562483390462  1 -30.368146607907974 27.775427105591856 11.924250319877489  0.86602540378443871 -30.99314660790797 27.733760438925184 12.285094238121001  1 -31.283210117369066 27.714422871627779 12.452562483390452  0.93301270189221941 -31.61814660790796 27.692093772258517 12.45256248339045  0.93301270189221941
 0.578125 3 0.58333333333333337 2 0.59375 2 0.60416666666666663 2 0.609375 3
7 1 0  2 9 5  -31.61814660790796 28.567093773624116 9.9525624833904711  0.93301270189221941 -31.283210117369066 28.544764674254854 9.9525624833904729  0.93301270189222008 -30.993146607907974 28.525427106957448 10.120030728659923  1 -30.368146607907974 28.48376044029078 10.480874646903436  0.86602540378443871 -30.368146607907978 28.442093773624116 11.202562483390462  1 -30.368146607907974 28.400427106957455 11.924250319877489  0.86602540378443871 -30.99314660790797 28.35876044029078 12.285094238121001  1 -31.283210117369066 28.339422872993371 12.452562483390452  0.93301270189221941 -31.61814660790796 28.317093773624116 12.45256248339045  0.93301270189221941
 0.45312500000000006 3 0.45833333333333331 2 0.46875 2 0.47916666666666669 2 0.484375 3
7 1 0  2 9 5  -31.61814660790796 28.442093772258517 9.9525624833904711  0.93301270189221941 -31.283210117369066 28.419764672889261 9.9525624833904711  0.93301270189221941 -30.993146607907974 28.400427105591852 10.120030728659923  1 -30.368146607907974 28.358760438925191 10.480874646903436  0.86602540378443871 -30.368146607907978 28.31709377225852 11.202562483390462  1 -30.368146607907974 28.275427105591852 11.924250319877489  0.86602540378443871 -30.99314660790797 28.233760438925184 12.285094238121001  1 -31.283210117369066 28.214422871627775 12.452562483390452  0.93301270189221941 -31.61814660790796 28.192093772258517 12.45256248339045  0.93301270189221941
 0.515625 3 0.52083333333333337 2 0.53125 2 0.54166666666666663 2 0.546875 3
7 1 0  2 9 5  -31.61814660790796 29.067093773624116 9.9525624833904711  0.93301270189221941 -31.283210117369066 29.044764674254854 9.9525624833904729  0.93301270189222008 -30.993146607907974 29.025427106957448 10.120030728659923  1 -30.368146607907974 28.983760440290784 10.480874646903436  0.86602540378443871 -30.368146607907978 28.942093773624116 11.202562483390462  1 -30.368146607907974 28.900427106957451 11.924250319877489  0.86602540378443871 -30.99314660790797 28.85876044029078 12.285094238121001  1 -31.283210117369066 28.839422872993374 12.452562483390452  0.93301270189221941 -31.61814660790796 28.817093773624116 12.45256248339045  0.93301270189221941
 0.39062500000000006 3 0.39583333333333331 2 0.40625 2 0.41666666666666669 2 0.421875 3
7 1 0  2 9 5  -31.61814660790796 28.94209377225852 9.9525624833904711  0.93301270189221941 -31.283210117369066 28.919764672889261 9.9525624833904729  0.93301270189222008 -30.993146607907974 28.900427105591856 10.120030728659923  1 -30.368146607907974 28.858760438925188 10.480874646903436  0.86602540378443871 -30.368146607907978 28.81709377225852 11.202562483390462  1 -30.368146607907974 28.775427105591852 11.924250319877489  0.86602540378443871 -30.99314660790797 28.733760438925184 12.285094238121001  1 -31.283210117369066 28.714422871627775 12.452562483390452  0.93301270189221941 -31.61814660790796 28.69209377225852 12.45256248339045  0.93301270189221941
 0.45312500000000006 3 0.45833333333333331 2 0.46875 2 0.47916666666666669 2 0.484375 3
7 1 0  2 9 5  -31.61814660790796 29.567093773624116 9.9525624833904711  0.93301270189221941 -31.283210117369066 29.54476467425485 9.9525624833904729  0.93301270189222008 -30.993146607907974 29.525427106957448 10.120030728659923  1 -30.368146607907974 29.483760440290784 10.480874646903436  0.86602540378443871 -30.368146607907978 29.442093773624116 11.202562483390462  1 -30.368146607907974 29.400427106957448 11.924250319877489  0.86602540378443871 -30.99314660790797 29.35876044029078 12.285094238121001  1 -31.283210117369066 29.339422872993374 12.452562483390452  0.93301270189221941 -31.61814660790796 29.317093773624116 12.45256248339045  0.93301270189221941
 0.32812500000000006 3 0.33333333333333331 2 0.34375 2 0.35416666666666669 2 0.359375 3
7 1 0  2 9 5  -31.61814660790796 29.44209377225852 9.9525624833904711  0.93301270189221941 -31.283210117369066 29.419764672889258 9.9525624833904729  0.93301270189222008 -30.993146607907974 29.400427105591856 10.120030728659923  1 -30.368146607907974 29.358760438925184 10.480874646903436  0.86602540378443871 -30.368146607907978 29.31709377225852 11.202562483390462  1 -30.368146607907974 29.275427105591856 11.924250319877489  0.86602540378443871 -30.99314660790797 29.233760438925184 12.285094238121001  1 -31.283210117369066 29.214422871627779 12.452562483390452  0.93301270189221941 -31.61814660790796 29.19209377225852 12.45256248339045  0.93301270189221941
 0.39062500000000006 3 0.39583333333333331 2 0.40625 2 0.41666666666666669 2 0.421875 3
7 1 0  2 9 5  -31.61814660790796 30.067093773624112 9.9525624833904711  0.93301270189221941 -31.283210117369066 30.04476467425485 9.9525624833904729  0.93301270189222008 -30.993146607907974 30.025427106957448 10.120030728659923  1 -30.368146607907974 29.98376044029078 10.480874646903436  0.86602540378443871 -30.368146607907978 29.942093773624116 11.202562483390462  1 -30.368146607907974 29.900427106957451 11.924250319877489  0.86602540378443871 -30.99314660790797 29.85876044029078 12.285094238121001  1 -31.283210117369066 29.839422872993378 12.452562483390452  0.93301270189221941 -31.61814660790796 29.817093773624116 12.45256248339045  0.93301270189221941
 0.26562500000000006 3 0.27083333333333331 2 0.28125 2 0.29166666666666669 2 0.296875 3
7 1 0  2 9 5  -31.61814660790796 29.942093772258517 9.9525624833904711  0.93301270189221941 -31.283210117369066 29.919764672889258 9.9525624833904711  0.93301270189221941 -30.993146607907974 29.900427105591852 10.120030728659923  1 -30.368146607907974 29.858760438925181 10.480874646903436  0.86602540378443871 -30.368146607907978 29.81709377225852 11.202562483390462  1 -30.368146607907974 29.775427105591852 11.924250319877489  0.86602540378443871 -30.99314660790797 29.733760438925184 12.285094238121001  1 -31.283210117369066 29.714422871627782 12.452562483390452  0.93301270189221941 -31.61814660790796 29.69209377225852 12.45256248339045  0.93301270189221941
 0.328125 3 0.33333333333333331 2 0.34375 2 0.35416666666666669 2 0.359375 3
7 1 0  2 9 5  -31.618146587424025 30.56709377225852 9.9525624833904729  0.93301270189221941 -31.283210107862434 30.544764673621078 9.9525624888791278  0.93301270394061364 -30.993146607907974 30.525427106957448 10.120030728659923  1 -30.368146607907974 30.483760440290784 10.480874646903436  0.86602540378443871 -30.368146607907978 30.442093773624112 11.202562483390462  1 -30.368146607907974 30.400427106957444 11.924250319877489  0.86602540378443871 -30.99314660790797 30.35876044029078 12.285094238121001  1 -31.283210117369066 30.339422872993381 12.452562483390452  0.93301270189221963 -31.61814660790796 30.317093773624112 12.45256248339045  0.9330127018922193
 0.20312500015926482 3 0.20833333333333334 2 0.21875 2 0.22916666666666666 2 0.23437499999999997 3
7 1 0  2 9 5  -31.61814660790796 30.442093772258517 9.9525624833904711  0.93301270189221941 -31.283210117369066 30.419764672889258 9.9525624833904729  0.93301270189222008 -30.993146607907974 30.400427105591852 10.120030728659923  1 -30.368146607907974 30.358760438925188 10.480874646903436  0.86602540378443871 -30.368146607907978 30.31709377225852 11.202562483390462  1 -30.368146607907974 30.275427105591852 11.924250319877489  0.86602540378443871 -30.99314660790797 30.233760438925188 12.285094238121001  1 -31.283210117369059 30.214422871627779 12.452562483390448  0.93301270189222008 -31.61814660790796 30.192093772258517 12.45256248339045  0.93301270189221941
 0.26562500000000006 3 0.27083333333333331 2 0.28125 2 0.29166666666666669 2 0.29687499999999994 3
1 -50.668146607907964 30.567093772258502 12.452562483390453 0 0.70710678118654835 0.7071067811865468 
2 -50.668146607907964 30.967093772258515 11.202562483390466 -0 -1 -0 0 0 1 -1 0 0 1.6499999999999986
1 -50.668146607907964 30.567093772258502 9.9525624833904782 8.6595605623549255e-17 0.70710678118654835 -0.7071067811865468 
7 0 0  3 22 11  -50.668146607907737 30.804834245839352 12.690302956971312  -50.853591851080395 30.798248891782407 12.683717602914399  -51.034574380545543 30.791732588444589 12.642952211758539  -51.375456213243275 30.779304815893745 12.495700721273392  -51.529770791834657 30.773750610961557 12.391498836586848  -51.725272064801118 30.764090270694705 12.194940344897754  -51.78341240827217 30.760804424466979 12.123937764470517  -51.885830545104923 30.754097065018467 11.971115708120285  -51.930313998942204 30.750644710860357 11.888465627854826  -52.037069018239144 30.740491856383599 11.633792065427883  -52.075241549317347 30.73374737707698 11.448886858205029  -52.079370234241111 30.721547295528918 11.081640974847629  -52.04435836144161 30.715158807194598 10.895486103433532  -51.905614467541895 30.701431978903209 10.555465567519267  -51.80092037569883 30.694207151835815 10.398078444387403  -51.604890480346555 30.683826772770992 10.203086399841002  -51.532004845075505 30.680388396419872 10.143899326103492  -51.378341819151039 30.67389857166042 10.042826078917784  -51.296955779485927 30.670887767115886 10.000076257312454  -51.037936073238207 30.660911516773876 9.8973553916118711  -50.853091961878455 30.653691291801955 9.8659649638509883  -50.668146607936549 30.646340596786594 9.873315658862392 
 0.00098984055558997666 4 0.0015404214949093693 2 0.0020910024342287621 2 0.0023662929038884583 2 0.0026415833735481545 2 0.0031921643128675547 2 0.0037427452521869558 2 0.004293326191506356 2 0.0045686166611660492 2 0.0048439071308257415 2 0.005394488070145107 4
7 0 0  3 6 3  -51.7279218566906 27.096460834758517 10.112057576167418  -51.869837815169156 27.096460834758521 10.249974443122033  -51.982325810567488 27.09646083475851 10.412588777702455  -52.140235035370473 27.09646083475851 10.77351575620073  -52.183144715018486 27.096460834758513 10.965356944831871  -52.188269545367127 27.096460834758521 11.16318246789557 
 3.0690391223099168e-17 4 0.00059317316412437772 2 0.0011863463282487249 4
7 0 0  3 8 4  -51.682752104134742 27.367093772258418 11.932682807053899  -51.800006317529515 27.341229032584948 11.814023125949353  -51.8915734553864 27.316167916681362 11.674365275994177  -52.016035042183589 27.269195639092018 11.36684635560642  -52.046127859419016 27.248949423958489 11.200836382837229  -52.050594584670939 27.184583085189502 10.703573641104541  -51.937340564819372 27.137916813898379 10.373382480765011  -51.7279218566906 27.096460834758517 10.112057576167418 
 1.4763149071101527e-15 4 0.00049924915645897956 2 0.00099849831291648266 2 0.0019969966258314886 4
2 -50.668146607907964 27.367093772258517 11.202562483390466 -0 -1 -0 5.5511151231258403e-15 -0 1 -1 0 5.5511151231258403e-15 1.2499999999999871
7 0 0  3 4 2  -50.668146607907609 27.335395043313479 9.9208637544454401  -50.936908303272837 27.346473315417622 9.931942026549498  -51.199027069937763 27.356623737978044 10.027825654888856  -51.410303331572983 27.367093772258517 10.19672780635911 
 0.0066134224621600939 4 0.0074121509952396608 4
1 -50.668146607907964 26.967093772258519 9.5525624833904814 0 -0.70710678118654979 -0.70710678118654535 
2 -50.668146607907964 26.967093772258519 11.202562483390466 0 1 0 0 -0 1 1 0 -0 1.6499999999999848
1 -50.668146607907964 26.967093772258519 12.85256248339045 8.6595605623549057e-17 -0.70710678118654979 0.70710678118654535 
7 0 0  3 14 7  -52.188269545367127 27.096460834758521 11.16318246789557  -52.187809881088619 27.099497766692341 11.262707886180662  -52.177661519389069 27.102508406343741 11.36053952891409  -52.138331321445982 27.108939805102633 11.552860186751598  -52.108737356414508 27.112328533041318 11.64837670625896  -52.031792357358803 27.119185547074 11.830203242040071  -51.984809441695823 27.122641396945117 11.916334687230982  -51.873950765853017 27.129610034568572 12.079105738083733  -51.809535397956502 27.133140203438945 12.155973222279135  -51.598778251513679 27.143354762817566 12.362045239849127  -51.429289654805409 27.149473016430498 12.472595028408277  -51.064206546344359 27.162487410883685 12.615866028997523  -50.864747002244599 27.169689414716725 12.649966840932256  -50.668146607907985 27.176901394259598 12.642754861389369 
 4.7348736264955023e-17 4 0.00029448948679213101 2 0.00058897897358421475 2 0.00088346846037629849 2 0.001177957947168382 2 0.0017669369207525491 2 0.0023559158943367163 4
1 -50.668146607907964 30.967093772258515 12.452562483390453 -0 1 -0 
7 1 0  2 9 5  -50.668146607907964 28.067093773624116 12.452562483390459  0.93301270189221941 -51.003083098446865 28.044764674254854 12.452562483390459  0.93301270189221941 -51.293146607907957 28.025427106957448 12.285094238121008  1 -51.918146607907957 27.98376044029078 11.924250319877494  0.86602540378443871 -51.918146607907957 27.942093773624112 11.202562483390469  1 -51.918146607907957 27.900427106957448 10.480874646903441  0.86602540378443871 -51.293146607907957 27.85876044029078 10.12003072865993  1 -51.003083098446865 27.839422872993371 9.9525624833904818  0.93301270189221941 -50.668146607907964 27.817093773624112 9.95256248339048  0.93301270189221941
 0.515625 3 0.52083333333333337 2 0.53125 2 0.54166666666666663 2 0.546875 3
1 -50.668146607907964 30.967093772258515 9.9525624833904782 -0 1 -0 
7 1 0  2 9 5  -50.668146607907964 27.942093772258517 12.452562483390459  0.93301270189221941 -51.003083098446865 27.919764672889258 12.452562483390459  0.93301270189221941 -51.293146607907957 27.900427105591852 12.285094238121008  1 -51.918146607907957 27.858760438925184 11.924250319877494  0.86602540378443871 -51.918146607907957 27.81709377225852 11.202562483390469  1 -51.918146607907957 27.775427105591856 10.480874646903441  0.86602540378443871 -51.293146607907957 27.733760438925184 10.12003072865993  1 -51.003083098446865 27.714422871627779 9.9525624833904818  0.93301270189221941 -50.668146607907964 27.692093772258517 9.95256248339048  0.93301270189221941
 0.578125 3 0.58333333333333337 2 0.59375 2 0.60416666666666663 2 0.609375 3
1 -50.668146607907964 30.967093772258515 12.452562483390453 -0 1 -0 
7 1 0  2 9 5  -50.668146607907964 28.567093773624116 12.452562483390459  0.93301270189221941 -51.003083098446865 28.544764674254854 12.452562483390455  0.93301270189222008 -51.293146607907957 28.525427106957448 12.285094238121008  1 -51.918146607907957 28.48376044029078 11.924250319877494  0.86602540378443871 -51.918146607907957 28.442093773624116 11.202562483390469  1 -51.918146607907957 28.400427106957455 10.480874646903441  0.86602540378443871 -51.293146607907957 28.35876044029078 10.12003072865993  1 -51.003083098446865 28.339422872993371 9.9525624833904818  0.93301270189221941 -50.668146607907964 28.317093773624116 9.95256248339048  0.93301270189221941
 0.45312500000000006 3 0.45833333333333331 2 0.46875 2 0.47916666666666669 2 0.484375 3
1 -50.668146607907964 30.967093772258515 9.9525624833904782 -0 1 -0 
7 1 0  2 9 5  -50.668146607907964 28.442093772258517 12.452562483390459  0.93301270189221941 -51.003083098446865 28.419764672889261 12.452562483390459  0.93301270189221941 -51.293146607907957 28.400427105591852 12.285094238121008  1 -51.918146607907957 28.358760438925191 11.924250319877494  0.86602540378443871 -51.918146607907957 28.31709377225852 11.202562483390469  1 -51.918146607907957 28.275427105591852 10.480874646903441  0.86602540378443871 -51.293146607907957 28.233760438925184 10.12003072865993  1 -51.003083098446865 28.214422871627775 9.9525624833904818  0.93301270189221941 -50.668146607907964 28.192093772258517 9.95256248339048  0.93301270189221941
 0.515625 3 0.52083333333333337 2 0.53125 2 0.54166666666666663 2 0.546875 3
1 -50.668146607907964 30.967093772258515 12.452562483390453 -0 1 -0 
7 1 0  2 9 5  -50.668146607907964 29.067093773624116 12.452562483390459  0.93301270189221941 -51.003083098446865 29.044764674254857 12.452562483390459  0.93301270189221941 -51.293146607907957 29.025427106957448 12.285094238121008  1 -51.918146607907957 28.983760440290784 11.924250319877494  0.86602540378443871 -51.918146607907957 28.942093773624116 11.202562483390469  1 -51.918146607907957 28.900427106957451 10.480874646903441  0.86602540378443871 -51.293146607907957 28.85876044029078 10.12003072865993  1 -51.003083098446865 28.839422872993371 9.9525624833904782  0.93301270189222008 -50.668146607907964 28.817093773624116 9.95256248339048  0.93301270189221941
 0.390625 3 0.39583333333333331 2 0.40625 2 0.41666666666666669 2 0.42187499999999994 3
1 -50.668146607907964 30.967093772258515 9.9525624833904782 -0 1 -0 
7 1 0  2 9 5  -50.668146607907964 28.94209377225852 12.452562483390459  0.93301270189221941 -51.003083098446865 28.919764672889261 12.452562483390455  0.93301270189222008 -51.293146607907957 28.900427105591856 12.285094238121008  1 -51.918146607907957 28.858760438925188 11.924250319877494  0.86602540378443871 -51.918146607907957 28.81709377225852 11.202562483390469  1 -51.918146607907957 28.775427105591852 10.480874646903441  0.86602540378443871 -51.293146607907957 28.733760438925184 10.12003072865993  1 -51.003083098446865 28.714422871627775 9.9525624833904818  0.93301270189221941 -50.668146607907964 28.69209377225852 9.95256248339048  0.93301270189221941
 0.45312500000000006 3 0.45833333333333331 2 0.46875 2 0.47916666666666669 2 0.484375 3
1 -50.668146607907964 30.967093772258515 12.452562483390453 -0 1 -0 
7 1 0  2 9 5  -50.668146607907964 29.567093773624116 12.452562483390459  0.93301270189221941 -51.003083098446865 29.544764674254854 12.452562483390459  0.93301270189221941 -51.293146607907957 29.525427106957448 12.285094238121008  1 -51.918146607907957 29.483760440290784 11.924250319877494  0.86602540378443871 -51.918146607907957 29.442093773624116 11.202562483390469  1 -51.918146607907957 29.400427106957448 10.480874646903441  0.86602540378443871 -51.293146607907957 29.35876044029078 10.12003072865993  1 -51.003083098446865 29.339422872993378 9.9525624833904782  0.93301270189221863 -50.668146607907964 29.317093773624116 9.95256248339048  0.93301270189221941
 0.328125 3 0.33333333333333331 2 0.34375 2 0.35416666666666669 2 0.35937500000000006 3
1 -50.668146607907964 30.967093772258515 9.9525624833904782 -0 1 -0 
7 1 0  2 9 5  -50.668146607907964 29.44209377225852 12.452562483390459  0.93301270189221941 -51.003083098446865 29.419764672889258 12.452562483390459  0.93301270189221941 -51.293146607907957 29.400427105591856 12.285094238121008  1 -51.918146607907957 29.358760438925184 11.924250319877494  0.86602540378443871 -51.918146607907957 29.31709377225852 11.202562483390469  1 -51.918146607907957 29.275427105591856 10.480874646903441  0.86602540378443871 -51.293146607907957 29.233760438925184 10.12003072865993  1 -51.003083098446865 29.214422871627779 9.9525624833904782  0.93301270189222008 -50.668146607907964 29.19209377225852 9.95256248339048  0.93301270189221941
 0.390625 3 0.39583333333333331 2 0.40625 2 0.41666666666666669 2 0.42187499999999994 3
1 -50.668146607907964 30.967093772258515 12.452562483390453 -0 1 -0 
7 1 0  2 9 5  -50.668146607907964 30.067093773624112 12.452562483390459  0.93301270189221941 -51.003083098446865 30.044764674254846 12.452562483390452  0.93301270189222218 -51.293146607907957 30.025427106957448 12.285094238121008  1 -51.918146607907957 29.98376044029078 11.924250319877494  0.86602540378443871 -51.918146607907957 29.942093773624116 11.202562483390469  1 -51.918146607907957 29.900427106957451 10.480874646903441  0.86602540378443871 -51.293146607907957 29.85876044029078 10.12003072865993  1 -51.003083098446865 29.839422872993378 9.9525624833904782  0.93301270189222008 -50.668146607907964 29.817093773624116 9.95256248339048  0.93301270189221941
 0.26562500000000022 3 0.27083333333333331 2 0.28125 2 0.29166666666666669 2 0.29687499999999994 3
1 -50.668146607907964 30.967093772258515 9.9525624833904782 -0 1 -0 
7 1 0  2 9 5  -50.668146607907964 29.942093772258517 12.452562483390459  0.93301270189221941 -51.003083098446865 29.919764672889258 12.452562483390455  0.93301270189222008 -51.293146607907957 29.900427105591852 12.285094238121008  1 -51.918146607907957 29.858760438925181 11.924250319877494  0.86602540378443871 -51.918146607907957 29.81709377225852 11.202562483390469  1 -51.918146607907957 29.775427105591852 10.480874646903441  0.86602540378443871 -51.293146607907957 29.733760438925184 10.12003072865993  1 -51.003083098446865 29.714422871627782 9.9525624833904782  0.93301270189221863 -50.668146607907964 29.69209377225852 9.95256248339048  0.93301270189221941
 0.32812500000000006 3 0.33333333333333331 2 0.34375 2 0.35416666666666669 2 0.35937500000000006 3
1 -50.668146607907964 30.967093772258515 12.452562483390453 -0 1 -0 
7 1 0  2 9 5  -50.668146607784152 30.567093773632365 12.452562483390459  0.93301270189221941 -51.003083098389411 30.54476467425869 12.452562483423634  0.93301270187983787 -51.293146607907957 30.525427106957448 12.285094238121008  1 -51.918146607907957 30.483760440290784 11.924250319877494  0.86602540378443871 -51.918146607907957 30.442093773624112 11.202562483390469  1 -51.918146607907957 30.400427106957444 10.480874646903441  0.86602540378443871 -51.293146607907957 30.35876044029078 10.12003072865993  1 -51.003083098446865 30.339422872993381 9.9525624833904835  0.93301270189221963 -50.668146607907964 30.317093773624112 9.95256248339048  0.9330127018922193
 0.20312499999903733 3 0.20833333333333334 2 0.21875 2 0.22916666666666666 2 0.23437499999999997 3
1 -50.668146607907964 30.967093772258515 9.9525624833904782 -0 1 -0 
7 1 0  2 9 5  -50.668146607907964 30.442093772258517 12.452562483390459  0.93301270189221941 -51.003083098446865 30.419764672889261 12.452562483390452  0.93301270189222218 -51.293146607907957 30.400427105591852 12.285094238121008  1 -51.918146607907957 30.358760438925188 11.924250319877494  0.86602540378443871 -51.918146607907957 30.31709377225852 11.202562483390469  1 -51.918146607907957 30.275427105591852 10.480874646903441  0.86602540378443871 -51.293146607907957 30.233760438925188 10.12003072865993  1 -51.003083098446865 30.214422871627782 9.9525624833904818  0.93301270189221941 -50.668146607907964 30.192093772258517 9.95256248339048  0.93301270189221941
 0.26562500000000022 3 0.27083333333333331 2 0.28125 2 0.29166666666666669 2 0.296875 3
7 1 0  2 9 5  -50.668146607907964 27.817093773624112 9.95256248339048  0.93301270189221941 -50.333210117369063 27.794764674254854 9.95256248339048  0.93301270189221941 -50.043146607907971 27.775427106957448 10.12003072865993  1 -49.418146607907978 27.73376044029078 10.480874646903441  0.86602540378443871 -49.418146607907978 27.692093773624112 11.202562483390469  1 -49.418146607907978 27.650427106957448 11.924250319877494  0.86602540378443871 -50.043146607907971 27.60876044029078 12.285094238121008  1 -50.333210117369063 27.589422872993374 12.452562483390459  0.93301270189221941 -50.668146607907964 27.567093773624112 12.452562483390459  0.93301270189221941
 0.546875 3 0.55208333333333337 2 0.5625 2 0.57291666666666663 2 0.578125 3
1 -50.668146607907964 30.967093772258515 12.452562483390453 -0 1 -0 
7 1 0  2 9 5  -50.668146607907964 27.692093772258517 9.95256248339048  0.93301270189221941 -50.333210117369063 27.669764672889258 9.95256248339048  0.93301270189221941 -50.043146607907971 27.650427105591852 10.12003072865993  1 -49.418146607907978 27.608760438925191 10.480874646903441  0.86602540378443871 -49.418146607907978 27.56709377225852 11.202562483390469  1 -49.418146607907978 27.525427105591852 11.924250319877494  0.86602540378443871 -50.043146607907971 27.483760438925188 12.285094238121008  1 -50.333210117369063 27.464422871627782 12.452562483390459  0.93301270189221941 -50.668146607907964 27.442093772258517 12.452562483390459  0.93301270189221941
 0.609375 3 0.61458333333333337 2 0.625 2 0.63541666666666663 2 0.640625 3
7 1 0  2 9 5  -50.668146607907964 28.317093773624116 9.95256248339048  0.93301270189221941 -50.333210117369063 28.294764674254854 9.95256248339048  0.93301270189221941 -50.043146607907971 28.275427106957448 10.12003072865993  1 -49.418146607907978 28.233760440290776 10.480874646903441  0.86602540378443871 -49.418146607907978 28.192093773624116 11.202562483390469  1 -49.418146607907978 28.150427106957448 11.924250319877494  0.86602540378443871 -50.043146607907971 28.10876044029078 12.285094238121008  1 -50.333210117369063 28.089422872993371 12.452562483390459  0.93301270189221941 -50.668146607907964 28.067093773624116 12.452562483390459  0.93301270189221941
 0.484375 3 0.48958333333333331 2 0.5 2 0.51041666666666663 2 0.515625 3
7 1 0  2 9 5  -50.668146607907964 28.192093772258517 9.95256248339048  0.93301270189221941 -50.333210117369063 28.169764672889261 9.95256248339048  0.93301270189221941 -50.043146607907971 28.150427105591852 10.12003072865993  1 -49.418146607907978 28.108760438925184 10.480874646903441  0.86602540378443871 -49.418146607907978 28.06709377225852 11.202562483390469  1 -49.418146607907978 28.025427105591856 11.924250319877494  0.86602540378443871 -50.043146607907971 27.983760438925184 12.285094238121008  1 -50.333210117369063 27.964422871627779 12.452562483390459  0.93301270189221941 -50.668146607907964 27.942093772258517 12.452562483390459  0.93301270189221941
 0.546875 3 0.55208333333333337 2 0.5625 2 0.57291666666666663 2 0.578125 3
7 1 0  2 9 5  -50.668146607907964 28.817093773624116 9.95256248339048  0.93301270189221941 -50.33321011736907 28.794764674254861 9.9525624833904782  0.93301270189221863 -50.043146607907971 28.775427106957448 10.12003072865993  1 -49.418146607907978 28.73376044029078 10.480874646903441  0.86602540378443871 -49.418146607907978 28.692093773624116 11.202562483390469  1 -49.418146607907978 28.650427106957451 11.924250319877494  0.86602540378443871 -50.043146607907971 28.60876044029078 12.285094238121008  1 -50.33321011736907 28.589422872993374 12.452562483390462  0.93301270189221863 -50.668146607907964 28.567093773624116 12.452562483390459  0.93301270189221941
 0.42187499999999994 3 0.42708333333333331 2 0.4375 2 0.44791666666666669 2 0.45312500000000006 3
7 1 0  2 9 5  -50.668146607907964 28.69209377225852 9.95256248339048  0.93301270189221941 -50.333210117369063 28.669764672889261 9.95256248339048  0.93301270189221941 -50.043146607907971 28.650427105591852 10.12003072865993  1 -49.418146607907978 28.608760438925188 10.480874646903441  0.86602540378443871 -49.418146607907978 28.56709377225852 11.202562483390469  1 -49.418146607907978 28.525427105591852 11.924250319877494  0.86602540378443871 -50.043146607907971 28.483760438925184 12.285094238121008  1 -50.333210117369063 28.464422871627779 12.452562483390459  0.93301270189221941 -50.668146607907964 28.442093772258517 12.452562483390459  0.93301270189221941
 0.484375 3 0.48958333333333331 2 0.5 2 0.51041666666666663 2 0.515625 3
7 1 0  2 9 5  -50.668146607907964 29.317093773624116 9.95256248339048  0.93301270189221941 -50.333210117369063 29.294764674254854 9.9525624833904782  0.93301270189222008 -50.043146607907971 29.275427106957448 10.12003072865993  1 -49.418146607907978 29.23376044029078 10.480874646903441  0.86602540378443871 -49.418146607907978 29.192093773624116 11.202562483390469  1 -49.418146607907978 29.150427106957448 11.924250319877494  0.86602540378443871 -50.043146607907971 29.10876044029078 12.285094238121008  1 -50.333210117369063 29.089422872993371 12.452562483390459  0.93301270189221941 -50.668146607907964 29.067093773624116 12.452562483390459  0.93301270189221941
 0.35937500000000006 3 0.36458333333333331 2 0.375 2 0.38541666666666669 2 0.390625 3
7 1 0  2 9 5  -50.668146607907964 29.19209377225852 9.95256248339048  0.93301270189221941 -50.33321011736907 29.169764672889261 9.9525624833904782  0.93301270189221863 -50.043146607907971 29.150427105591856 10.12003072865993  1 -49.418146607907978 29.108760438925181 10.480874646903441  0.86602540378443871 -49.418146607907978 29.06709377225852 11.202562483390469  1 -49.418146607907978 29.025427105591859 11.924250319877494  0.86602540378443871 -50.043146607907971 28.983760438925184 12.285094238121008  1 -50.33321011736907 28.964422871627779 12.452562483390462  0.93301270189221863 -50.668146607907964 28.94209377225852 12.452562483390459  0.93301270189221941
 0.42187499999999994 3 0.42708333333333331 2 0.4375 2 0.44791666666666669 2 0.45312500000000006 3
7 1 0  2 9 5  -50.668146607907964 29.817093773624116 9.95256248339048  0.93301270189221941 -50.33321011736907 29.794764674254857 9.9525624833904782  0.93301270189221863 -50.043146607907971 29.775427106957448 10.12003072865993  1 -49.418146607907978 29.733760440290784 10.480874646903441  0.86602540378443871 -49.418146607907978 29.692093773624116 11.202562483390469  1 -49.418146607907978 29.650427106957448 11.924250319877494  0.86602540378443871 -50.043146607907971 29.60876044029078 12.285094238121008  1 -50.333210117369063 29.589422872993374 12.452562483390459  0.93301270189221941 -50.668146607907964 29.567093773624116 12.452562483390459  0.93301270189221941
 0.29687499999999994 3 0.30208333333333331 2 0.3125 2 0.32291666666666669 2 0.328125 3
7 1 0  2 9 5  -50.668146607907964 29.69209377225852 9.95256248339048  0.93301270189221941 -50.333210117369063 29.669764672889258 9.9525624833904782  0.93301270189222008 -50.043146607907971 29.650427105591856 10.12003072865993  1 -49.418146607907978 29.608760438925181 10.480874646903441  0.86602540378443871 -49.418146607907978 29.56709377225852 11.202562483390469  1 -49.418146607907978 29.525427105591856 11.924250319877494  0.86602540378443871 -50.043146607907971 29.483760438925184 12.285094238121008  1 -50.333210117369063 29.464422871627779 12.452562483390459  0.93301270189221941 -50.668146607907964 29.44209377225852 12.452562483390459  0.93301270189221941
 0.35937500000000006 3 0.36458333333333331 2 0.375 2 0.38541666666666669 2 0.390625 3
7 1 0  2 9 5  -50.668146607907964 30.317093773624112 9.95256248339048  0.9330127018922193 -50.33321011736907 30.294764674254854 9.9525624833904764  0.93301270189221897 -50.043146607907971 30.275427106957448 10.12003072865993  1 -49.418146607907978 30.233760440290776 10.480874646903441  0.86602540378443871 -49.418146607907978 30.192093773624112 11.202562483390469  1 -49.418146607907978 30.150427106957451 11.924250319877494  0.86602540378443871 -50.043146607907971 30.10876044029078 12.285094238121008  1 -50.333210117369077 30.089422872993378 12.452562483390468  0.93301270189221652 -50.668146607907964 30.067093773624112 12.452562483390459  0.93301270189221941
 0.23437499999999997 3 0.23958333333333334 2 0.25 2 0.26041666666666669 2 0.26562500000000022 3
7 1 0  2 9 5  -50.668146607907964 30.192093772258517 9.95256248339048  0.93301270189221941 -50.333210117369063 30.169764672889258 9.95256248339048  0.93301270189221941 -50.043146607907971 30.150427105591852 10.12003072865993  1 -49.418146607907978 30.108760438925188 10.480874646903441  0.86602540378443871 -49.418146607907978 30.06709377225852 11.202562483390469  1 -49.418146607907978 30.025427105591852 11.924250319877494  0.86602540378443871 -50.043146607907971 29.983760438925184 12.285094238121008  1 -50.33321011736907 29.964422871627782 12.452562483390462  0.93301270189221863 -50.668146607907964 29.942093772258517 12.452562483390459  0.93301270189221941
 0.296875 3 0.30208333333333331 2 0.3125 2 0.32291666666666669 2 0.32812500000000006 3
2 -50.668146607907964 30.567093772258502 11.202562483390466 0 1 0 0 -0 1 1 0 -0 1.2499999999999871
7 1 0  2 5 3  -49.418146607907978 30.567093772258517 11.202562483390469  0.99999999999999711 -49.418146607908007 30.525427105591849 11.924250319877503  0.86602540378444159 -50.043146607907971 30.483760438925188 12.285094238121008  1 -50.333210117369077 30.464422871627779 12.452562483390468  0.93301270189221652 -50.668146607907964 30.442093772258517 12.452562483390459  0.93301270189221941
 0.25000000000000022 3 0.26041666666666674 2 0.26562500000000022 3
2 -41.143146607907966 48.967093772258508 11.202562483390466 0 1 0 0 -0 1 1 0 -0 2.3000000000000105
1 -41.143146607907966 48.967093772258508 13.502562483390475 8.659560562354886e-17 -0.70710678118655135 0.70710678118654369 
2 -41.143146607907966 48.767093772258519 11.202562483390466 0 -1 0 0 0 1 -1 0 0 2.5000000000000004
1 -41.143146607907966 48.967093772258508 8.9025624833904562 0 -0.70710678118655135 -0.70710678118654369 
2 -41.143146607907966 48.967093772258508 11.202562483390466 0 1 0 0 -0 1 1 0 -0 2.3000000000000105
2 -41.143146607907966 48.767093772258519 11.202562483390466 0 -1 0 -2.775557561562891e-15 0 1 -1 -0 -2.775557561562891e-15 2.5000000000000004
7 0 0  3 4 2  -42.643146607907966 48.967093772258508 9.4590029059741845  -42.643146607907966 48.901557155381965 9.372550902401203  -42.643146607907966 48.834777874763098 9.2871676115211894  -42.643146607907966 48.767093772258519 9.2025624833904658 
 0.0074141122046894005 4 0.0077354627235001819 4
1 -41.143146607907966 48.967093772258508 13.702562483390466 -0 -1 -0 
2 -41.143146607907966 36.967093772258515 11.202562483390466 -0 -1 -0 0 0 -1 1 -0 0 2.5000000000000004
1 -41.143146607907966 48.967093772258508 8.7025624833904658 -0 -1 -0 
2 -41.143146607907966 28.967093772258519 11.202562483390466 0 1 0 0 -0 1 1 0 -0 17.800000000000011
1 -41.143146607907966 28.967093772258519 29.002562483390477 8.6595605623547837e-17 -0.70710678118655979 0.70710678118653525 
2 -41.143146607907966 28.76709377225853 11.202562483390466 0 -1 0 0 0 1 -1 0 0 18
1 -41.143146607907966 28.967093772258519 -6.5974375166095447 0 -0.70710678118655979 -0.70710678118653525 
2 -41.143146607907966 1.9670937722585224 11.202562483390466 -0 -1 -0 0 0 1 -1 0 0 17.800000000000001
1 -41.143146607907966 2.1670937722585246 -6.7974375166095324 8.6595605623548601e-17 0.70710678118655368 -0.70710678118654147 
2 -41.143146607907966 2.1670937722585246 11.202562483390466 -0 1 -0 0 0 1 1 0 -0 18
1 -41.143146607907966 2.1670937722585246 29.202562483390466 0 0.70710678118655368 0.70710678118654147 
1 -41.143146607907966 28.967093772258519 29.202562483390466 -0 -1 -0 
1 -41.143146607907966 28.967093772258519 -6.7974375166095324 -0 -1 -0 
1 -41.143146607907966 -47.247538198325181 26.202562483390466 0 1 0 
2 -41.143146607907966 26.967093772258519 11.202562483390466 -0 -1 -0 0 0 1 -1 0 0 15
1 -41.143146607907966 -47.247538198325181 -3.7974375166095338 0 1 0 
2 -41.143146607907966 1.967093772258524 11.202562483390466 -0 -1 -0 0 0 1 -1 0 0 15
2 -41.143146607907966 26.967093772258519 11.202562483390466 -0 -1 -0 0 0 1 -1 0 0 15
2 -41.143146607907966 1.967093772258524 11.202562483390466 -0 -1 -0 0 0 1 -1 0 0 15
2 -41.143146607907966 1.9670937722585224 11.202562483390466 -0 -1 -0 0 0 1 -1 0 0 17.800000000000001
2 -41.143146607907966 28.76709377225853 11.202562483390466 0 -1 0 0 0 1 -1 0 0 18
2 -41.143146607907966 2.1670937722585246 11.202562483390466 -0 1 -0 0 0 1 1 0 -0 18
2 -41.143146607907966 28.967093772258519 11.202562483390466 0 1 0 0 -0 1 1 0 -0 17.800000000000011
2 -41.143146607907966 48.767093772258519 11.202562483390466 0 -1 0 0 0 1 -1 0 0 2.5000000000000004
1 -42.643146607907966 42.967093772258515 13.202562483390466 -0 1 -0 
2 -41.143146607907966 42.967093772258515 11.202562483390466 0 1 0 0 -0 1 1 0 -0 2.5000000000000004
1 -42.643146607907966 42.967093772258515 9.2025624833904658 -0 1 -0 
2 -41.143146607907966 36.967093772258515 11.202562483390466 -0 -1 -0 0 0 -1 1 -0 0 2.5000000000000004
1 -42.643146607907966 48.967093772258508 9.2025624833904658 -1.6263032587282567e-16 -0 -1 
2 -41.143146607907966 48.967093772258508 11.202562483390466 0 1 0 0 -0 1 1 0 -0 2.3000000000000105
7 0 0  3 4 2  -42.643146607907966 48.767093772258519 13.202562483390466  -42.643146607907966 48.83486333287518 13.117850532619642  -42.643146607907966 48.901648816542128 13.032453150433604  -42.643146607907966 48.967093772258508 12.946122060806747 
 0.0032273871781712841 4 0.0035538436213316581 4
1 -42.643146607907966 42.967093772258515 9.2025624833904658 -1.6263032587282567e-16 -0 -1 
7 1 0  2 7 4  -50.668146607907964 27.567093773624112 12.452562483390459  0.93301270189221941 -51.003083098446865 27.544764674254857 12.452562483390459  0.93301270189221941 -51.293146607907957 27.525427106957448 12.285094238121008  1 -51.918146607907957 27.483760440290784 11.924250319877494  0.86602540378443871 -51.918146607907957 27.442093773624112 11.202562483390469  1 -51.918146607907943 27.405655945048313 10.571440779282707  0.8808346614293574 -51.41030333157299 27.367093772258517 10.19672780635911  0.97365545034527012
 0.578125 3 0.58333333333333337 2 0.59375 2 0.603015231209308 3
7 1 0  2 5 3  -50.668146607907964 27.442093772258517 12.452562483390459  0.93301270189221941 -51.003083098446865 27.419764672889258 12.452562483390459  0.93301270189221941 -51.293146607907957 27.400427105591852 12.285094238121008  1 -51.52582243495246 27.384915383788883 12.150758786742944  0.94554410912536579 -51.68275210413475 27.367093772258418 11.932682807053899  0.93535696971132576
 0.640625 3 0.64583333333333337 2 0.65006733648990755 3
2 -50.668146607907964 26.967093772258519 11.202562483390466 0 1 0 0 -0 1 1 0 -0 1.6499999999999848
7 0 0  3 24 12  -50.668146607907985 27.176901394259598 12.642754861389369  -50.579324732715349 27.180159686538282 12.639496569110708  -50.489446394684627 27.183479548883209 12.627771888003386  -50.315903815793554 27.189933569291426 12.588425799910429  -50.231591335423943 27.193091133008082 12.560922844522935  -49.986074970295448 27.202345218020991 12.454780991890996  -49.836361862777167 27.207908497327285 12.354061900153997  -49.583790480904064 27.220802545451608 12.100234255166246  -49.483645453767636 27.227578172611484 11.950844525484246  -49.344773005362718 27.241240383967671 11.619540002179104  -49.308468127733299 27.247906521698884 11.442886365419543  -49.305519061207526 27.257112401620702 11.175224778436815  -49.313152048852125 27.26008048752939 11.086870804158856  -49.346233298830086 27.266544741209117 10.911980905629052  -49.371982130806991 27.269964301794932 10.824936102103621  -49.472857653985955 27.280280461534048 10.578143516858198  -49.574421753866019 27.287519888059421 10.426036734219911  -49.826330556308967 27.301327460104591 10.175894910415121  -49.978937513462739 27.307556743443403 10.074972640976659  -50.226988283400047 27.317453301848879 9.9768627302984925  -50.314523260650162 27.320971255429026 9.9524475102566665  -50.489985090335118 27.328083129773834 9.9228319456436971  -50.57860940629535 27.331704348173481 9.9171730593054583  -50.668146607907609 27.335395043313479 9.9208637544454401 
 0.0023559158943367163 4 0.0026220100548256767 2 0.0028881042153146375 2 0.00342029253629256 2 0.0039524808572704833 2 0.0044846691782484058 2 0.0047507633387373679 2 0.0050168574992263282 2 0.0055490458202042507 2 0.0060812341411821732 2 0.0063473283016711336 2 0.0066134224621600939 4
2 -50.668146607907964 30.967093772258515 11.202562483390466 -0 -1 -0 0 0 1 -1 0 0 1.6499999999999986
7 0 0  3 6 3  -49.735574262079915 30.837726709758517 12.403659211554615  -49.870911987017671 30.832348354304198 12.50193082649044  -50.018137747235322 30.827589333437263 12.576227703002795  -50.337417900220565 30.816507806028614 12.674544745771019  -50.501448844305138 30.810753857337836 12.696222568469768  -50.668146607907737 30.804834245839352 12.690302956971312 
 6.2160252178758829e-17 4 0.00049492027779501934 2 0.00098984055558997666 4
7 0 0  3 6 3  -49.162774798909595 30.837726709758506 11.417458382101486  -49.19045803484515 30.837726709758506 11.611382804155124  -49.256452484744365 30.837726709758503 11.79987666486144  -49.450716563214804 30.837726709758496 12.133974645131671  -49.580847046219702 30.837726709758591 12.283523739302519  -49.735574262079915 30.837726709758517 12.403659211554615 
 2.6930150290767383e-17 4 0.00058717372218946575 2 0.0011743474443789046 4
7 0 0  3 10 5  -50.668146607784152 30.567093773632365 12.452562483390459  -50.502804205386994 30.593174063734647 12.478642774866591  -50.333405852626534 30.618214554396445 12.470553538648133  -50.012040309783266 30.6635524095859 12.389749405211667  -49.858496071953866 30.683928013174288 12.315980634397848  -49.587350385450172 30.72850473735231 12.125036637571279  -49.467628646311951 30.751622964106399 12.00474534589476  -49.278209960611633 30.795943158966871 11.733541149456094  -49.206215258610705 30.817656657540155 11.5797456158393  -49.162774798909595 30.837726709758506 11.417458382101486 
 2.0332441085937827e-13 4 0.00050325377114598154 2 0.0010065075420886385 2 0.0015097613130312956 2 0.0020130150839739527 4
7 0 0  3 12 6  -50.668146607936549 30.646340596786594 9.873315658862392  -50.583600214962146 30.642980281233058 9.8766759744141055  -50.500336074905462 30.639645443896733 9.8880041503390608  -50.336335995123157 30.633027610346158 9.9263710223251973  -50.254951145507519 30.629717634701581 9.9538273297349278  -50.02426415962595 30.620267790107288 10.057122745532261  -49.882708985891838 30.614444368718697 10.156426020164568  -49.651488716636614 30.601213066937984 10.400337899675087  -49.559380384505211 30.594094643044315 10.547132747888481  -49.440356631611159 30.580220454068431 10.8616222529152  -49.411908589618875 30.573331790547638 11.032136654346246  -49.418146607907978 30.567093772258517 11.202562483390469 
 0.005394488070145107 4 0.0056461820514632074 2 0.0058978760327813079 2 0.0064012639954174871 2 0.0069046519580536671 2 0.0074080399206898464 4
7 1 0  2 7 4  -31.61814660790796 27.567093773624109 9.9525624833904711  0.9330127018922193 -31.283210117369059 27.544764674254854 9.9525624833904747  0.93301270189222074 -30.993146607907974 27.525427106957448 10.120030728659923  1 -30.368146607907974 27.483760440290784 10.480874646903436  0.86602540378443871 -30.368146607907978 27.442093773624112 11.202562483390462  1 -30.368146607907974 27.405655945048309 11.833684187498202  0.88083466142936029 -30.87598988424293 27.367093772258517 12.208397160421805  0.97365545034526568
 0.57812500000000011 3 0.58333333333333337 2 0.59375 2 0.60301523120930778 3
2 -31.618146607907967 27.367093772258517 11.202562483390462 -0 -1 -0 -1.1102230246251681e-14 0 1 -1 0 -1.1102230246251681e-14 1.2499999999999871
7 1 0  2 5 3  -31.61814660790796 27.442093772258517 9.9525624833904711  0.9330127018922193 -31.283210117369059 27.419764672889261 9.9525624833904747  0.93301270189222074 -30.993146607907974 27.400427105591852 10.120030728659923  1 -30.760470780863489 27.384915383788893 10.254366180037977  0.94554410912537001 -30.603541111681213 27.367093772258418 10.472442159727001  0.93535696971132731
 0.64062500000000011 3 0.64583333333333337 2 0.65006733648990722 3
2 -31.618146607907967 26.967093772258519 11.202562483390462 0 1 0 0 -0 1 1 0 -0 1.6499999999999848
7 0 0  3 14 7  -30.098023670448811 27.096460834758513 11.241942498885507  -30.098483334727327 27.099497766692345 11.142417080600286  -30.108631696426873 27.102508406343745 11.044585437866827  -30.147961894369935 27.108939805102636 10.852264780029314  -30.177555859401426 27.11232853304131 10.756748260521956  -30.254500858457174 27.119185547073986 10.574921724740854  -30.301483774120129 27.122641396945113 10.488790279549939  -30.412342449962964 27.129610034568586 10.326019228697193  -30.476757817859465 27.133140203438931 10.249151744501798  -30.687514964302274 27.143354762817552 10.043079726931797  -30.857003561010522 27.149473016430512 9.9325299383726495  -31.222086669471576 27.162487410883688 9.7892589377834032  -31.421546213571343 27.1696894147167 9.7551581258486788  -31.618146607907946 27.176901394259595 9.7623701053915628 
 7.9362414096686107e-17 4 0.00029448948679215936 2 0.00058897897358423936 2 0.00088346846037631931 2 0.0011779579471683994 2 0.0017669369207525634 2 0.0023559158943367276 4
7 0 0  3 6 3  -30.558371359125307 27.096460834758521 12.293067390613489  -30.416455400646814 27.096460834758521 12.155150523658948  -30.303967405248454 27.09646083475851 11.992536189078493  -30.146058180445468 27.09646083475851 11.631609210580276  -30.103148500797442 27.096460834758513 11.439768021949014  -30.098023670448811 27.096460834758513 11.241942498885507 
 1.0551910960100406e-16 4 0.00059317316412435886 2 0.0011863463282486123 4
7 0 0  3 8 4  -30.603541111681213 27.367093772258418 10.472442159726999  -30.486286898286469 27.341229032584955 10.591101840831547  -30.394719760429517 27.316167916681373 10.730759690786707  -30.270258173632318 27.269195639092018 11.038278611174464  -30.240165356396929 27.248949423958468 11.204288583943669  -30.235698631145038 27.184583085189512 11.70155132567637  -30.348952650996573 27.137916813898382 12.031742486015881  -30.558371359125307 27.096460834758521 12.293067390613489 
 1.4782745116692544e-15 4 0.00049924915645898455 2 0.00099849831291649069 2 0.0019969966258315017 4
7 0 0  3 4 2  -31.618146607908333 27.335395043313479 12.484261212335493  -31.349384912543083 27.346473315417622 12.47318294023143  -31.087266145878154 27.356623737978051 12.377299311892074  -30.87598988424293 27.367093772258517 12.208397160421805 
 0.0066134224621600592 4 0.007412150995239653 4
2 -31.618146607907967 30.967093772258515 11.202562483390462 -0 -1 -0 0 0 1 -1 0 0 1.6499999999999917
7 0 0  3 22 11  -31.618146607908177 30.804834245839366 9.7148220098096303  -31.432701364737525 30.798248891782496 9.7214073638664775  -31.251718835272342 30.791732588444656 9.7621727550215827  -30.91083700257094 30.779304815893688 9.9094242455082728  -30.756522423982251 30.77375061096161 10.013626130193085  -30.561021151014135 30.764090270694673 10.210184621883892  -30.502880807543097 30.760804424466933 10.281187202311344  -30.40046267071093 30.754097065018463 10.434009258660842  -30.35597921687366 30.750644710860342 10.516659338926187  -30.249224197576279 30.740491856383539 10.771332901354448  -30.211051666498495 30.733747377076963 10.956238108576322  -30.206922981574923 30.721547295528882 11.323483991934305  -30.241934854374616 30.71515880719457 11.509638863348288  -30.380678748274253 30.701431978903209 11.849659399261931  -30.485372840118021 30.694207151835762 12.007046522394464  -30.681402735469181 30.68382677277101 12.20203856693967  -30.754288370740476 30.680388396419868 12.261225640677491  -30.907951396665499 30.673898571660402 12.362298887863512  -30.98933743633042 30.670887767115872 12.405048709468574  -31.248357142575191 30.660911516773986 12.507769575168139  -31.433201253935714 30.653691291802037 12.539160002929977  -31.618146607879176 30.646340596786615 12.53180930791854 
 0.00098984055547789076 4 0.0015404214947976817 2 0.0020910024341174727 2 0.0023662929037773684 2 0.002641583373437264 2 0.003192164312757055 2 0.003742745252076846 2 0.0042933261913966365 2 0.0045686166610565378 2 0.0048439071307164391 2 0.0053944880700362427 4
2 -41.143146607907966 26.967093772258519 11.202562483390466 -0 -1 -0 0 0 -1 1 -0 0 6
2 -48.567767810366703 26.967093772258519 3.7779412809317039 0 1 0 0 -0 1 1 0 -0 2.0000000000000009
2 -33.718525405449228 26.967093772258519 18.627183685849225 0 1 0 0 -0 1 1 0 -0 2.0000000000000018
2 -41.143146607907966 28.967093772258519 11.202562483390466 -0 -1 -0 0 0 -1 1 -0 0 18
2 -41.143146607907966 30.467093772258519 11.202562483390466 -0 -1 -0 0 0 1 -1 0 0 18
2 -33.718525405449228 30.967093772258515 18.627183685849225 0 1 0 0 -0 1 1 0 -0 2.0000000000000018
2 -48.567767810366703 30.967093772258515 3.7779412809317039 0 1 0 0 -0 1 1 0 -0 2.0000000000000009
2 -41.143146607907966 30.967093772258515 11.202562483390466 0 1 0 0 -0 1 1 0 -0 17.5
2 -41.143146607907966 30.967093772258515 11.202562483390466 -0 -1 -0 0 0 -1 1 -0 0 5.5000000000000009
2 -41.143146607907966 36.467093772258529 11.202562483390466 -0 -1 -0 0 0 -1 1 -0 0 5.5
2 -41.143146607907966 36.967093772258515 11.202562483390466 0 1 0 0 0 -1 -1 0 0 4.9999999999999973
2 -41.143146607907966 25.492093772258514 11.202562483390466 0 1 0 0 -0 1 1 0 -0 2.7249999999999983
2 -41.143146607907966 25.492093772258514 11.202562483390466 -0 -1 -0 0 0 -1 1 -0 0 6
7 1 0  2 93 47  -32.550718953736038 30.837726709758517 10.001465755226338  0.96883619274225219 -32.46855228007766 30.832447484856161 9.9376687555295575  0.98199962729923485 -32.378463076657958 30.827510439607984 9.8856557296841192  1 -31.618146607907967 30.785843772941313 9.4466868117820013  0.86602540378443871 -30.857830139157972 30.744177106274648 9.8856557296841174  1 -30.09751367040797 30.702510439607984 10.32462464758623  0.86602540378443871 -30.097513670407977 30.660843772941316 11.202562483390462  1 -30.09751367040797 30.619177106274648 12.080500319194691  0.86602540378443871 -30.857830139157972 30.577510439607984 12.519469237096805  1 -31.618146607907967 30.535843772941313 12.95843815499892  0.86602540378443871 -32.378463076657951 30.494177106274648 12.519469237096807  1 -33.138779545407949 30.452510439607984 12.080500319194693  0.86602540378443871 -33.138779545407957 30.410843772941316 11.202562483390462  1 -33.138779545407949 30.369177106274645 10.32462464758623  0.86602540378443871 -32.378463076657958 30.327510439607984 9.8856557296841192  1 -31.618146607907967 30.28584377294132 9.4466868117820013  0.86602540378443871 -30.857830139157972 30.244177106274648 9.8856557296841174  1 -30.09751367040797 30.202510439607984 10.32462464758623  0.86602540378443871 -30.097513670407977 30.16084377294132 11.202562483390462  1 -30.09751367040797 30.119177106274645 12.080500319194691  0.86602540378443871 -30.857830139157972 30.077510439607984 12.519469237096805  1 -31.618146607907967 30.03584377294132 12.95843815499892  0.86602540378443871 -32.378463076657951 29.994177106274648 12.519469237096807  1 -33.138779545407949 29.952510439607988 12.080500319194693  0.86602540378443871 -33.138779545407957 29.91084377294132 11.202562483390462  1 -33.138779545407949 29.869177106274648 10.32462464758623  0.86602540378443871 -32.378463076657958 29.827510439607984 9.8856557296841192  1 -31.618146607907967 29.78584377294132 9.4466868117820013  0.86602540378443871 -30.857830139157972 29.744177106274648 9.8856557296841174  1 -30.09751367040797 29.702510439607984 10.32462464758623  0.86602540378443871 -30.097513670407977 29.660843772941316 11.202562483390462  1 -30.09751367040797 29.619177106274652 12.080500319194691  0.86602540378443871 -30.857830139157972 29.577510439607984 12.519469237096805  1 -31.618146607907967 29.535843772941313 12.95843815499892  0.86602540378443871 -32.378463076657951 29.494177106274652 12.519469237096807  1 -33.138779545407949 29.452510439607984 12.080500319194693  0.86602540378443871 -33.138779545407957 29.410843772941316 11.202562483390462  1 -33.138779545407949 29.369177106274652 10.32462464758623  0.86602540378443871 -32.378463076657958 29.327510439607984 9.8856557296841192  1 -31.618146607907967 29.285843772941316 9.4466868117820013  0.86602540378443871 -30.857830139157972 29.244177106274652 9.8856557296841174  1 -30.09751367040797 29.202510439607988 10.32462464758623  0.86602540378443871 -30.097513670407977 29.160843772941316 11.202562483390462  1 -30.09751367040797 29.119177106274648 12.080500319194691  0.86602540378443871 -30.857830139157972 29.077510439607984 12.519469237096805  1 -31.618146607907967 29.035843772941316 12.95843815499892  0.86602540378443871 -32.378463076657951 28.994177106274652 12.519469237096807  1 -33.138779545407949 28.952510439607988 12.080500319194693  0.86602540378443871 -33.138779545407957 28.910843772941316 11.202562483390462  1 -33.138779545407949 28.869177106274652 10.32462464758623  0.86602540378443871 -32.378463076657958 28.827510439607984 9.8856557296841192  1 -31.618146607907967 28.78584377294132 9.4466868117820013  0.86602540378443871 -30.857830139157972 28.744177106274652 9.8856557296841174  1 -30.09751367040797 28.702510439607984 10.32462464758623  0.86602540378443871 -30.097513670407977 28.660843772941316 11.202562483390462  1 -30.09751367040797 28.619177106274652 12.080500319194691  0.86602540378443871 -30.857830139157972 28.577510439607984 12.519469237096805  1 -31.618146607907967 28.53584377294132 12.95843815499892  0.86602540378443871 -32.378463076657951 28.494177106274652 12.519469237096807  1 -33.138779545407949 28.452510439607984 12.080500319194693  0.86602540378443871 -33.138779545407957 28.410843772941316 11.202562483390462  1 -33.138779545407949 28.369177106274655 10.32462464758623  0.86602540378443871 -32.378463076657958 28.32751043960798 9.8856557296841192  1 -31.618146607907967 28.285843772941316 9.4466868117820013  0.86602540378443871 -30.857830139157972 28.244177106274652 9.8856557296841174  1 -30.09751367040797 28.20251043960798 10.32462464758623  0.86602540378443871 -30.097513670407977 28.160843772941316 11.202562483390462  1 -30.09751367040797 28.119177106274655 12.080500319194691  0.86602540378443871 -30.857830139157972 28.07751043960798 12.519469237096805  1 -31.618146607907967 28.035843772941316 12.95843815499892  0.86602540378443871 -32.378463076657951 27.994177106274652 12.519469237096807  1 -33.138779545407949 27.952510439607977 12.080500319194693  0.86602540378443871 -33.138779545407957 27.910843772941316 11.202562483390462  1 -33.138779545407949 27.869177106274652 10.32462464758623  0.86602540378443871 -32.378463076657958 27.82751043960798 9.8856557296841192  1 -31.618146607907967 27.785843772941316 9.4466868117820013  0.86602540378443871 -30.857830139157972 27.744177106274652 9.8856557296841174  1 -30.09751367040797 27.70251043960798 10.32462464758623  0.86602540378443871 -30.097513670407977 27.660843772941316 11.202562483390462  1 -30.09751367040797 27.619177106274648 12.080500319194691  0.86602540378443871 -30.857830139157972 27.57751043960798 12.519469237096805  1 -31.618146607907967 27.535843772941313 12.95843815499892  0.86602540378443871 -32.378463076657951 27.494177106274652 12.519469237096807  1 -33.138779545407949 27.452510439607984 12.080500319194693  0.86602540378443871 -33.138779545407957 27.410843772941316 11.202562483390462  1 -33.138779545407949 27.369177106274652 10.32462464758623  0.86602540378443871 -32.378463076657958 27.327510439607984 9.8856557296841192  1 -31.618146607907967 27.285843772941316 9.4466868117820013  0.86602540378443871 -30.857830139157972 27.244177106274652 9.8856557296841174  1 -30.09751367040797 27.202510439607984 10.32462464758623  0.86602540378443871 -30.097513670407977 27.16084377294132 11.202562483390462  1 -30.097513670407974 27.130344562337505 11.845196346220357  0.89828062181932355 -30.558371359125307 27.096460834758521 12.293067390613489  0.95102085299347894
 0.19651711863594934 3 0.19791666666666666 2 0.20833333333333334 2 0.21875 2 0.22916666666666666 2 0.23958333333333334 2 0.25 2 0.26041666666666669 2 0.27083333333333331 2 0.28125 2 0.29166666666666669 2 0.30208333333333331 2 0.3125 2 0.32291666666666669 2 0.33333333333333331 2 0.34375 2 0.35416666666666669 2 0.36458333333333331 2 0.375 2 0.38541666666666669 2 0.39583333333333331 2 0.40625 2 0.41666666666666669 2 0.42708333333333331 2 0.4375 2 0.44791666666666669 2 0.45833333333333331 2 0.46875 2 0.47916666666666669 2 0.48958333333333331 2 0.5 2 0.51041666666666663 2 0.52083333333333337 2 0.53125 2 0.54166666666666663 2 0.55208333333333337 2 0.5625 2 0.57291666666666663 2 0.58333333333333348 2 0.59375 2 0.60416666666666663 2 0.61458333333333337 2 0.625 2 0.63541666666666663 2 0.64583333333333337 2 0.65625 2 0.66415878932259576 3
7 1 0  2 93 47  -33.123518416906371 30.837726709758517 10.987666584679673  0.96785853306161851 -33.018994941457812 30.800112701359424 10.255466974250844  0.88469885211435606 -32.378463076657958 30.765010439607984 9.8856557296841192  1 -31.618146607907967 30.723343772941313 9.4466868117820013  0.86602540378443871 -30.857830139157972 30.681677106274648 9.8856557296841174  1 -30.09751367040797 30.640010439607984 10.32462464758623  0.86602540378443871 -30.097513670407977 30.598343772941316 11.202562483390462  1 -30.09751367040797 30.556677106274648 12.080500319194691  0.86602540378443871 -30.857830139157972 30.515010439607984 12.519469237096805  1 -31.618146607907967 30.473343772941313 12.95843815499892  0.86602540378443871 -32.378463076657951 30.431677106274648 12.519469237096807  1 -33.138779545407949 30.390010439607984 12.080500319194693  0.86602540378443871 -33.138779545407957 30.348343772941316 11.202562483390462  1 -33.138779545407949 30.306677106274645 10.32462464758623  0.86602540378443871 -32.378463076657958 30.265010439607984 9.8856557296841192  1 -31.618146607907967 30.22334377294132 9.4466868117820013  0.86602540378443871 -30.857830139157972 30.181677106274648 9.8856557296841174  1 -30.09751367040797 30.140010439607984 10.32462464758623  0.86602540378443871 -30.097513670407977 30.09834377294132 11.202562483390462  1 -30.09751367040797 30.056677106274645 12.080500319194691  0.86602540378443871 -30.857830139157972 30.015010439607984 12.519469237096805  1 -31.618146607907967 29.97334377294132 12.95843815499892  0.86602540378443871 -32.378463076657951 29.931677106274648 12.519469237096807  1 -33.138779545407949 29.89001043960798 12.080500319194693  0.86602540378443871 -33.138779545407957 29.84834377294132 11.202562483390462  1 -33.138779545407949 29.806677106274648 10.32462464758623  0.86602540378443871 -32.378463076657958 29.765010439607984 9.8856557296841192  1 -31.618146607907967 29.723343772941313 9.4466868117820013  0.86602540378443871 -30.857830139157972 29.681677106274648 9.8856557296841174  1 -30.09751367040797 29.640010439607984 10.32462464758623  0.86602540378443871 -30.097513670407977 29.598343772941316 11.202562483390462  1 -30.09751367040797 29.556677106274652 12.080500319194691  0.86602540378443871 -30.857830139157972 29.515010439607984 12.519469237096805  1 -31.618146607907967 29.473343772941313 12.95843815499892  0.86602540378443871 -32.378463076657951 29.431677106274652 12.519469237096807  1 -33.138779545407949 29.390010439607984 12.080500319194693  0.86602540378443871 -33.138779545407957 29.348343772941316 11.202562483390462  1 -33.138779545407949 29.306677106274648 10.32462464758623  0.86602540378443871 -32.378463076657958 29.265010439607984 9.8856557296841192  1 -31.618146607907967 29.223343772941316 9.4466868117820013  0.86602540378443871 -30.857830139157972 29.181677106274652 9.8856557296841174  1 -30.09751367040797 29.140010439607988 10.32462464758623  0.86602540378443871 -30.097513670407977 29.098343772941316 11.202562483390462  1 -30.09751367040797 29.056677106274652 12.080500319194691  0.86602540378443871 -30.857830139157972 29.015010439607984 12.519469237096805  1 -31.618146607907967 28.973343772941313 12.95843815499892  0.86602540378443871 -32.378463076657951 28.931677106274652 12.519469237096807  1 -33.138779545407949 28.890010439607984 12.080500319194693  0.86602540378443871 -33.138779545407957 28.848343772941316 11.202562483390462  1 -33.138779545407949 28.806677106274652 10.32462464758623  0.86602540378443871 -32.378463076657958 28.765010439607984 9.8856557296841192  1 -31.618146607907967 28.72334377294132 9.4466868117820013  0.86602540378443871 -30.857830139157972 28.681677106274652 9.8856557296841174  1 -30.09751367040797 28.640010439607984 10.32462464758623  0.86602540378443871 -30.097513670407977 28.598343772941316 11.202562483390462  1 -30.09751367040797 28.556677106274648 12.080500319194691  0.86602540378443871 -30.857830139157972 28.515010439607984 12.519469237096805  1 -31.618146607907967 28.47334377294132 12.95843815499892  0.86602540378443871 -32.378463076657951 28.431677106274652 12.519469237096807  1 -33.138779545407949 28.390010439607984 12.080500319194693  0.86602540378443871 -33.138779545407957 28.348343772941316 11.202562483390462  1 -33.138779545407949 28.306677106274655 10.32462464758623  0.86602540378443871 -32.378463076657958 28.26501043960798 9.8856557296841192  1 -31.618146607907967 28.223343772941316 9.4466868117820013  0.86602540378443871 -30.857830139157972 28.181677106274652 9.8856557296841174  1 -30.09751367040797 28.14001043960798 10.32462464758623  0.86602540378443871 -30.097513670407977 28.098343772941316 11.202562483390462  1 -30.09751367040797 28.056677106274652 12.080500319194691  0.86602540378443871 -30.857830139157972 28.01501043960798 12.519469237096805  1 -31.618146607907967 27.973343772941316 12.95843815499892  0.86602540378443871 -32.378463076657951 27.931677106274652 12.519469237096807  1 -33.138779545407949 27.890010439607984 12.080500319194693  0.86602540378443871 -33.138779545407957 27.848343772941316 11.202562483390462  1 -33.138779545407949 27.806677106274648 10.32462464758623  0.86602540378443871 -32.378463076657958 27.76501043960798 9.8856557296841192  1 -31.618146607907967 27.723343772941316 9.4466868117820013  0.86602540378443871 -30.857830139157972 27.681677106274652 9.8856557296841174  1 -30.09751367040797 27.64001043960798 10.32462464758623  0.86602540378443871 -30.097513670407977 27.598343772941316 11.202562483390462  1 -30.09751367040797 27.556677106274652 12.080500319194691  0.86602540378443871 -30.857830139157972 27.51501043960798 12.519469237096805  1 -31.618146607907967 27.473343772941316 12.95843815499892  0.86602540378443871 -32.378463076657951 27.431677106274652 12.519469237096807  1 -33.138779545407949 27.390010439607984 12.080500319194693  0.86602540378443871 -33.138779545407957 27.348343772941316 11.202562483390462  1 -33.138779545407949 27.306677106274652 10.32462464758623  0.86602540378443871 -32.378463076657958 27.265010439607984 9.8856557296841192  1 -31.618146607907967 27.223343772941316 9.4466868117820013  0.86602540378443871 -30.857830139157972 27.181677106274652 9.8856557296841174  1 -30.09751367040797 27.140010439607984 10.32462464758623  0.86602540378443871 -30.097513670407977 27.09834377294132 11.202562483390462  1 -30.097513670407981 27.097409134339635 11.222255793579791  0.99654186194035255 -30.098023670448811 27.096460834758513 11.241942498885507  0.99326224606591618
 0.18895188037332841 3 0.19791666666666666 2 0.20833333333333334 2 0.21875 2 0.22916666666666666 2 0.23958333333333334 2 0.25 2 0.26041666666666669 2 0.27083333333333331 2 0.28125 2 0.29166666666666669 2 0.30208333333333331 2 0.3125 2 0.32291666666666669 2 0.33333333333333331 2 0.34375 2 0.35416666666666669 2 0.36458333333333331 2 0.375 2 0.38541666666666669 2 0.39583333333333331 2 0.40625 2 0.41666666666666669 2 0.42708333333333331 2 0.4375 2 0.44791666666666674 2 0.45833333333333337 2 0.46875 2 0.47916666666666674 2 0.48958333333333337 2 0.5 2 0.51041666666666663 2 0.52083333333333337 2 0.53125 2 0.54166666666666652 2 0.55208333333333337 2 0.5625 2 0.57291666666666663 2 0.58333333333333337 2 0.59375 2 0.60416666666666663 2 0.61458333333333337 2 0.625 2 0.63541666666666663 2 0.64583333333333337 2 0.65625 2 0.65651887389454566 3
7 1 0  2 93 47  -49.735574262079915 30.837726709758517 12.403659211554615  0.96883619274225585 -49.817740935738279 30.832447484856161 12.467456211251378  0.9819996272992374 -49.907830139157973 30.827510439607984 12.519469237096812  1 -50.668146607907964 30.785843772941313 12.958438154998928  0.86602540378443871 -51.428463076657955 30.744177106274648 12.519469237096814  1 -52.188779545407961 30.702510439607984 12.0805003191947  0.86602540378443871 -52.188779545407954 30.660843772941316 11.202562483390469  1 -52.188779545407961 30.619177106274648 10.324624647586239  0.86602540378443871 -51.428463076657955 30.577510439607984 9.8856557296841263  1 -50.668146607907964 30.535843772941313 9.4466868117820084  0.86602540378443871 -49.90783013915798 30.494177106274648 9.8856557296841245  1 -49.147513670407974 30.452510439607984 10.324624647586237  0.86602540378443871 -49.147513670407974 30.410843772941316 11.202562483390469  1 -49.147513670407974 30.369177106274645 12.0805003191947  0.86602540378443871 -49.907830139157973 30.327510439607984 12.519469237096812  1 -50.668146607907964 30.28584377294132 12.958438154998928  0.86602540378443871 -51.428463076657955 30.244177106274648 12.519469237096814  1 -52.188779545407961 30.202510439607984 12.0805003191947  0.86602540378443871 -52.188779545407954 30.16084377294132 11.202562483390469  1 -52.188779545407961 30.119177106274645 10.324624647586239  0.86602540378443871 -51.428463076657955 30.077510439607984 9.8856557296841263  1 -50.668146607907964 30.03584377294132 9.4466868117820084  0.86602540378443871 -49.90783013915798 29.994177106274648 9.8856557296841245  1 -49.147513670407974 29.952510439607988 10.324624647586237  0.86602540378443871 -49.147513670407974 29.91084377294132 11.202562483390469  1 -49.147513670407974 29.869177106274648 12.0805003191947  0.86602540378443871 -49.907830139157973 29.827510439607984 12.519469237096812  1 -50.668146607907964 29.78584377294132 12.958438154998928  0.86602540378443871 -51.428463076657955 29.744177106274648 12.519469237096814  1 -52.188779545407961 29.702510439607984 12.0805003191947  0.86602540378443871 -52.188779545407954 29.660843772941316 11.202562483390469  1 -52.188779545407961 29.619177106274652 10.324624647586239  0.86602540378443871 -51.428463076657955 29.577510439607984 9.8856557296841263  1 -50.668146607907964 29.535843772941313 9.4466868117820084  0.86602540378443871 -49.90783013915798 29.494177106274652 9.8856557296841245  1 -49.147513670407974 29.452510439607984 10.324624647586237  0.86602540378443871 -49.147513670407974 29.410843772941316 11.202562483390469  1 -49.147513670407974 29.369177106274652 12.0805003191947  0.86602540378443871 -49.907830139157973 29.327510439607984 12.519469237096812  1 -50.668146607907964 29.285843772941316 12.958438154998928  0.86602540378443871 -51.428463076657955 29.244177106274652 12.519469237096814  1 -52.188779545407961 29.202510439607988 12.0805003191947  0.86602540378443871 -52.188779545407954 29.160843772941316 11.202562483390469  1 -52.188779545407961 29.119177106274648 10.324624647586239  0.86602540378443871 -51.428463076657955 29.077510439607984 9.8856557296841263  1 -50.668146607907964 29.035843772941316 9.4466868117820084  0.86602540378443871 -49.90783013915798 28.994177106274652 9.8856557296841245  1 -49.147513670407974 28.952510439607988 10.324624647586237  0.86602540378443871 -49.147513670407974 28.910843772941316 11.202562483390469  1 -49.147513670407974 28.869177106274652 12.0805003191947  0.86602540378443871 -49.907830139157973 28.827510439607984 12.519469237096812  1 -50.668146607907964 28.78584377294132 12.958438154998928  0.86602540378443871 -51.428463076657955 28.744177106274652 12.519469237096814  1 -52.188779545407961 28.702510439607984 12.0805003191947  0.86602540378443871 -52.188779545407954 28.660843772941316 11.202562483390469  1 -52.188779545407961 28.619177106274652 10.324624647586239  0.86602540378443871 -51.428463076657955 28.577510439607984 9.8856557296841263  1 -50.668146607907964 28.53584377294132 9.4466868117820084  0.86602540378443871 -49.90783013915798 28.494177106274652 9.8856557296841245  1 -49.147513670407974 28.452510439607984 10.324624647586237  0.86602540378443871 -49.147513670407974 28.410843772941316 11.202562483390469  1 -49.147513670407974 28.369177106274655 12.0805003191947  0.86602540378443871 -49.907830139157973 28.32751043960798 12.519469237096812  1 -50.668146607907964 28.285843772941316 12.958438154998928  0.86602540378443871 -51.428463076657955 28.244177106274652 12.519469237096814  1 -52.188779545407961 28.20251043960798 12.0805003191947  0.86602540378443871 -52.188779545407954 28.160843772941316 11.202562483390469  1 -52.188779545407961 28.119177106274655 10.324624647586239  0.86602540378443871 -51.428463076657955 28.07751043960798 9.8856557296841263  1 -50.668146607907964 28.035843772941316 9.4466868117820084  0.86602540378443871 -49.90783013915798 27.994177106274652 9.8856557296841245  1 -49.147513670407974 27.952510439607977 10.324624647586237  0.86602540378443871 -49.147513670407974 27.910843772941316 11.202562483390469  1 -49.147513670407974 27.869177106274652 12.0805003191947  0.86602540378443871 -49.907830139157973 27.82751043960798 12.519469237096812  1 -50.668146607907964 27.785843772941316 12.958438154998928  0.86602540378443871 -51.428463076657955 27.744177106274652 12.519469237096814  1 -52.188779545407961 27.70251043960798 12.0805003191947  0.86602540378443871 -52.188779545407954 27.660843772941316 11.202562483390469  1 -52.188779545407961 27.619177106274648 10.324624647586239  0.86602540378443871 -51.428463076657955 27.57751043960798 9.8856557296841263  1 -50.668146607907964 27.535843772941313 9.4466868117820084  0.86602540378443871 -49.90783013915798 27.494177106274652 9.8856557296841245  1 -49.147513670407974 27.452510439607984 10.324624647586237  0.86602540378443871 -49.147513670407974 27.410843772941316 11.202562483390469  1 -49.147513670407974 27.369177106274652 12.0805003191947  0.86602540378443871 -49.907830139157973 27.327510439607984 12.519469237096812  1 -50.668146607907964 27.285843772941316 12.958438154998928  0.86602540378443871 -51.428463076657955 27.244177106274652 12.519469237096814  1 -52.188779545407961 27.202510439607984 12.0805003191947  0.86602540378443871 -52.188779545407954 27.16084377294132 11.202562483390469  1 -52.188779545407954 27.130344562337502 10.559928620560552  0.89828062181932078 -51.7279218566906 27.096460834758517 10.112057576167418  0.95102085299348205
 0.19651711863594953 3 0.19791666666666666 2 0.20833333333333334 2 0.21875 2 0.22916666666666666 2 0.23958333333333334 2 0.25 2 0.26041666666666669 2 0.27083333333333331 2 0.28125 2 0.29166666666666669 2 0.30208333333333331 2 0.3125 2 0.32291666666666669 2 0.33333333333333331 2 0.34375 2 0.35416666666666669 2 0.36458333333333331 2 0.375 2 0.38541666666666669 2 0.39583333333333331 2 0.40625 2 0.41666666666666669 2 0.42708333333333331 2 0.4375 2 0.44791666666666674 2 0.45833333333333337 2 0.46875 2 0.47916666666666674 2 0.48958333333333337 2 0.5 2 0.51041666666666663 2 0.52083333333333337 2 0.53125 2 0.54166666666666663 2 0.55208333333333337 2 0.5625 2 0.57291666666666663 2 0.58333333333333337 2 0.59375 2 0.60416666666666663 2 0.61458333333333337 2 0.625 2 0.63541666666666663 2 0.64583333333333337 2 0.65625 2 0.66415878932259598 3
7 1 0  2 93 47  -49.162774798909595 30.837726709758506 11.417458382101486  0.96785853306159075 -49.267298274358225 30.800112701359421 12.149657992530155  0.88469885211437538 -49.907830139157973 30.765010439607984 12.519469237096812  1 -50.668146607907964 30.723343772941313 12.958438154998928  0.86602540378443871 -51.428463076657955 30.681677106274648 12.519469237096814  1 -52.188779545407961 30.640010439607984 12.0805003191947  0.86602540378443871 -52.188779545407954 30.598343772941316 11.202562483390469  1 -52.188779545407961 30.556677106274648 10.324624647586239  0.86602540378443871 -51.428463076657955 30.515010439607984 9.8856557296841263  1 -50.668146607907964 30.473343772941313 9.4466868117820084  0.86602540378443871 -49.90783013915798 30.431677106274648 9.8856557296841245  1 -49.147513670407974 30.390010439607984 10.324624647586237  0.86602540378443871 -49.147513670407974 30.348343772941316 11.202562483390469  1 -49.147513670407974 30.306677106274645 12.0805003191947  0.86602540378443871 -49.907830139157973 30.265010439607984 12.519469237096812  1 -50.668146607907964 30.22334377294132 12.958438154998928  0.86602540378443871 -51.428463076657955 30.181677106274648 12.519469237096814  1 -52.188779545407961 30.140010439607984 12.0805003191947  0.86602540378443871 -52.188779545407954 30.09834377294132 11.202562483390469  1 -52.188779545407961 30.056677106274645 10.324624647586239  0.86602540378443871 -51.428463076657955 30.015010439607984 9.8856557296841263  1 -50.668146607907964 29.97334377294132 9.4466868117820084  0.86602540378443871 -49.90783013915798 29.931677106274648 9.8856557296841245  1 -49.147513670407974 29.89001043960798 10.324624647586237  0.86602540378443871 -49.147513670407974 29.84834377294132 11.202562483390469  1 -49.147513670407974 29.806677106274648 12.0805003191947  0.86602540378443871 -49.907830139157973 29.765010439607984 12.519469237096812  1 -50.668146607907964 29.723343772941313 12.958438154998928  0.86602540378443871 -51.428463076657955 29.681677106274648 12.519469237096814  1 -52.188779545407961 29.640010439607984 12.0805003191947  0.86602540378443871 -52.188779545407954 29.598343772941316 11.202562483390469  1 -52.188779545407961 29.556677106274652 10.324624647586239  0.86602540378443871 -51.428463076657955 29.515010439607984 9.8856557296841263  1 -50.668146607907964 29.473343772941313 9.4466868117820084  0.86602540378443871 -49.90783013915798 29.431677106274652 9.8856557296841245  1 -49.147513670407974 29.390010439607984 10.324624647586237  0.86602540378443871 -49.147513670407974 29.348343772941316 11.202562483390469  1 -49.147513670407974 29.306677106274648 12.0805003191947  0.86602540378443871 -49.907830139157973 29.265010439607984 12.519469237096812  1 -50.668146607907964 29.223343772941316 12.958438154998928  0.86602540378443871 -51.428463076657955 29.181677106274652 12.519469237096814  1 -52.188779545407961 29.140010439607988 12.0805003191947  0.86602540378443871 -52.188779545407954 29.098343772941316 11.202562483390469  1 -52.188779545407961 29.056677106274652 10.324624647586239  0.86602540378443871 -51.428463076657955 29.015010439607984 9.8856557296841263  1 -50.668146607907964 28.973343772941313 9.4466868117820084  0.86602540378443871 -49.90783013915798 28.931677106274652 9.8856557296841245  1 -49.147513670407974 28.890010439607984 10.324624647586237  0.86602540378443871 -49.147513670407974 28.848343772941316 11.202562483390469  1 -49.147513670407974 28.806677106274652 12.0805003191947  0.86602540378443871 -49.907830139157973 28.765010439607984 12.519469237096812  1 -50.668146607907964 28.72334377294132 12.958438154998928  0.86602540378443871 -51.428463076657955 28.681677106274652 12.519469237096814  1 -52.188779545407961 28.640010439607984 12.0805003191947  0.86602540378443871 -52.188779545407954 28.598343772941316 11.202562483390469  1 -52.188779545407961 28.556677106274648 10.324624647586239  0.86602540378443871 -51.428463076657955 28.515010439607984 9.8856557296841263  1 -50.668146607907964 28.47334377294132 9.4466868117820084  0.86602540378443871 -49.90783013915798 28.431677106274652 9.8856557296841245  1 -49.147513670407974 28.390010439607984 10.324624647586237  0.86602540378443871 -49.147513670407974 28.348343772941316 11.202562483390469  1 -49.147513670407974 28.306677106274655 12.0805003191947  0.86602540378443871 -49.907830139157973 28.26501043960798 12.519469237096812  1 -50.668146607907964 28.223343772941316 12.958438154998928  0.86602540378443871 -51.428463076657955 28.181677106274652 12.519469237096814  1 -52.188779545407961 28.14001043960798 12.0805003191947  0.86602540378443871 -52.188779545407954 28.098343772941316 11.202562483390469  1 -52.188779545407961 28.056677106274652 10.324624647586239  0.86602540378443871 -51.428463076657955 28.01501043960798 9.8856557296841263  1 -50.668146607907964 27.973343772941316 9.4466868117820084  0.86602540378443871 -49.90783013915798 27.931677106274652 9.8856557296841245  1 -49.147513670407974 27.890010439607984 10.324624647586237  0.86602540378443871 -49.147513670407974 27.848343772941316 11.202562483390469  1 -49.147513670407974 27.806677106274648 12.0805003191947  0.86602540378443871 -49.907830139157973 27.76501043960798 12.519469237096812  1 -50.668146607907964 27.723343772941316 12.958438154998928  0.86602540378443871 -51.428463076657955 27.681677106274652 12.519469237096814  1 -52.188779545407961 27.64001043960798 12.0805003191947  0.86602540378443871 -52.188779545407954 27.598343772941316 11.202562483390469  1 -52.188779545407961 27.556677106274652 10.324624647586239  0.86602540378443871 -51.428463076657955 27.51501043960798 9.8856557296841263  1 -50.668146607907964 27.473343772941316 9.4466868117820084  0.86602540378443871 -49.90783013915798 27.431677106274652 9.8856557296841245  1 -49.147513670407974 27.390010439607984 10.324624647586237  0.86602540378443871 -49.147513670407974 27.348343772941316 11.202562483390469  1 -49.147513670407974 27.306677106274652 12.0805003191947  0.86602540378443871 -49.907830139157973 27.265010439607984 12.519469237096812  1 -50.668146607907964 27.223343772941316 12.958438154998928  0.86602540378443871 -51.428463076657955 27.181677106274652 12.519469237096814  1 -52.188779545407961 27.140010439607984 12.0805003191947  0.86602540378443871 -52.188779545407954 27.09834377294132 11.202562483390469  1 -52.188779545407947 27.097409134339639 11.182869173201214  0.99654186194036543 -52.188269545367127 27.096460834758521 11.16318246789557  0.9932622460659406
 0.18895188037332991 3 0.19791666666666666 2 0.20833333333333334 2 0.21875 2 0.22916666666666666 2 0.23958333333333334 2 0.25 2 0.26041666666666669 2 0.27083333333333331 2 0.28125 2 0.29166666666666669 2 0.30208333333333331 2 0.3125 2 0.32291666666666669 2 0.33333333333333331 2 0.34375 2 0.35416666666666669 2 0.36458333333333331 2 0.375 2 0.38541666666666669 2 0.39583333333333331 2 0.40625 2 0.41666666666666669 2 0.42708333333333331 2 0.4375 2 0.44791666666666663 2 0.45833333333333326 2 0.46875 2 0.47916666666666663 2 0.48958333333333326 2 0.5 2 0.51041666666666663 2 0.52083333333333337 2 0.53125 2 0.54166666666666663 2 0.55208333333333337 2 0.5625 2 0.57291666666666663 2 0.58333333333333337 2 0.59375 2 0.60416666666666663 2 0.61458333333333337 2 0.625 2 0.63541666666666663 2 0.64583333333333337 2 0.65625 2 0.65651887389454466 3
2 -41.143146607907966 -14.232906227741497 11.202562483390466 -0 -1 -0 0 0 1 -1 0 0 2.2999999999999896
1 -42.643146607907966 -12.232906227741495 13.202562483390466 -0 -0 1 
2 -41.143146607907966 -12.232906227741495 11.202562483390466 0 -1 0 0 0 -1 1 0 0 2.5000000000000004
1 -42.643146607907966 -7.7329062277414939 13.202562483390466 -0 -1 -0 
1 -42.643146607907966 -7.7329062277414939 13.202562483390466 -0 -0 1 
1 -42.643146607907966 -7.7329062277414939 9.2025624833904658 -0 -1 -0 
2 -41.143146607907966 -7.7329062277414904 11.202562483390466 0 -1 0 0 0 -1 1 0 0 2.5000000000000004
2 -41.143146607907966 -14.032906227741476 11.202562483390466 -0 1 -0 0 0 1 1 0 -0 2.5000000000000004
Polygon3D 0
PolygonOnTriangulations 0
Surfaces 88
2 -41.143146607907966 48.967093772258508 11.202562483390466 -0 -1 -0 0 0 -1 1 -0 0 2.5000000000000004
3 -41.143146607907966 25.74209377225851 11.202562483390466 0 -1 0 0 0 -1 1 0 0 2.4749999999999996
0.78539816339745094
2 -41.143146607907966 48.967093772258508 11.202562483390466 -0 -1 -0 0 0 -1 1 -0 0 2.5000000000000004
3 -41.143146607907966 -14.032906227741476 11.202562483390466 -0 1 -0 0 0 1 1 0 -0 2.5000000000000004
0.78539816339742552
1 -41.143146607907966 -14.232906227741497 11.202562483390466 0 1 0 0 -0 1 1 0 -0 
3 -41.143146607907966 -14.032906227741476 11.202562483390466 -0 1 -0 0 0 1 1 0 -0 2.5000000000000004
0.78539816339742552
2 -33.718525405449228 23.767093772258516 18.627183685849225 -0 1 -0 0 0 1 1 0 -0 2.0000000000000018
2 -33.718525405449228 23.767093772258516 18.627183685849225 -0 1 -0 0 0 1 1 0 -0 2.0000000000000018
1 -41.143146607907966 30.967093772258515 11.202562483390471 0 1 0 0 -0 1 1 0 -0 
1 -41.143146607907966 26.967093772258519 11.202562483390469 0 1 0 0 -0 1 1 0 -0 
2 -48.567767810366703 23.767093772258516 3.7779412809317039 -0 1 -0 0 0 1 1 0 -0 2.0000000000000009
2 -48.567767810366703 23.767093772258516 3.7779412809317039 -0 1 -0 0 0 1 1 0 -0 2.0000000000000009
3 -41.143146607907966 25.74209377225851 11.202562483390466 0 -1 0 0 0 -1 1 0 0 2.4749999999999996
0.78539816339745094
1 -41.143146607907966 25.492093772258514 11.202562483390459 0 1 0 0 -0 1 1 0 -0 
3 -41.143146607907966 30.467093772258519 11.202562483390466 -0 -1 -0 0 0 -1 1 -0 0 18
0.78539816339744828
3 -41.143146607907966 30.467093772258519 11.202562483390466 -0 -1 -0 0 0 -1 1 -0 0 18
0.78539816339744828
2 -41.143146607907966 11.992093772258517 11.202562483390466 -0 -1 -0 0 0 -1 1 -0 0 18
3 -41.143146607907966 36.467093772258529 11.202562483390466 -0 -1 -0 0 0 -1 1 -0 0 5.5
0.78539816339745705
1 -41.143146607907966 36.967093772258515 11.202562483390466 0 -1 -0 0 0 -1 1 0 0 
3 -41.143146607907966 36.467093772258529 11.202562483390466 -0 -1 -0 0 0 -1 1 -0 0 5.5
0.78539816339745705
2 -41.143146607907966 11.992093772258517 11.202562483390466 -0 -1 -0 0 0 -1 1 -0 0 5.5
2 -41.143146607907966 11.992093772258517 11.202562483390466 -0 -1 -0 0 0 -1 1 -0 0 6
2 -41.143146607907966 11.992093772258517 11.202562483390466 -0 -1 -0 0 0 -1 1 -0 0 6
2 -41.143146607907966 11.992093772258517 11.202562483390466 -0 -1 -0 0 0 -1 1 -0 0 5.5
2 -41.143146607907966 11.992093772258517 11.202562483390466 -0 -1 -0 0 0 -1 1 -0 0 18
1 -41.143146607907966 28.967093772258519 11.202562483390466 0 -1 -0 0 0 -1 1 0 0 
3 -31.618146607907967 30.567093772258517 11.202562483390462 0 1 0 0 -0 1 1 0 -0 1.2499999999999871
0.78539816339745594
9 1 0 0 0 1 2 2 193 2 97 -33.138779545407957 32.41084377294132 11.202562483390462  1 -33.138779545407949 32.369177106274648 10.324624647586232  0.86602540378443871 -32.378463076657958 32.327510439607977 9.8856557296841192  1 -31.618146607907967 32.285843772941327 9.4466868117820013  0.86602540378443871 -30.857830139157972 32.244177106274655 9.8856557296841174  1 -30.09751367040797 32.202510439607984 10.324624647586232  0.86602540378443871 -30.097513670407977 32.16084377294132 11.202562483390462  1 -30.09751367040797 32.119177106274648 12.080500319194691  0.86602540378443871 -30.857830139157972 32.077510439607977 12.519469237096805  1 -31.618146607907967 32.03584377294132 12.95843815499892  0.86602540378443871 -32.378463076657951 31.994177106274655 12.519469237096807  1 -33.138779545407949 31.952510439607988 12.080500319194693  0.86602540378443871 -33.138779545407957 31.910843772941316 11.202562483390462  1 -33.138779545407949 31.869177106274655 10.324624647586232  0.86602540378443871 -32.378463076657958 31.827510439607984 9.8856557296841192  1 -31.618146607907967 31.78584377294132 9.4466868117820013  0.86602540378443871 -30.857830139157972 31.744177106274655 9.8856557296841174  1 -30.09751367040797 31.702510439607984 10.324624647586232  0.86602540378443871 -30.097513670407977 31.660843772941316 11.202562483390462  1 -30.09751367040797 31.619177106274652 12.080500319194691  0.86602540378443871 -30.857830139157972 31.577510439607984 12.519469237096805  1 -31.618146607907967 31.535843772941316 12.95843815499892  0.86602540378443871 -32.378463076657951 31.494177106274655 12.519469237096807  1 -33.138779545407949 31.452510439607991 12.080500319194693  0.86602540378443871 -33.138779545407957 31.410843772941316 11.202562483390462  1 -33.138779545407949 31.369177106274655 10.324624647586232  0.86602540378443871 -32.378463076657958 31.327510439607984 9.8856557296841192  1 -31.618146607907967 31.285843772941316 9.4466868117820013  0.86602540378443871 -30.857830139157972 31.244177106274652 9.8856557296841174  1 -30.09751367040797 31.202510439607988 10.324624647586232  0.86602540378443871 -30.097513670407977 31.160843772941316 11.202562483390462  1 -30.09751367040797 31.119177106274652 12.080500319194691  0.86602540378443871 -30.857830139157972 31.077510439607984 12.519469237096805  1 -31.618146607907967 31.035843772941313 12.95843815499892  0.86602540378443871 -32.378463076657951 30.994177106274648 12.519469237096807  1 -33.138779545407949 30.952510439607984 12.080500319194693  0.86602540378443871 -33.138779545407957 30.910843772941316 11.202562483390462  1 -33.138779545407949 30.869177106274648 10.324624647586232  0.86602540378443871 -32.378463076657958 30.827510439607984 9.8856557296841192  1 -31.618146607907967 30.785843772941313 9.4466868117820013  0.86602540378443871 -30.857830139157972 30.744177106274648 9.8856557296841174  1 -30.09751367040797 30.702510439607988 10.324624647586232  0.86602540378443871 -30.097513670407977 30.660843772941316 11.202562483390462  1 -30.09751367040797 30.619177106274648 12.080500319194691  0.86602540378443871 -30.857830139157972 30.577510439607984 12.519469237096805  1 -31.618146607907967 30.535843772941313 12.95843815499892  0.86602540378443871 -32.378463076657951 30.494177106274648 12.519469237096807  1 -33.138779545407949 30.452510439607984 12.080500319194693  0.86602540378443871 -33.138779545407957 30.410843772941316 11.202562483390462  1 -33.138779545407949 30.369177106274648 10.324624647586232  0.86602540378443871 -32.378463076657958 30.327510439607984 9.8856557296841192  1 -31.618146607907967 30.28584377294132 9.4466868117820013  0.86602540378443871 -30.857830139157972 30.244177106274648 9.8856557296841174  1 -30.09751367040797 30.20251043960798 10.324624647586232  0.86602540378443871 -30.097513670407977 30.16084377294132 11.202562483390462  1 -30.09751367040797 30.119177106274645 12.080500319194691  0.86602540378443871 -30.857830139157972 30.077510439607984 12.519469237096805  1 -31.618146607907967 30.03584377294132 12.95843815499892  0.86602540378443871 -32.378463076657951 29.994177106274648 12.519469237096807  1 -33.138779545407949 29.952510439607988 12.080500319194693  0.86602540378443871 -33.138779545407957 29.91084377294132 11.202562483390462  1 -33.138779545407949 29.869177106274648 10.324624647586232  0.86602540378443871 -32.378463076657958 29.827510439607984 9.8856557296841192  1 -31.618146607907967 29.785843772941316 9.4466868117820013  0.86602540378443871 -30.857830139157972 29.744177106274648 9.8856557296841174  1 -30.09751367040797 29.702510439607984 10.324624647586232  0.86602540378443871 -30.097513670407977 29.660843772941316 11.202562483390462  1 -30.09751367040797 29.619177106274652 12.080500319194691  0.86602540378443871 -30.857830139157972 29.577510439607984 12.519469237096805  1 -31.618146607907967 29.535843772941313 12.95843815499892  0.86602540378443871 -32.378463076657951 29.494177106274652 12.519469237096807  1 -33.138779545407949 29.45251043960798 12.080500319194693  0.86602540378443871 -33.138779545407957 29.410843772941316 11.202562483390462  1 -33.138779545407949 29.369177106274652 10.324624647586232  0.86602540378443871 -32.378463076657958 29.327510439607984 9.8856557296841192  1 -31.618146607907967 29.28584377294132 9.4466868117820013  0.86602540378443871 -30.857830139157972 29.244177106274652 9.8856557296841174  1 -30.09751367040797 29.202510439607988 10.324624647586232  0.86602540378443871 -30.097513670407977 29.160843772941316 11.202562483390462  1 -30.09751367040797 29.119177106274648 12.080500319194691  0.86602540378443871 -30.857830139157972 29.077510439607984 12.519469237096805  1 -31.618146607907967 29.035843772941316 12.95843815499892  0.86602540378443871 -32.378463076657951 28.994177106274652 12.519469237096807  1 -33.138779545407949 28.952510439607984 12.080500319194693  0.86602540378443871 -33.138779545407957 28.910843772941316 11.202562483390462  1 -33.138779545407949 28.869177106274652 10.324624647586232  0.86602540378443871 -32.378463076657958 28.827510439607984 9.8856557296841192  1 -31.618146607907967 28.78584377294132 9.4466868117820013  0.86602540378443871 -30.857830139157972 28.744177106274652 9.8856557296841174  1 -30.09751367040797 28.702510439607984 10.324624647586232  0.86602540378443871 -30.097513670407977 28.660843772941316 11.202562483390462  1 -30.09751367040797 28.619177106274652 12.080500319194691  0.86602540378443871 -30.857830139157972 28.577510439607984 12.519469237096805  1 -31.618146607907967 28.53584377294132 12.95843815499892  0.86602540378443871 -32.378463076657951 28.494177106274652 12.519469237096807  1 -33.138779545407949 28.452510439607984 12.080500319194693  0.86602540378443871 -33.138779545407957 28.410843772941316 11.202562483390462  1 -33.138779545407949 28.369177106274655 10.324624647586232  0.86602540378443871 -32.378463076657958 28.32751043960798 9.8856557296841192  1 -31.618146607907967 28.285843772941316 9.4466868117820013  0.86602540378443871 -30.857830139157972 28.244177106274652 9.8856557296841174  1 -30.09751367040797 28.20251043960798 10.324624647586232  0.86602540378443871 -30.097513670407977 28.160843772941316 11.202562483390462  1 -30.09751367040797 28.119177106274652 12.080500319194691  0.86602540378443871 -30.857830139157972 28.07751043960798 12.519469237096805  1 -31.618146607907967 28.03584377294132 12.95843815499892  0.86602540378443871 -32.378463076657951 27.994177106274652 12.519469237096807  1 -33.138779545407949 27.95251043960798 12.080500319194693  0.86602540378443871 -33.138779545407957 27.910843772941316 11.202562483390462  1 -33.138779545407949 27.869177106274652 10.324624647586232  0.86602540378443871 -32.378463076657958 27.82751043960798 9.8856557296841192  1 -31.618146607907967 27.785843772941316 9.4466868117820013  0.86602540378443871 -30.857830139157972 27.744177106274652 9.8856557296841174  1 -30.09751367040797 27.702510439607984 10.324624647586232  0.86602540378443871 -30.097513670407977 27.660843772941316 11.202562483390462  1 -30.09751367040797 27.619177106274648 12.080500319194691  0.86602540378443871 -30.857830139157972 27.57751043960798 12.519469237096805  1 -31.618146607907967 27.535843772941313 12.95843815499892  0.86602540378443871 -32.378463076657951 27.494177106274652 12.519469237096807  1 -33.138779545407949 27.452510439607984 12.080500319194693  0.86602540378443871 -33.138779545407957 27.410843772941316 11.202562483390462  1 -33.138779545407949 27.369177106274648 10.324624647586232  0.86602540378443871 -32.378463076657958 27.327510439607984 9.8856557296841192  1 -31.618146607907967 27.28584377294132 9.4466868117820013  0.86602540378443871 -30.857830139157972 27.244177106274652 9.8856557296841174  1 -30.09751367040797 27.202510439607984 10.324624647586232  0.86602540378443871 -30.097513670407977 27.16084377294132 11.202562483390462  1 -30.09751367040797 27.119177106274648 12.080500319194691  0.86602540378443871 -30.857830139157972 27.077510439607984 12.519469237096805  1 -31.618146607907967 27.03584377294132 12.95843815499892  0.86602540378443871 -32.378463076657951 26.994177106274648 12.519469237096807  1 -33.138779545407949 26.952510439607984 12.080500319194693  0.86602540378443871 -33.138779545407957 26.91084377294132 11.202562483390462  1 -33.138779545407949 26.869177106274652 10.324624647586232  0.86602540378443871 -32.378463076657958 26.827510439607984 9.8856557296841192  1 -31.618146607907967 26.785843772941316 9.4466868117820013  0.86602540378443871 -30.857830139157972 26.744177106274648 9.8856557296841174  1 -30.09751367040797 26.702510439607984 10.324624647586232  0.86602540378443871 -30.097513670407977 26.66084377294132 11.202562483390462  1 -30.09751367040797 26.619177106274652 12.080500319194691  0.86602540378443871 -30.857830139157972 26.577510439607984 12.519469237096805  1 -31.618146607907967 26.53584377294132 12.95843815499892  0.86602540378443871 -32.378463076657951 26.494177106274648 12.519469237096807  1 -33.138779545407949 26.452510439607984 12.080500319194693  0.86602540378443871 -33.138779545407957 26.41084377294132 11.202562483390462  1 -33.138779545407949 26.369177106274652 10.324624647586232  0.86602540378443871 -32.378463076657958 26.327510439607984 9.8856557296841192  1 -31.618146607907967 26.285843772941316 9.4466868117820013  0.86602540378443871 -30.857830139157972 26.244177106274648 9.8856557296841174  1 -30.09751367040797 26.202510439607984 10.324624647586232  0.86602540378443871 -30.097513670407977 26.16084377294132 11.202562483390462  1 -30.09751367040797 26.119177106274652 12.080500319194691  0.86602540378443871 -30.857830139157972 26.077510439607984 12.519469237096805  1 -31.618146607907967 26.035843772941316 12.95843815499892  0.86602540378443871 -32.378463076657951 25.994177106274648 12.519469237096807  1 -33.138779545407949 25.952510439607988 12.080500319194693  0.86602540378443871 -33.138779545407957 25.91084377294132 11.202562483390462  1 -33.138779545407949 25.869177106274652 10.324624647586232  0.86602540378443871 -32.378463076657958 25.827510439607984 9.8856557296841192  1 -31.618146607907967 25.78584377294132 9.4466868117820013  0.86602540378443871 -30.857830139157972 25.744177106274648 9.8856557296841174  1 -30.09751367040797 25.702510439607984 10.324624647586232  0.86602540378443871 -30.097513670407977 25.660843772941316 11.202562483390462  1 -30.09751367040797 25.619177106274648 12.080500319194691  0.86602540378443871 -30.857830139157972 25.577510439607984 12.519469237096805  1 -31.618146607907967 25.53584377294132 12.95843815499892  0.86602540378443871 -32.378463076657951 25.494177106274648 12.519469237096807  1 -33.138779545407949 25.452510439607984 12.080500319194693  0.86602540378443871 -33.138779545407957 25.410843772941316 11.202562483390462  1 -33.138779545407949 25.369177106274645 10.324624647586232  0.86602540378443871 -32.378463076657958 25.327510439607984 9.8856557296841192  1 -31.618146607907967 25.28584377294132 9.4466868117820013  0.86602540378443871 -30.857830139157972 25.244177106274648 9.8856557296841174  1 -30.09751367040797 25.202510439607984 10.324624647586232  0.86602540378443871 -30.097513670407977 25.160843772941316 11.202562483390462  1 -30.09751367040797 25.119177106274652 12.080500319194691  0.86602540378443871 -30.857830139157972 25.077510439607984 12.519469237096805  1 -31.618146607907967 25.03584377294132 12.95843815499892  0.86602540378443871 -32.378463076657951 24.994177106274652 12.519469237096807  1 -33.138779545407949 24.95251043960798 12.080500319194693  0.86602540378443871 -33.138779545407957 24.910843772941316 11.202562483390462  1 -33.138779545407949 24.869177106274652 10.324624647586232  0.86602540378443871 -32.378463076657958 24.827510439607984 9.8856557296841192  1 -31.618146607907967 24.785843772941316 9.4466868117820013  0.86602540378443871 -30.857830139157972 24.744177106274652 9.8856557296841174  1 -30.09751367040797 24.702510439607984 10.324624647586232  0.86602540378443871 -30.097513670407977 24.660843772941316 11.202562483390462  1 -30.09751367040797 24.619177106274655 12.080500319194691  0.86602540378443871 -30.857830139157972 24.577510439607984 12.519469237096805  1 -31.618146607907967 24.535843772941316 12.95843815499892  0.86602540378443871 -32.378463076657951 24.494177106274652 12.519469237096807  1 -33.138779545407949 24.452510439607984 12.080500319194693  0.86602540378443871 -33.138779545407957 24.410843772941316 11.202562483390462  1 
-33.138779545407957 32.34834377294132 11.202562483390462  1 -33.138779545407949 32.306677106274648 10.324624647586232  0.86602540378443871 -32.378463076657958 32.265010439607984 9.8856557296841192  1 -31.618146607907967 32.223343772941327 9.4466868117820013  0.86602540378443871 -30.857830139157972 32.181677106274648 9.8856557296841174  1 -30.09751367040797 32.140010439607984 10.324624647586232  0.86602540378443871 -30.097513670407977 32.09834377294132 11.202562483390462  1 -30.09751367040797 32.056677106274655 12.080500319194691  0.86602540378443871 -30.857830139157972 32.015010439607984 12.519469237096805  1 -31.618146607907967 31.973343772941313 12.95843815499892  0.86602540378443871 -32.378463076657951 31.931677106274648 12.519469237096807  1 -33.138779545407949 31.890010439607984 12.080500319194693  0.86602540378443871 -33.138779545407957 31.848343772941316 11.202562483390462  1 -33.138779545407949 31.806677106274652 10.324624647586232  0.86602540378443871 -32.378463076657958 31.765010439607984 9.8856557296841192  1 -31.618146607907967 31.72334377294132 9.4466868117820013  0.86602540378443871 -30.857830139157972 31.681677106274648 9.8856557296841174  1 -30.09751367040797 31.640010439607995 10.324624647586232  0.86602540378443871 -30.097513670407977 31.598343772941316 11.202562483390462  1 -30.09751367040797 31.556677106274655 12.080500319194691  0.86602540378443871 -30.857830139157972 31.515010439607984 12.519469237096805  1 -31.618146607907967 31.473343772941316 12.95843815499892  0.86602540378443871 -32.378463076657951 31.431677106274648 12.519469237096807  1 -33.138779545407949 31.390010439607991 12.080500319194693  0.86602540378443871 -33.138779545407957 31.348343772941316 11.202562483390462  1 -33.138779545407949 31.306677106274652 10.324624647586232  0.86602540378443871 -32.378463076657958 31.265010439607984 9.8856557296841192  1 -31.618146607907967 31.223343772941313 9.4466868117820013  0.86602540378443871 -30.857830139157972 31.181677106274652 9.8856557296841174  1 -30.09751367040797 31.140010439607984 10.324624647586232  0.86602540378443871 -30.097513670407977 31.098343772941316 11.202562483390462  1 -30.09751367040797 31.056677106274652 12.080500319194691  0.86602540378443871 -30.857830139157972 31.015010439607984 12.519469237096805  1 -31.618146607907967 30.973343772941316 12.95843815499892  0.86602540378443871 -32.378463076657951 30.931677106274648 12.519469237096807  1 -33.138779545407949 30.890010439607988 12.080500319194693  0.86602540378443871 -33.138779545407957 30.848343772941316 11.202562483390462  1 -33.138779545407949 30.806677106274648 10.324624647586232  0.86602540378443871 -32.378463076657958 30.765010439607984 9.8856557296841192  1 -31.618146607907967 30.723343772941313 9.4466868117820013  0.86602540378443871 -30.857830139157972 30.681677106274648 9.8856557296841174  1 -30.09751367040797 30.640010439607984 10.324624647586232  0.86602540378443871 -30.097513670407977 30.598343772941316 11.202562483390462  1 -30.09751367040797 30.556677106274648 12.080500319194691  0.86602540378443871 -30.857830139157972 30.515010439607984 12.519469237096805  1 -31.618146607907967 30.473343772941309 12.95843815499892  0.86602540378443871 -32.378463076657951 30.431677106274648 12.519469237096807  1 -33.138779545407949 30.390010439607984 12.080500319194693  0.86602540378443871 -33.138779545407957 30.348343772941316 11.202562483390462  1 -33.138779545407949 30.306677106274648 10.324624647586232  0.86602540378443871 -32.378463076657958 30.265010439607984 9.8856557296841192  1 -31.618146607907967 30.22334377294132 9.4466868117820013  0.86602540378443871 -30.857830139157972 30.181677106274648 9.8856557296841174  1 -30.09751367040797 30.140010439607984 10.324624647586232  0.86602540378443871 -30.097513670407977 30.09834377294132 11.202562483390462  1 -30.09751367040797 30.056677106274645 12.080500319194691  0.86602540378443871 -30.857830139157972 30.015010439607984 12.519469237096805  1 -31.618146607907967 29.973343772941316 12.95843815499892  0.86602540378443871 -32.378463076657951 29.931677106274648 12.519469237096807  1 -33.138779545407949 29.89001043960798 12.080500319194693  0.86602540378443871 -33.138779545407957 29.84834377294132 11.202562483390462  1 -33.138779545407949 29.806677106274648 10.324624647586232  0.86602540378443871 -32.378463076657958 29.765010439607984 9.8856557296841192  1 -31.618146607907967 29.72334377294132 9.4466868117820013  0.86602540378443871 -30.857830139157972 29.681677106274648 9.8856557296841174  1 -30.09751367040797 29.640010439607984 10.324624647586232  0.86602540378443871 -30.097513670407977 29.598343772941316 11.202562483390462  1 -30.09751367040797 29.556677106274652 12.080500319194691  0.86602540378443871 -30.857830139157972 29.515010439607984 12.519469237096805  1 -31.618146607907967 29.473343772941316 12.95843815499892  0.86602540378443871 -32.378463076657951 29.431677106274652 12.519469237096807  1 -33.138779545407949 29.390010439607984 12.080500319194693  0.86602540378443871 -33.138779545407957 29.348343772941316 11.202562483390462  1 -33.138779545407949 29.306677106274648 10.324624647586232  0.86602540378443871 -32.378463076657958 29.265010439607984 9.8856557296841192  1 -31.618146607907967 29.223343772941316 9.4466868117820013  0.86602540378443871 -30.857830139157972 29.181677106274652 9.8856557296841174  1 -30.09751367040797 29.140010439607984 10.324624647586232  0.86602540378443871 -30.097513670407977 29.098343772941316 11.202562483390462  1 -30.09751367040797 29.056677106274652 12.080500319194691  0.86602540378443871 -30.857830139157972 29.015010439607984 12.519469237096805  1 -31.618146607907967 28.97334377294132 12.95843815499892  0.86602540378443871 -32.378463076657951 28.931677106274652 12.519469237096807  1 -33.138779545407949 28.890010439607984 12.080500319194693  0.86602540378443871 -33.138779545407957 28.848343772941316 11.202562483390462  1 -33.138779545407949 28.806677106274652 10.324624647586232  0.86602540378443871 -32.378463076657958 28.765010439607984 9.8856557296841192  1 -31.618146607907967 28.72334377294132 9.4466868117820013  0.86602540378443871 -30.857830139157972 28.681677106274652 9.8856557296841174  1 -30.09751367040797 28.640010439607984 10.324624647586232  0.86602540378443871 -30.097513670407977 28.598343772941316 11.202562483390462  1 -30.09751367040797 28.556677106274648 12.080500319194691  0.86602540378443871 -30.857830139157972 28.515010439607984 12.519469237096805  1 -31.618146607907967 28.473343772941316 12.95843815499892  0.86602540378443871 -32.378463076657951 28.431677106274652 12.519469237096807  1 -33.138779545407949 28.39001043960798 12.080500319194693  0.86602540378443871 -33.138779545407957 28.348343772941316 11.202562483390462  1 -33.138779545407949 28.306677106274655 10.324624647586232  0.86602540378443871 -32.378463076657958 28.26501043960798 9.8856557296841192  1 -31.618146607907967 28.22334377294132 9.4466868117820013  0.86602540378443871 -30.857830139157972 28.181677106274652 9.8856557296841174  1 -30.09751367040797 28.14001043960798 10.324624647586232  0.86602540378443871 -30.097513670407977 28.098343772941316 11.202562483390462  1 -30.09751367040797 28.056677106274652 12.080500319194691  0.86602540378443871 -30.857830139157972 28.01501043960798 12.519469237096805  1 -31.618146607907967 27.973343772941316 12.95843815499892  0.86602540378443871 -32.378463076657951 27.931677106274652 12.519469237096807  1 -33.138779545407949 27.890010439607984 12.080500319194693  0.86602540378443871 -33.138779545407957 27.848343772941316 11.202562483390462  1 -33.138779545407949 27.806677106274648 10.324624647586232  0.86602540378443871 -32.378463076657958 27.76501043960798 9.8856557296841192  1 -31.618146607907967 27.723343772941313 9.4466868117820013  0.86602540378443871 -30.857830139157972 27.681677106274652 9.8856557296841174  1 -30.09751367040797 27.640010439607984 10.324624647586232  0.86602540378443871 -30.097513670407977 27.598343772941316 11.202562483390462  1 -30.09751367040797 27.556677106274652 12.080500319194691  0.86602540378443871 -30.857830139157972 27.51501043960798 12.519469237096805  1 -31.618146607907967 27.473343772941316 12.95843815499892  0.86602540378443871 -32.378463076657951 27.431677106274652 12.519469237096807  1 -33.138779545407949 27.390010439607984 12.080500319194693  0.86602540378443871 -33.138779545407957 27.348343772941316 11.202562483390462  1 -33.138779545407949 27.306677106274648 10.324624647586232  0.86602540378443871 -32.378463076657958 27.265010439607984 9.8856557296841192  1 -31.618146607907967 27.223343772941316 9.4466868117820013  0.86602540378443871 -30.857830139157972 27.181677106274652 9.8856557296841174  1 -30.09751367040797 27.140010439607984 10.324624647586232  0.86602540378443871 -30.097513670407977 27.09834377294132 11.202562483390462  1 -30.09751367040797 27.056677106274645 12.080500319194691  0.86602540378443871 -30.857830139157972 27.015010439607984 12.519469237096805  1 -31.618146607907967 26.97334377294132 12.95843815499892  0.86602540378443871 -32.378463076657951 26.931677106274648 12.519469237096807  1 -33.138779545407949 26.890010439607984 12.080500319194693  0.86602540378443871 -33.138779545407957 26.84834377294132 11.202562483390462  1 -33.138779545407949 26.806677106274652 10.324624647586232  0.86602540378443871 -32.378463076657958 26.765010439607984 9.8856557296841192  1 -31.618146607907967 26.72334377294132 9.4466868117820013  0.86602540378443871 -30.857830139157972 26.681677106274648 9.8856557296841174  1 -30.09751367040797 26.64001043960798 10.324624647586232  0.86602540378443871 -30.097513670407977 26.59834377294132 11.202562483390462  1 -30.09751367040797 26.556677106274648 12.080500319194691  0.86602540378443871 -30.857830139157972 26.515010439607984 12.519469237096805  1 -31.618146607907967 26.473343772941316 12.95843815499892  0.86602540378443871 -32.378463076657951 26.431677106274648 12.519469237096807  1 -33.138779545407949 26.390010439607984 12.080500319194693  0.86602540378443871 -33.138779545407957 26.34834377294132 11.202562483390462  1 -33.138779545407949 26.306677106274655 10.324624647586232  0.86602540378443871 -32.378463076657958 26.265010439607984 9.8856557296841192  1 -31.618146607907967 26.223343772941316 9.4466868117820013  0.86602540378443871 -30.857830139157972 26.181677106274648 9.8856557296841174  1 -30.09751367040797 26.140010439607984 10.324624647586232  0.86602540378443871 -30.097513670407977 26.09834377294132 11.202562483390462  1 -30.09751367040797 26.056677106274652 12.080500319194691  0.86602540378443871 -30.857830139157972 26.015010439607984 12.519469237096805  1 -31.618146607907967 25.97334377294132 12.95843815499892  0.86602540378443871 -32.378463076657951 25.931677106274648 12.519469237096807  1 -33.138779545407949 25.890010439607984 12.080500319194693  0.86602540378443871 -33.138779545407957 25.84834377294132 11.202562483390462  1 -33.138779545407949 25.806677106274648 10.324624647586232  0.86602540378443871 -32.378463076657958 25.765010439607984 9.8856557296841192  1 -31.618146607907967 25.723343772941316 9.4466868117820013  0.86602540378443871 -30.857830139157972 25.681677106274648 9.8856557296841174  1 -30.09751367040797 25.640010439607988 10.324624647586232  0.86602540378443871 -30.097513670407977 25.598343772941316 11.202562483390462  1 -30.09751367040797 25.556677106274652 12.080500319194691  0.86602540378443871 -30.857830139157972 25.515010439607984 12.519469237096805  1 -31.618146607907967 25.47334377294132 12.95843815499892  0.86602540378443871 -32.378463076657951 25.431677106274648 12.519469237096807  1 -33.138779545407949 25.390010439607984 12.080500319194693  0.86602540378443871 -33.138779545407957 25.348343772941316 11.202562483390462  1 -33.138779545407949 25.306677106274652 10.324624647586232  0.86602540378443871 -32.378463076657958 25.265010439607984 9.8856557296841192  1 -31.618146607907967 25.22334377294132 9.4466868117820013  0.86602540378443871 -30.857830139157972 25.181677106274648 9.8856557296841174  1 -30.09751367040797 25.14001043960798 10.324624647586232  0.86602540378443871 -30.097513670407977 25.098343772941316 11.202562483390462  1 -30.09751367040797 25.056677106274648 12.080500319194691  0.86602540378443871 -30.857830139157972 25.015010439607984 12.519469237096805  1 -31.618146607907967 24.97334377294132 12.95843815499892  0.86602540378443871 -32.378463076657951 24.931677106274652 12.519469237096807  1 -33.138779545407949 24.890010439607984 12.080500319194693  0.86602540378443871 -33.138779545407957 24.848343772941316 11.202562483390462  1 -33.138779545407949 24.806677106274655 10.324624647586232  0.86602540378443871 -32.378463076657958 24.765010439607984 9.8856557296841192  1 -31.618146607907967 24.723343772941316 9.4466868117820013  0.86602540378443871 -30.857830139157972 24.681677106274652 9.8856557296841174  1 -30.09751367040797 24.640010439607984 10.324624647586232  0.86602540378443871 -30.097513670407977 24.598343772941316 11.202562483390462  1 -30.09751367040797 24.556677106274652 12.080500319194691  0.86602540378443871 -30.857830139157972 24.515010439607984 12.519469237096805  1 -31.618146607907967 24.473343772941316 12.95843815499892  0.86602540378443871 -32.378463076657951 24.431677106274652 12.519469237096807  1 -33.138779545407949 24.390010439607988 12.080500319194693  0.86602540378443871 -33.138779545407957 24.348343772941316 11.202562483390462  1 

0 2
1 2

0 3
0.010416666666666666 2
0.020833333333333332 2
0.03125 2
0.041666666666666664 2
0.052083333333333336 2
0.0625 2
0.072916666666666671 2
0.083333333333333329 2
0.09375 2
0.10416666666666667 2
0.11458333333333333 2
0.125 2
0.13541666666666666 2
0.14583333333333334 2
0.15625 2
0.16666666666666666 2
0.17708333333333334 2
0.1875 2
0.19791666666666666 2
0.20833333333333334 2
0.21875 2
0.22916666666666666 2
0.23958333333333334 2
0.25 2
0.26041666666666669 2
0.27083333333333331 2
0.28125 2
0.29166666666666669 2
0.30208333333333331 2
0.3125 2
0.32291666666666669 2
0.33333333333333331 2
0.34375 2
0.35416666666666669 2
0.36458333333333331 2
0.375 2
0.38541666666666669 2
0.39583333333333331 2
0.40625 2
0.41666666666666669 2
0.42708333333333331 2
0.4375 2
0.44791666666666669 2
0.45833333333333331 2
0.46875 2
0.47916666666666669 2
0.48958333333333331 2
0.5 2
0.51041666666666663 2
0.52083333333333337 2
0.53125 2
0.54166666666666663 2
0.55208333333333337 2
0.5625 2
0.57291666666666663 2
0.58333333333333337 2
0.59375 2
0.60416666666666663 2
0.61458333333333337 2
0.625 2
0.63541666666666663 2
0.64583333333333337 2
0.65625 2
0.66666666666666663 2
0.67708333333333337 2
0.6875 2
0.69791666666666663 2
0.70833333333333337 2
0.71875 2
0.72916666666666663 2
0.73958333333333337 2
0.75 2
0.76041666666666663 2
0.77083333333333337 2
0.78125 2
0.79166666666666663 2
0.80208333333333337 2
0.8125 2
0.82291666666666663 2
0.83333333333333337 2
0.84375 2
0.85416666666666663 2
0.86458333333333337 2
0.875 2
0.88541666666666663 2
0.89583333333333337 2
0.90625 2
0.91666666666666663 2
0.92708333333333337 2
0.9375 2
0.94791666666666663 2
0.95833333333333337 2
0.96875 2
0.97916666666666663 2
0.98958333333333337 2
1 3

9 1 0 0 0 1 2 2 193 2 97 -33.138779545407957 32.34834377294132 11.202562483390462  1 -33.138779545407949 32.306677106274648 10.324624647586232  0.86602540378443871 -32.378463076657958 32.265010439607984 9.8856557296841192  1 -31.618146607907967 32.223343772941327 9.4466868117820013  0.86602540378443871 -30.857830139157972 32.181677106274648 9.8856557296841174  1 -30.09751367040797 32.140010439607984 10.324624647586232  0.86602540378443871 -30.097513670407977 32.09834377294132 11.202562483390462  1 -30.09751367040797 32.056677106274655 12.080500319194691  0.86602540378443871 -30.857830139157972 32.015010439607984 12.519469237096805  1 -31.618146607907967 31.973343772941313 12.95843815499892  0.86602540378443871 -32.378463076657951 31.931677106274648 12.519469237096807  1 -33.138779545407949 31.890010439607984 12.080500319194693  0.86602540378443871 -33.138779545407957 31.848343772941316 11.202562483390462  1 -33.138779545407949 31.806677106274652 10.324624647586232  0.86602540378443871 -32.378463076657958 31.765010439607984 9.8856557296841192  1 -31.618146607907967 31.72334377294132 9.4466868117820013  0.86602540378443871 -30.857830139157972 31.681677106274648 9.8856557296841174  1 -30.09751367040797 31.640010439607995 10.324624647586232  0.86602540378443871 -30.097513670407977 31.598343772941316 11.202562483390462  1 -30.09751367040797 31.556677106274655 12.080500319194691  0.86602540378443871 -30.857830139157972 31.515010439607984 12.519469237096805  1 -31.618146607907967 31.473343772941316 12.95843815499892  0.86602540378443871 -32.378463076657951 31.431677106274648 12.519469237096807  1 -33.138779545407949 31.390010439607991 12.080500319194693  0.86602540378443871 -33.138779545407957 31.348343772941316 11.202562483390462  1 -33.138779545407949 31.306677106274652 10.324624647586232  0.86602540378443871 -32.378463076657958 31.265010439607984 9.8856557296841192  1 -31.618146607907967 31.223343772941313 9.4466868117820013  0.86602540378443871 -30.857830139157972 31.181677106274652 9.8856557296841174  1 -30.09751367040797 31.140010439607984 10.324624647586232  0.86602540378443871 -30.097513670407977 31.098343772941316 11.202562483390462  1 -30.09751367040797 31.056677106274652 12.080500319194691  0.86602540378443871 -30.857830139157972 31.015010439607984 12.519469237096805  1 -31.618146607907967 30.973343772941316 12.95843815499892  0.86602540378443871 -32.378463076657951 30.931677106274648 12.519469237096807  1 -33.138779545407949 30.890010439607988 12.080500319194693  0.86602540378443871 -33.138779545407957 30.848343772941316 11.202562483390462  1 -33.138779545407949 30.806677106274648 10.324624647586232  0.86602540378443871 -32.378463076657958 30.765010439607984 9.8856557296841192  1 -31.618146607907967 30.723343772941313 9.4466868117820013  0.86602540378443871 -30.857830139157972 30.681677106274648 9.8856557296841174  1 -30.09751367040797 30.640010439607984 10.324624647586232  0.86602540378443871 -30.097513670407977 30.598343772941316 11.202562483390462  1 -30.09751367040797 30.556677106274648 12.080500319194691  0.86602540378443871 -30.857830139157972 30.515010439607984 12.519469237096805  1 -31.618146607907967 30.473343772941309 12.95843815499892  0.86602540378443871 -32.378463076657951 30.431677106274648 12.519469237096807  1 -33.138779545407949 30.390010439607984 12.080500319194693  0.86602540378443871 -33.138779545407957 30.348343772941316 11.202562483390462  1 -33.138779545407949 30.306677106274648 10.324624647586232  0.86602540378443871 -32.378463076657958 30.265010439607984 9.8856557296841192  1 -31.618146607907967 30.22334377294132 9.4466868117820013  0.86602540378443871 -30.857830139157972 30.181677106274648 9.8856557296841174  1 -30.09751367040797 30.140010439607984 10.324624647586232  0.86602540378443871 -30.097513670407977 30.09834377294132 11.202562483390462  1 -30.09751367040797 30.056677106274645 12.080500319194691  0.86602540378443871 -30.857830139157972 30.015010439607984 12.519469237096805  1 -31.618146607907967 29.973343772941316 12.95843815499892  0.86602540378443871 -32.378463076657951 29.931677106274648 12.519469237096807  1 -33.138779545407949 29.89001043960798 12.080500319194693  0.86602540378443871 -33.138779545407957 29.84834377294132 11.202562483390462  1 -33.138779545407949 29.806677106274648 10.324624647586232  0.86602540378443871 -32.378463076657958 29.765010439607984 9.8856557296841192  1 -31.618146607907967 29.72334377294132 9.4466868117820013  0.86602540378443871 -30.857830139157972 29.681677106274648 9.8856557296841174  1 -30.09751367040797 29.640010439607984 10.324624647586232  0.86602540378443871 -30.097513670407977 29.598343772941316 11.202562483390462  1 -30.09751367040797 29.556677106274652 12.080500319194691  0.86602540378443871 -30.857830139157972 29.515010439607984 12.519469237096805  1 -31.618146607907967 29.473343772941316 12.95843815499892  0.86602540378443871 -32.378463076657951 29.431677106274652 12.519469237096807  1 -33.138779545407949 29.390010439607984 12.080500319194693  0.86602540378443871 -33.138779545407957 29.348343772941316 11.202562483390462  1 -33.138779545407949 29.306677106274648 10.324624647586232  0.86602540378443871 -32.378463076657958 29.265010439607984 9.8856557296841192  1 -31.618146607907967 29.223343772941316 9.4466868117820013  0.86602540378443871 -30.857830139157972 29.181677106274652 9.8856557296841174  1 -30.09751367040797 29.140010439607984 10.324624647586232  0.86602540378443871 -30.097513670407977 29.098343772941316 11.202562483390462  1 -30.09751367040797 29.056677106274652 12.080500319194691  0.86602540378443871 -30.857830139157972 29.015010439607984 12.519469237096805  1 -31.618146607907967 28.97334377294132 12.95843815499892  0.86602540378443871 -32.378463076657951 28.931677106274652 12.519469237096807  1 -33.138779545407949 28.890010439607984 12.080500319194693  0.86602540378443871 -33.138779545407957 28.848343772941316 11.202562483390462  1 -33.138779545407949 28.806677106274652 10.324624647586232  0.86602540378443871 -32.378463076657958 28.765010439607984 9.8856557296841192  1 -31.618146607907967 28.72334377294132 9.4466868117820013  0.86602540378443871 -30.857830139157972 28.681677106274652 9.8856557296841174  1 -30.09751367040797 28.640010439607984 10.324624647586232  0.86602540378443871 -30.097513670407977 28.598343772941316 11.202562483390462  1 -30.09751367040797 28.556677106274648 12.080500319194691  0.86602540378443871 -30.857830139157972 28.515010439607984 12.519469237096805  1 -31.618146607907967 28.473343772941316 12.95843815499892  0.86602540378443871 -32.378463076657951 28.431677106274652 12.519469237096807  1 -33.138779545407949 28.39001043960798 12.080500319194693  0.86602540378443871 -33.138779545407957 28.348343772941316 11.202562483390462  1 -33.138779545407949 28.306677106274655 10.324624647586232  0.86602540378443871 -32.378463076657958 28.26501043960798 9.8856557296841192  1 -31.618146607907967 28.22334377294132 9.4466868117820013  0.86602540378443871 -30.857830139157972 28.181677106274652 9.8856557296841174  1 -30.09751367040797 28.14001043960798 10.324624647586232  0.86602540378443871 -30.097513670407977 28.098343772941316 11.202562483390462  1 -30.09751367040797 28.056677106274652 12.080500319194691  0.86602540378443871 -30.857830139157972 28.01501043960798 12.519469237096805  1 -31.618146607907967 27.973343772941316 12.95843815499892  0.86602540378443871 -32.378463076657951 27.931677106274652 12.519469237096807  1 -33.138779545407949 27.890010439607984 12.080500319194693  0.86602540378443871 -33.138779545407957 27.848343772941316 11.202562483390462  1 -33.138779545407949 27.806677106274648 10.324624647586232  0.86602540378443871 -32.378463076657958 27.76501043960798 9.8856557296841192  1 -31.618146607907967 27.723343772941313 9.4466868117820013  0.86602540378443871 -30.857830139157972 27.681677106274652 9.8856557296841174  1 -30.09751367040797 27.640010439607984 10.324624647586232  0.86602540378443871 -30.097513670407977 27.598343772941316 11.202562483390462  1 -30.09751367040797 27.556677106274652 12.080500319194691  0.86602540378443871 -30.857830139157972 27.51501043960798 12.519469237096805  1 -31.618146607907967 27.473343772941316 12.95843815499892  0.86602540378443871 -32.378463076657951 27.431677106274652 12.519469237096807  1 -33.138779545407949 27.390010439607984 12.080500319194693  0.86602540378443871 -33.138779545407957 27.348343772941316 11.202562483390462  1 -33.138779545407949 27.306677106274648 10.324624647586232  0.86602540378443871 -32.378463076657958 27.265010439607984 9.8856557296841192  1 -31.618146607907967 27.223343772941316 9.4466868117820013  0.86602540378443871 -30.857830139157972 27.181677106274652 9.8856557296841174  1 -30.09751367040797 27.140010439607984 10.324624647586232  0.86602540378443871 -30.097513670407977 27.09834377294132 11.202562483390462  1 -30.09751367040797 27.056677106274645 12.080500319194691  0.86602540378443871 -30.857830139157972 27.015010439607984 12.519469237096805  1 -31.618146607907967 26.97334377294132 12.95843815499892  0.86602540378443871 -32.378463076657951 26.931677106274648 12.519469237096807  1 -33.138779545407949 26.890010439607984 12.080500319194693  0.86602540378443871 -33.138779545407957 26.84834377294132 11.202562483390462  1 -33.138779545407949 26.806677106274652 10.324624647586232  0.86602540378443871 -32.378463076657958 26.765010439607984 9.8856557296841192  1 -31.618146607907967 26.72334377294132 9.4466868117820013  0.86602540378443871 -30.857830139157972 26.681677106274648 9.8856557296841174  1 -30.09751367040797 26.64001043960798 10.324624647586232  0.86602540378443871 -30.097513670407977 26.59834377294132 11.202562483390462  1 -30.09751367040797 26.556677106274648 12.080500319194691  0.86602540378443871 -30.857830139157972 26.515010439607984 12.519469237096805  1 -31.618146607907967 26.473343772941316 12.95843815499892  0.86602540378443871 -32.378463076657951 26.431677106274648 12.519469237096807  1 -33.138779545407949 26.390010439607984 12.080500319194693  0.86602540378443871 -33.138779545407957 26.34834377294132 11.202562483390462  1 -33.138779545407949 26.306677106274655 10.324624647586232  0.86602540378443871 -32.378463076657958 26.265010439607984 9.8856557296841192  1 -31.618146607907967 26.223343772941316 9.4466868117820013  0.86602540378443871 -30.857830139157972 26.181677106274648 9.8856557296841174  1 -30.09751367040797 26.140010439607984 10.324624647586232  0.86602540378443871 -30.097513670407977 26.09834377294132 11.202562483390462  1 -30.09751367040797 26.056677106274652 12.080500319194691  0.86602540378443871 -30.857830139157972 26.015010439607984 12.519469237096805  1 -31.618146607907967 25.97334377294132 12.95843815499892  0.86602540378443871 -32.378463076657951 25.931677106274648 12.519469237096807  1 -33.138779545407949 25.890010439607984 12.080500319194693  0.86602540378443871 -33.138779545407957 25.84834377294132 11.202562483390462  1 -33.138779545407949 25.806677106274648 10.324624647586232  0.86602540378443871 -32.378463076657958 25.765010439607984 9.8856557296841192  1 -31.618146607907967 25.723343772941316 9.4466868117820013  0.86602540378443871 -30.857830139157972 25.681677106274648 9.8856557296841174  1 -30.09751367040797 25.640010439607988 10.324624647586232  0.86602540378443871 -30.097513670407977 25.598343772941316 11.202562483390462  1 -30.09751367040797 25.556677106274652 12.080500319194691  0.86602540378443871 -30.857830139157972 25.515010439607984 12.519469237096805  1 -31.618146607907967 25.47334377294132 12.95843815499892  0.86602540378443871 -32.378463076657951 25.431677106274648 12.519469237096807  1 -33.138779545407949 25.390010439607984 12.080500319194693  0.86602540378443871 -33.138779545407957 25.348343772941316 11.202562483390462  1 -33.138779545407949 25.306677106274652 10.324624647586232  0.86602540378443871 -32.378463076657958 25.265010439607984 9.8856557296841192  1 -31.618146607907967 25.22334377294132 9.4466868117820013  0.86602540378443871 -30.857830139157972 25.181677106274648 9.8856557296841174  1 -30.09751367040797 25.14001043960798 10.324624647586232  0.86602540378443871 -30.097513670407977 25.098343772941316 11.202562483390462  1 -30.09751367040797 25.056677106274648 12.080500319194691  0.86602540378443871 -30.857830139157972 25.015010439607984 12.519469237096805  1 -31.618146607907967 24.97334377294132 12.95843815499892  0.86602540378443871 -32.378463076657951 24.931677106274652 12.519469237096807  1 -33.138779545407949 24.890010439607984 12.080500319194693  0.86602540378443871 -33.138779545407957 24.848343772941316 11.202562483390462  1 -33.138779545407949 24.806677106274655 10.324624647586232  0.86602540378443871 -32.378463076657958 24.765010439607984 9.8856557296841192  1 -31.618146607907967 24.723343772941316 9.4466868117820013  0.86602540378443871 -30.857830139157972 24.681677106274652 9.8856557296841174  1 -30.09751367040797 24.640010439607984 10.324624647586232  0.86602540378443871 -30.097513670407977 24.598343772941316 11.202562483390462  1 -30.09751367040797 24.556677106274652 12.080500319194691  0.86602540378443871 -30.857830139157972 24.515010439607984 12.519469237096805  1 -31.618146607907967 24.473343772941316 12.95843815499892  0.86602540378443871 -32.378463076657951 24.431677106274652 12.519469237096807  1 -33.138779545407949 24.390010439607988 12.080500319194693  0.86602540378443871 -33.138779545407957 24.348343772941316 11.202562483390462  1 
-32.868146607907953 32.192093773624116 11.202562483390462  1 -32.868146607907953 32.150427106957451 10.480874646903436  0.86602540378443871 -32.24314660790796 32.108760440290773 10.120030728659923  1 -31.618146607907967 32.067093773624116 9.7591868104164092  0.86602540378443871 -30.993146607907974 32.025427106957451 10.120030728659923  1 -30.368146607907974 31.983760440290784 10.480874646903436  0.86602540378443871 -30.368146607907978 31.942093773624116 11.202562483390462  1 -30.368146607907974 31.900427106957448 11.924250319877489  0.86602540378443871 -30.99314660790797 31.858760440290776 12.285094238121001  1 -31.618146607907967 31.817093773624116 12.645938156364512  0.86602540378443871 -32.24314660790796 31.775427106957451 12.285094238121001  1 -32.868146607907953 31.733760440290776 11.924250319877489  0.86602540378443871 -32.868146607907953 31.692093773624112 11.202562483390462  1 -32.868146607907953 31.650427106957455 10.480874646903436  0.86602540378443871 -32.24314660790796 31.608760440290784 10.120030728659923  1 -31.618146607907967 31.567093773624112 9.7591868104164092  0.86602540378443871 -30.993146607907974 31.525427106957451 10.120030728659923  1 -30.368146607907974 31.48376044029078 10.480874646903436  0.86602540378443871 -30.368146607907978 31.442093773624112 11.202562483390462  1 -30.368146607907974 31.400427106957451 11.924250319877489  0.86602540378443871 -30.99314660790797 31.358760440290784 12.285094238121001  1 -31.618146607907967 31.317093773624112 12.645938156364512  0.86602540378443871 -32.24314660790796 31.275427106957451 12.285094238121001  1 -32.868146607907953 31.233760440290784 11.924250319877489  0.86602540378443871 -32.868146607907953 31.192093773624112 11.202562483390462  1 -32.868146607907953 31.150427106957448 10.480874646903436  0.86602540378443871 -32.24314660790796 31.108760440290784 10.120030728659923  1 -31.618146607907967 31.067093773624112 9.7591868104164092  0.86602540378443871 -30.993146607907974 31.025427106957448 10.120030728659923  1 -30.368146607907974 30.983760440290784 10.480874646903436  0.86602540378443871 -30.368146607907978 30.942093773624112 11.202562483390462  1 -30.368146607907974 30.900427106957448 11.924250319877489  0.86602540378443871 -30.99314660790797 30.858760440290784 12.285094238121001  1 -31.618146607907967 30.817093773624109 12.645938156364512  0.86602540378443871 -32.24314660790796 30.775427106957448 12.285094238121001  1 -32.868146607907953 30.73376044029078 11.924250319877489  0.86602540378443871 -32.868146607907953 30.692093773624112 11.202562483390462  1 -32.868146607907953 30.650427106957444 10.480874646903436  0.86602540378443871 -32.24314660790796 30.60876044029078 10.120030728659923  1 -31.618146607907967 30.567093773624116 9.7591868104164092  0.86602540378443871 -30.993146607907974 30.525427106957448 10.120030728659923  1 -30.368146607907974 30.483760440290784 10.480874646903436  0.86602540378443871 -30.368146607907978 30.442093773624112 11.202562483390462  1 -30.368146607907974 30.400427106957444 11.924250319877489  0.86602540378443871 -30.99314660790797 30.35876044029078 12.285094238121001  1 -31.618146607907967 30.317093773624116 12.645938156364512  0.86602540378443871 -32.24314660790796 30.275427106957448 12.285094238121001  1 -32.868146607907953 30.23376044029078 11.924250319877489  0.86602540378443871 -32.868146607907953 30.192093773624112 11.202562483390462  1 -32.868146607907953 30.150427106957451 10.480874646903436  0.86602540378443871 -32.24314660790796 30.10876044029078 10.120030728659923  1 -31.618146607907967 30.067093773624112 9.7591868104164092  0.86602540378443871 -30.993146607907974 30.025427106957448 10.120030728659923  1 -30.368146607907974 29.98376044029078 10.480874646903436  0.86602540378443871 -30.368146607907978 29.942093773624116 11.202562483390462  1 -30.368146607907974 29.900427106957448 11.924250319877489  0.86602540378443871 -30.99314660790797 29.85876044029078 12.285094238121001  1 -31.618146607907967 29.817093773624119 12.645938156364512  0.86602540378443871 -32.24314660790796 29.775427106957448 12.285094238121001  1 -32.868146607907953 29.733760440290787 11.924250319877489  0.86602540378443871 -32.868146607907953 29.692093773624116 11.202562483390462  1 -32.868146607907953 29.650427106957448 10.480874646903436  0.86602540378443871 -32.24314660790796 29.60876044029078 10.120030728659923  1 -31.618146607907967 29.567093773624116 9.7591868104164092  0.86602540378443871 -30.993146607907974 29.525427106957448 10.120030728659923  1 -30.368146607907974 29.483760440290784 10.480874646903436  0.86602540378443871 -30.368146607907978 29.442093773624116 11.202562483390462  1 -30.368146607907974 29.400427106957448 11.924250319877489  0.86602540378443871 -30.99314660790797 29.35876044029078 12.285094238121001  1 -31.618146607907967 29.317093773624119 12.645938156364512  0.86602540378443871 -32.24314660790796 29.275427106957448 12.285094238121001  1 -32.868146607907953 29.23376044029078 11.924250319877489  0.86602540378443871 -32.868146607907953 29.192093773624116 11.202562483390462  1 -32.868146607907953 29.150427106957448 10.480874646903436  0.86602540378443871 -32.24314660790796 29.10876044029078 10.120030728659923  1 -31.618146607907967 29.067093773624119 9.7591868104164092  0.86602540378443871 -30.993146607907974 29.025427106957448 10.120030728659923  1 -30.368146607907974 28.983760440290784 10.480874646903436  0.86602540378443871 -30.368146607907978 28.942093773624116 11.202562483390462  1 -30.368146607907974 28.900427106957451 11.924250319877489  0.86602540378443871 -30.99314660790797 28.85876044029078 12.285094238121001  1 -31.618146607907967 28.817093773624116 12.645938156364512  0.86602540378443871 -32.24314660790796 28.775427106957448 12.285094238121001  1 -32.868146607907953 28.73376044029078 11.924250319877489  0.86602540378443871 -32.868146607907953 28.692093773624116 11.202562483390462  1 -32.868146607907953 28.650427106957451 10.480874646903436  0.86602540378443871 -32.24314660790796 28.60876044029078 10.120030728659923  1 -31.618146607907967 28.567093773624112 9.7591868104164092  0.86602540378443871 -30.993146607907974 28.525427106957448 10.120030728659923  1 -30.368146607907974 28.48376044029078 10.480874646903436  0.86602540378443871 -30.368146607907978 28.442093773624116 11.202562483390462  1 -30.368146607907974 28.400427106957455 11.924250319877489  0.86602540378443871 -30.99314660790797 28.35876044029078 12.285094238121001  1 -31.618146607907967 28.317093773624116 12.645938156364512  0.86602540378443871 -32.24314660790796 28.275427106957448 12.285094238121001  1 -32.868146607907953 28.233760440290776 11.924250319877489  0.86602540378443871 -32.868146607907953 28.192093773624116 11.202562483390462  1 -32.868146607907953 28.150427106957448 10.480874646903436  0.86602540378443871 -32.24314660790796 28.10876044029078 10.120030728659923  1 -31.618146607907967 28.067093773624112 9.7591868104164092  0.86602540378443871 -30.993146607907974 28.025427106957448 10.120030728659923  1 -30.368146607907974 27.98376044029078 10.480874646903436  0.86602540378443871 -30.368146607907978 27.942093773624112 11.202562483390462  1 -30.368146607907974 27.900427106957448 11.924250319877489  0.86602540378443871 -30.99314660790797 27.85876044029078 12.285094238121001  1 -31.618146607907967 27.817093773624109 12.645938156364512  0.86602540378443871 -32.24314660790796 27.775427106957448 12.285094238121001  1 -32.868146607907953 27.73376044029078 11.924250319877489  0.86602540378443871 -32.868146607907953 27.692093773624112 11.202562483390462  1 -32.868146607907953 27.650427106957448 10.480874646903436  0.86602540378443871 -32.24314660790796 27.60876044029078 10.120030728659923  1 -31.618146607907967 27.567093773624116 9.7591868104164092  0.86602540378443871 -30.993146607907974 27.525427106957448 10.120030728659923  1 -30.368146607907974 27.483760440290784 10.480874646903436  0.86602540378443871 -30.368146607907978 27.442093773624112 11.202562483390462  1 -30.368146607907974 27.400427106957444 11.924250319877489  0.86602540378443871 -30.99314660790797 27.35876044029078 12.285094238121001  1 -31.618146607907967 27.317093773624112 12.645938156364512  0.86602540378443871 -32.24314660790796 27.275427106957448 12.285094238121001  1 -32.868146607907953 27.23376044029078 11.924250319877489  0.86602540378443871 -32.868146607907953 27.192093773624112 11.202562483390462  1 -32.868146607907953 27.150427106957448 10.480874646903436  0.86602540378443871 -32.24314660790796 27.108760440290784 10.120030728659923  1 -31.618146607907967 27.067093773624119 9.7591868104164092  0.86602540378443871 -30.993146607907974 27.025427106957448 10.120030728659923  1 -30.368146607907974 26.983760440290787 10.480874646903436  0.86602540378443871 -30.368146607907978 26.942093773624116 11.202562483390462  1 -30.368146607907974 26.900427106957448 11.924250319877489  0.86602540378443871 -30.99314660790797 26.858760440290784 12.285094238121001  1 -31.618146607907967 26.817093773624116 12.645938156364512  0.86602540378443871 -32.24314660790796 26.775427106957448 12.285094238121001  1 -32.868146607907953 26.733760440290784 11.924250319877489  0.86602540378443871 -32.868146607907953 26.692093773624116 11.202562483390462  1 -32.868146607907953 26.650427106957448 10.480874646903436  0.86602540378443871 -32.24314660790796 26.60876044029078 10.120030728659923  1 -31.618146607907967 26.567093773624112 9.7591868104164092  0.86602540378443871 -30.993146607907974 26.525427106957448 10.120030728659923  1 -30.368146607907974 26.48376044029078 10.480874646903436  0.86602540378443871 -30.368146607907978 26.442093773624116 11.202562483390462  1 -30.368146607907974 26.400427106957451 11.924250319877489  0.86602540378443871 -30.99314660790797 26.35876044029078 12.285094238121001  1 -31.618146607907967 26.317093773624112 12.645938156364512  0.86602540378443871 -32.24314660790796 26.275427106957448 12.285094238121001  1 -32.868146607907953 26.233760440290784 11.924250319877489  0.86602540378443871 -32.868146607907953 26.192093773624116 11.202562483390462  1 -32.868146607907953 26.150427106957448 10.480874646903436  0.86602540378443871 -32.24314660790796 26.10876044029078 10.120030728659923  1 -31.618146607907967 26.067093773624119 9.7591868104164092  0.86602540378443871 -30.993146607907974 26.025427106957448 10.120030728659923  1 -30.368146607907974 25.983760440290784 10.480874646903436  0.86602540378443871 -30.368146607907978 25.942093773624116 11.202562483390462  1 -30.368146607907974 25.900427106957444 11.924250319877489  0.86602540378443871 -30.99314660790797 25.85876044029078 12.285094238121001  1 -31.618146607907967 25.817093773624116 12.645938156364512  0.86602540378443871 -32.24314660790796 25.775427106957448 12.285094238121001  1 -32.868146607907953 25.733760440290784 11.924250319877489  0.86602540378443871 -32.868146607907953 25.692093773624116 11.202562483390462  1 -32.868146607907953 25.650427106957451 10.480874646903436  0.86602540378443871 -32.24314660790796 25.60876044029078 10.120030728659923  1 -31.618146607907967 25.567093773624119 9.7591868104164092  0.86602540378443871 -30.993146607907974 25.525427106957448 10.120030728659923  1 -30.368146607907974 25.48376044029078 10.480874646903436  0.86602540378443871 -30.368146607907978 25.442093773624116 11.202562483390462  1 -30.368146607907974 25.400427106957448 11.924250319877489  0.86602540378443871 -30.99314660790797 25.35876044029078 12.285094238121001  1 -31.618146607907967 25.317093773624116 12.645938156364512  0.86602540378443871 -32.24314660790796 25.275427106957444 12.285094238121001  1 -32.868146607907953 25.233760440290776 11.924250319877489  0.86602540378443871 -32.868146607907953 25.192093773624116 11.202562483390462  1 -32.868146607907953 25.150427106957448 10.480874646903436  0.86602540378443871 -32.24314660790796 25.10876044029078 10.120030728659923  1 -31.618146607907967 25.067093773624116 9.7591868104164092  0.86602540378443871 -30.993146607907974 25.025427106957444 10.120030728659923  1 -30.368146607907974 24.98376044029078 10.480874646903436  0.86602540378443871 -30.368146607907978 24.942093773624116 11.202562483390462  1 -30.368146607907974 24.900427106957451 11.924250319877489  0.86602540378443871 -30.99314660790797 24.85876044029078 12.285094238121001  1 -31.618146607907967 24.817093773624112 12.645938156364512  0.86602540378443871 -32.24314660790796 24.775427106957448 12.285094238121001  1 -32.868146607907953 24.73376044029078 11.924250319877489  0.86602540378443871 -32.868146607907953 24.692093773624116 11.202562483390462  1 -32.868146607907953 24.650427106957448 10.480874646903436  0.86602540378443871 -32.24314660790796 24.60876044029078 10.120030728659923  1 -31.618146607907967 24.567093773624112 9.7591868104164092  0.86602540378443871 -30.993146607907974 24.525427106957448 10.120030728659923  1 -30.368146607907974 24.483760440290784 10.480874646903436  0.86602540378443871 -30.368146607907978 24.442093773624116 11.202562483390462  1 -30.368146607907974 24.400427106957448 11.924250319877489  0.86602540378443871 -30.99314660790797 24.358760440290784 12.285094238121001  1 -31.618146607907967 24.317093773624116 12.645938156364512  0.86602540378443871 -32.24314660790796 24.275427106957448 12.285094238121001  1 -32.868146607907953 24.233760440290784 11.924250319877489  0.86602540378443871 -32.868146607907953 24.192093773624116 11.202562483390462  1 

0 2
1 2

0 3
0.010416666666666666 2
0.020833333333333332 2
0.03125 2
0.041666666666666664 2
0.052083333333333336 2
0.0625 2
0.072916666666666671 2
0.083333333333333329 2
0.09375 2
0.10416666666666667 2
0.11458333333333333 2
0.125 2
0.13541666666666666 2
0.14583333333333334 2
0.15625 2
0.16666666666666666 2
0.17708333333333334 2
0.1875 2
0.19791666666666666 2
0.20833333333333334 2
0.21875 2
0.22916666666666666 2
0.23958333333333334 2
0.25 2
0.26041666666666669 2
0.27083333333333331 2
0.28125 2
0.29166666666666669 2
0.30208333333333331 2
0.3125 2
0.32291666666666669 2
0.33333333333333331 2
0.34375 2
0.35416666666666669 2
0.36458333333333331 2
0.375 2
0.38541666666666669 2
0.39583333333333331 2
0.40625 2
0.41666666666666669 2
0.42708333333333331 2
0.4375 2
0.44791666666666669 2
0.45833333333333331 2
0.46875 2
0.47916666666666669 2
0.48958333333333331 2
0.5 2
0.51041666666666663 2
0.52083333333333337 2
0.53125 2
0.54166666666666663 2
0.55208333333333337 2
0.5625 2
0.57291666666666663 2
0.58333333333333337 2
0.59375 2
0.60416666666666663 2
0.61458333333333337 2
0.625 2
0.63541666666666663 2
0.64583333333333337 2
0.65625 2
0.66666666666666663 2
0.67708333333333337 2
0.6875 2
0.69791666666666663 2
0.70833333333333337 2
0.71875 2
0.72916666666666663 2
0.73958333333333337 2
0.75 2
0.76041666666666663 2
0.77083333333333337 2
0.78125 2
0.79166666666666663 2
0.80208333333333337 2
0.8125 2
0.82291666666666663 2
0.83333333333333337 2
0.84375 2
0.85416666666666663 2
0.86458333333333337 2
0.875 2
0.88541666666666663 2
0.89583333333333337 2
0.90625 2
0.91666666666666663 2
0.92708333333333337 2
0.9375 2
0.94791666666666663 2
0.95833333333333337 2
0.96875 2
0.97916666666666663 2
0.98958333333333337 2
1 3

2 -31.618146607907967 30.967093772258515 11.202562483390462 -0 1 -0 0 0 1 1 0 -0 1.2499999999999871
9 1 0 0 0 1 2 2 193 2 97 -32.868146607907953 32.567093772258517 11.202562483390462  1 -32.868146607907953 32.525427105591859 10.480874646903436  0.86602540378443871 -32.24314660790796 32.483760438925188 10.120030728659923  1 -31.618146607907967 32.442093772258517 9.7591868104164092  0.86602540378443871 -30.993146607907974 32.400427105591852 10.120030728659923  1 -30.368146607907974 32.358760438925188 10.480874646903436  0.86602540378443871 -30.368146607907978 32.317093772258517 11.202562483390462  1 -30.368146607907974 32.275427105591845 11.924250319877489  0.86602540378443871 -30.99314660790797 32.233760438925188 12.285094238121001  1 -31.618146607907967 32.192093772258517 12.645938156364512  0.86602540378443871 -32.24314660790796 32.150427105591852 12.285094238121001  1 -32.868146607907953 32.108760438925188 11.924250319877489  0.86602540378443871 -32.868146607907953 32.067093772258517 11.202562483390462  1 -32.868146607907953 32.025427105591852 10.480874646903436  0.86602540378443871 -32.24314660790796 31.983760438925188 10.120030728659923  1 -31.618146607907967 31.942093772258527 9.7591868104164092  0.86602540378443871 -30.993146607907974 31.900427105591849 10.120030728659923  1 -30.368146607907974 31.858760438925188 10.480874646903436  0.86602540378443871 -30.368146607907978 31.81709377225852 11.202562483390462  1 -30.368146607907974 31.775427105591852 11.924250319877489  0.86602540378443871 -30.99314660790797 31.733760438925188 12.285094238121001  1 -31.618146607907967 31.692093772258527 12.645938156364512  0.86602540378443871 -32.24314660790796 31.650427105591849 12.285094238121001  1 -32.868146607907953 31.608760438925188 11.924250319877489  0.86602540378443871 -32.868146607907953 31.56709377225852 11.202562483390462  1 -32.868146607907953 31.525427105591856 10.480874646903436  0.86602540378443871 -32.24314660790796 31.483760438925188 10.120030728659923  1 -31.618146607907967 31.442093772258517 9.7591868104164092  0.86602540378443871 -30.993146607907974 31.400427105591849 10.120030728659923  1 -30.368146607907974 31.358760438925188 10.480874646903436  0.86602540378443871 -30.368146607907978 31.317093772258517 11.202562483390462  1 -30.368146607907974 31.275427105591859 11.924250319877489  0.86602540378443871 -30.99314660790797 31.233760438925188 12.285094238121001  1 -31.618146607907967 31.19209377225852 12.645938156364512  0.86602540378443871 -32.24314660790796 31.150427105591852 12.285094238121001  1 -32.868146607907953 31.108760438925191 11.924250319877489  0.86602540378443871 -32.868146607907953 31.067093772258517 11.202562483390462  1 -32.868146607907953 31.025427105591856 10.480874646903436  0.86602540378443871 -32.24314660790796 30.983760438925188 10.120030728659923  1 -31.618146607907967 30.942093772258517 9.7591868104164092  0.86602540378443871 -30.993146607907974 30.900427105591852 10.120030728659923  1 -30.368146607907974 30.858760438925188 10.480874646903436  0.86602540378443871 -30.368146607907978 30.817093772258517 11.202562483390462  1 -30.368146607907974 30.775427105591852 11.924250319877489  0.86602540378443871 -30.99314660790797 30.733760438925188 12.285094238121001  1 -31.618146607907967 30.692093772258517 12.645938156364512  0.86602540378443871 -32.24314660790796 30.650427105591852 12.285094238121001  1 -32.868146607907953 30.608760438925191 11.924250319877489  0.86602540378443871 -32.868146607907953 30.567093772258517 11.202562483390462  1 -32.868146607907953 30.525427105591852 10.480874646903436  0.86602540378443871 -32.24314660790796 30.483760438925188 10.120030728659923  1 -31.618146607907967 30.442093772258524 9.7591868104164092  0.86602540378443871 -30.993146607907974 30.400427105591852 10.120030728659923  1 -30.368146607907974 30.358760438925188 10.480874646903436  0.86602540378443871 -30.368146607907978 30.31709377225852 11.202562483390462  1 -30.368146607907974 30.275427105591852 11.924250319877489  0.86602540378443871 -30.99314660790797 30.233760438925188 12.285094238121001  1 -31.618146607907967 30.192093772258524 12.645938156364512  0.86602540378443871 -32.24314660790796 30.150427105591852 12.285094238121001  1 -32.868146607907953 30.108760438925184 11.924250319877489  0.86602540378443871 -32.868146607907953 30.06709377225852 11.202562483390462  1 -32.868146607907953 30.025427105591849 10.480874646903436  0.86602540378443871 -32.24314660790796 29.983760438925184 10.120030728659923  1 -31.618146607907967 29.942093772258524 9.7591868104164092  0.86602540378443871 -30.993146607907974 29.900427105591852 10.120030728659923  1 -30.368146607907974 29.858760438925188 10.480874646903436  0.86602540378443871 -30.368146607907978 29.81709377225852 11.202562483390462  1 -30.368146607907974 29.775427105591852 11.924250319877489  0.86602540378443871 -30.99314660790797 29.733760438925184 12.285094238121001  1 -31.618146607907967 29.69209377225852 12.645938156364512  0.86602540378443871 -32.24314660790796 29.650427105591856 12.285094238121001  1 -32.868146607907953 29.608760438925184 11.924250319877489  0.86602540378443871 -32.868146607907953 29.56709377225852 11.202562483390462  1 -32.868146607907953 29.525427105591856 10.480874646903436  0.86602540378443871 -32.24314660790796 29.483760438925184 10.120030728659923  1 -31.618146607907967 29.442093772258517 9.7591868104164092  0.86602540378443871 -30.993146607907974 29.400427105591856 10.120030728659923  1 -30.368146607907974 29.358760438925184 10.480874646903436  0.86602540378443871 -30.368146607907978 29.31709377225852 11.202562483390462  1 -30.368146607907974 29.275427105591856 11.924250319877489  0.86602540378443871 -30.99314660790797 29.233760438925184 12.285094238121001  1 -31.618146607907967 29.19209377225852 12.645938156364512  0.86602540378443871 -32.24314660790796 29.150427105591856 12.285094238121001  1 -32.868146607907953 29.108760438925188 11.924250319877489  0.86602540378443871 -32.868146607907953 29.06709377225852 11.202562483390462  1 -32.868146607907953 29.025427105591852 10.480874646903436  0.86602540378443871 -32.24314660790796 28.983760438925184 10.120030728659923  1 -31.618146607907967 28.94209377225852 9.7591868104164092  0.86602540378443871 -30.993146607907974 28.900427105591856 10.120030728659923  1 -30.368146607907974 28.858760438925188 10.480874646903436  0.86602540378443871 -30.368146607907978 28.81709377225852 11.202562483390462  1 -30.368146607907974 28.775427105591852 11.924250319877489  0.86602540378443871 -30.99314660790797 28.733760438925184 12.285094238121001  1 -31.618146607907967 28.692093772258517 12.645938156364512  0.86602540378443871 -32.24314660790796 28.650427105591852 12.285094238121001  1 -32.868146607907953 28.608760438925188 11.924250319877489  0.86602540378443871 -32.868146607907953 28.56709377225852 11.202562483390462  1 -32.868146607907953 28.525427105591856 10.480874646903436  0.86602540378443871 -32.24314660790796 28.483760438925184 10.120030728659923  1 -31.618146607907967 28.442093772258524 9.7591868104164092  0.86602540378443871 -30.993146607907974 28.400427105591852 10.120030728659923  1 -30.368146607907974 28.358760438925191 10.480874646903436  0.86602540378443871 -30.368146607907978 28.31709377225852 11.202562483390462  1 -30.368146607907974 28.275427105591852 11.924250319877489  0.86602540378443871 -30.99314660790797 28.233760438925184 12.285094238121001  1 -31.618146607907967 28.19209377225852 12.645938156364512  0.86602540378443871 -32.24314660790796 28.150427105591852 12.285094238121001  1 -32.868146607907953 28.108760438925184 11.924250319877489  0.86602540378443871 -32.868146607907953 28.06709377225852 11.202562483390462  1 -32.868146607907953 28.025427105591856 10.480874646903436  0.86602540378443871 -32.24314660790796 27.983760438925184 10.120030728659923  1 -31.618146607907967 27.942093772258517 9.7591868104164092  0.86602540378443871 -30.993146607907974 27.900427105591852 10.120030728659923  1 -30.368146607907974 27.858760438925184 10.480874646903436  0.86602540378443871 -30.368146607907978 27.81709377225852 11.202562483390462  1 -30.368146607907974 27.775427105591856 11.924250319877489  0.86602540378443871 -30.99314660790797 27.733760438925184 12.285094238121001  1 -31.618146607907967 27.69209377225852 12.645938156364512  0.86602540378443871 -32.24314660790796 27.650427105591852 12.285094238121001  1 -32.868146607907953 27.608760438925191 11.924250319877489  0.86602540378443871 -32.868146607907953 27.56709377225852 11.202562483390462  1 -32.868146607907953 27.525427105591852 10.480874646903436  0.86602540378443871 -32.24314660790796 27.483760438925188 10.120030728659923  1 -31.618146607907967 27.442093772258517 9.7591868104164092  0.86602540378443871 -30.993146607907974 27.400427105591852 10.120030728659923  1 -30.368146607907974 27.358760438925188 10.480874646903436  0.86602540378443871 -30.368146607907978 27.31709377225852 11.202562483390462  1 -30.368146607907974 27.275427105591852 11.924250319877489  0.86602540378443871 -30.99314660790797 27.233760438925188 12.285094238121001  1 -31.618146607907967 27.192093772258524 12.645938156364512  0.86602540378443871 -32.24314660790796 27.150427105591852 12.285094238121001  1 -32.868146607907953 27.108760438925188 11.924250319877489  0.86602540378443871 -32.868146607907953 27.06709377225852 11.202562483390462  1 -32.868146607907953 27.025427105591852 10.480874646903436  0.86602540378443871 -32.24314660790796 26.983760438925188 10.120030728659923  1 -31.618146607907967 26.942093772258524 9.7591868104164092  0.86602540378443871 -30.993146607907974 26.900427105591852 10.120030728659923  1 -30.368146607907974 26.858760438925188 10.480874646903436  0.86602540378443871 -30.368146607907978 26.81709377225852 11.202562483390462  1 -30.368146607907974 26.775427105591849 11.924250319877489  0.86602540378443871 -30.99314660790797 26.733760438925188 12.285094238121001  1 -31.618146607907967 26.69209377225852 12.645938156364512  0.86602540378443871 -32.24314660790796 26.650427105591852 12.285094238121001  1 -32.868146607907953 26.608760438925184 11.924250319877489  0.86602540378443871 -32.868146607907953 26.56709377225852 11.202562483390462  1 -32.868146607907953 26.525427105591856 10.480874646903436  0.86602540378443871 -32.24314660790796 26.483760438925188 10.120030728659923  1 -31.618146607907967 26.442093772258524 9.7591868104164092  0.86602540378443871 -30.993146607907974 26.400427105591852 10.120030728659923  1 -30.368146607907974 26.358760438925184 10.480874646903436  0.86602540378443871 -30.368146607907978 26.31709377225852 11.202562483390462  1 -30.368146607907974 26.275427105591852 11.924250319877489  0.86602540378443871 -30.99314660790797 26.233760438925188 12.285094238121001  1 -31.618146607907967 26.19209377225852 12.645938156364512  0.86602540378443871 -32.24314660790796 26.150427105591852 12.285094238121001  1 -32.868146607907953 26.108760438925188 11.924250319877489  0.86602540378443871 -32.868146607907953 26.06709377225852 11.202562483390462  1 -32.868146607907953 26.025427105591852 10.480874646903436  0.86602540378443871 -32.24314660790796 25.983760438925184 10.120030728659923  1 -31.618146607907967 25.942093772258517 9.7591868104164092  0.86602540378443871 -30.993146607907974 25.900427105591852 10.120030728659923  1 -30.368146607907974 25.858760438925188 10.480874646903436  0.86602540378443871 -30.368146607907978 25.81709377225852 11.202562483390462  1 -30.368146607907974 25.775427105591856 11.924250319877489  0.86602540378443871 -30.99314660790797 25.733760438925184 12.285094238121001  1 -31.618146607907967 25.692093772258524 12.645938156364512  0.86602540378443871 -32.24314660790796 25.650427105591852 12.285094238121001  1 -32.868146607907953 25.608760438925188 11.924250319877489  0.86602540378443871 -32.868146607907953 25.56709377225852 11.202562483390462  1 -32.868146607907953 25.525427105591852 10.480874646903436  0.86602540378443871 -32.24314660790796 25.483760438925184 10.120030728659923  1 -31.618146607907967 25.44209377225852 9.7591868104164092  0.86602540378443871 -30.993146607907974 25.400427105591852 10.120030728659923  1 -30.368146607907974 25.358760438925188 10.480874646903436  0.86602540378443871 -30.368146607907978 25.31709377225852 11.202562483390462  1 -30.368146607907974 25.275427105591849 11.924250319877489  0.86602540378443871 -30.99314660790797 25.233760438925184 12.285094238121001  1 -31.618146607907967 25.192093772258524 12.645938156364512  0.86602540378443871 -32.24314660790796 25.150427105591856 12.285094238121001  1 -32.868146607907953 25.108760438925188 11.924250319877489  0.86602540378443871 -32.868146607907953 25.06709377225852 11.202562483390462  1 -32.868146607907953 25.025427105591856 10.480874646903436  0.86602540378443871 -32.24314660790796 24.983760438925184 10.120030728659923  1 -31.618146607907967 24.942093772258524 9.7591868104164092  0.86602540378443871 -30.993146607907974 24.900427105591852 10.120030728659923  1 -30.368146607907974 24.858760438925184 10.480874646903436  0.86602540378443871 -30.368146607907978 24.81709377225852 11.202562483390462  1 -30.368146607907974 24.775427105591856 11.924250319877489  0.86602540378443871 -30.99314660790797 24.733760438925188 12.285094238121001  1 -31.618146607907967 24.69209377225852 12.645938156364512  0.86602540378443871 -32.24314660790796 24.650427105591852 12.285094238121001  1 -32.868146607907953 24.608760438925181 11.924250319877489  0.86602540378443871 -32.868146607907953 24.56709377225852 11.202562483390462  1 
-33.138779545407957 32.41084377294132 11.202562483390462  1 -33.138779545407949 32.369177106274648 10.324624647586232  0.86602540378443871 -32.378463076657958 32.327510439607977 9.8856557296841192  1 -31.618146607907967 32.285843772941327 9.4466868117820013  0.86602540378443871 -30.857830139157972 32.244177106274655 9.8856557296841174  1 -30.09751367040797 32.202510439607984 10.324624647586232  0.86602540378443871 -30.097513670407977 32.16084377294132 11.202562483390462  1 -30.09751367040797 32.119177106274648 12.080500319194691  0.86602540378443871 -30.857830139157972 32.077510439607977 12.519469237096805  1 -31.618146607907967 32.03584377294132 12.95843815499892  0.86602540378443871 -32.378463076657951 31.994177106274655 12.519469237096807  1 -33.138779545407949 31.952510439607988 12.080500319194693  0.86602540378443871 -33.138779545407957 31.910843772941316 11.202562483390462  1 -33.138779545407949 31.869177106274655 10.324624647586232  0.86602540378443871 -32.378463076657958 31.827510439607984 9.8856557296841192  1 -31.618146607907967 31.78584377294132 9.4466868117820013  0.86602540378443871 -30.857830139157972 31.744177106274655 9.8856557296841174  1 -30.09751367040797 31.702510439607984 10.324624647586232  0.86602540378443871 -30.097513670407977 31.660843772941316 11.202562483390462  1 -30.09751367040797 31.619177106274652 12.080500319194691  0.86602540378443871 -30.857830139157972 31.577510439607984 12.519469237096805  1 -31.618146607907967 31.535843772941316 12.95843815499892  0.86602540378443871 -32.378463076657951 31.494177106274655 12.519469237096807  1 -33.138779545407949 31.452510439607991 12.080500319194693  0.86602540378443871 -33.138779545407957 31.410843772941316 11.202562483390462  1 -33.138779545407949 31.369177106274655 10.324624647586232  0.86602540378443871 -32.378463076657958 31.327510439607984 9.8856557296841192  1 -31.618146607907967 31.285843772941316 9.4466868117820013  0.86602540378443871 -30.857830139157972 31.244177106274652 9.8856557296841174  1 -30.09751367040797 31.202510439607988 10.324624647586232  0.86602540378443871 -30.097513670407977 31.160843772941316 11.202562483390462  1 -30.09751367040797 31.119177106274652 12.080500319194691  0.86602540378443871 -30.857830139157972 31.077510439607984 12.519469237096805  1 -31.618146607907967 31.035843772941313 12.95843815499892  0.86602540378443871 -32.378463076657951 30.994177106274648 12.519469237096807  1 -33.138779545407949 30.952510439607984 12.080500319194693  0.86602540378443871 -33.138779545407957 30.910843772941316 11.202562483390462  1 -33.138779545407949 30.869177106274648 10.324624647586232  0.86602540378443871 -32.378463076657958 30.827510439607984 9.8856557296841192  1 -31.618146607907967 30.785843772941313 9.4466868117820013  0.86602540378443871 -30.857830139157972 30.744177106274648 9.8856557296841174  1 -30.09751367040797 30.702510439607988 10.324624647586232  0.86602540378443871 -30.097513670407977 30.660843772941316 11.202562483390462  1 -30.09751367040797 30.619177106274648 12.080500319194691  0.86602540378443871 -30.857830139157972 30.577510439607984 12.519469237096805  1 -31.618146607907967 30.535843772941313 12.95843815499892  0.86602540378443871 -32.378463076657951 30.494177106274648 12.519469237096807  1 -33.138779545407949 30.452510439607984 12.080500319194693  0.86602540378443871 -33.138779545407957 30.410843772941316 11.202562483390462  1 -33.138779545407949 30.369177106274648 10.324624647586232  0.86602540378443871 -32.378463076657958 30.327510439607984 9.8856557296841192  1 -31.618146607907967 30.28584377294132 9.4466868117820013  0.86602540378443871 -30.857830139157972 30.244177106274648 9.8856557296841174  1 -30.09751367040797 30.20251043960798 10.324624647586232  0.86602540378443871 -30.097513670407977 30.16084377294132 11.202562483390462  1 -30.09751367040797 30.119177106274645 12.080500319194691  0.86602540378443871 -30.857830139157972 30.077510439607984 12.519469237096805  1 -31.618146607907967 30.03584377294132 12.95843815499892  0.86602540378443871 -32.378463076657951 29.994177106274648 12.519469237096807  1 -33.138779545407949 29.952510439607988 12.080500319194693  0.86602540378443871 -33.138779545407957 29.91084377294132 11.202562483390462  1 -33.138779545407949 29.869177106274648 10.324624647586232  0.86602540378443871 -32.378463076657958 29.827510439607984 9.8856557296841192  1 -31.618146607907967 29.785843772941316 9.4466868117820013  0.86602540378443871 -30.857830139157972 29.744177106274648 9.8856557296841174  1 -30.09751367040797 29.702510439607984 10.324624647586232  0.86602540378443871 -30.097513670407977 29.660843772941316 11.202562483390462  1 -30.09751367040797 29.619177106274652 12.080500319194691  0.86602540378443871 -30.857830139157972 29.577510439607984 12.519469237096805  1 -31.618146607907967 29.535843772941313 12.95843815499892  0.86602540378443871 -32.378463076657951 29.494177106274652 12.519469237096807  1 -33.138779545407949 29.45251043960798 12.080500319194693  0.86602540378443871 -33.138779545407957 29.410843772941316 11.202562483390462  1 -33.138779545407949 29.369177106274652 10.324624647586232  0.86602540378443871 -32.378463076657958 29.327510439607984 9.8856557296841192  1 -31.618146607907967 29.28584377294132 9.4466868117820013  0.86602540378443871 -30.857830139157972 29.244177106274652 9.8856557296841174  1 -30.09751367040797 29.202510439607988 10.324624647586232  0.86602540378443871 -30.097513670407977 29.160843772941316 11.202562483390462  1 -30.09751367040797 29.119177106274648 12.080500319194691  0.86602540378443871 -30.857830139157972 29.077510439607984 12.519469237096805  1 -31.618146607907967 29.035843772941316 12.95843815499892  0.86602540378443871 -32.378463076657951 28.994177106274652 12.519469237096807  1 -33.138779545407949 28.952510439607984 12.080500319194693  0.86602540378443871 -33.138779545407957 28.910843772941316 11.202562483390462  1 -33.138779545407949 28.869177106274652 10.324624647586232  0.86602540378443871 -32.378463076657958 28.827510439607984 9.8856557296841192  1 -31.618146607907967 28.78584377294132 9.4466868117820013  0.86602540378443871 -30.857830139157972 28.744177106274652 9.8856557296841174  1 -30.09751367040797 28.702510439607984 10.324624647586232  0.86602540378443871 -30.097513670407977 28.660843772941316 11.202562483390462  1 -30.09751367040797 28.619177106274652 12.080500319194691  0.86602540378443871 -30.857830139157972 28.577510439607984 12.519469237096805  1 -31.618146607907967 28.53584377294132 12.95843815499892  0.86602540378443871 -32.378463076657951 28.494177106274652 12.519469237096807  1 -33.138779545407949 28.452510439607984 12.080500319194693  0.86602540378443871 -33.138779545407957 28.410843772941316 11.202562483390462  1 -33.138779545407949 28.369177106274655 10.324624647586232  0.86602540378443871 -32.378463076657958 28.32751043960798 9.8856557296841192  1 -31.618146607907967 28.285843772941316 9.4466868117820013  0.86602540378443871 -30.857830139157972 28.244177106274652 9.8856557296841174  1 -30.09751367040797 28.20251043960798 10.324624647586232  0.86602540378443871 -30.097513670407977 28.160843772941316 11.202562483390462  1 -30.09751367040797 28.119177106274652 12.080500319194691  0.86602540378443871 -30.857830139157972 28.07751043960798 12.519469237096805  1 -31.618146607907967 28.03584377294132 12.95843815499892  0.86602540378443871 -32.378463076657951 27.994177106274652 12.519469237096807  1 -33.138779545407949 27.95251043960798 12.080500319194693  0.86602540378443871 -33.138779545407957 27.910843772941316 11.202562483390462  1 -33.138779545407949 27.869177106274652 10.324624647586232  0.86602540378443871 -32.378463076657958 27.82751043960798 9.8856557296841192  1 -31.618146607907967 27.785843772941316 9.4466868117820013  0.86602540378443871 -30.857830139157972 27.744177106274652 9.8856557296841174  1 -30.09751367040797 27.702510439607984 10.324624647586232  0.86602540378443871 -30.097513670407977 27.660843772941316 11.202562483390462  1 -30.09751367040797 27.619177106274648 12.080500319194691  0.86602540378443871 -30.857830139157972 27.57751043960798 12.519469237096805  1 -31.618146607907967 27.535843772941313 12.95843815499892  0.86602540378443871 -32.378463076657951 27.494177106274652 12.519469237096807  1 -33.138779545407949 27.452510439607984 12.080500319194693  0.86602540378443871 -33.138779545407957 27.410843772941316 11.202562483390462  1 -33.138779545407949 27.369177106274648 10.324624647586232  0.86602540378443871 -32.378463076657958 27.327510439607984 9.8856557296841192  1 -31.618146607907967 27.28584377294132 9.4466868117820013  0.86602540378443871 -30.857830139157972 27.244177106274652 9.8856557296841174  1 -30.09751367040797 27.202510439607984 10.324624647586232  0.86602540378443871 -30.097513670407977 27.16084377294132 11.202562483390462  1 -30.09751367040797 27.119177106274648 12.080500319194691  0.86602540378443871 -30.857830139157972 27.077510439607984 12.519469237096805  1 -31.618146607907967 27.03584377294132 12.95843815499892  0.86602540378443871 -32.378463076657951 26.994177106274648 12.519469237096807  1 -33.138779545407949 26.952510439607984 12.080500319194693  0.86602540378443871 -33.138779545407957 26.91084377294132 11.202562483390462  1 -33.138779545407949 26.869177106274652 10.324624647586232  0.86602540378443871 -32.378463076657958 26.827510439607984 9.8856557296841192  1 -31.618146607907967 26.785843772941316 9.4466868117820013  0.86602540378443871 -30.857830139157972 26.744177106274648 9.8856557296841174  1 -30.09751367040797 26.702510439607984 10.324624647586232  0.86602540378443871 -30.097513670407977 26.66084377294132 11.202562483390462  1 -30.09751367040797 26.619177106274652 12.080500319194691  0.86602540378443871 -30.857830139157972 26.577510439607984 12.519469237096805  1 -31.618146607907967 26.53584377294132 12.95843815499892  0.86602540378443871 -32.378463076657951 26.494177106274648 12.519469237096807  1 -33.138779545407949 26.452510439607984 12.080500319194693  0.86602540378443871 -33.138779545407957 26.41084377294132 11.202562483390462  1 -33.138779545407949 26.369177106274652 10.324624647586232  0.86602540378443871 -32.378463076657958 26.327510439607984 9.8856557296841192  1 -31.618146607907967 26.285843772941316 9.4466868117820013  0.86602540378443871 -30.857830139157972 26.244177106274648 9.8856557296841174  1 -30.09751367040797 26.202510439607984 10.324624647586232  0.86602540378443871 -30.097513670407977 26.16084377294132 11.202562483390462  1 -30.09751367040797 26.119177106274652 12.080500319194691  0.86602540378443871 -30.857830139157972 26.077510439607984 12.519469237096805  1 -31.618146607907967 26.035843772941316 12.95843815499892  0.86602540378443871 -32.378463076657951 25.994177106274648 12.519469237096807  1 -33.138779545407949 25.952510439607988 12.080500319194693  0.86602540378443871 -33.138779545407957 25.91084377294132 11.202562483390462  1 -33.138779545407949 25.869177106274652 10.324624647586232  0.86602540378443871 -32.378463076657958 25.827510439607984 9.8856557296841192  1 -31.618146607907967 25.78584377294132 9.4466868117820013  0.86602540378443871 -30.857830139157972 25.744177106274648 9.8856557296841174  1 -30.09751367040797 25.702510439607984 10.324624647586232  0.86602540378443871 -30.097513670407977 25.660843772941316 11.202562483390462  1 -30.09751367040797 25.619177106274648 12.080500319194691  0.86602540378443871 -30.857830139157972 25.577510439607984 12.519469237096805  1 -31.618146607907967 25.53584377294132 12.95843815499892  0.86602540378443871 -32.378463076657951 25.494177106274648 12.519469237096807  1 -33.138779545407949 25.452510439607984 12.080500319194693  0.86602540378443871 -33.138779545407957 25.410843772941316 11.202562483390462  1 -33.138779545407949 25.369177106274645 10.324624647586232  0.86602540378443871 -32.378463076657958 25.327510439607984 9.8856557296841192  1 -31.618146607907967 25.28584377294132 9.4466868117820013  0.86602540378443871 -30.857830139157972 25.244177106274648 9.8856557296841174  1 -30.09751367040797 25.202510439607984 10.324624647586232  0.86602540378443871 -30.097513670407977 25.160843772941316 11.202562483390462  1 -30.09751367040797 25.119177106274652 12.080500319194691  0.86602540378443871 -30.857830139157972 25.077510439607984 12.519469237096805  1 -31.618146607907967 25.03584377294132 12.95843815499892  0.86602540378443871 -32.378463076657951 24.994177106274652 12.519469237096807  1 -33.138779545407949 24.95251043960798 12.080500319194693  0.86602540378443871 -33.138779545407957 24.910843772941316 11.202562483390462  1 -33.138779545407949 24.869177106274652 10.324624647586232  0.86602540378443871 -32.378463076657958 24.827510439607984 9.8856557296841192  1 -31.618146607907967 24.785843772941316 9.4466868117820013  0.86602540378443871 -30.857830139157972 24.744177106274652 9.8856557296841174  1 -30.09751367040797 24.702510439607984 10.324624647586232  0.86602540378443871 -30.097513670407977 24.660843772941316 11.202562483390462  1 -30.09751367040797 24.619177106274655 12.080500319194691  0.86602540378443871 -30.857830139157972 24.577510439607984 12.519469237096805  1 -31.618146607907967 24.535843772941316 12.95843815499892  0.86602540378443871 -32.378463076657951 24.494177106274652 12.519469237096807  1 -33.138779545407949 24.452510439607984 12.080500319194693  0.86602540378443871 -33.138779545407957 24.410843772941316 11.202562483390462  1 

0 2
1 2

0 3
0.010416666666666666 2
0.020833333333333332 2
0.03125 2
0.041666666666666664 2
0.052083333333333336 2
0.0625 2
0.072916666666666671 2
0.083333333333333329 2
0.09375 2
0.10416666666666667 2
0.11458333333333333 2
0.125 2
0.13541666666666666 2
0.14583333333333334 2
0.15625 2
0.16666666666666666 2
0.17708333333333334 2
0.1875 2
0.19791666666666666 2
0.20833333333333334 2
0.21875 2
0.22916666666666666 2
0.23958333333333334 2
0.25 2
0.26041666666666669 2
0.27083333333333331 2
0.28125 2
0.29166666666666669 2
0.30208333333333331 2
0.3125 2
0.32291666666666669 2
0.33333333333333331 2
0.34375 2
0.35416666666666669 2
0.36458333333333331 2
0.375 2
0.38541666666666669 2
0.39583333333333331 2
0.40625 2
0.41666666666666669 2
0.42708333333333331 2
0.4375 2
0.44791666666666669 2
0.45833333333333331 2
0.46875 2
0.47916666666666669 2
0.48958333333333331 2
0.5 2
0.51041666666666663 2
0.52083333333333337 2
0.53125 2
0.54166666666666663 2
0.55208333333333337 2
0.5625 2
0.57291666666666663 2
0.58333333333333337 2
0.59375 2
0.60416666666666663 2
0.61458333333333337 2
0.625 2
0.63541666666666663 2
0.64583333333333337 2
0.65625 2
0.66666666666666663 2
0.67708333333333337 2
0.6875 2
0.69791666666666663 2
0.70833333333333337 2
0.71875 2
0.72916666666666663 2
0.73958333333333337 2
0.75 2
0.76041666666666663 2
0.77083333333333337 2
0.78125 2
0.79166666666666663 2
0.80208333333333337 2
0.8125 2
0.82291666666666663 2
0.83333333333333337 2
0.84375 2
0.85416666666666663 2
0.86458333333333337 2
0.875 2
0.88541666666666663 2
0.89583333333333337 2
0.90625 2
0.91666666666666663 2
0.92708333333333337 2
0.9375 2
0.94791666666666663 2
0.95833333333333337 2
0.96875 2
0.97916666666666663 2
0.98958333333333337 2
1 3

3 -31.618146607907967 30.567093772258517 11.202562483390462 0 1 0 0 -0 1 1 0 -0 1.2499999999999871
0.78539816339745594
3 -31.618146607907967 26.967093772258519 11.202562483390462 -0 -1 -0 0 0 -1 1 -0 0 1.6499999999999848
0.78539816339744506
3 -31.618146607907967 26.967093772258519 11.202562483390462 -0 -1 -0 0 0 -1 1 -0 0 1.6499999999999848
0.78539816339744506
2 -31.618146607907967 30.967093772258515 11.202562483390462 -0 1 -0 0 0 1 1 0 -0 1.2499999999999871
2 -31.618146607907967 30.967093772258515 11.202562483390462 -0 1 -0 0 0 1 1 0 -0 1.2499999999999871
2 -31.618146607907967 30.967093772258515 11.202562483390462 -0 1 -0 0 0 1 1 0 -0 1.2499999999999871
2 -31.618146607907967 30.967093772258515 11.202562483390462 -0 1 -0 0 0 1 1 0 -0 1.2499999999999871
2 -31.618146607907967 30.967093772258515 11.202562483390462 -0 1 -0 0 0 1 1 0 -0 1.2499999999999871
2 -31.618146607907967 30.967093772258515 11.202562483390462 -0 1 -0 0 0 1 1 0 -0 1.2499999999999871
2 -31.618146607907967 30.967093772258515 11.202562483390462 -0 1 -0 0 0 1 1 0 -0 1.2499999999999871
2 -31.618146607907967 30.967093772258515 11.202562483390462 -0 1 -0 0 0 1 1 0 -0 1.2499999999999871
2 -31.618146607907967 30.967093772258515 11.202562483390462 -0 1 -0 0 0 1 1 0 -0 1.2499999999999871
2 -31.618146607907967 30.967093772258515 11.202562483390462 -0 1 -0 0 0 1 1 0 -0 1.2499999999999871
2 -31.618146607907967 30.967093772258515 11.202562483390462 -0 1 -0 0 0 1 1 0 -0 1.2499999999999871
2 -31.618146607907967 30.967093772258515 11.202562483390462 -0 1 -0 0 0 1 1 0 -0 1.2499999999999871
2 -31.618146607907967 30.967093772258515 11.202562483390462 -0 1 -0 0 0 1 1 0 -0 1.2499999999999871
3 -50.668146607907964 30.567093772258502 11.202562483390466 0 1 0 0 -0 1 1 0 -0 1.2499999999999871
0.78539816339744717
3 -50.668146607907964 30.567093772258502 11.202562483390466 0 1 0 0 -0 1 1 0 -0 1.2499999999999871
0.78539816339744717
9 1 0 0 0 1 2 2 193 2 97 -49.418146607907978 32.567093772258517 11.202562483390469  1 -49.418146607907978 32.525427105591859 11.924250319877492  0.86602540378443871 -50.043146607907971 32.483760438925188 12.285094238121008  1 -50.668146607907964 32.442093772258517 12.645938156364521  0.86602540378443871 -51.293146607907957 32.400427105591852 12.285094238121008  1 -51.918146607907957 32.358760438925188 11.924250319877492  0.86602540378443871 -51.918146607907957 32.317093772258517 11.202562483390469  1 -51.918146607907957 32.275427105591845 10.480874646903443  0.86602540378443871 -51.293146607907957 32.233760438925188 10.12003072865993  1 -50.668146607907964 32.192093772258517 9.7591868104164163  0.86602540378443871 -50.043146607907971 32.150427105591852 10.12003072865993  1 -49.418146607907978 32.108760438925188 10.480874646903443  0.86602540378443871 -49.418146607907978 32.067093772258517 11.202562483390469  1 -49.418146607907978 32.025427105591852 11.924250319877492  0.86602540378443871 -50.043146607907971 31.983760438925188 12.285094238121008  1 -50.668146607907964 31.942093772258527 12.645938156364521  0.86602540378443871 -51.293146607907957 31.900427105591849 12.285094238121008  1 -51.918146607907957 31.858760438925188 11.924250319877492  0.86602540378443871 -51.918146607907957 31.81709377225852 11.202562483390469  1 -51.918146607907957 31.775427105591852 10.480874646903443  0.86602540378443871 -51.293146607907957 31.733760438925188 10.12003072865993  1 -50.668146607907964 31.692093772258527 9.7591868104164163  0.86602540378443871 -50.043146607907971 31.650427105591849 10.12003072865993  1 -49.418146607907978 31.608760438925188 10.480874646903443  0.86602540378443871 -49.418146607907978 31.56709377225852 11.202562483390469  1 -49.418146607907978 31.525427105591856 11.924250319877492  0.86602540378443871 -50.043146607907971 31.483760438925188 12.285094238121008  1 -50.668146607907964 31.442093772258517 12.645938156364521  0.86602540378443871 -51.293146607907957 31.400427105591849 12.285094238121008  1 -51.918146607907957 31.358760438925188 11.924250319877492  0.86602540378443871 -51.918146607907957 31.317093772258517 11.202562483390469  1 -51.918146607907957 31.275427105591859 10.480874646903443  0.86602540378443871 -51.293146607907957 31.233760438925188 10.12003072865993  1 -50.668146607907964 31.19209377225852 9.7591868104164163  0.86602540378443871 -50.043146607907971 31.150427105591852 10.12003072865993  1 -49.418146607907978 31.108760438925191 10.480874646903443  0.86602540378443871 -49.418146607907978 31.067093772258517 11.202562483390469  1 -49.418146607907978 31.025427105591856 11.924250319877492  0.86602540378443871 -50.043146607907971 30.983760438925188 12.285094238121008  1 -50.668146607907964 30.942093772258517 12.645938156364521  0.86602540378443871 -51.293146607907957 30.900427105591852 12.285094238121008  1 -51.918146607907957 30.858760438925188 11.924250319877492  0.86602540378443871 -51.918146607907957 30.817093772258517 11.202562483390469  1 -51.918146607907957 30.775427105591852 10.480874646903443  0.86602540378443871 -51.293146607907957 30.733760438925188 10.12003072865993  1 -50.668146607907964 30.692093772258517 9.7591868104164163  0.86602540378443871 -50.043146607907971 30.650427105591852 10.12003072865993  1 -49.418146607907978 30.608760438925191 10.480874646903443  0.86602540378443871 -49.418146607907978 30.567093772258517 11.202562483390469  1 -49.418146607907978 30.525427105591852 11.924250319877492  0.86602540378443871 -50.043146607907971 30.483760438925188 12.285094238121008  1 -50.668146607907964 30.442093772258524 12.645938156364521  0.86602540378443871 -51.293146607907957 30.400427105591852 12.285094238121008  1 -51.918146607907957 30.358760438925188 11.924250319877492  0.86602540378443871 -51.918146607907957 30.31709377225852 11.202562483390469  1 -51.918146607907957 30.275427105591852 10.480874646903443  0.86602540378443871 -51.293146607907957 30.233760438925188 10.12003072865993  1 -50.668146607907964 30.192093772258524 9.7591868104164163  0.86602540378443871 -50.043146607907971 30.150427105591852 10.12003072865993  1 -49.418146607907978 30.108760438925184 10.480874646903443  0.86602540378443871 -49.418146607907978 30.06709377225852 11.202562483390469  1 -49.418146607907978 30.025427105591849 11.924250319877492  0.86602540378443871 -50.043146607907971 29.983760438925184 12.285094238121008  1 -50.668146607907964 29.942093772258524 12.645938156364521  0.86602540378443871 -51.293146607907957 29.900427105591852 12.285094238121008  1 -51.918146607907957 29.858760438925188 11.924250319877492  0.86602540378443871 -51.918146607907957 29.81709377225852 11.202562483390469  1 -51.918146607907957 29.775427105591852 10.480874646903443  0.86602540378443871 -51.293146607907957 29.733760438925184 10.12003072865993  1 -50.668146607907964 29.69209377225852 9.7591868104164163  0.86602540378443871 -50.043146607907971 29.650427105591856 10.12003072865993  1 -49.418146607907978 29.608760438925184 10.480874646903443  0.86602540378443871 -49.418146607907978 29.56709377225852 11.202562483390469  1 -49.418146607907978 29.525427105591856 11.924250319877492  0.86602540378443871 -50.043146607907971 29.483760438925184 12.285094238121008  1 -50.668146607907964 29.442093772258517 12.645938156364521  0.86602540378443871 -51.293146607907957 29.400427105591856 12.285094238121008  1 -51.918146607907957 29.358760438925184 11.924250319877492  0.86602540378443871 -51.918146607907957 29.31709377225852 11.202562483390469  1 -51.918146607907957 29.275427105591856 10.480874646903443  0.86602540378443871 -51.293146607907957 29.233760438925184 10.12003072865993  1 -50.668146607907964 29.19209377225852 9.7591868104164163  0.86602540378443871 -50.043146607907971 29.150427105591856 10.12003072865993  1 -49.418146607907978 29.108760438925188 10.480874646903443  0.86602540378443871 -49.418146607907978 29.06709377225852 11.202562483390469  1 -49.418146607907978 29.025427105591852 11.924250319877492  0.86602540378443871 -50.043146607907971 28.983760438925184 12.285094238121008  1 -50.668146607907964 28.94209377225852 12.645938156364521  0.86602540378443871 -51.293146607907957 28.900427105591856 12.285094238121008  1 -51.918146607907957 28.858760438925188 11.924250319877492  0.86602540378443871 -51.918146607907957 28.81709377225852 11.202562483390469  1 -51.918146607907957 28.775427105591852 10.480874646903443  0.86602540378443871 -51.293146607907957 28.733760438925184 10.12003072865993  1 -50.668146607907964 28.692093772258517 9.7591868104164163  0.86602540378443871 -50.043146607907971 28.650427105591852 10.12003072865993  1 -49.418146607907978 28.608760438925188 10.480874646903443  0.86602540378443871 -49.418146607907978 28.56709377225852 11.202562483390469  1 -49.418146607907978 28.525427105591856 11.924250319877492  0.86602540378443871 -50.043146607907971 28.483760438925184 12.285094238121008  1 -50.668146607907964 28.442093772258524 12.645938156364521  0.86602540378443871 -51.293146607907957 28.400427105591852 12.285094238121008  1 -51.918146607907957 28.358760438925191 11.924250319877492  0.86602540378443871 -51.918146607907957 28.31709377225852 11.202562483390469  1 -51.918146607907957 28.275427105591852 10.480874646903443  0.86602540378443871 -51.293146607907957 28.233760438925184 10.12003072865993  1 -50.668146607907964 28.19209377225852 9.7591868104164163  0.86602540378443871 -50.043146607907971 28.150427105591852 10.12003072865993  1 -49.418146607907978 28.108760438925184 10.480874646903443  0.86602540378443871 -49.418146607907978 28.06709377225852 11.202562483390469  1 -49.418146607907978 28.025427105591856 11.924250319877492  0.86602540378443871 -50.043146607907971 27.983760438925184 12.285094238121008  1 -50.668146607907964 27.942093772258517 12.645938156364521  0.86602540378443871 -51.293146607907957 27.900427105591852 12.285094238121008  1 -51.918146607907957 27.858760438925184 11.924250319877492  0.86602540378443871 -51.918146607907957 27.81709377225852 11.202562483390469  1 -51.918146607907957 27.775427105591856 10.480874646903443  0.86602540378443871 -51.293146607907957 27.733760438925184 10.12003072865993  1 -50.668146607907964 27.69209377225852 9.7591868104164163  0.86602540378443871 -50.043146607907971 27.650427105591852 10.12003072865993  1 -49.418146607907978 27.608760438925191 10.480874646903443  0.86602540378443871 -49.418146607907978 27.56709377225852 11.202562483390469  1 -49.418146607907978 27.525427105591852 11.924250319877492  0.86602540378443871 -50.043146607907971 27.483760438925188 12.285094238121008  1 -50.668146607907964 27.442093772258517 12.645938156364521  0.86602540378443871 -51.293146607907957 27.400427105591852 12.285094238121008  1 -51.918146607907957 27.358760438925188 11.924250319877492  0.86602540378443871 -51.918146607907957 27.31709377225852 11.202562483390469  1 -51.918146607907957 27.275427105591852 10.480874646903443  0.86602540378443871 -51.293146607907957 27.233760438925188 10.12003072865993  1 -50.668146607907964 27.192093772258524 9.7591868104164163  0.86602540378443871 -50.043146607907971 27.150427105591852 10.12003072865993  1 -49.418146607907978 27.108760438925188 10.480874646903443  0.86602540378443871 -49.418146607907978 27.06709377225852 11.202562483390469  1 -49.418146607907978 27.025427105591852 11.924250319877492  0.86602540378443871 -50.043146607907971 26.983760438925188 12.285094238121008  1 -50.668146607907964 26.942093772258524 12.645938156364521  0.86602540378443871 -51.293146607907957 26.900427105591852 12.285094238121008  1 -51.918146607907957 26.858760438925188 11.924250319877492  0.86602540378443871 -51.918146607907957 26.81709377225852 11.202562483390469  1 -51.918146607907957 26.775427105591849 10.480874646903443  0.86602540378443871 -51.293146607907957 26.733760438925188 10.12003072865993  1 -50.668146607907964 26.69209377225852 9.7591868104164163  0.86602540378443871 -50.043146607907971 26.650427105591852 10.12003072865993  1 -49.418146607907978 26.608760438925184 10.480874646903443  0.86602540378443871 -49.418146607907978 26.56709377225852 11.202562483390469  1 -49.418146607907978 26.525427105591856 11.924250319877492  0.86602540378443871 -50.043146607907971 26.483760438925188 12.285094238121008  1 -50.668146607907964 26.442093772258524 12.645938156364521  0.86602540378443871 -51.293146607907957 26.400427105591852 12.285094238121008  1 -51.918146607907957 26.358760438925184 11.924250319877492  0.86602540378443871 -51.918146607907957 26.31709377225852 11.202562483390469  1 -51.918146607907957 26.275427105591852 10.480874646903443  0.86602540378443871 -51.293146607907957 26.233760438925188 10.12003072865993  1 -50.668146607907964 26.19209377225852 9.7591868104164163  0.86602540378443871 -50.043146607907971 26.150427105591852 10.12003072865993  1 -49.418146607907978 26.108760438925188 10.480874646903443  0.86602540378443871 -49.418146607907978 26.06709377225852 11.202562483390469  1 -49.418146607907978 26.025427105591852 11.924250319877492  0.86602540378443871 -50.043146607907971 25.983760438925184 12.285094238121008  1 -50.668146607907964 25.942093772258517 12.645938156364521  0.86602540378443871 -51.293146607907957 25.900427105591852 12.285094238121008  1 -51.918146607907957 25.858760438925188 11.924250319877492  0.86602540378443871 -51.918146607907957 25.81709377225852 11.202562483390469  1 -51.918146607907957 25.775427105591856 10.480874646903443  0.86602540378443871 -51.293146607907957 25.733760438925184 10.12003072865993  1 -50.668146607907964 25.692093772258524 9.7591868104164163  0.86602540378443871 -50.043146607907971 25.650427105591852 10.12003072865993  1 -49.418146607907978 25.608760438925188 10.480874646903443  0.86602540378443871 -49.418146607907978 25.56709377225852 11.202562483390469  1 -49.418146607907978 25.525427105591852 11.924250319877492  0.86602540378443871 -50.043146607907971 25.483760438925184 12.285094238121008  1 -50.668146607907964 25.44209377225852 12.645938156364521  0.86602540378443871 -51.293146607907957 25.400427105591852 12.285094238121008  1 -51.918146607907957 25.358760438925188 11.924250319877492  0.86602540378443871 -51.918146607907957 25.31709377225852 11.202562483390469  1 -51.918146607907957 25.275427105591849 10.480874646903443  0.86602540378443871 -51.293146607907957 25.233760438925184 10.12003072865993  1 -50.668146607907964 25.192093772258524 9.7591868104164163  0.86602540378443871 -50.043146607907971 25.150427105591856 10.12003072865993  1 -49.418146607907978 25.108760438925188 10.480874646903443  0.86602540378443871 -49.418146607907978 25.06709377225852 11.202562483390469  1 -49.418146607907978 25.025427105591856 11.924250319877492  0.86602540378443871 -50.043146607907971 24.983760438925184 12.285094238121008  1 -50.668146607907964 24.942093772258524 12.645938156364521  0.86602540378443871 -51.293146607907957 24.900427105591852 12.285094238121008  1 -51.918146607907957 24.858760438925184 11.924250319877492  0.86602540378443871 -51.918146607907957 24.81709377225852 11.202562483390469  1 -51.918146607907957 24.775427105591856 10.480874646903443  0.86602540378443871 -51.293146607907957 24.733760438925188 10.12003072865993  1 -50.668146607907964 24.69209377225852 9.7591868104164163  0.86602540378443871 -50.043146607907971 24.650427105591852 10.12003072865993  1 -49.418146607907978 24.608760438925181 10.480874646903443  0.86602540378443871 -49.418146607907978 24.56709377225852 11.202562483390469  1 
-49.147513670407974 32.41084377294132 11.202562483390469  1 -49.147513670407974 32.369177106274648 12.0805003191947  0.86602540378443871 -49.907830139157973 32.327510439607977 12.519469237096812  1 -50.668146607907964 32.285843772941327 12.958438154998927  0.86602540378443871 -51.428463076657955 32.244177106274655 12.519469237096814  1 -52.188779545407961 32.202510439607984 12.0805003191947  0.86602540378443871 -52.188779545407954 32.16084377294132 11.202562483390469  1 -52.188779545407961 32.119177106274648 10.324624647586239  0.86602540378443871 -51.428463076657955 32.077510439607977 9.8856557296841263  1 -50.668146607907964 32.03584377294132 9.4466868117820102  0.86602540378443871 -49.90783013915798 31.994177106274655 9.8856557296841245  1 -49.147513670407974 31.952510439607988 10.324624647586237  0.86602540378443871 -49.147513670407974 31.910843772941316 11.202562483390469  1 -49.147513670407974 31.869177106274655 12.0805003191947  0.86602540378443871 -49.907830139157973 31.827510439607984 12.519469237096812  1 -50.668146607907964 31.78584377294132 12.958438154998927  0.86602540378443871 -51.428463076657955 31.744177106274655 12.519469237096814  1 -52.188779545407961 31.702510439607984 12.0805003191947  0.86602540378443871 -52.188779545407954 31.660843772941316 11.202562483390469  1 -52.188779545407961 31.619177106274652 10.324624647586239  0.86602540378443871 -51.428463076657955 31.577510439607984 9.8856557296841263  1 -50.668146607907964 31.535843772941316 9.4466868117820102  0.86602540378443871 -49.90783013915798 31.494177106274655 9.8856557296841245  1 -49.147513670407974 31.452510439607991 10.324624647586237  0.86602540378443871 -49.147513670407974 31.410843772941316 11.202562483390469  1 -49.147513670407974 31.369177106274655 12.0805003191947  0.86602540378443871 -49.907830139157973 31.327510439607984 12.519469237096812  1 -50.668146607907964 31.285843772941316 12.958438154998927  0.86602540378443871 -51.428463076657955 31.244177106274652 12.519469237096814  1 -52.188779545407961 31.202510439607988 12.0805003191947  0.86602540378443871 -52.188779545407954 31.160843772941316 11.202562483390469  1 -52.188779545407961 31.119177106274652 10.324624647586239  0.86602540378443871 -51.428463076657955 31.077510439607984 9.8856557296841263  1 -50.668146607907964 31.035843772941313 9.4466868117820102  0.86602540378443871 -49.90783013915798 30.994177106274648 9.8856557296841245  1 -49.147513670407974 30.952510439607984 10.324624647586237  0.86602540378443871 -49.147513670407974 30.910843772941316 11.202562483390469  1 -49.147513670407974 30.869177106274648 12.0805003191947  0.86602540378443871 -49.907830139157973 30.827510439607984 12.519469237096812  1 -50.668146607907964 30.785843772941313 12.958438154998927  0.86602540378443871 -51.428463076657955 30.744177106274648 12.519469237096814  1 -52.188779545407961 30.702510439607988 12.0805003191947  0.86602540378443871 -52.188779545407954 30.660843772941316 11.202562483390469  1 -52.188779545407961 30.619177106274648 10.324624647586239  0.86602540378443871 -51.428463076657955 30.577510439607984 9.8856557296841263  1 -50.668146607907964 30.535843772941313 9.4466868117820102  0.86602540378443871 -49.90783013915798 30.494177106274648 9.8856557296841245  1 -49.147513670407974 30.452510439607984 10.324624647586237  0.86602540378443871 -49.147513670407974 30.410843772941316 11.202562483390469  1 -49.147513670407974 30.369177106274648 12.0805003191947  0.86602540378443871 -49.907830139157973 30.327510439607984 12.519469237096812  1 -50.668146607907964 30.28584377294132 12.958438154998927  0.86602540378443871 -51.428463076657955 30.244177106274648 12.519469237096814  1 -52.188779545407961 30.20251043960798 12.0805003191947  0.86602540378443871 -52.188779545407954 30.16084377294132 11.202562483390469  1 -52.188779545407961 30.119177106274645 10.324624647586239  0.86602540378443871 -51.428463076657955 30.077510439607984 9.8856557296841263  1 -50.668146607907964 30.03584377294132 9.4466868117820102  0.86602540378443871 -49.90783013915798 29.994177106274648 9.8856557296841245  1 -49.147513670407974 29.952510439607988 10.324624647586237  0.86602540378443871 -49.147513670407974 29.91084377294132 11.202562483390469  1 -49.147513670407974 29.869177106274648 12.0805003191947  0.86602540378443871 -49.907830139157973 29.827510439607984 12.519469237096812  1 -50.668146607907964 29.785843772941316 12.958438154998927  0.86602540378443871 -51.428463076657955 29.744177106274648 12.519469237096814  1 -52.188779545407961 29.702510439607984 12.0805003191947  0.86602540378443871 -52.188779545407954 29.660843772941316 11.202562483390469  1 -52.188779545407961 29.619177106274652 10.324624647586239  0.86602540378443871 -51.428463076657955 29.577510439607984 9.8856557296841263  1 -50.668146607907964 29.535843772941313 9.4466868117820102  0.86602540378443871 -49.90783013915798 29.494177106274652 9.8856557296841245  1 -49.147513670407974 29.45251043960798 10.324624647586237  0.86602540378443871 -49.147513670407974 29.410843772941316 11.202562483390469  1 -49.147513670407974 29.369177106274652 12.0805003191947  0.86602540378443871 -49.907830139157973 29.327510439607984 12.519469237096812  1 -50.668146607907964 29.28584377294132 12.958438154998927  0.86602540378443871 -51.428463076657955 29.244177106274652 12.519469237096814  1 -52.188779545407961 29.202510439607988 12.0805003191947  0.86602540378443871 -52.188779545407954 29.160843772941316 11.202562483390469  1 -52.188779545407961 29.119177106274648 10.324624647586239  0.86602540378443871 -51.428463076657955 29.077510439607984 9.8856557296841263  1 -50.668146607907964 29.035843772941316 9.4466868117820102  0.86602540378443871 -49.90783013915798 28.994177106274652 9.8856557296841245  1 -49.147513670407974 28.952510439607984 10.324624647586237  0.86602540378443871 -49.147513670407974 28.910843772941316 11.202562483390469  1 -49.147513670407974 28.869177106274652 12.0805003191947  0.86602540378443871 -49.907830139157973 28.827510439607984 12.519469237096812  1 -50.668146607907964 28.78584377294132 12.958438154998927  0.86602540378443871 -51.428463076657955 28.744177106274652 12.519469237096814  1 -52.188779545407961 28.702510439607984 12.0805003191947  0.86602540378443871 -52.188779545407954 28.660843772941316 11.202562483390469  1 -52.188779545407961 28.619177106274652 10.324624647586239  0.86602540378443871 -51.428463076657955 28.577510439607984 9.8856557296841263  1 -50.668146607907964 28.53584377294132 9.4466868117820102  0.86602540378443871 -49.90783013915798 28.494177106274652 9.8856557296841245  1 -49.147513670407974 28.452510439607984 10.324624647586237  0.86602540378443871 -49.147513670407974 28.410843772941316 11.202562483390469  1 -49.147513670407974 28.369177106274655 12.0805003191947  0.86602540378443871 -49.907830139157973 28.32751043960798 12.519469237096812  1 -50.668146607907964 28.285843772941316 12.958438154998927  0.86602540378443871 -51.428463076657955 28.244177106274652 12.519469237096814  1 -52.188779545407961 28.20251043960798 12.0805003191947  0.86602540378443871 -52.188779545407954 28.160843772941316 11.202562483390469  1 -52.188779545407961 28.119177106274652 10.324624647586239  0.86602540378443871 -51.428463076657955 28.07751043960798 9.8856557296841263  1 -50.668146607907964 28.03584377294132 9.4466868117820102  0.86602540378443871 -49.90783013915798 27.994177106274652 9.8856557296841245  1 -49.147513670407974 27.95251043960798 10.324624647586237  0.86602540378443871 -49.147513670407974 27.910843772941316 11.202562483390469  1 -49.147513670407974 27.869177106274652 12.0805003191947  0.86602540378443871 -49.907830139157973 27.82751043960798 12.519469237096812  1 -50.668146607907964 27.785843772941316 12.958438154998927  0.86602540378443871 -51.428463076657955 27.744177106274652 12.519469237096814  1 -52.188779545407961 27.702510439607984 12.0805003191947  0.86602540378443871 -52.188779545407954 27.660843772941316 11.202562483390469  1 -52.188779545407961 27.619177106274648 10.324624647586239  0.86602540378443871 -51.428463076657955 27.57751043960798 9.8856557296841263  1 -50.668146607907964 27.535843772941313 9.4466868117820102  0.86602540378443871 -49.90783013915798 27.494177106274652 9.8856557296841245  1 -49.147513670407974 27.452510439607984 10.324624647586237  0.86602540378443871 -49.147513670407974 27.410843772941316 11.202562483390469  1 -49.147513670407974 27.369177106274648 12.0805003191947  0.86602540378443871 -49.907830139157973 27.327510439607984 12.519469237096812  1 -50.668146607907964 27.28584377294132 12.958438154998927  0.86602540378443871 -51.428463076657955 27.244177106274652 12.519469237096814  1 -52.188779545407961 27.202510439607984 12.0805003191947  0.86602540378443871 -52.188779545407954 27.16084377294132 11.202562483390469  1 -52.188779545407961 27.119177106274648 10.324624647586239  0.86602540378443871 -51.428463076657955 27.077510439607984 9.8856557296841263  1 -50.668146607907964 27.03584377294132 9.4466868117820102  0.86602540378443871 -49.90783013915798 26.994177106274648 9.8856557296841245  1 -49.147513670407974 26.952510439607984 10.324624647586237  0.86602540378443871 -49.147513670407974 26.91084377294132 11.202562483390469  1 -49.147513670407974 26.869177106274652 12.0805003191947  0.86602540378443871 -49.907830139157973 26.827510439607984 12.519469237096812  1 -50.668146607907964 26.785843772941316 12.958438154998927  0.86602540378443871 -51.428463076657955 26.744177106274648 12.519469237096814  1 -52.188779545407961 26.702510439607984 12.0805003191947  0.86602540378443871 -52.188779545407954 26.66084377294132 11.202562483390469  1 -52.188779545407961 26.619177106274652 10.324624647586239  0.86602540378443871 -51.428463076657955 26.577510439607984 9.8856557296841263  1 -50.668146607907964 26.53584377294132 9.4466868117820102  0.86602540378443871 -49.90783013915798 26.494177106274648 9.8856557296841245  1 -49.147513670407974 26.452510439607984 10.324624647586237  0.86602540378443871 -49.147513670407974 26.41084377294132 11.202562483390469  1 -49.147513670407974 26.369177106274652 12.0805003191947  0.86602540378443871 -49.907830139157973 26.327510439607984 12.519469237096812  1 -50.668146607907964 26.285843772941316 12.958438154998927  0.86602540378443871 -51.428463076657955 26.244177106274648 12.519469237096814  1 -52.188779545407961 26.202510439607984 12.0805003191947  0.86602540378443871 -52.188779545407954 26.16084377294132 11.202562483390469  1 -52.188779545407961 26.119177106274652 10.324624647586239  0.86602540378443871 -51.428463076657955 26.077510439607984 9.8856557296841263  1 -50.668146607907964 26.035843772941316 9.4466868117820102  0.86602540378443871 -49.90783013915798 25.994177106274648 9.8856557296841245  1 -49.147513670407974 25.952510439607988 10.324624647586237  0.86602540378443871 -49.147513670407974 25.91084377294132 11.202562483390469  1 -49.147513670407974 25.869177106274652 12.0805003191947  0.86602540378443871 -49.907830139157973 25.827510439607984 12.519469237096812  1 -50.668146607907964 25.78584377294132 12.958438154998927  0.86602540378443871 -51.428463076657955 25.744177106274648 12.519469237096814  1 -52.188779545407961 25.702510439607984 12.0805003191947  0.86602540378443871 -52.188779545407954 25.660843772941316 11.202562483390469  1 -52.188779545407961 25.619177106274648 10.324624647586239  0.86602540378443871 -51.428463076657955 25.577510439607984 9.8856557296841263  1 -50.668146607907964 25.53584377294132 9.4466868117820102  0.86602540378443871 -49.90783013915798 25.494177106274648 9.8856557296841245  1 -49.147513670407974 25.452510439607984 10.324624647586237  0.86602540378443871 -49.147513670407974 25.410843772941316 11.202562483390469  1 -49.147513670407974 25.369177106274645 12.0805003191947  0.86602540378443871 -49.907830139157973 25.327510439607984 12.519469237096812  1 -50.668146607907964 25.28584377294132 12.958438154998927  0.86602540378443871 -51.428463076657955 25.244177106274648 12.519469237096814  1 -52.188779545407961 25.202510439607984 12.0805003191947  0.86602540378443871 -52.188779545407954 25.160843772941316 11.202562483390469  1 -52.188779545407961 25.119177106274652 10.324624647586239  0.86602540378443871 -51.428463076657955 25.077510439607984 9.8856557296841263  1 -50.668146607907964 25.03584377294132 9.4466868117820102  0.86602540378443871 -49.90783013915798 24.994177106274652 9.8856557296841245  1 -49.147513670407974 24.95251043960798 10.324624647586237  0.86602540378443871 -49.147513670407974 24.910843772941316 11.202562483390469  1 -49.147513670407974 24.869177106274652 12.0805003191947  0.86602540378443871 -49.907830139157973 24.827510439607984 12.519469237096812  1 -50.668146607907964 24.785843772941316 12.958438154998927  0.86602540378443871 -51.428463076657955 24.744177106274652 12.519469237096814  1 -52.188779545407961 24.702510439607984 12.0805003191947  0.86602540378443871 -52.188779545407954 24.660843772941316 11.202562483390469  1 -52.188779545407961 24.619177106274655 10.324624647586239  0.86602540378443871 -51.428463076657955 24.577510439607984 9.8856557296841263  1 -50.668146607907964 24.535843772941316 9.4466868117820102  0.86602540378443871 -49.90783013915798 24.494177106274652 9.8856557296841245  1 -49.147513670407974 24.452510439607984 10.324624647586237  0.86602540378443871 -49.147513670407974 24.410843772941316 11.202562483390469  1 

0 2
1 2

0 3
0.010416666666666666 2
0.020833333333333332 2
0.03125 2
0.041666666666666664 2
0.052083333333333336 2
0.0625 2
0.072916666666666671 2
0.083333333333333329 2
0.09375 2
0.10416666666666667 2
0.11458333333333333 2
0.125 2
0.13541666666666666 2
0.14583333333333334 2
0.15625 2
0.16666666666666666 2
0.17708333333333334 2
0.1875 2
0.19791666666666666 2
0.20833333333333334 2
0.21875 2
0.22916666666666666 2
0.23958333333333334 2
0.25 2
0.26041666666666669 2
0.27083333333333331 2
0.28125 2
0.29166666666666669 2
0.30208333333333331 2
0.3125 2
0.32291666666666669 2
0.33333333333333331 2
0.34375 2
0.35416666666666669 2
0.36458333333333331 2
0.375 2
0.38541666666666669 2
0.39583333333333331 2
0.40625 2
0.41666666666666669 2
0.42708333333333331 2
0.4375 2
0.44791666666666669 2
0.45833333333333331 2
0.46875 2
0.47916666666666669 2
0.48958333333333331 2
0.5 2
0.51041666666666663 2
0.52083333333333337 2
0.53125 2
0.54166666666666663 2
0.55208333333333337 2
0.5625 2
0.57291666666666663 2
0.58333333333333337 2
0.59375 2
0.60416666666666663 2
0.61458333333333337 2
0.625 2
0.63541666666666663 2
0.64583333333333337 2
0.65625 2
0.66666666666666663 2
0.67708333333333337 2
0.6875 2
0.69791666666666663 2
0.70833333333333337 2
0.71875 2
0.72916666666666663 2
0.73958333333333337 2
0.75 2
0.76041666666666663 2
0.77083333333333337 2
0.78125 2
0.79166666666666663 2
0.80208333333333337 2
0.8125 2
0.82291666666666663 2
0.83333333333333337 2
0.84375 2
0.85416666666666663 2
0.86458333333333337 2
0.875 2
0.88541666666666663 2
0.89583333333333337 2
0.90625 2
0.91666666666666663 2
0.92708333333333337 2
0.9375 2
0.94791666666666663 2
0.95833333333333337 2
0.96875 2
0.97916666666666663 2
0.98958333333333337 2
1 3

3 -50.668146607907964 26.967093772258519 11.202562483390466 -0 -1 -0 0 0 -1 1 -0 0 1.6499999999999848
0.78539816339744506
9 1 0 0 0 1 2 2 193 2 97 -49.147513670407974 32.41084377294132 11.202562483390469  1 -49.147513670407974 32.369177106274648 12.0805003191947  0.86602540378443871 -49.907830139157973 32.327510439607977 12.519469237096812  1 -50.668146607907964 32.285843772941327 12.958438154998927  0.86602540378443871 -51.428463076657955 32.244177106274655 12.519469237096814  1 -52.188779545407961 32.202510439607984 12.0805003191947  0.86602540378443871 -52.188779545407954 32.16084377294132 11.202562483390469  1 -52.188779545407961 32.119177106274648 10.324624647586239  0.86602540378443871 -51.428463076657955 32.077510439607977 9.8856557296841263  1 -50.668146607907964 32.03584377294132 9.4466868117820102  0.86602540378443871 -49.90783013915798 31.994177106274655 9.8856557296841245  1 -49.147513670407974 31.952510439607988 10.324624647586237  0.86602540378443871 -49.147513670407974 31.910843772941316 11.202562483390469  1 -49.147513670407974 31.869177106274655 12.0805003191947  0.86602540378443871 -49.907830139157973 31.827510439607984 12.519469237096812  1 -50.668146607907964 31.78584377294132 12.958438154998927  0.86602540378443871 -51.428463076657955 31.744177106274655 12.519469237096814  1 -52.188779545407961 31.702510439607984 12.0805003191947  0.86602540378443871 -52.188779545407954 31.660843772941316 11.202562483390469  1 -52.188779545407961 31.619177106274652 10.324624647586239  0.86602540378443871 -51.428463076657955 31.577510439607984 9.8856557296841263  1 -50.668146607907964 31.535843772941316 9.4466868117820102  0.86602540378443871 -49.90783013915798 31.494177106274655 9.8856557296841245  1 -49.147513670407974 31.452510439607991 10.324624647586237  0.86602540378443871 -49.147513670407974 31.410843772941316 11.202562483390469  1 -49.147513670407974 31.369177106274655 12.0805003191947  0.86602540378443871 -49.907830139157973 31.327510439607984 12.519469237096812  1 -50.668146607907964 31.285843772941316 12.958438154998927  0.86602540378443871 -51.428463076657955 31.244177106274652 12.519469237096814  1 -52.188779545407961 31.202510439607988 12.0805003191947  0.86602540378443871 -52.188779545407954 31.160843772941316 11.202562483390469  1 -52.188779545407961 31.119177106274652 10.324624647586239  0.86602540378443871 -51.428463076657955 31.077510439607984 9.8856557296841263  1 -50.668146607907964 31.035843772941313 9.4466868117820102  0.86602540378443871 -49.90783013915798 30.994177106274648 9.8856557296841245  1 -49.147513670407974 30.952510439607984 10.324624647586237  0.86602540378443871 -49.147513670407974 30.910843772941316 11.202562483390469  1 -49.147513670407974 30.869177106274648 12.0805003191947  0.86602540378443871 -49.907830139157973 30.827510439607984 12.519469237096812  1 -50.668146607907964 30.785843772941313 12.958438154998927  0.86602540378443871 -51.428463076657955 30.744177106274648 12.519469237096814  1 -52.188779545407961 30.702510439607988 12.0805003191947  0.86602540378443871 -52.188779545407954 30.660843772941316 11.202562483390469  1 -52.188779545407961 30.619177106274648 10.324624647586239  0.86602540378443871 -51.428463076657955 30.577510439607984 9.8856557296841263  1 -50.668146607907964 30.535843772941313 9.4466868117820102  0.86602540378443871 -49.90783013915798 30.494177106274648 9.8856557296841245  1 -49.147513670407974 30.452510439607984 10.324624647586237  0.86602540378443871 -49.147513670407974 30.410843772941316 11.202562483390469  1 -49.147513670407974 30.369177106274648 12.0805003191947  0.86602540378443871 -49.907830139157973 30.327510439607984 12.519469237096812  1 -50.668146607907964 30.28584377294132 12.958438154998927  0.86602540378443871 -51.428463076657955 30.244177106274648 12.519469237096814  1 -52.188779545407961 30.20251043960798 12.0805003191947  0.86602540378443871 -52.188779545407954 30.16084377294132 11.202562483390469  1 -52.188779545407961 30.119177106274645 10.324624647586239  0.86602540378443871 -51.428463076657955 30.077510439607984 9.8856557296841263  1 -50.668146607907964 30.03584377294132 9.4466868117820102  0.86602540378443871 -49.90783013915798 29.994177106274648 9.8856557296841245  1 -49.147513670407974 29.952510439607988 10.324624647586237  0.86602540378443871 -49.147513670407974 29.91084377294132 11.202562483390469  1 -49.147513670407974 29.869177106274648 12.0805003191947  0.86602540378443871 -49.907830139157973 29.827510439607984 12.519469237096812  1 -50.668146607907964 29.785843772941316 12.958438154998927  0.86602540378443871 -51.428463076657955 29.744177106274648 12.519469237096814  1 -52.188779545407961 29.702510439607984 12.0805003191947  0.86602540378443871 -52.188779545407954 29.660843772941316 11.202562483390469  1 -52.188779545407961 29.619177106274652 10.324624647586239  0.86602540378443871 -51.428463076657955 29.577510439607984 9.8856557296841263  1 -50.668146607907964 29.535843772941313 9.4466868117820102  0.86602540378443871 -49.90783013915798 29.494177106274652 9.8856557296841245  1 -49.147513670407974 29.45251043960798 10.324624647586237  0.86602540378443871 -49.147513670407974 29.410843772941316 11.202562483390469  1 -49.147513670407974 29.369177106274652 12.0805003191947  0.86602540378443871 -49.907830139157973 29.327510439607984 12.519469237096812  1 -50.668146607907964 29.28584377294132 12.958438154998927  0.86602540378443871 -51.428463076657955 29.244177106274652 12.519469237096814  1 -52.188779545407961 29.202510439607988 12.0805003191947  0.86602540378443871 -52.188779545407954 29.160843772941316 11.202562483390469  1 -52.188779545407961 29.119177106274648 10.324624647586239  0.86602540378443871 -51.428463076657955 29.077510439607984 9.8856557296841263  1 -50.668146607907964 29.035843772941316 9.4466868117820102  0.86602540378443871 -49.90783013915798 28.994177106274652 9.8856557296841245  1 -49.147513670407974 28.952510439607984 10.324624647586237  0.86602540378443871 -49.147513670407974 28.910843772941316 11.202562483390469  1 -49.147513670407974 28.869177106274652 12.0805003191947  0.86602540378443871 -49.907830139157973 28.827510439607984 12.519469237096812  1 -50.668146607907964 28.78584377294132 12.958438154998927  0.86602540378443871 -51.428463076657955 28.744177106274652 12.519469237096814  1 -52.188779545407961 28.702510439607984 12.0805003191947  0.86602540378443871 -52.188779545407954 28.660843772941316 11.202562483390469  1 -52.188779545407961 28.619177106274652 10.324624647586239  0.86602540378443871 -51.428463076657955 28.577510439607984 9.8856557296841263  1 -50.668146607907964 28.53584377294132 9.4466868117820102  0.86602540378443871 -49.90783013915798 28.494177106274652 9.8856557296841245  1 -49.147513670407974 28.452510439607984 10.324624647586237  0.86602540378443871 -49.147513670407974 28.410843772941316 11.202562483390469  1 -49.147513670407974 28.369177106274655 12.0805003191947  0.86602540378443871 -49.907830139157973 28.32751043960798 12.519469237096812  1 -50.668146607907964 28.285843772941316 12.958438154998927  0.86602540378443871 -51.428463076657955 28.244177106274652 12.519469237096814  1 -52.188779545407961 28.20251043960798 12.0805003191947  0.86602540378443871 -52.188779545407954 28.160843772941316 11.202562483390469  1 -52.188779545407961 28.119177106274652 10.324624647586239  0.86602540378443871 -51.428463076657955 28.07751043960798 9.8856557296841263  1 -50.668146607907964 28.03584377294132 9.4466868117820102  0.86602540378443871 -49.90783013915798 27.994177106274652 9.8856557296841245  1 -49.147513670407974 27.95251043960798 10.324624647586237  0.86602540378443871 -49.147513670407974 27.910843772941316 11.202562483390469  1 -49.147513670407974 27.869177106274652 12.0805003191947  0.86602540378443871 -49.907830139157973 27.82751043960798 12.519469237096812  1 -50.668146607907964 27.785843772941316 12.958438154998927  0.86602540378443871 -51.428463076657955 27.744177106274652 12.519469237096814  1 -52.188779545407961 27.702510439607984 12.0805003191947  0.86602540378443871 -52.188779545407954 27.660843772941316 11.202562483390469  1 -52.188779545407961 27.619177106274648 10.324624647586239  0.86602540378443871 -51.428463076657955 27.57751043960798 9.8856557296841263  1 -50.668146607907964 27.535843772941313 9.4466868117820102  0.86602540378443871 -49.90783013915798 27.494177106274652 9.8856557296841245  1 -49.147513670407974 27.452510439607984 10.324624647586237  0.86602540378443871 -49.147513670407974 27.410843772941316 11.202562483390469  1 -49.147513670407974 27.369177106274648 12.0805003191947  0.86602540378443871 -49.907830139157973 27.327510439607984 12.519469237096812  1 -50.668146607907964 27.28584377294132 12.958438154998927  0.86602540378443871 -51.428463076657955 27.244177106274652 12.519469237096814  1 -52.188779545407961 27.202510439607984 12.0805003191947  0.86602540378443871 -52.188779545407954 27.16084377294132 11.202562483390469  1 -52.188779545407961 27.119177106274648 10.324624647586239  0.86602540378443871 -51.428463076657955 27.077510439607984 9.8856557296841263  1 -50.668146607907964 27.03584377294132 9.4466868117820102  0.86602540378443871 -49.90783013915798 26.994177106274648 9.8856557296841245  1 -49.147513670407974 26.952510439607984 10.324624647586237  0.86602540378443871 -49.147513670407974 26.91084377294132 11.202562483390469  1 -49.147513670407974 26.869177106274652 12.0805003191947  0.86602540378443871 -49.907830139157973 26.827510439607984 12.519469237096812  1 -50.668146607907964 26.785843772941316 12.958438154998927  0.86602540378443871 -51.428463076657955 26.744177106274648 12.519469237096814  1 -52.188779545407961 26.702510439607984 12.0805003191947  0.86602540378443871 -52.188779545407954 26.66084377294132 11.202562483390469  1 -52.188779545407961 26.619177106274652 10.324624647586239  0.86602540378443871 -51.428463076657955 26.577510439607984 9.8856557296841263  1 -50.668146607907964 26.53584377294132 9.4466868117820102  0.86602540378443871 -49.90783013915798 26.494177106274648 9.8856557296841245  1 -49.147513670407974 26.452510439607984 10.324624647586237  0.86602540378443871 -49.147513670407974 26.41084377294132 11.202562483390469  1 -49.147513670407974 26.369177106274652 12.0805003191947  0.86602540378443871 -49.907830139157973 26.327510439607984 12.519469237096812  1 -50.668146607907964 26.285843772941316 12.958438154998927  0.86602540378443871 -51.428463076657955 26.244177106274648 12.519469237096814  1 -52.188779545407961 26.202510439607984 12.0805003191947  0.86602540378443871 -52.188779545407954 26.16084377294132 11.202562483390469  1 -52.188779545407961 26.119177106274652 10.324624647586239  0.86602540378443871 -51.428463076657955 26.077510439607984 9.8856557296841263  1 -50.668146607907964 26.035843772941316 9.4466868117820102  0.86602540378443871 -49.90783013915798 25.994177106274648 9.8856557296841245  1 -49.147513670407974 25.952510439607988 10.324624647586237  0.86602540378443871 -49.147513670407974 25.91084377294132 11.202562483390469  1 -49.147513670407974 25.869177106274652 12.0805003191947  0.86602540378443871 -49.907830139157973 25.827510439607984 12.519469237096812  1 -50.668146607907964 25.78584377294132 12.958438154998927  0.86602540378443871 -51.428463076657955 25.744177106274648 12.519469237096814  1 -52.188779545407961 25.702510439607984 12.0805003191947  0.86602540378443871 -52.188779545407954 25.660843772941316 11.202562483390469  1 -52.188779545407961 25.619177106274648 10.324624647586239  0.86602540378443871 -51.428463076657955 25.577510439607984 9.8856557296841263  1 -50.668146607907964 25.53584377294132 9.4466868117820102  0.86602540378443871 -49.90783013915798 25.494177106274648 9.8856557296841245  1 -49.147513670407974 25.452510439607984 10.324624647586237  0.86602540378443871 -49.147513670407974 25.410843772941316 11.202562483390469  1 -49.147513670407974 25.369177106274645 12.0805003191947  0.86602540378443871 -49.907830139157973 25.327510439607984 12.519469237096812  1 -50.668146607907964 25.28584377294132 12.958438154998927  0.86602540378443871 -51.428463076657955 25.244177106274648 12.519469237096814  1 -52.188779545407961 25.202510439607984 12.0805003191947  0.86602540378443871 -52.188779545407954 25.160843772941316 11.202562483390469  1 -52.188779545407961 25.119177106274652 10.324624647586239  0.86602540378443871 -51.428463076657955 25.077510439607984 9.8856557296841263  1 -50.668146607907964 25.03584377294132 9.4466868117820102  0.86602540378443871 -49.90783013915798 24.994177106274652 9.8856557296841245  1 -49.147513670407974 24.95251043960798 10.324624647586237  0.86602540378443871 -49.147513670407974 24.910843772941316 11.202562483390469  1 -49.147513670407974 24.869177106274652 12.0805003191947  0.86602540378443871 -49.907830139157973 24.827510439607984 12.519469237096812  1 -50.668146607907964 24.785843772941316 12.958438154998927  0.86602540378443871 -51.428463076657955 24.744177106274652 12.519469237096814  1 -52.188779545407961 24.702510439607984 12.0805003191947  0.86602540378443871 -52.188779545407954 24.660843772941316 11.202562483390469  1 -52.188779545407961 24.619177106274655 10.324624647586239  0.86602540378443871 -51.428463076657955 24.577510439607984 9.8856557296841263  1 -50.668146607907964 24.535843772941316 9.4466868117820102  0.86602540378443871 -49.90783013915798 24.494177106274652 9.8856557296841245  1 -49.147513670407974 24.452510439607984 10.324624647586237  0.86602540378443871 -49.147513670407974 24.410843772941316 11.202562483390469  1 
-49.147513670407974 32.34834377294132 11.202562483390469  1 -49.147513670407974 32.306677106274648 12.0805003191947  0.86602540378443871 -49.907830139157973 32.265010439607984 12.519469237096812  1 -50.668146607907964 32.223343772941327 12.958438154998927  0.86602540378443871 -51.428463076657955 32.181677106274648 12.519469237096814  1 -52.188779545407961 32.140010439607984 12.0805003191947  0.86602540378443871 -52.188779545407954 32.09834377294132 11.202562483390469  1 -52.188779545407961 32.056677106274655 10.324624647586239  0.86602540378443871 -51.428463076657955 32.015010439607984 9.8856557296841263  1 -50.668146607907964 31.973343772941313 9.4466868117820102  0.86602540378443871 -49.90783013915798 31.931677106274648 9.8856557296841245  1 -49.147513670407974 31.890010439607984 10.324624647586237  0.86602540378443871 -49.147513670407974 31.848343772941316 11.202562483390469  1 -49.147513670407974 31.806677106274652 12.0805003191947  0.86602540378443871 -49.907830139157973 31.765010439607984 12.519469237096812  1 -50.668146607907964 31.72334377294132 12.958438154998927  0.86602540378443871 -51.428463076657955 31.681677106274648 12.519469237096814  1 -52.188779545407961 31.640010439607995 12.0805003191947  0.86602540378443871 -52.188779545407954 31.598343772941316 11.202562483390469  1 -52.188779545407961 31.556677106274655 10.324624647586239  0.86602540378443871 -51.428463076657955 31.515010439607984 9.8856557296841263  1 -50.668146607907964 31.473343772941316 9.4466868117820102  0.86602540378443871 -49.90783013915798 31.431677106274648 9.8856557296841245  1 -49.147513670407974 31.390010439607991 10.324624647586237  0.86602540378443871 -49.147513670407974 31.348343772941316 11.202562483390469  1 -49.147513670407974 31.306677106274652 12.0805003191947  0.86602540378443871 -49.907830139157973 31.265010439607984 12.519469237096812  1 -50.668146607907964 31.223343772941313 12.958438154998927  0.86602540378443871 -51.428463076657955 31.181677106274652 12.519469237096814  1 -52.188779545407961 31.140010439607984 12.0805003191947  0.86602540378443871 -52.188779545407954 31.098343772941316 11.202562483390469  1 -52.188779545407961 31.056677106274652 10.324624647586239  0.86602540378443871 -51.428463076657955 31.015010439607984 9.8856557296841263  1 -50.668146607907964 30.973343772941316 9.4466868117820102  0.86602540378443871 -49.90783013915798 30.931677106274648 9.8856557296841245  1 -49.147513670407974 30.890010439607988 10.324624647586237  0.86602540378443871 -49.147513670407974 30.848343772941316 11.202562483390469  1 -49.147513670407974 30.806677106274648 12.0805003191947  0.86602540378443871 -49.907830139157973 30.765010439607984 12.519469237096812  1 -50.668146607907964 30.723343772941313 12.958438154998927  0.86602540378443871 -51.428463076657955 30.681677106274648 12.519469237096814  1 -52.188779545407961 30.640010439607984 12.0805003191947  0.86602540378443871 -52.188779545407954 30.598343772941316 11.202562483390469  1 -52.188779545407961 30.556677106274648 10.324624647586239  0.86602540378443871 -51.428463076657955 30.515010439607984 9.8856557296841263  1 -50.668146607907964 30.473343772941309 9.4466868117820102  0.86602540378443871 -49.90783013915798 30.431677106274648 9.8856557296841245  1 -49.147513670407974 30.390010439607984 10.324624647586237  0.86602540378443871 -49.147513670407974 30.348343772941316 11.202562483390469  1 -49.147513670407974 30.306677106274648 12.0805003191947  0.86602540378443871 -49.907830139157973 30.265010439607984 12.519469237096812  1 -50.668146607907964 30.22334377294132 12.958438154998927  0.86602540378443871 -51.428463076657955 30.181677106274648 12.519469237096814  1 -52.188779545407961 30.140010439607984 12.0805003191947  0.86602540378443871 -52.188779545407954 30.09834377294132 11.202562483390469  1 -52.188779545407961 30.056677106274645 10.324624647586239  0.86602540378443871 -51.428463076657955 30.015010439607984 9.8856557296841263  1 -50.668146607907964 29.973343772941316 9.4466868117820102  0.86602540378443871 -49.90783013915798 29.931677106274648 9.8856557296841245  1 -49.147513670407974 29.89001043960798 10.324624647586237  0.86602540378443871 -49.147513670407974 29.84834377294132 11.202562483390469  1 -49.147513670407974 29.806677106274648 12.0805003191947  0.86602540378443871 -49.907830139157973 29.765010439607984 12.519469237096812  1 -50.668146607907964 29.72334377294132 12.958438154998927  0.86602540378443871 -51.428463076657955 29.681677106274648 12.519469237096814  1 -52.188779545407961 29.640010439607984 12.0805003191947  0.86602540378443871 -52.188779545407954 29.598343772941316 11.202562483390469  1 -52.188779545407961 29.556677106274652 10.324624647586239  0.86602540378443871 -51.428463076657955 29.515010439607984 9.8856557296841263  1 -50.668146607907964 29.473343772941316 9.4466868117820102  0.86602540378443871 -49.90783013915798 29.431677106274652 9.8856557296841245  1 -49.147513670407974 29.390010439607984 10.324624647586237  0.86602540378443871 -49.147513670407974 29.348343772941316 11.202562483390469  1 -49.147513670407974 29.306677106274648 12.0805003191947  0.86602540378443871 -49.907830139157973 29.265010439607984 12.519469237096812  1 -50.668146607907964 29.223343772941316 12.958438154998927  0.86602540378443871 -51.428463076657955 29.181677106274652 12.519469237096814  1 -52.188779545407961 29.140010439607984 12.0805003191947  0.86602540378443871 -52.188779545407954 29.098343772941316 11.202562483390469  1 -52.188779545407961 29.056677106274652 10.324624647586239  0.86602540378443871 -51.428463076657955 29.015010439607984 9.8856557296841263  1 -50.668146607907964 28.97334377294132 9.4466868117820102  0.86602540378443871 -49.90783013915798 28.931677106274652 9.8856557296841245  1 -49.147513670407974 28.890010439607984 10.324624647586237  0.86602540378443871 -49.147513670407974 28.848343772941316 11.202562483390469  1 -49.147513670407974 28.806677106274652 12.0805003191947  0.86602540378443871 -49.907830139157973 28.765010439607984 12.519469237096812  1 -50.668146607907964 28.72334377294132 12.958438154998927  0.86602540378443871 -51.428463076657955 28.681677106274652 12.519469237096814  1 -52.188779545407961 28.640010439607984 12.0805003191947  0.86602540378443871 -52.188779545407954 28.598343772941316 11.202562483390469  1 -52.188779545407961 28.556677106274648 10.324624647586239  0.86602540378443871 -51.428463076657955 28.515010439607984 9.8856557296841263  1 -50.668146607907964 28.473343772941316 9.4466868117820102  0.86602540378443871 -49.90783013915798 28.431677106274652 9.8856557296841245  1 -49.147513670407974 28.39001043960798 10.324624647586237  0.86602540378443871 -49.147513670407974 28.348343772941316 11.202562483390469  1 -49.147513670407974 28.306677106274655 12.0805003191947  0.86602540378443871 -49.907830139157973 28.26501043960798 12.519469237096812  1 -50.668146607907964 28.22334377294132 12.958438154998927  0.86602540378443871 -51.428463076657955 28.181677106274652 12.519469237096814  1 -52.188779545407961 28.14001043960798 12.0805003191947  0.86602540378443871 -52.188779545407954 28.098343772941316 11.202562483390469  1 -52.188779545407961 28.056677106274652 10.324624647586239  0.86602540378443871 -51.428463076657955 28.01501043960798 9.8856557296841263  1 -50.668146607907964 27.973343772941316 9.4466868117820102  0.86602540378443871 -49.90783013915798 27.931677106274652 9.8856557296841245  1 -49.147513670407974 27.890010439607984 10.324624647586237  0.86602540378443871 -49.147513670407974 27.848343772941316 11.202562483390469  1 -49.147513670407974 27.806677106274648 12.0805003191947  0.86602540378443871 -49.907830139157973 27.76501043960798 12.519469237096812  1 -50.668146607907964 27.723343772941313 12.958438154998927  0.86602540378443871 -51.428463076657955 27.681677106274652 12.519469237096814  1 -52.188779545407961 27.640010439607984 12.0805003191947  0.86602540378443871 -52.188779545407954 27.598343772941316 11.202562483390469  1 -52.188779545407961 27.556677106274652 10.324624647586239  0.86602540378443871 -51.428463076657955 27.51501043960798 9.8856557296841263  1 -50.668146607907964 27.473343772941316 9.4466868117820102  0.86602540378443871 -49.90783013915798 27.431677106274652 9.8856557296841245  1 -49.147513670407974 27.390010439607984 10.324624647586237  0.86602540378443871 -49.147513670407974 27.348343772941316 11.202562483390469  1 -49.147513670407974 27.306677106274648 12.0805003191947  0.86602540378443871 -49.907830139157973 27.265010439607984 12.519469237096812  1 -50.668146607907964 27.223343772941316 12.958438154998927  0.86602540378443871 -51.428463076657955 27.181677106274652 12.519469237096814  1 -52.188779545407961 27.140010439607984 12.0805003191947  0.86602540378443871 -52.188779545407954 27.09834377294132 11.202562483390469  1 -52.188779545407961 27.056677106274645 10.324624647586239  0.86602540378443871 -51.428463076657955 27.015010439607984 9.8856557296841263  1 -50.668146607907964 26.97334377294132 9.4466868117820102  0.86602540378443871 -49.90783013915798 26.931677106274648 9.8856557296841245  1 -49.147513670407974 26.890010439607984 10.324624647586237  0.86602540378443871 -49.147513670407974 26.84834377294132 11.202562483390469  1 -49.147513670407974 26.806677106274652 12.0805003191947  0.86602540378443871 -49.907830139157973 26.765010439607984 12.519469237096812  1 -50.668146607907964 26.72334377294132 12.958438154998927  0.86602540378443871 -51.428463076657955 26.681677106274648 12.519469237096814  1 -52.188779545407961 26.64001043960798 12.0805003191947  0.86602540378443871 -52.188779545407954 26.59834377294132 11.202562483390469  1 -52.188779545407961 26.556677106274648 10.324624647586239  0.86602540378443871 -51.428463076657955 26.515010439607984 9.8856557296841263  1 -50.668146607907964 26.473343772941316 9.4466868117820102  0.86602540378443871 -49.90783013915798 26.431677106274648 9.8856557296841245  1 -49.147513670407974 26.390010439607984 10.324624647586237  0.86602540378443871 -49.147513670407974 26.34834377294132 11.202562483390469  1 -49.147513670407974 26.306677106274655 12.0805003191947  0.86602540378443871 -49.907830139157973 26.265010439607984 12.519469237096812  1 -50.668146607907964 26.223343772941316 12.958438154998927  0.86602540378443871 -51.428463076657955 26.181677106274648 12.519469237096814  1 -52.188779545407961 26.140010439607984 12.0805003191947  0.86602540378443871 -52.188779545407954 26.09834377294132 11.202562483390469  1 -52.188779545407961 26.056677106274652 10.324624647586239  0.86602540378443871 -51.428463076657955 26.015010439607984 9.8856557296841263  1 -50.668146607907964 25.97334377294132 9.4466868117820102  0.86602540378443871 -49.90783013915798 25.931677106274648 9.8856557296841245  1 -49.147513670407974 25.890010439607984 10.324624647586237  0.86602540378443871 -49.147513670407974 25.84834377294132 11.202562483390469  1 -49.147513670407974 25.806677106274648 12.0805003191947  0.86602540378443871 -49.907830139157973 25.765010439607984 12.519469237096812  1 -50.668146607907964 25.723343772941316 12.958438154998927  0.86602540378443871 -51.428463076657955 25.681677106274648 12.519469237096814  1 -52.188779545407961 25.640010439607988 12.0805003191947  0.86602540378443871 -52.188779545407954 25.598343772941316 11.202562483390469  1 -52.188779545407961 25.556677106274652 10.324624647586239  0.86602540378443871 -51.428463076657955 25.515010439607984 9.8856557296841263  1 -50.668146607907964 25.47334377294132 9.4466868117820102  0.86602540378443871 -49.90783013915798 25.431677106274648 9.8856557296841245  1 -49.147513670407974 25.390010439607984 10.324624647586237  0.86602540378443871 -49.147513670407974 25.348343772941316 11.202562483390469  1 -49.147513670407974 25.306677106274652 12.0805003191947  0.86602540378443871 -49.907830139157973 25.265010439607984 12.519469237096812  1 -50.668146607907964 25.22334377294132 12.958438154998927  0.86602540378443871 -51.428463076657955 25.181677106274648 12.519469237096814  1 -52.188779545407961 25.14001043960798 12.0805003191947  0.86602540378443871 -52.188779545407954 25.098343772941316 11.202562483390469  1 -52.188779545407961 25.056677106274648 10.324624647586239  0.86602540378443871 -51.428463076657955 25.015010439607984 9.8856557296841263  1 -50.668146607907964 24.97334377294132 9.4466868117820102  0.86602540378443871 -49.90783013915798 24.931677106274652 9.8856557296841245  1 -49.147513670407974 24.890010439607984 10.324624647586237  0.86602540378443871 -49.147513670407974 24.848343772941316 11.202562483390469  1 -49.147513670407974 24.806677106274655 12.0805003191947  0.86602540378443871 -49.907830139157973 24.765010439607984 12.519469237096812  1 -50.668146607907964 24.723343772941316 12.958438154998927  0.86602540378443871 -51.428463076657955 24.681677106274652 12.519469237096814  1 -52.188779545407961 24.640010439607984 12.0805003191947  0.86602540378443871 -52.188779545407954 24.598343772941316 11.202562483390469  1 -52.188779545407961 24.556677106274652 10.324624647586239  0.86602540378443871 -51.428463076657955 24.515010439607984 9.8856557296841263  1 -50.668146607907964 24.473343772941316 9.4466868117820102  0.86602540378443871 -49.90783013915798 24.431677106274652 9.8856557296841245  1 -49.147513670407974 24.390010439607988 10.324624647586237  0.86602540378443871 -49.147513670407974 24.348343772941316 11.202562483390469  1 

0 2
1 2

0 3
0.010416666666666666 2
0.020833333333333332 2
0.03125 2
0.041666666666666664 2
0.052083333333333336 2
0.0625 2
0.072916666666666671 2
0.083333333333333329 2
0.09375 2
0.10416666666666667 2
0.11458333333333333 2
0.125 2
0.13541666666666666 2
0.14583333333333334 2
0.15625 2
0.16666666666666666 2
0.17708333333333334 2
0.1875 2
0.19791666666666666 2
0.20833333333333334 2
0.21875 2
0.22916666666666666 2
0.23958333333333334 2
0.25 2
0.26041666666666669 2
0.27083333333333331 2
0.28125 2
0.29166666666666669 2
0.30208333333333331 2
0.3125 2
0.32291666666666669 2
0.33333333333333331 2
0.34375 2
0.35416666666666669 2
0.36458333333333331 2
0.375 2
0.38541666666666669 2
0.39583333333333331 2
0.40625 2
0.41666666666666669 2
0.42708333333333331 2
0.4375 2
0.44791666666666669 2
0.45833333333333331 2
0.46875 2
0.47916666666666669 2
0.48958333333333331 2
0.5 2
0.51041666666666663 2
0.52083333333333337 2
0.53125 2
0.54166666666666663 2
0.55208333333333337 2
0.5625 2
0.57291666666666663 2
0.58333333333333337 2
0.59375 2
0.60416666666666663 2
0.61458333333333337 2
0.625 2
0.63541666666666663 2
0.64583333333333337 2
0.65625 2
0.66666666666666663 2
0.67708333333333337 2
0.6875 2
0.69791666666666663 2
0.70833333333333337 2
0.71875 2
0.72916666666666663 2
0.73958333333333337 2
0.75 2
0.76041666666666663 2
0.77083333333333337 2
0.78125 2
0.79166666666666663 2
0.80208333333333337 2
0.8125 2
0.82291666666666663 2
0.83333333333333337 2
0.84375 2
0.85416666666666663 2
0.86458333333333337 2
0.875 2
0.88541666666666663 2
0.89583333333333337 2
0.90625 2
0.91666666666666663 2
0.92708333333333337 2
0.9375 2
0.94791666666666663 2
0.95833333333333337 2
0.96875 2
0.97916666666666663 2
0.98958333333333337 2
1 3

2 -50.668146607907964 30.967093772258515 11.202562483390466 -0 1 -0 0 0 1 1 0 -0 1.2499999999999871
9 1 0 0 0 1 2 2 193 2 97 -49.147513670407974 32.34834377294132 11.202562483390469  1 -49.147513670407974 32.306677106274648 12.0805003191947  0.86602540378443871 -49.907830139157973 32.265010439607984 12.519469237096812  1 -50.668146607907964 32.223343772941327 12.958438154998927  0.86602540378443871 -51.428463076657955 32.181677106274648 12.519469237096814  1 -52.188779545407961 32.140010439607984 12.0805003191947  0.86602540378443871 -52.188779545407954 32.09834377294132 11.202562483390469  1 -52.188779545407961 32.056677106274655 10.324624647586239  0.86602540378443871 -51.428463076657955 32.015010439607984 9.8856557296841263  1 -50.668146607907964 31.973343772941313 9.4466868117820102  0.86602540378443871 -49.90783013915798 31.931677106274648 9.8856557296841245  1 -49.147513670407974 31.890010439607984 10.324624647586237  0.86602540378443871 -49.147513670407974 31.848343772941316 11.202562483390469  1 -49.147513670407974 31.806677106274652 12.0805003191947  0.86602540378443871 -49.907830139157973 31.765010439607984 12.519469237096812  1 -50.668146607907964 31.72334377294132 12.958438154998927  0.86602540378443871 -51.428463076657955 31.681677106274648 12.519469237096814  1 -52.188779545407961 31.640010439607995 12.0805003191947  0.86602540378443871 -52.188779545407954 31.598343772941316 11.202562483390469  1 -52.188779545407961 31.556677106274655 10.324624647586239  0.86602540378443871 -51.428463076657955 31.515010439607984 9.8856557296841263  1 -50.668146607907964 31.473343772941316 9.4466868117820102  0.86602540378443871 -49.90783013915798 31.431677106274648 9.8856557296841245  1 -49.147513670407974 31.390010439607991 10.324624647586237  0.86602540378443871 -49.147513670407974 31.348343772941316 11.202562483390469  1 -49.147513670407974 31.306677106274652 12.0805003191947  0.86602540378443871 -49.907830139157973 31.265010439607984 12.519469237096812  1 -50.668146607907964 31.223343772941313 12.958438154998927  0.86602540378443871 -51.428463076657955 31.181677106274652 12.519469237096814  1 -52.188779545407961 31.140010439607984 12.0805003191947  0.86602540378443871 -52.188779545407954 31.098343772941316 11.202562483390469  1 -52.188779545407961 31.056677106274652 10.324624647586239  0.86602540378443871 -51.428463076657955 31.015010439607984 9.8856557296841263  1 -50.668146607907964 30.973343772941316 9.4466868117820102  0.86602540378443871 -49.90783013915798 30.931677106274648 9.8856557296841245  1 -49.147513670407974 30.890010439607988 10.324624647586237  0.86602540378443871 -49.147513670407974 30.848343772941316 11.202562483390469  1 -49.147513670407974 30.806677106274648 12.0805003191947  0.86602540378443871 -49.907830139157973 30.765010439607984 12.519469237096812  1 -50.668146607907964 30.723343772941313 12.958438154998927  0.86602540378443871 -51.428463076657955 30.681677106274648 12.519469237096814  1 -52.188779545407961 30.640010439607984 12.0805003191947  0.86602540378443871 -52.188779545407954 30.598343772941316 11.202562483390469  1 -52.188779545407961 30.556677106274648 10.324624647586239  0.86602540378443871 -51.428463076657955 30.515010439607984 9.8856557296841263  1 -50.668146607907964 30.473343772941309 9.4466868117820102  0.86602540378443871 -49.90783013915798 30.431677106274648 9.8856557296841245  1 -49.147513670407974 30.390010439607984 10.324624647586237  0.86602540378443871 -49.147513670407974 30.348343772941316 11.202562483390469  1 -49.147513670407974 30.306677106274648 12.0805003191947  0.86602540378443871 -49.907830139157973 30.265010439607984 12.519469237096812  1 -50.668146607907964 30.22334377294132 12.958438154998927  0.86602540378443871 -51.428463076657955 30.181677106274648 12.519469237096814  1 -52.188779545407961 30.140010439607984 12.0805003191947  0.86602540378443871 -52.188779545407954 30.09834377294132 11.202562483390469  1 -52.188779545407961 30.056677106274645 10.324624647586239  0.86602540378443871 -51.428463076657955 30.015010439607984 9.8856557296841263  1 -50.668146607907964 29.973343772941316 9.4466868117820102  0.86602540378443871 -49.90783013915798 29.931677106274648 9.8856557296841245  1 -49.147513670407974 29.89001043960798 10.324624647586237  0.86602540378443871 -49.147513670407974 29.84834377294132 11.202562483390469  1 -49.147513670407974 29.806677106274648 12.0805003191947  0.86602540378443871 -49.907830139157973 29.765010439607984 12.519469237096812  1 -50.668146607907964 29.72334377294132 12.958438154998927  0.86602540378443871 -51.428463076657955 29.681677106274648 12.519469237096814  1 -52.188779545407961 29.640010439607984 12.0805003191947  0.86602540378443871 -52.188779545407954 29.598343772941316 11.202562483390469  1 -52.188779545407961 29.556677106274652 10.324624647586239  0.86602540378443871 -51.428463076657955 29.515010439607984 9.8856557296841263  1 -50.668146607907964 29.473343772941316 9.4466868117820102  0.86602540378443871 -49.90783013915798 29.431677106274652 9.8856557296841245  1 -49.147513670407974 29.390010439607984 10.324624647586237  0.86602540378443871 -49.147513670407974 29.348343772941316 11.202562483390469  1 -49.147513670407974 29.306677106274648 12.0805003191947  0.86602540378443871 -49.907830139157973 29.265010439607984 12.519469237096812  1 -50.668146607907964 29.223343772941316 12.958438154998927  0.86602540378443871 -51.428463076657955 29.181677106274652 12.519469237096814  1 -52.188779545407961 29.140010439607984 12.0805003191947  0.86602540378443871 -52.188779545407954 29.098343772941316 11.202562483390469  1 -52.188779545407961 29.056677106274652 10.324624647586239  0.86602540378443871 -51.428463076657955 29.015010439607984 9.8856557296841263  1 -50.668146607907964 28.97334377294132 9.4466868117820102  0.86602540378443871 -49.90783013915798 28.931677106274652 9.8856557296841245  1 -49.147513670407974 28.890010439607984 10.324624647586237  0.86602540378443871 -49.147513670407974 28.848343772941316 11.202562483390469  1 -49.147513670407974 28.806677106274652 12.0805003191947  0.86602540378443871 -49.907830139157973 28.765010439607984 12.519469237096812  1 -50.668146607907964 28.72334377294132 12.958438154998927  0.86602540378443871 -51.428463076657955 28.681677106274652 12.519469237096814  1 -52.188779545407961 28.640010439607984 12.0805003191947  0.86602540378443871 -52.188779545407954 28.598343772941316 11.202562483390469  1 -52.188779545407961 28.556677106274648 10.324624647586239  0.86602540378443871 -51.428463076657955 28.515010439607984 9.8856557296841263  1 -50.668146607907964 28.473343772941316 9.4466868117820102  0.86602540378443871 -49.90783013915798 28.431677106274652 9.8856557296841245  1 -49.147513670407974 28.39001043960798 10.324624647586237  0.86602540378443871 -49.147513670407974 28.348343772941316 11.202562483390469  1 -49.147513670407974 28.306677106274655 12.0805003191947  0.86602540378443871 -49.907830139157973 28.26501043960798 12.519469237096812  1 -50.668146607907964 28.22334377294132 12.958438154998927  0.86602540378443871 -51.428463076657955 28.181677106274652 12.519469237096814  1 -52.188779545407961 28.14001043960798 12.0805003191947  0.86602540378443871 -52.188779545407954 28.098343772941316 11.202562483390469  1 -52.188779545407961 28.056677106274652 10.324624647586239  0.86602540378443871 -51.428463076657955 28.01501043960798 9.8856557296841263  1 -50.668146607907964 27.973343772941316 9.4466868117820102  0.86602540378443871 -49.90783013915798 27.931677106274652 9.8856557296841245  1 -49.147513670407974 27.890010439607984 10.324624647586237  0.86602540378443871 -49.147513670407974 27.848343772941316 11.202562483390469  1 -49.147513670407974 27.806677106274648 12.0805003191947  0.86602540378443871 -49.907830139157973 27.76501043960798 12.519469237096812  1 -50.668146607907964 27.723343772941313 12.958438154998927  0.86602540378443871 -51.428463076657955 27.681677106274652 12.519469237096814  1 -52.188779545407961 27.640010439607984 12.0805003191947  0.86602540378443871 -52.188779545407954 27.598343772941316 11.202562483390469  1 -52.188779545407961 27.556677106274652 10.324624647586239  0.86602540378443871 -51.428463076657955 27.51501043960798 9.8856557296841263  1 -50.668146607907964 27.473343772941316 9.4466868117820102  0.86602540378443871 -49.90783013915798 27.431677106274652 9.8856557296841245  1 -49.147513670407974 27.390010439607984 10.324624647586237  0.86602540378443871 -49.147513670407974 27.348343772941316 11.202562483390469  1 -49.147513670407974 27.306677106274648 12.0805003191947  0.86602540378443871 -49.907830139157973 27.265010439607984 12.519469237096812  1 -50.668146607907964 27.223343772941316 12.958438154998927  0.86602540378443871 -51.428463076657955 27.181677106274652 12.519469237096814  1 -52.188779545407961 27.140010439607984 12.0805003191947  0.86602540378443871 -52.188779545407954 27.09834377294132 11.202562483390469  1 -52.188779545407961 27.056677106274645 10.324624647586239  0.86602540378443871 -51.428463076657955 27.015010439607984 9.8856557296841263  1 -50.668146607907964 26.97334377294132 9.4466868117820102  0.86602540378443871 -49.90783013915798 26.931677106274648 9.8856557296841245  1 -49.147513670407974 26.890010439607984 10.324624647586237  0.86602540378443871 -49.147513670407974 26.84834377294132 11.202562483390469  1 -49.147513670407974 26.806677106274652 12.0805003191947  0.86602540378443871 -49.907830139157973 26.765010439607984 12.519469237096812  1 -50.668146607907964 26.72334377294132 12.958438154998927  0.86602540378443871 -51.428463076657955 26.681677106274648 12.519469237096814  1 -52.188779545407961 26.64001043960798 12.0805003191947  0.86602540378443871 -52.188779545407954 26.59834377294132 11.202562483390469  1 -52.188779545407961 26.556677106274648 10.324624647586239  0.86602540378443871 -51.428463076657955 26.515010439607984 9.8856557296841263  1 -50.668146607907964 26.473343772941316 9.4466868117820102  0.86602540378443871 -49.90783013915798 26.431677106274648 9.8856557296841245  1 -49.147513670407974 26.390010439607984 10.324624647586237  0.86602540378443871 -49.147513670407974 26.34834377294132 11.202562483390469  1 -49.147513670407974 26.306677106274655 12.0805003191947  0.86602540378443871 -49.907830139157973 26.265010439607984 12.519469237096812  1 -50.668146607907964 26.223343772941316 12.958438154998927  0.86602540378443871 -51.428463076657955 26.181677106274648 12.519469237096814  1 -52.188779545407961 26.140010439607984 12.0805003191947  0.86602540378443871 -52.188779545407954 26.09834377294132 11.202562483390469  1 -52.188779545407961 26.056677106274652 10.324624647586239  0.86602540378443871 -51.428463076657955 26.015010439607984 9.8856557296841263  1 -50.668146607907964 25.97334377294132 9.4466868117820102  0.86602540378443871 -49.90783013915798 25.931677106274648 9.8856557296841245  1 -49.147513670407974 25.890010439607984 10.324624647586237  0.86602540378443871 -49.147513670407974 25.84834377294132 11.202562483390469  1 -49.147513670407974 25.806677106274648 12.0805003191947  0.86602540378443871 -49.907830139157973 25.765010439607984 12.519469237096812  1 -50.668146607907964 25.723343772941316 12.958438154998927  0.86602540378443871 -51.428463076657955 25.681677106274648 12.519469237096814  1 -52.188779545407961 25.640010439607988 12.0805003191947  0.86602540378443871 -52.188779545407954 25.598343772941316 11.202562483390469  1 -52.188779545407961 25.556677106274652 10.324624647586239  0.86602540378443871 -51.428463076657955 25.515010439607984 9.8856557296841263  1 -50.668146607907964 25.47334377294132 9.4466868117820102  0.86602540378443871 -49.90783013915798 25.431677106274648 9.8856557296841245  1 -49.147513670407974 25.390010439607984 10.324624647586237  0.86602540378443871 -49.147513670407974 25.348343772941316 11.202562483390469  1 -49.147513670407974 25.306677106274652 12.0805003191947  0.86602540378443871 -49.907830139157973 25.265010439607984 12.519469237096812  1 -50.668146607907964 25.22334377294132 12.958438154998927  0.86602540378443871 -51.428463076657955 25.181677106274648 12.519469237096814  1 -52.188779545407961 25.14001043960798 12.0805003191947  0.86602540378443871 -52.188779545407954 25.098343772941316 11.202562483390469  1 -52.188779545407961 25.056677106274648 10.324624647586239  0.86602540378443871 -51.428463076657955 25.015010439607984 9.8856557296841263  1 -50.668146607907964 24.97334377294132 9.4466868117820102  0.86602540378443871 -49.90783013915798 24.931677106274652 9.8856557296841245  1 -49.147513670407974 24.890010439607984 10.324624647586237  0.86602540378443871 -49.147513670407974 24.848343772941316 11.202562483390469  1 -49.147513670407974 24.806677106274655 12.0805003191947  0.86602540378443871 -49.907830139157973 24.765010439607984 12.519469237096812  1 -50.668146607907964 24.723343772941316 12.958438154998927  0.86602540378443871 -51.428463076657955 24.681677106274652 12.519469237096814  1 -52.188779545407961 24.640010439607984 12.0805003191947  0.86602540378443871 -52.188779545407954 24.598343772941316 11.202562483390469  1 -52.188779545407961 24.556677106274652 10.324624647586239  0.86602540378443871 -51.428463076657955 24.515010439607984 9.8856557296841263  1 -50.668146607907964 24.473343772941316 9.4466868117820102  0.86602540378443871 -49.90783013915798 24.431677106274652 9.8856557296841245  1 -49.147513670407974 24.390010439607988 10.324624647586237  0.86602540378443871 -49.147513670407974 24.348343772941316 11.202562483390469  1 
-49.418146607907978 32.192093773624116 11.202562483390469  1 -49.418146607907978 32.150427106957451 11.924250319877492  0.86602540378443871 -50.043146607907971 32.108760440290773 12.285094238121008  1 -50.668146607907964 32.067093773624116 12.645938156364521  0.86602540378443871 -51.293146607907957 32.025427106957451 12.285094238121008  1 -51.918146607907957 31.983760440290784 11.924250319877492  0.86602540378443871 -51.918146607907957 31.942093773624116 11.202562483390469  1 -51.918146607907957 31.900427106957448 10.480874646903443  0.86602540378443871 -51.293146607907957 31.858760440290776 10.12003072865993  1 -50.668146607907964 31.817093773624116 9.7591868104164163  0.86602540378443871 -50.043146607907971 31.775427106957451 10.12003072865993  1 -49.418146607907978 31.733760440290776 10.480874646903443  0.86602540378443871 -49.418146607907978 31.692093773624112 11.202562483390469  1 -49.418146607907978 31.650427106957455 11.924250319877492  0.86602540378443871 -50.043146607907971 31.608760440290784 12.285094238121008  1 -50.668146607907964 31.567093773624112 12.645938156364521  0.86602540378443871 -51.293146607907957 31.525427106957451 12.285094238121008  1 -51.918146607907957 31.48376044029078 11.924250319877492  0.86602540378443871 -51.918146607907957 31.442093773624112 11.202562483390469  1 -51.918146607907957 31.400427106957451 10.480874646903443  0.86602540378443871 -51.293146607907957 31.358760440290784 10.12003072865993  1 -50.668146607907964 31.317093773624112 9.7591868104164163  0.86602540378443871 -50.043146607907971 31.275427106957451 10.12003072865993  1 -49.418146607907978 31.233760440290784 10.480874646903443  0.86602540378443871 -49.418146607907978 31.192093773624112 11.202562483390469  1 -49.418146607907978 31.150427106957448 11.924250319877492  0.86602540378443871 -50.043146607907971 31.108760440290784 12.285094238121008  1 -50.668146607907964 31.067093773624112 12.645938156364521  0.86602540378443871 -51.293146607907957 31.025427106957448 12.285094238121008  1 -51.918146607907957 30.983760440290784 11.924250319877492  0.86602540378443871 -51.918146607907957 30.942093773624112 11.202562483390469  1 -51.918146607907957 30.900427106957448 10.480874646903443  0.86602540378443871 -51.293146607907957 30.858760440290784 10.12003072865993  1 -50.668146607907964 30.817093773624109 9.7591868104164163  0.86602540378443871 -50.043146607907971 30.775427106957448 10.12003072865993  1 -49.418146607907978 30.73376044029078 10.480874646903443  0.86602540378443871 -49.418146607907978 30.692093773624112 11.202562483390469  1 -49.418146607907978 30.650427106957444 11.924250319877492  0.86602540378443871 -50.043146607907971 30.60876044029078 12.285094238121008  1 -50.668146607907964 30.567093773624116 12.645938156364521  0.86602540378443871 -51.293146607907957 30.525427106957448 12.285094238121008  1 -51.918146607907957 30.483760440290784 11.924250319877492  0.86602540378443871 -51.918146607907957 30.442093773624112 11.202562483390469  1 -51.918146607907957 30.400427106957444 10.480874646903443  0.86602540378443871 -51.293146607907957 30.35876044029078 10.12003072865993  1 -50.668146607907964 30.317093773624116 9.7591868104164163  0.86602540378443871 -50.043146607907971 30.275427106957448 10.12003072865993  1 -49.418146607907978 30.23376044029078 10.480874646903443  0.86602540378443871 -49.418146607907978 30.192093773624112 11.202562483390469  1 -49.418146607907978 30.150427106957451 11.924250319877492  0.86602540378443871 -50.043146607907971 30.10876044029078 12.285094238121008  1 -50.668146607907964 30.067093773624112 12.645938156364521  0.86602540378443871 -51.293146607907957 30.025427106957448 12.285094238121008  1 -51.918146607907957 29.98376044029078 11.924250319877492  0.86602540378443871 -51.918146607907957 29.942093773624116 11.202562483390469  1 -51.918146607907957 29.900427106957448 10.480874646903443  0.86602540378443871 -51.293146607907957 29.85876044029078 10.12003072865993  1 -50.668146607907964 29.817093773624119 9.7591868104164163  0.86602540378443871 -50.043146607907971 29.775427106957448 10.12003072865993  1 -49.418146607907978 29.733760440290787 10.480874646903443  0.86602540378443871 -49.418146607907978 29.692093773624116 11.202562483390469  1 -49.418146607907978 29.650427106957448 11.924250319877492  0.86602540378443871 -50.043146607907971 29.60876044029078 12.285094238121008  1 -50.668146607907964 29.567093773624116 12.645938156364521  0.86602540378443871 -51.293146607907957 29.525427106957448 12.285094238121008  1 -51.918146607907957 29.483760440290784 11.924250319877492  0.86602540378443871 -51.918146607907957 29.442093773624116 11.202562483390469  1 -51.918146607907957 29.400427106957448 10.480874646903443  0.86602540378443871 -51.293146607907957 29.35876044029078 10.12003072865993  1 -50.668146607907964 29.317093773624119 9.7591868104164163  0.86602540378443871 -50.043146607907971 29.275427106957448 10.12003072865993  1 -49.418146607907978 29.23376044029078 10.480874646903443  0.86602540378443871 -49.418146607907978 29.192093773624116 11.202562483390469  1 -49.418146607907978 29.150427106957448 11.924250319877492  0.86602540378443871 -50.043146607907971 29.10876044029078 12.285094238121008  1 -50.668146607907964 29.067093773624119 12.645938156364521  0.86602540378443871 -51.293146607907957 29.025427106957448 12.285094238121008  1 -51.918146607907957 28.983760440290784 11.924250319877492  0.86602540378443871 -51.918146607907957 28.942093773624116 11.202562483390469  1 -51.918146607907957 28.900427106957451 10.480874646903443  0.86602540378443871 -51.293146607907957 28.85876044029078 10.12003072865993  1 -50.668146607907964 28.817093773624116 9.7591868104164163  0.86602540378443871 -50.043146607907971 28.775427106957448 10.12003072865993  1 -49.418146607907978 28.73376044029078 10.480874646903443  0.86602540378443871 -49.418146607907978 28.692093773624116 11.202562483390469  1 -49.418146607907978 28.650427106957451 11.924250319877492  0.86602540378443871 -50.043146607907971 28.60876044029078 12.285094238121008  1 -50.668146607907964 28.567093773624112 12.645938156364521  0.86602540378443871 -51.293146607907957 28.525427106957448 12.285094238121008  1 -51.918146607907957 28.48376044029078 11.924250319877492  0.86602540378443871 -51.918146607907957 28.442093773624116 11.202562483390469  1 -51.918146607907957 28.400427106957455 10.480874646903443  0.86602540378443871 -51.293146607907957 28.35876044029078 10.12003072865993  1 -50.668146607907964 28.317093773624116 9.7591868104164163  0.86602540378443871 -50.043146607907971 28.275427106957448 10.12003072865993  1 -49.418146607907978 28.233760440290776 10.480874646903443  0.86602540378443871 -49.418146607907978 28.192093773624116 11.202562483390469  1 -49.418146607907978 28.150427106957448 11.924250319877492  0.86602540378443871 -50.043146607907971 28.10876044029078 12.285094238121008  1 -50.668146607907964 28.067093773624112 12.645938156364521  0.86602540378443871 -51.293146607907957 28.025427106957448 12.285094238121008  1 -51.918146607907957 27.98376044029078 11.924250319877492  0.86602540378443871 -51.918146607907957 27.942093773624112 11.202562483390469  1 -51.918146607907957 27.900427106957448 10.480874646903443  0.86602540378443871 -51.293146607907957 27.85876044029078 10.12003072865993  1 -50.668146607907964 27.817093773624109 9.7591868104164163  0.86602540378443871 -50.043146607907971 27.775427106957448 10.12003072865993  1 -49.418146607907978 27.73376044029078 10.480874646903443  0.86602540378443871 -49.418146607907978 27.692093773624112 11.202562483390469  1 -49.418146607907978 27.650427106957448 11.924250319877492  0.86602540378443871 -50.043146607907971 27.60876044029078 12.285094238121008  1 -50.668146607907964 27.567093773624116 12.645938156364521  0.86602540378443871 -51.293146607907957 27.525427106957448 12.285094238121008  1 -51.918146607907957 27.483760440290784 11.924250319877492  0.86602540378443871 -51.918146607907957 27.442093773624112 11.202562483390469  1 -51.918146607907957 27.400427106957444 10.480874646903443  0.86602540378443871 -51.293146607907957 27.35876044029078 10.12003072865993  1 -50.668146607907964 27.317093773624112 9.7591868104164163  0.86602540378443871 -50.043146607907971 27.275427106957448 10.12003072865993  1 -49.418146607907978 27.23376044029078 10.480874646903443  0.86602540378443871 -49.418146607907978 27.192093773624112 11.202562483390469  1 -49.418146607907978 27.150427106957448 11.924250319877492  0.86602540378443871 -50.043146607907971 27.108760440290784 12.285094238121008  1 -50.668146607907964 27.067093773624119 12.645938156364521  0.86602540378443871 -51.293146607907957 27.025427106957448 12.285094238121008  1 -51.918146607907957 26.983760440290787 11.924250319877492  0.86602540378443871 -51.918146607907957 26.942093773624116 11.202562483390469  1 -51.918146607907957 26.900427106957448 10.480874646903443  0.86602540378443871 -51.293146607907957 26.858760440290784 10.12003072865993  1 -50.668146607907964 26.817093773624116 9.7591868104164163  0.86602540378443871 -50.043146607907971 26.775427106957448 10.12003072865993  1 -49.418146607907978 26.733760440290784 10.480874646903443  0.86602540378443871 -49.418146607907978 26.692093773624116 11.202562483390469  1 -49.418146607907978 26.650427106957448 11.924250319877492  0.86602540378443871 -50.043146607907971 26.60876044029078 12.285094238121008  1 -50.668146607907964 26.567093773624112 12.645938156364521  0.86602540378443871 -51.293146607907957 26.525427106957448 12.285094238121008  1 -51.918146607907957 26.48376044029078 11.924250319877492  0.86602540378443871 -51.918146607907957 26.442093773624116 11.202562483390469  1 -51.918146607907957 26.400427106957451 10.480874646903443  0.86602540378443871 -51.293146607907957 26.35876044029078 10.12003072865993  1 -50.668146607907964 26.317093773624112 9.7591868104164163  0.86602540378443871 -50.043146607907971 26.275427106957448 10.12003072865993  1 -49.418146607907978 26.233760440290784 10.480874646903443  0.86602540378443871 -49.418146607907978 26.192093773624116 11.202562483390469  1 -49.418146607907978 26.150427106957448 11.924250319877492  0.86602540378443871 -50.043146607907971 26.10876044029078 12.285094238121008  1 -50.668146607907964 26.067093773624119 12.645938156364521  0.86602540378443871 -51.293146607907957 26.025427106957448 12.285094238121008  1 -51.918146607907957 25.983760440290784 11.924250319877492  0.86602540378443871 -51.918146607907957 25.942093773624116 11.202562483390469  1 -51.918146607907957 25.900427106957444 10.480874646903443  0.86602540378443871 -51.293146607907957 25.85876044029078 10.12003072865993  1 -50.668146607907964 25.817093773624116 9.7591868104164163  0.86602540378443871 -50.043146607907971 25.775427106957448 10.12003072865993  1 -49.418146607907978 25.733760440290784 10.480874646903443  0.86602540378443871 -49.418146607907978 25.692093773624116 11.202562483390469  1 -49.418146607907978 25.650427106957451 11.924250319877492  0.86602540378443871 -50.043146607907971 25.60876044029078 12.285094238121008  1 -50.668146607907964 25.567093773624119 12.645938156364521  0.86602540378443871 -51.293146607907957 25.525427106957448 12.285094238121008  1 -51.918146607907957 25.48376044029078 11.924250319877492  0.86602540378443871 -51.918146607907957 25.442093773624116 11.202562483390469  1 -51.918146607907957 25.400427106957448 10.480874646903443  0.86602540378443871 -51.293146607907957 25.35876044029078 10.12003072865993  1 -50.668146607907964 25.317093773624116 9.7591868104164163  0.86602540378443871 -50.043146607907971 25.275427106957444 10.12003072865993  1 -49.418146607907978 25.233760440290776 10.480874646903443  0.86602540378443871 -49.418146607907978 25.192093773624116 11.202562483390469  1 -49.418146607907978 25.150427106957448 11.924250319877492  0.86602540378443871 -50.043146607907971 25.10876044029078 12.285094238121008  1 -50.668146607907964 25.067093773624116 12.645938156364521  0.86602540378443871 -51.293146607907957 25.025427106957444 12.285094238121008  1 -51.918146607907957 24.98376044029078 11.924250319877492  0.86602540378443871 -51.918146607907957 24.942093773624116 11.202562483390469  1 -51.918146607907957 24.900427106957451 10.480874646903443  0.86602540378443871 -51.293146607907957 24.85876044029078 10.12003072865993  1 -50.668146607907964 24.817093773624112 9.7591868104164163  0.86602540378443871 -50.043146607907971 24.775427106957448 10.12003072865993  1 -49.418146607907978 24.73376044029078 10.480874646903443  0.86602540378443871 -49.418146607907978 24.692093773624116 11.202562483390469  1 -49.418146607907978 24.650427106957448 11.924250319877492  0.86602540378443871 -50.043146607907971 24.60876044029078 12.285094238121008  1 -50.668146607907964 24.567093773624112 12.645938156364521  0.86602540378443871 -51.293146607907957 24.525427106957448 12.285094238121008  1 -51.918146607907957 24.483760440290784 11.924250319877492  0.86602540378443871 -51.918146607907957 24.442093773624116 11.202562483390469  1 -51.918146607907957 24.400427106957448 10.480874646903443  0.86602540378443871 -51.293146607907957 24.358760440290784 10.12003072865993  1 -50.668146607907964 24.317093773624116 9.7591868104164163  0.86602540378443871 -50.043146607907971 24.275427106957448 10.12003072865993  1 -49.418146607907978 24.233760440290784 10.480874646903443  0.86602540378443871 -49.418146607907978 24.192093773624116 11.202562483390469  1 

0 2
1 2

0 3
0.010416666666666666 2
0.020833333333333332 2
0.03125 2
0.041666666666666664 2
0.052083333333333336 2
0.0625 2
0.072916666666666671 2
0.083333333333333329 2
0.09375 2
0.10416666666666667 2
0.11458333333333333 2
0.125 2
0.13541666666666666 2
0.14583333333333334 2
0.15625 2
0.16666666666666666 2
0.17708333333333334 2
0.1875 2
0.19791666666666666 2
0.20833333333333334 2
0.21875 2
0.22916666666666666 2
0.23958333333333334 2
0.25 2
0.26041666666666669 2
0.27083333333333331 2
0.28125 2
0.29166666666666669 2
0.30208333333333331 2
0.3125 2
0.32291666666666669 2
0.33333333333333331 2
0.34375 2
0.35416666666666669 2
0.36458333333333331 2
0.375 2
0.38541666666666669 2
0.39583333333333331 2
0.40625 2
0.41666666666666669 2
0.42708333333333331 2
0.4375 2
0.44791666666666669 2
0.45833333333333331 2
0.46875 2
0.47916666666666669 2
0.48958333333333331 2
0.5 2
0.51041666666666663 2
0.52083333333333337 2
0.53125 2
0.54166666666666663 2
0.55208333333333337 2
0.5625 2
0.57291666666666663 2
0.58333333333333337 2
0.59375 2
0.60416666666666663 2
0.61458333333333337 2
0.625 2
0.63541666666666663 2
0.64583333333333337 2
0.65625 2
0.66666666666666663 2
0.67708333333333337 2
0.6875 2
0.69791666666666663 2
0.70833333333333337 2
0.71875 2
0.72916666666666663 2
0.73958333333333337 2
0.75 2
0.76041666666666663 2
0.77083333333333337 2
0.78125 2
0.79166666666666663 2
0.80208333333333337 2
0.8125 2
0.82291666666666663 2
0.83333333333333337 2
0.84375 2
0.85416666666666663 2
0.86458333333333337 2
0.875 2
0.88541666666666663 2
0.89583333333333337 2
0.90625 2
0.91666666666666663 2
0.92708333333333337 2
0.9375 2
0.94791666666666663 2
0.95833333333333337 2
0.96875 2
0.97916666666666663 2
0.98958333333333337 2
1 3

3 -50.668146607907964 26.967093772258519 11.202562483390466 -0 -1 -0 0 0 -1 1 -0 0 1.6499999999999848
0.78539816339744506
2 -50.668146607907964 30.967093772258515 11.202562483390466 -0 1 -0 0 0 1 1 0 -0 1.2499999999999871
2 -50.668146607907964 30.967093772258515 11.202562483390466 -0 1 -0 0 0 1 1 0 -0 1.2499999999999871
2 -50.668146607907964 30.967093772258515 11.202562483390466 -0 1 -0 0 0 1 1 0 -0 1.2499999999999871
2 -50.668146607907964 30.967093772258515 11.202562483390466 -0 1 -0 0 0 1 1 0 -0 1.2499999999999871
2 -50.668146607907964 30.967093772258515 11.202562483390466 -0 1 -0 0 0 1 1 0 -0 1.2499999999999871
2 -50.668146607907964 30.967093772258515 11.202562483390466 -0 1 -0 0 0 1 1 0 -0 1.2499999999999871
2 -50.668146607907964 30.967093772258515 11.202562483390466 -0 1 -0 0 0 1 1 0 -0 1.2499999999999871
2 -50.668146607907964 30.967093772258515 11.202562483390466 -0 1 -0 0 0 1 1 0 -0 1.2499999999999871
2 -50.668146607907964 30.967093772258515 11.202562483390466 -0 1 -0 0 0 1 1 0 -0 1.2499999999999871
2 -50.668146607907964 30.967093772258515 11.202562483390466 -0 1 -0 0 0 1 1 0 -0 1.2499999999999871
2 -50.668146607907964 30.967093772258515 11.202562483390466 -0 1 -0 0 0 1 1 0 -0 1.2499999999999871
2 -50.668146607907964 30.967093772258515 11.202562483390466 -0 1 -0 0 0 1 1 0 -0 1.2499999999999871
2 -50.668146607907964 30.967093772258515 11.202562483390466 -0 1 -0 0 0 1 1 0 -0 1.2499999999999871
3 -41.143146607907966 48.967093772258508 11.202562483390466 0 -1 0 0 0 -1 1 0 0 2.3000000000000105
0.78539816339744284
1 -41.143146607907966 48.967093772258508 11.202562483390466 0 1 0 0 -0 1 1 0 -0 
3 -41.143146607907966 48.967093772258508 11.202562483390466 0 -1 0 0 0 -1 1 0 0 2.3000000000000105
0.78539816339744284
2 -41.143146607907966 48.967093772258508 11.202562483390466 -0 -1 -0 0 0 -1 1 -0 0 2.5000000000000004
3 -41.143146607907966 48.967093772258508 11.202562483390466 0 -1 0 0 0 -1 1 0 0 2.3000000000000105
0.78539816339744284
2 -41.143146607907966 48.967093772258508 11.202562483390466 -0 -1 -0 0 0 -1 1 -0 0 2.5000000000000004
1 -42.643146607907966 42.967093772258515 9.2025624833904658 1 0 -1.6263032587282567e-16 -1.6263032587282567e-16 0 -1 0 1 0 
3 -41.143146607907966 28.967093772258519 11.202562483390466 0 -1 0 0 0 -1 1 0 0 17.800000000000011
0.78539816339743096
3 -41.143146607907966 28.967093772258519 11.202562483390466 0 -1 0 0 0 -1 1 0 0 17.800000000000011
0.78539816339743096
2 -41.143146607907966 28.967093772258519 11.202562483390466 -0 -1 -0 0 0 -1 1 -0 0 18
3 -41.143146607907966 2.1670937722585246 11.202562483390466 -0 1 -0 0 0 1 1 0 -0 18
0.78539816339743962
1 -41.143146607907966 1.9670937722585224 11.202562483390466 0 1 0 0 -0 1 1 0 -0 
3 -41.143146607907966 2.1670937722585246 11.202562483390466 -0 1 -0 0 0 1 1 0 -0 18
0.78539816339743962
2 -41.143146607907966 28.967093772258519 11.202562483390466 -0 -1 -0 0 0 -1 1 -0 0 18
2 -41.143146607907966 -47.247538198325181 11.202562483390466 0 1 0 0 -0 1 1 0 -0 15
2 -41.143146607907966 -47.247538198325181 11.202562483390466 0 1 0 0 -0 1 1 0 -0 15
1 -41.143146607907966 42.967093772258515 11.202562483390466 0 1 0 0 -0 1 1 0 -0 
1 -41.143146607907966 -12.232906227741495 11.202562483390466 0 -1 0 0 -0 -1 1 0 0 
1 -42.643146607907966 -7.7329062277414939 13.202562483390466 1 -0 0 0 0 -1 0 1 0 
1 -41.143146607907966 -7.7329062277414939 11.202562483390466 0 -1 0 0 -0 -1 1 0 0 
Triangulations 0

TShapes 557
Ve
1e-07
-41.143146607908 25.7170937722585 8.70256248339047
0 0

0101101
*
Ve
1e-07
-41.143146607908 25.7170937722585 13.7025624833905
0 0

0101101
*
Ed
 1e-07 1 1 0
1  1 0 0 3.14159265358979
2  1 1 0 0 3.14159265358979
2  2 2 0 0 3.14159265358979
4 C0 1 0 2 0
0

0101000
+557 0 -556 0 *
Ve
1e-07
-41.143146607908 -14.0329062277415 13.7025624833905
0 0

0101101
*
Ed
 1e-07 1 1 0
1  2 0 23.25 63
2  3 1 0 23.25 63
2  4 3 0 23.25 63
4 CN 1 0 3 0
0

0101000
+556 0 -554 0 *
Ve
1e-07
-41.143146607908 -14.0329062277415 8.70256248339047
0 0

0101101
*
Ed
 1e-07 1 1 0
1  3 0 0 3.14159265358979
2  5 1 0 0 3.14159265358979
2  6 4 0 0 3.14159265358979
4 C0 1 0 4 0
0

0101000
+554 0 -552 0 *
Ed
 1e-07 1 1 0
1  4 0 23.25 63
2  7 1 0 23.25 63
2  8 3 0 23.25 63
4 CN 1 0 3 0
0

0101000
+557 0 -552 0 *
Wi

0101100
+555 0 +553 0 +551 0 -550 0 *
Fa
0  1e-07 1 0

0101000
+549 0 *
Ve
1e-07
-41.143146607908 -14.2329062277415 8.90256248339048
0 0

0101101
*
Ve
1e-07
-41.143146607908 -14.2329062277415 13.5025624833905
0 0

0101101
*
Ed
 1e-07 1 1 0
1  5 0 3.14159265358979 6.28318530717959
2  9 4 0 3.14159265358979 6.28318530717959
4 C0 4 0 5 0
0

0101000
+547 0 -546 0 *
Ed
 1e-07 1 1 0
1  6 0 -0.282842712474641 0
2  10 4 0 -0.282842712474641 0
2  11 6 0 -0.282842712474641 0
4 CN 4 0 6 0
0

0101000
+547 0 -552 0 *
Ed
 1e-07 1 1 0
1  7 0 -0.282842712474641 0
2  12 4 0 -0.282842712474641 0
2  13 6 0 -0.282842712474641 0
4 CN 4 0 6 0
0

0101000
+546 0 -554 0 *
Wi

0101100
-545 0 +544 0 -551 0 -543 0 *
Fa
0  1e-07 4 0

0101000
+542 0 *
Ve
1e-07
-33.7185254054492 26.9670937722585 20.6271836858492
0 0

0101101
*
Ve
1e-07
-33.7185254054492 30.9670937722585 20.6271836858492
0 0

0101101
*
Ed
 1e-07 1 1 0
1  8 0 3.2 7.2
2  14 7 0 3.2 7.2
2  15 8 0 3.2 7.2
4 CN 7 0 8 0
0

0101000
+540 0 -539 0 *
Ve
1e-07
-33.7185254054492 30.9670937722585 16.6271836858492
0 0

0101101
*
Ed
 1e-07 1 1 0
1  9 0 3.14159265358979 6.28318530717959
2  16 7 0 3.14159265358979 6.28318530717959
4 C0 7 0 9 0
0

0101000
+537 0 -539 0 *
Ve
1e-07
-33.7185254054492 26.9670937722585 16.6271836858492
0 0

0101101
*
Ed
 1e-07 1 1 0
1  10 0 3.2 7.2
2  17 7 0 3.2 7.2
2  18 8 0 3.2 7.2
4 CN 7 0 8 0
0

0101000
+535 0 -537 0 *
Ed
 1e-07 1 1 0
1  11 0 3.14159265358979 6.28318530717959
2  19 7 0 3.14159265358979 6.28318530717959
4 C0 7 0 10 0
0

0101000
+535 0 -540 0 *
Wi

0101100
+538 0 -536 0 -534 0 +533 0 *
Fa
0  1e-07 7 0

0101000
+532 0 *
Ve
1e-07
-48.5677678103667 26.9670937722585 5.7779412809317
0 0

0101101
*
Ve
1e-07
-48.5677678103667 30.9670937722585 5.7779412809317
0 0

0101101
*
Ed
 1e-07 1 1 0
1  12 0 3.2 7.2
2  20 11 0 3.2 7.2
2  21 12 0 3.2 7.2
4 CN 11 0 12 0
0

0101000
+530 0 -529 0 *
Ve
1e-07
-48.5677678103667 30.9670937722585 1.7779412809317
0 0

0101101
*
Ed
 1e-07 1 1 0
1  13 0 3.14159265358979 6.28318530717959
2  22 11 0 3.14159265358979 6.28318530717959
4 C0 11 0 9 0
0

0101000
+527 0 -529 0 *
Ve
1e-07
-48.5677678103667 26.9670937722585 1.7779412809317
0 0

0101101
*
Ed
 1e-07 1 1 0
1  14 0 3.2 7.2
2  23 11 0 3.2 7.2
2  24 12 0 3.2 7.2
4 CN 11 0 12 0
0

0101000
+525 0 -527 0 *
Ed
 1e-07 1 1 0
1  15 0 3.14159265358979 6.28318530717959
2  25 11 0 3.14159265358979 6.28318530717959
4 C0 11 0 10 0
0

0101000
+525 0 -530 0 *
Wi

0101100
+528 0 -526 0 -524 0 +523 0 *
Fa
0  1e-07 11 0

0101000
+522 0 *
Ve
1e-07
-41.143146607908 25.4920937722585 8.47756248339047
0 0

0101101
*
Ed
 1e-07 1 1 0
1  16 0 0.0353553390593266 0.35355339059327
2  26 13 0 0.0353553390593266 0.35355339059327
2  27 2 0 0.0353553390593266 0.35355339059327
4 CN 13 0 2 0
0

0101000
+557 0 -520 0 *
Ve
1e-07
-41.143146607908 25.4920937722585 13.9275624833905
0 0

0101101
*
Ed
 1e-07 1 1 0
1  17 0 3.14159265358979 6.28318530717959
2  28 13 0 3.14159265358979 6.28318530717959
4 C0 13 0 14 0
0

0101000
+520 0 -518 0 *
Ed
 1e-07 1 1 0
1  18 0 0.0353553390593266 0.35355339059327
2  29 13 0 0.0353553390593266 0.35355339059327
2  30 2 0 0.0353553390593266 0.35355339059327
4 CN 13 0 2 0
0

0101000
+556 0 -518 0 *
Ed
 1e-07 1 1 0
1  19 0 3.14159265358979 6.28318530717959
2  31 13 0 3.14159265358979 6.28318530717959
2  32 3 0 3.14159265358979 6.28318530717959
4 C0 13 0 3 0
0

0101000
+556 0 -557 0 *
Wi

0101100
+519 0 +517 0 -516 0 +515 0 *
Fa
0  1e-07 13 0

0101000
+514 0 *
Ve
1e-07
-41.143146607908 30.9670937722585 28.7025624833905
0 0

0101101
*
Ve
1e-07
-41.143146607908 30.9670937722585 -6.29743751660954
0 0

0101101
*
Ed
 1e-07 1 1 0
1  20 0 0 3.14159265358979
2  33 15 0 0 3.14159265358979
4 C0 15 0 9 0
0

0101000
+512 0 -511 0 *
Ve
1e-07
-41.143146607908 30.4670937722585 29.2025624833905
0 0

0101101
*
Ed
 1e-07 1 1 0
1  21 0 -0.707106781186545 0
2  34 15 0 -0.707106781186545 0
2  35 16 0 -0.707106781186545 0
4 CN 15 0 16 0
0

0101000
+512 0 -509 0 *
Ve
1e-07
-41.143146607908 30.4670937722585 -6.79743751660953
0 0

0101101
*
Ed
 1e-07 1 1 0
1  22 0 3.14159265358979 6.28318530717959
2  36 15 0 3.14159265358979 6.28318530717959
2  37 17 0 3.14159265358979 6.28318530717959
4 C0 15 0 17 0
0

0101000
+507 0 -509 0 *
Ed
 1e-07 1 1 0
1  23 0 -0.707106781186542 0
2  38 15 0 -0.707106781186542 0
2  39 16 0 -0.707106781186542 0
4 CN 15 0 16 0
0

0101000
+511 0 -507 0 *
Wi

0101100
-510 0 +508 0 -506 0 -505 0 *
Fa
0  1e-07 15 0

0101000
+504 0 *
Ve
1e-07
-41.143146607908 36.9670937722585 16.2025624833905
0 0

0101101
*
Ve
1e-07
-41.143146607908 36.9670937722585 6.20256248339047
0 0

0101101
*
Ed
 1e-07 1 1 0
1  24 0 3.14159265358979 6.28318530717959
2  40 18 0 3.14159265358979 6.28318530717959
4 C0 18 0 19 0
0

0101000
+502 0 -501 0 *
Ve
1e-07
-41.143146607908 36.4670937722585 16.7025624833905
0 0

0101101
*
Ed
 1e-07 1 1 0
1  25 0 -0.707106781186537 0
2  41 18 0 -0.707106781186537 0
2  42 20 0 -0.707106781186537 0
4 CN 18 0 20 0
0

0101000
+502 0 -499 0 *
Ve
1e-07
-41.143146607908 36.4670937722585 5.70256248339047
0 0

0101101
*
Ed
 1e-07 1 1 0
1  26 0 0 3.14159265358979
2  43 18 0 0 3.14159265358979
2  44 21 0 0 3.14159265358979
4 C0 18 0 21 0
0

0101000
+497 0 -499 0 *
Ed
 1e-07 1 1 0
1  27 0 -0.707106781186539 0
2  45 18 0 -0.707106781186539 0
2  46 20 0 -0.707106781186539 0
4 CN 18 0 20 0
0

0101000
+501 0 -497 0 *
Wi

0101100
-500 0 +498 0 -496 0 -495 0 *
Fa
0  1e-07 18 0

0101000
+494 0 *
Ve
1e-07
-41.143146607908 26.9670937722585 5.20256248339047
0 0

0101101
*
Ve
1e-07
-41.143146607908 26.9670937722585 17.2025624833905
0 0

0101101
*
Ed
 1e-07 1 1 0
1  28 0 0 3.14159265358979
2  47 22 0 0 3.14159265358979
4 C0 22 0 10 0
0

0101000
+492 0 -491 0 *
Ve
1e-07
-41.143146607908 25.4920937722585 17.2025624833905
0 0

0101101
*
Ed
 1e-07 1 1 0
1  29 0 -14.975 -13.5
2  48 22 0 -14.975 -13.5
2  49 23 0 -14.975 -13.5
4 CN 22 0 23 0
0

0101000
+491 0 -489 0 *
Ve
1e-07
-41.143146607908 25.4920937722585 5.20256248339047
0 0

0101101
*
Ed
 1e-07 1 1 0
1  30 0 0 3.14159265358979
2  50 22 0 0 3.14159265358979
4 C0 22 0 14 0
0

0101000
+487 0 -489 0 *
Ed
 1e-07 1 1 0
1  31 0 -14.975 -13.5
2  51 22 0 -14.975 -13.5
2  52 23 0 -14.975 -13.5
4 CN 22 0 23 0
0

0101000
+492 0 -487 0 *
Wi

0101100
+490 0 +488 0 -486 0 -485 0 *
Fa
0  1e-07 22 0

0101000
+484 0 *
Ve
1e-07
-41.143146607908 30.9670937722585 16.7025624833905
0 0

0101101
*
Ed
 1e-07 1 1 0
1  32 0 -24.475 -18.975
2  53 21 0 -24.475 -18.975
2  54 24 0 -24.475 -18.975
4 CN 21 0 24 0
0

0101000
+499 0 -482 0 *
Ve
1e-07
-41.143146607908 30.9670937722585 5.70256248339046
0 0

0101101
*
Ed
 1e-07 1 1 0
1  33 0 0 3.14159265358979
2  55 21 0 0 3.14159265358979
4 C0 21 0 9 0
0

0101000
+480 0 -482 0 *
Ed
 1e-07 1 1 0
1  34 0 -24.475 -18.975
2  56 21 0 -24.475 -18.975
2  57 24 0 -24.475 -18.975
4 CN 21 0 24 0
0

0101000
+497 0 -480 0 *
Wi

0101100
+496 0 +481 0 -479 0 -478 0 *
Fa
0  1e-07 21 0

0101000
+477 0 *
Ve
1e-07
-41.143146607908 28.9670937722585 29.2025624833905
0 0

0101101
*
Ed
 1e-07 1 1 0
1  35 0 -18.475 -16.975
2  58 17 0 -18.475 -16.975
2  59 25 0 -18.475 -16.975
4 CN 17 0 25 0
0

0101000
+509 0 -475 0 *
Ve
1e-07
-41.143146607908 28.9670937722585 -6.79743751660953
0 0

0101101
*
Ed
 1e-07 1 1 0
1  36 0 0 3.14159265358979
2  60 17 0 0 3.14159265358979
4 C0 17 0 26 0
0

0101000
+473 0 -475 0 *
Ed
 1e-07 1 1 0
1  37 0 -18.475 -16.975
2  61 17 0 -18.475 -16.975
2  62 25 0 -18.475 -16.975
4 CN 17 0 25 0
0

0101000
+507 0 -473 0 *
Wi

0101100
+506 0 +474 0 -472 0 -471 0 *
Fa
0  1e-07 17 0

0101000
+470 0 *
Ve
0.000189503376858876
-33.1235184169064 30.8377267097585 10.9876665846797
0 0

0101101
*
Ve
0.000159034339544048
-32.550718953736 30.8377267097585 10.0014657552263
0 0

0101101
*
Ed
 0.000159034339544048 1 1 0
1  38 0 5.20417042793042e-18 0.00117434744437912
2  63 27 0 5.20417042793042e-18 0.00117434744437912
2  64 28 0 5.20417042793042e-18 0.00117434744437912
4 C0 27 0 28 0
0

0101000
+468 0 -467 0 *
Ve
0.000189503376858876
-31.618146587424 30.5670937722585 9.95256248339047
0 0

0101101
*
Ed
 0.000189503376858876 1 1 0
1  39 0 0 0.0020130151047237
2  65 27 0 0 0.0020130151047237
2  66 29 0 0 0.0020130151047237
4 C0 27 0 29 0
0

0101000
+465 0 -468 0 *
Ve
0.000200580293909066
-32.868146607908 30.5670937722585 11.2025624833905
0 0

0101101
*
Ed
 1e-07 1 1 0
1  40 0 3.14159263720264 4.71238898038469
2  67 27 0 3.14159263720264 4.71238898038469
2  68 30 0 3.14159263720264 4.71238898038469
4 C0 27 0 30 0
0

0101000
+465 0 -463 0 *
Ve
0.000222549986198825
-31.6181466078792 30.6463405967866 12.5318093079185
0 0

0101101
*
Ed
 0.000200580293909066 1 1 0
1  41 0 0.00539448807003624 0.00740803992058162
2  69 27 0 0.00539448807003624 0.00740803992058162
2  70 31 0 0.00539448807003624 0.00740803992058162
4 C0 27 0 31 0
0

0101000
+461 0 -463 0 *
Ve
1e-07
-31.618146607908 30.9670937722585 12.8525624833905
0 0

0101101
*
Ed
 1e-07 1 1 0
1  42 0 0.112071934022632 0.56568542494924
2  71 27 0 0.112071934022632 0.56568542494924
2  72 32 0 0.112071934022632 0.56568542494924
4 CN 27 0 32 0
0

0101000
+461 0 -459 0 *
Ve
1e-07
-31.618146607908 30.9670937722585 9.55256248339047
0 0

0101101
*
Ed
 1e-07 1 1 0
1  43 0 0 3.14159265358979
2  73 27 0 0 3.14159265358979
4 C0 27 0 9 0
0

0101000
+459 0 -457 0 *
Ve
0.000222549986198825
-31.6181466079082 30.8048342458394 9.71482200980963
0 0

0101101
*
Ed
 1e-07 1 1 0
1  44 0 0.336215802063036 0.56568542494924
2  74 27 0 0.336215802063036 0.56568542494924
2  75 32 0 0.336215802063036 0.56568542494924
4 CN 27 0 32 0
0

0101000
+455 0 -457 0 *
Ed
 9.58754038649042e-05 1 1 0
1  45 0 1.12195799614095e-13 0.000989840555477891
2  76 27 0 1.12195799614095e-13 0.000989840555477891
2  77 31 0 1.12195799614095e-13 0.000989840555477891
4 C0 27 0 31 0
0

0101000
+467 0 -455 0 *
Wi

0101100
-466 0 -464 0 +462 0 -460 0 +458 0 +456 0 -454 0 -453 0 *
Fa
0  1e-07 27 0

0101000
+452 0 *
Ve
0.000144001859621771
-31.6181466079079 27.1769013942596 9.76237010539156
0 0

0101101
*
Ve
1e-07
-31.618146607908 26.9670937722585 9.55256248339048
0 0

0101101
*
Ed
 1e-07 1 1 0
1  46 0 -0.296712784523176 0
2  78 33 0 -0.296712784523176 0
2  79 34 0 -0.296712784523176 0
4 CN 33 0 34 0
0

0101000
+450 0 -449 0 *
Ve
1e-07
-31.618146607908 26.9670937722585 12.8525624833904
0 0

0101101
*
Ed
 1e-07 1 1 0
1  47 0 3.14159265358979 6.28318530717959
2  80 33 0 3.14159265358979 6.28318530717959
4 C0 33 0 10 0
0

0101000
+449 0 -447 0 *
Ve
0.000367599948878062
-31.6181466079083 27.3353950433135 12.4842612123355
0 0

0101101
*
Ed
 1e-07 1 1 0
1  48 0 -0.52085665256517 0
2  81 33 0 -0.52085665256517 0
2  82 34 0 -0.52085665256517 0
4 CN 33 0 34 0
0

0101000
+445 0 -447 0 *
Ed
 0.000123888913974912 1 1 0
1  49 0 0.00235591589433673 0.00661342246216006
2  83 33 0 0.00235591589433673 0.00661342246216006
2  84 29 0 0.00235591589433673 0.00661342246216006
4 C0 33 0 29 0
0

0101000
+450 0 -445 0 *
Wi

0101100
+448 0 +446 0 -444 0 -443 0 *
Fa
0  1e-07 33 0

0101000
+442 0 *
Ve
1e-07
-31.618146607908 27.6920937722585 12.4525624833904
0 0

0101101
*
Ve
1e-07
-31.618146607908 27.8170937736241 12.4525624833904
0 0

0101101
*
Ed
 1e-07 1 1 0
1  50 0 -3.275 -3.1499999986344
2  85 35 0 -3.275 -3.1499999986344
2  86 36 0 -3.275 -3.1499999986344
4 CN 35 0 36 0
0

0101000
+440 0 -439 0 *
Ve
1e-07
-31.618146607908 27.5670937736241 9.95256248339047
0 0

0101101
*
Ed
 1e-07 1 1 0
1  51 0 0.546875 0.578125
2  87 35 0 0.546875 0.578125
2  88 29 0 0.546875 0.578125
4 C0 35 0 29 0
0

0101000
+439 0 -437 0 *
Ve
1e-07
-31.618146607908 27.4420937722585 9.95256248339047
0 0

0101101
*
Ed
 1e-07 1 1 0
1  52 0 -3.525 -3.3999999986344
2  89 35 0 -3.525 -3.3999999986344
2  90 37 0 -3.525 -3.3999999986344
4 CN 35 0 37 0
0

0101000
+435 0 -437 0 *
Ed
 1e-07 1 1 0
1  53 0 0.609375 0.640625
2  91 35 0 0.609375 0.640625
2  92 31 0 0.609375 0.640625
4 C0 35 0 31 0
0

0101000
+440 0 -435 0 *
Wi

0101100
+438 0 +436 0 -434 0 -433 0 *
Fa
0  1e-07 35 0

0101000
+432 0 *
Ve
1e-07
-31.618146607908 28.1920937722585 12.4525624833904
0 0

0101101
*
Ve
1e-07
-31.618146607908 28.3170937736241 12.4525624833904
0 0

0101101
*
Ed
 1e-07 1 1 0
1  54 0 -2.775 -2.6499999986344
2  93 38 0 -2.775 -2.6499999986344
2  94 39 0 -2.775 -2.6499999986344
4 CN 38 0 39 0
0

0101000
+430 0 -429 0 *
Ve
1e-07
-31.618146607908 28.0670937736241 9.95256248339047
0 0

0101101
*
Ed
 1e-07 1 1 0
1  55 0 0.484375 0.515625
2  95 38 0 0.484375 0.515625
2  96 29 0 0.484375 0.515625
4 C0 38 0 29 0
0

0101000
+429 0 -427 0 *
Ve
1e-07
-31.618146607908 27.9420937722585 9.95256248339047
0 0

0101101
*
Ed
 1e-07 1 1 0
1  56 0 -3.025 -2.8999999986344
2  97 38 0 -3.025 -2.8999999986344
2  98 36 0 -3.025 -2.8999999986344
4 CN 38 0 36 0
0

0101000
+425 0 -427 0 *
Ed
 1e-07 1 1 0
1  57 0 0.546875 0.578125
2  99 38 0 0.546875 0.578125
2  100 31 0 0.546875 0.578125
4 C0 38 0 31 0
0

0101000
+430 0 -425 0 *
Wi

0101100
+428 0 +426 0 -424 0 -423 0 *
Fa
0  1e-07 38 0

0101000
+422 0 *
Ve
1e-07
-31.618146607908 28.6920937722585 12.4525624833904
0 0

0101101
*
Ve
1e-07
-31.618146607908 28.8170937736241 12.4525624833904
0 0

0101101
*
Ed
 1e-07 1 1 0
1  58 0 -2.275 -2.1499999986344
2  101 40 0 -2.275 -2.1499999986344
2  102 41 0 -2.275 -2.1499999986344
4 CN 40 0 41 0
0

0101000
+420 0 -419 0 *
Ve
1e-07
-31.618146607908 28.5670937736241 9.95256248339047
0 0

0101101
*
Ed
 1e-07 1 1 0
1  59 0 0.421875 0.453125
2  103 40 0 0.421875 0.453125
2  104 29 0 0.421875 0.453125
4 C0 40 0 29 0
0

0101000
+419 0 -417 0 *
Ve
1e-07
-31.618146607908 28.4420937722585 9.95256248339047
0 0

0101101
*
Ed
 1e-07 1 1 0
1  60 0 -2.525 -2.3999999986344
2  105 40 0 -2.525 -2.3999999986344
2  106 39 0 -2.525 -2.3999999986344
4 CN 40 0 39 0
0

0101000
+415 0 -417 0 *
Ed
 1e-07 1 1 0
1  61 0 0.484375 0.515625
2  107 40 0 0.484375 0.515625
2  108 31 0 0.484375 0.515625
4 C0 40 0 31 0
0

0101000
+420 0 -415 0 *
Wi

0101100
+418 0 +416 0 -414 0 -413 0 *
Fa
0  1e-07 40 0

0101000
+412 0 *
Ve
1e-07
-31.618146607908 29.1920937722585 12.4525624833904
0 0

0101101
*
Ve
1e-07
-31.618146607908 29.3170937736241 12.4525624833904
0 0

0101101
*
Ed
 1e-07 1 1 0
1  62 0 -1.775 -1.6499999986344
2  109 42 0 -1.775 -1.6499999986344
2  110 43 0 -1.775 -1.6499999986344
4 CN 42 0 43 0
0

0101000
+410 0 -409 0 *
Ve
1e-07
-31.618146607908 29.0670937736241 9.95256248339047
0 0

0101101
*
Ed
 1e-07 1 1 0
1  63 0 0.359375 0.390625
2  111 42 0 0.359375 0.390625
2  112 29 0 0.359375 0.390625
4 C0 42 0 29 0
0

0101000
+409 0 -407 0 *
Ve
1e-07
-31.618146607908 28.9420937722585 9.95256248339047
0 0

0101101
*
Ed
 1e-07 1 1 0
1  64 0 -2.025 -1.8999999986344
2  113 42 0 -2.025 -1.8999999986344
2  114 41 0 -2.025 -1.8999999986344
4 CN 42 0 41 0
0

0101000
+405 0 -407 0 *
Ed
 1e-07 1 1 0
1  65 0 0.421875 0.453125
2  115 42 0 0.421875 0.453125
2  116 31 0 0.421875 0.453125
4 C0 42 0 31 0
0

0101000
+410 0 -405 0 *
Wi

0101100
+408 0 +406 0 -404 0 -403 0 *
Fa
0  1e-07 42 0

0101000
+402 0 *
Ve
1e-07
-31.618146607908 29.6920937722585 12.4525624833904
0 0

0101101
*
Ve
1e-07
-31.618146607908 29.8170937736241 12.4525624833904
0 0

0101101
*
Ed
 1e-07 1 1 0
1  66 0 -1.275 -1.1499999986344
2  117 44 0 -1.275 -1.1499999986344
2  118 45 0 -1.275 -1.1499999986344
4 CN 44 0 45 0
0

0101000
+400 0 -399 0 *
Ve
1e-07
-31.618146607908 29.5670937736241 9.95256248339047
0 0

0101101
*
Ed
 1e-07 1 1 0
1  67 0 0.296875 0.328125
2  119 44 0 0.296875 0.328125
2  120 29 0 0.296875 0.328125
4 C0 44 0 29 0
0

0101000
+399 0 -397 0 *
Ve
1e-07
-31.618146607908 29.4420937722585 9.95256248339047
0 0

0101101
*
Ed
 1e-07 1 1 0
1  68 0 -1.525 -1.3999999986344
2  121 44 0 -1.525 -1.3999999986344
2  122 43 0 -1.525 -1.3999999986344
4 CN 44 0 43 0
0

0101000
+395 0 -397 0 *
Ed
 1e-07 1 1 0
1  69 0 0.359375 0.390625
2  123 44 0 0.359375 0.390625
2  124 31 0 0.359375 0.390625
4 C0 44 0 31 0
0

0101000
+400 0 -395 0 *
Wi

0101100
+398 0 +396 0 -394 0 -393 0 *
Fa
0  1e-07 44 0

0101000
+392 0 *
Ve
1e-07
-31.618146607908 30.1920937722585 12.4525624833904
0 0

0101101
*
Ve
1e-07
-31.618146607908 30.3170937736241 12.4525624833904
0 0

0101101
*
Ed
 1e-07 1 1 0
1  70 0 -0.774999999999999 -0.649999998634403
2  125 46 0 -0.774999999999999 -0.649999998634403
2  126 47 0 -0.774999999999999 -0.649999998634403
4 CN 46 0 47 0
0

0101000
+390 0 -389 0 *
Ve
1e-07
-31.618146607908 30.0670937736241 9.95256248339047
0 0

0101101
*
Ed
 1e-07 1 1 0
1  71 0 0.234375 0.265625
2  127 46 0 0.234375 0.265625
2  128 29 0 0.234375 0.265625
4 C0 46 0 29 0
0

0101000
+389 0 -387 0 *
Ve
1e-07
-31.618146607908 29.9420937722585 9.95256248339047
0 0

0101101
*
Ed
 1e-07 1 1 0
1  72 0 -1.025 -0.899999998634403
2  129 46 0 -1.025 -0.899999998634403
2  130 45 0 -1.025 -0.899999998634403
4 CN 46 0 45 0
0

0101000
+385 0 -387 0 *
Ed
 1e-07 1 1 0
1  73 0 0.296875 0.328125
2  131 46 0 0.296875 0.328125
2  132 31 0 0.296875 0.328125
4 C0 46 0 31 0
0

0101000
+390 0 -385 0 *
Wi

0101100
+388 0 +386 0 -384 0 -383 0 *
Fa
0  1e-07 46 0

0101000
+382 0 *
Ve
1e-07
-31.618146607908 30.4420937722585 9.95256248339047
0 0

0101101
*
Ed
 1e-07 1 1 0
1  74 0 -0.524999999999999 -0.399999999999995
2  133 30 0 -0.524999999999999 -0.399999999999995
2  134 47 0 -0.524999999999999 -0.399999999999995
4 CN 30 0 47 0
0

0101000
+380 0 -465 0 *
Ed
 1e-07 1 1 0
1  75 0 0.25 0.265625
2  135 30 0 0.25 0.265625
2  136 31 0 0.25 0.265625
4 C0 30 0 31 0
0

0101000
+463 0 -380 0 *
Wi

0101100
-462 0 -379 0 -378 0 *
Fa
0  1e-07 30 0

0101000
+377 0 *
Ed
 1e-07 1 1 0
1  76 0 0.515625 0.546875
2  137 36 0 0.515625 0.546875
2  138 29 0 0.515625 0.546875
4 C0 36 0 29 0
0

0101000
+427 0 -439 0 *
Ed
 1e-07 1 1 0
1  77 0 0.578125 0.609375
2  139 36 0 0.578125 0.609375
2  140 31 0 0.578125 0.609375
4 C0 36 0 31 0
0

0101000
+425 0 -440 0 *
Wi

0101100
+375 0 -438 0 -374 0 +424 0 *
Fa
0  1e-07 36 0

0101000
+373 0 *
Ed
 1e-07 1 1 0
1  78 0 0.453125 0.484375
2  141 39 0 0.453125 0.484375
2  142 29 0 0.453125 0.484375
4 C0 39 0 29 0
0

0101000
+417 0 -429 0 *
Ed
 1e-07 1 1 0
1  79 0 0.515625 0.546875
2  143 39 0 0.515625 0.546875
2  144 31 0 0.515625 0.546875
4 C0 39 0 31 0
0

0101000
+415 0 -430 0 *
Wi

0101100
+371 0 -428 0 -370 0 +414 0 *
Fa
0  1e-07 39 0

0101000
+369 0 *
Ed
 1e-07 1 1 0
1  80 0 0.390625 0.421875
2  145 41 0 0.390625 0.421875
2  146 29 0 0.390625 0.421875
4 C0 41 0 29 0
0

0101000
+407 0 -419 0 *
Ed
 1e-07 1 1 0
1  81 0 0.453125 0.484375
2  147 41 0 0.453125 0.484375
2  148 31 0 0.453125 0.484375
4 C0 41 0 31 0
0

0101000
+405 0 -420 0 *
Wi

0101100
+367 0 -418 0 -366 0 +404 0 *
Fa
0  1e-07 41 0

0101000
+365 0 *
Ed
 1e-07 1 1 0
1  82 0 0.328125 0.359375
2  149 43 0 0.328125 0.359375
2  150 29 0 0.328125 0.359375
4 C0 43 0 29 0
0

0101000
+397 0 -409 0 *
Ed
 1e-07 1 1 0
1  83 0 0.390625 0.421875
2  151 43 0 0.390625 0.421875
2  152 31 0 0.390625 0.421875
4 C0 43 0 31 0
0

0101000
+395 0 -410 0 *
Wi

0101100
+363 0 -408 0 -362 0 +394 0 *
Fa
0  1e-07 43 0

0101000
+361 0 *
Ed
 1e-07 1 1 0
1  84 0 0.265625 0.296875
2  153 45 0 0.265625 0.296875
2  154 29 0 0.265625 0.296875
4 C0 45 0 29 0
0

0101000
+387 0 -399 0 *
Ed
 1e-07 1 1 0
1  85 0 0.328125 0.359375
2  155 45 0 0.328125 0.359375
2  156 31 0 0.328125 0.359375
4 C0 45 0 31 0
0

0101000
+385 0 -400 0 *
Wi

0101100
+359 0 -398 0 -358 0 +384 0 *
Fa
0  1e-07 45 0

0101000
+357 0 *
Ed
 1e-07 1 1 0
1  86 0 0.203125000159265 0.234375
2  157 47 0 0.203125000159265 0.234375
2  158 29 0 0.203125000159265 0.234375
4 C0 47 0 29 0
0

0101000
+465 0 -389 0 *
Ed
 1e-07 1 1 0
1  87 0 0.265625 0.296875
2  159 47 0 0.265625 0.296875
2  160 31 0 0.265625 0.296875
4 C0 47 0 31 0
0

0101000
+380 0 -390 0 *
Wi

0101100
+355 0 -388 0 -354 0 +379 0 *
Fa
0  1e-07 47 0

0101000
+353 0 *
Ve
0.000222549986198571
-50.6681466079077 30.8048342458394 12.6903029569713
0 0

0101101
*
Ve
1e-07
-50.668146607908 30.9670937722585 12.8525624833905
0 0

0101101
*
Ed
 1e-07 1 1 0
1  88 0 0.336215802063046 0.565685424949255
2  161 48 0 0.336215802063046 0.565685424949255
2  162 49 0 0.336215802063046 0.565685424949255
4 CN 48 0 49 0
0

0101000
+351 0 -350 0 *
Ve
1e-07
-50.668146607908 30.9670937722585 9.55256248339047
0 0

0101101
*
Ed
 1e-07 1 1 0
1  89 0 0 3.14159265358979
2  163 48 0 0 3.14159265358979
4 C0 48 0 9 0
0

0101000
+350 0 -348 0 *
Ve
0.000222549986198571
-50.6681466079365 30.6463405967866 9.87331565886239
0 0

0101101
*
Ed
 1e-07 1 1 0
1  90 0 0.112071934022624 0.565685424949255
2  164 48 0 0.112071934022624 0.565685424949255
2  165 49 0 0.112071934022624 0.565685424949255
4 CN 48 0 49 0
0

0101000
+346 0 -348 0 *
Ed
 0.000222549986198571 1 1 0
1  91 0 0.000989840555589977 0.00539448807014511
2  166 48 0 0.000989840555589977 0.00539448807014511
2  167 50 0 0.000989840555589977 0.00539448807014511
4 C0 48 0 50 0
0

0101000
+351 0 -346 0 *
Wi

0101100
+349 0 +347 0 -345 0 -344 0 *
Fa
0  1e-07 48 0

0101000
+343 0 *
Ve
0.000339678817240598
-51.7279218566906 27.0964608347585 10.1120575761674
0 0

0101101
*
Ve
0.00014400185962246
-52.1882695453671 27.0964608347585 11.1631824678956
0 0

0101101
*
Ed
 0.000128459577669152 1 1 0
1  92 0 3.06903912230992e-17 0.00118634632824872
2  168 51 0 3.06903912230992e-17 0.00118634632824872
2  169 52 0 3.06903912230992e-17 0.00118634632824872
4 C0 51 0 52 0
0

0101000
+341 0 -340 0 *
Ve
0.000339678817240598
-51.6827521041347 27.3670937722584 11.9326828070539
0 0

0101101
*
Ed
 0.000339678817240598 1 1 0
1  93 0 1.47631490711015e-15 0.00199699662583149
2  170 51 0 1.47631490711015e-15 0.00199699662583149
2  171 50 0 1.47631490711015e-15 0.00199699662583149
4 C0 51 0 50 0
0

0101000
+338 0 -341 0 *
Ve
0.000367599948881481
-51.410303331573 27.3670937722585 10.1967278063591
0 0

0101101
*
Ed
 1e-07 1 1 0
1  94 0 0.947030130036281 2.50591196634056
2  172 51 0 0.947030130036281 2.50591196634056
2  173 53 0 0.947030130036281 2.50591196634056
4 C0 51 0 53 0
0

0101000
+338 0 -336 0 *
Ve
0.000367599948881481
-50.6681466079076 27.3353950433135 9.92086375444544
0 0

0101101
*
Ed
 0.000367599948881481 1 1 0
1  95 0 0.00661342246216009 0.00741215099523966
2  174 51 0 0.00661342246216009 0.00741215099523966
2  175 54 0 0.00661342246216009 0.00741215099523966
4 C0 51 0 54 0
0

0101000
+334 0 -336 0 *
Ve
1e-07
-50.668146607908 26.9670937722585 9.55256248339048
0 0

0101101
*
Ed
 1e-07 1 1 0
1  96 0 -0.520856652565173 0
2  176 51 0 -0.520856652565173 0
2  177 55 0 -0.520856652565173 0
4 CN 51 0 55 0
0

0101000
+334 0 -332 0 *
Ve
1e-07
-50.668146607908 26.9670937722585 12.8525624833905
0 0

0101101
*
Ed
 1e-07 1 1 0
1  97 0 3.14159265358979 6.28318530717959
2  178 51 0 3.14159265358979 6.28318530717959
4 C0 51 0 10 0
0

0101000
+332 0 -330 0 *
Ve
0.00014400185962246
-50.668146607908 27.1769013942596 12.6427548613894
0 0

0101101
*
Ed
 1e-07 1 1 0
1  98 0 -0.296712784523176 0
2  179 51 0 -0.296712784523176 0
2  180 55 0 -0.296712784523176 0
4 CN 51 0 55 0
0

0101000
+328 0 -330 0 *
Ed
 0.00014400185962246 1 1 0
1  99 0 4.7348736264955e-17 0.00235591589433672
2  181 51 0 4.7348736264955e-17 0.00235591589433672
2  182 54 0 4.7348736264955e-17 0.00235591589433672
4 C0 51 0 54 0
0

0101000
+340 0 -328 0 *
Wi

0101100
-339 0 -337 0 +335 0 -333 0 +331 0 +329 0 -327 0 -326 0 *
Fa
0  1e-07 51 0

0101000
+325 0 *
Ve
1e-07
-50.668146607908 27.9420937722585 12.4525624833905
0 0

0101101
*
Ve
1e-07
-50.668146607908 28.0670937736241 12.4525624833905
0 0

0101101
*
Ed
 1e-07 1 1 0
1  100 0 -3.025 -2.8999999986344
2  183 56 0 -3.025 -2.8999999986344
2  184 57 0 -3.025 -2.8999999986344
4 CN 56 0 57 0
0

0101000
+323 0 -322 0 *
Ve
1e-07
-50.668146607908 27.8170937736241 9.95256248339048
0 0

0101101
*
Ed
 1e-07 1 1 0
1  101 0 0.515625 0.546875
2  185 56 0 0.515625 0.546875
2  186 54 0 0.515625 0.546875
4 C0 56 0 54 0
0

0101000
+322 0 -320 0 *
Ve
1e-07
-50.668146607908 27.6920937722585 9.95256248339048
0 0

0101101
*
Ed
 1e-07 1 1 0
1  102 0 -3.275 -3.1499999986344
2  187 56 0 -3.275 -3.1499999986344
2  188 58 0 -3.275 -3.1499999986344
4 CN 56 0 58 0
0

0101000
+318 0 -320 0 *
Ed
 1e-07 1 1 0
1  103 0 0.578125 0.609375
2  189 56 0 0.578125 0.609375
2  190 50 0 0.578125 0.609375
4 C0 56 0 50 0
0

0101000
+323 0 -318 0 *
Wi

0101100
+321 0 +319 0 -317 0 -316 0 *
Fa
0  1e-07 56 0

0101000
+315 0 *
Ve
1e-07
-50.668146607908 28.4420937722585 12.4525624833905
0 0

0101101
*
Ve
1e-07
-50.668146607908 28.5670937736241 12.4525624833905
0 0

0101101
*
Ed
 1e-07 1 1 0
1  104 0 -2.525 -2.3999999986344
2  191 59 0 -2.525 -2.3999999986344
2  192 60 0 -2.525 -2.3999999986344
4 CN 59 0 60 0
0

0101000
+313 0 -312 0 *
Ve
1e-07
-50.668146607908 28.3170937736241 9.95256248339048
0 0

0101101
*
Ed
 1e-07 1 1 0
1  105 0 0.453125 0.484375
2  193 59 0 0.453125 0.484375
2  194 54 0 0.453125 0.484375
4 C0 59 0 54 0
0

0101000
+312 0 -310 0 *
Ve
1e-07
-50.668146607908 28.1920937722585 9.95256248339048
0 0

0101101
*
Ed
 1e-07 1 1 0
1  106 0 -2.775 -2.6499999986344
2  195 59 0 -2.775 -2.6499999986344
2  196 57 0 -2.775 -2.6499999986344
4 CN 59 0 57 0
0

0101000
+308 0 -310 0 *
Ed
 1e-07 1 1 0
1  107 0 0.515625 0.546875
2  197 59 0 0.515625 0.546875
2  198 50 0 0.515625 0.546875
4 C0 59 0 50 0
0

0101000
+313 0 -308 0 *
Wi

0101100
+311 0 +309 0 -307 0 -306 0 *
Fa
0  1e-07 59 0

0101000
+305 0 *
Ve
1e-07
-50.668146607908 28.9420937722585 12.4525624833905
0 0

0101101
*
Ve
1e-07
-50.668146607908 29.0670937736241 12.4525624833905
0 0

0101101
*
Ed
 1e-07 1 1 0
1  108 0 -2.025 -1.8999999986344
2  199 61 0 -2.025 -1.8999999986344
2  200 62 0 -2.025 -1.8999999986344
4 CN 61 0 62 0
0

0101000
+303 0 -302 0 *
Ve
1e-07
-50.668146607908 28.8170937736241 9.95256248339048
0 0

0101101
*
Ed
 1e-07 1 1 0
1  109 0 0.390625 0.421875
2  201 61 0 0.390625 0.421875
2  202 54 0 0.390625 0.421875
4 C0 61 0 54 0
0

0101000
+302 0 -300 0 *
Ve
1e-07
-50.668146607908 28.6920937722585 9.95256248339048
0 0

0101101
*
Ed
 1e-07 1 1 0
1  110 0 -2.275 -2.1499999986344
2  203 61 0 -2.275 -2.1499999986344
2  204 60 0 -2.275 -2.1499999986344
4 CN 61 0 60 0
0

0101000
+298 0 -300 0 *
Ed
 1e-07 1 1 0
1  111 0 0.453125 0.484375
2  205 61 0 0.453125 0.484375
2  206 50 0 0.453125 0.484375
4 C0 61 0 50 0
0

0101000
+303 0 -298 0 *
Wi

0101100
+301 0 +299 0 -297 0 -296 0 *
Fa
0  1e-07 61 0

0101000
+295 0 *
Ve
1e-07
-50.668146607908 29.4420937722585 12.4525624833905
0 0

0101101
*
Ve
1e-07
-50.668146607908 29.5670937736241 12.4525624833905
0 0

0101101
*
Ed
 1e-07 1 1 0
1  112 0 -1.525 -1.3999999986344
2  207 63 0 -1.525 -1.3999999986344
2  208 64 0 -1.525 -1.3999999986344
4 CN 63 0 64 0
0

0101000
+293 0 -292 0 *
Ve
1e-07
-50.668146607908 29.3170937736241 9.95256248339048
0 0

0101101
*
Ed
 1e-07 1 1 0
1  113 0 0.328125 0.359375
2  209 63 0 0.328125 0.359375
2  210 54 0 0.328125 0.359375
4 C0 63 0 54 0
0

0101000
+292 0 -290 0 *
Ve
1e-07
-50.668146607908 29.1920937722585 9.95256248339048
0 0

0101101
*
Ed
 1e-07 1 1 0
1  114 0 -1.775 -1.6499999986344
2  211 63 0 -1.775 -1.6499999986344
2  212 62 0 -1.775 -1.6499999986344
4 CN 63 0 62 0
0

0101000
+288 0 -290 0 *
Ed
 1e-07 1 1 0
1  115 0 0.390625 0.421875
2  213 63 0 0.390625 0.421875
2  214 50 0 0.390625 0.421875
4 C0 63 0 50 0
0

0101000
+293 0 -288 0 *
Wi

0101100
+291 0 +289 0 -287 0 -286 0 *
Fa
0  1e-07 63 0

0101000
+285 0 *
Ve
1e-07
-50.668146607908 29.9420937722585 12.4525624833905
0 0

0101101
*
Ve
1e-07
-50.668146607908 30.0670937736241 12.4525624833905
0 0

0101101
*
Ed
 1e-07 1 1 0
1  116 0 -1.025 -0.899999998634403
2  215 65 0 -1.025 -0.899999998634403
2  216 66 0 -1.025 -0.899999998634403
4 CN 65 0 66 0
0

0101000
+283 0 -282 0 *
Ve
1e-07
-50.668146607908 29.8170937736241 9.95256248339048
0 0

0101101
*
Ed
 1e-07 1 1 0
1  117 0 0.265625 0.296875
2  217 65 0 0.265625 0.296875
2  218 54 0 0.265625 0.296875
4 C0 65 0 54 0
0

0101000
+282 0 -280 0 *
Ve
1e-07
-50.668146607908 29.6920937722585 9.95256248339048
0 0

0101101
*
Ed
 1e-07 1 1 0
1  118 0 -1.275 -1.1499999986344
2  219 65 0 -1.275 -1.1499999986344
2  220 64 0 -1.275 -1.1499999986344
4 CN 65 0 64 0
0

0101000
+278 0 -280 0 *
Ed
 1e-07 1 1 0
1  119 0 0.328125 0.359375
2  221 65 0 0.328125 0.359375
2  222 50 0 0.328125 0.359375
4 C0 65 0 50 0
0

0101000
+283 0 -278 0 *
Wi

0101100
+281 0 +279 0 -277 0 -276 0 *
Fa
0  1e-07 65 0

0101000
+275 0 *
Ve
1e-07
-50.668146607908 30.4420937722585 12.4525624833905
0 0

0101101
*
Ve
0.000189503392379616
-50.6681466077842 30.5670937736324 12.4525624833905
0 0

0101101
*
Ed
 1e-07 1 1 0
1  120 0 -0.524999999999999 -0.39999999862615
2  223 67 0 -0.524999999999999 -0.39999999862615
2  224 68 0 -0.524999999999999 -0.39999999862615
4 CN 67 0 68 0
0

0101000
+273 0 -272 0 *
Ve
1e-07
-50.668146607908 30.3170937736241 9.95256248339048
0 0

0101101
*
Ed
 1e-07 1 1 0
1  121 0 0.203124999999037 0.234375
2  225 67 0 0.203124999999037 0.234375
2  226 54 0 0.203124999999037 0.234375
4 C0 67 0 54 0
0

0101000
+272 0 -270 0 *
Ve
1e-07
-50.668146607908 30.1920937722585 9.95256248339048
0 0

0101101
*
Ed
 1e-07 1 1 0
1  122 0 -0.774999999999999 -0.649999998634403
2  227 67 0 -0.774999999999999 -0.649999998634403
2  228 66 0 -0.774999999999999 -0.649999998634403
4 CN 67 0 66 0
0

0101000
+268 0 -270 0 *
Ed
 1e-07 1 1 0
1  123 0 0.265625 0.296875
2  229 67 0 0.265625 0.296875
2  230 50 0 0.265625 0.296875
4 C0 67 0 50 0
0

0101000
+273 0 -268 0 *
Wi

0101100
+271 0 +269 0 -267 0 -266 0 *
Fa
0  1e-07 67 0

0101000
+265 0 *
Ve
1e-07
-50.668146607908 27.5670937736241 12.4525624833905
0 0

0101101
*
Ed
 1e-07 1 1 0
1  124 0 0.546875 0.578125
2  231 58 0 0.546875 0.578125
2  232 54 0 0.546875 0.578125
4 C0 58 0 54 0
0

0101000
+320 0 -263 0 *
Ve
1e-07
-50.668146607908 27.4420937722585 12.4525624833905
0 0

0101101
*
Ed
 1e-07 1 1 0
1  125 0 -3.525 -3.3999999986344
2  233 58 0 -3.525 -3.3999999986344
2  234 53 0 -3.525 -3.3999999986344
4 CN 58 0 53 0
0

0101000
+261 0 -263 0 *
Ed
 1e-07 1 1 0
1  126 0 0.609375 0.640625
2  235 58 0 0.609375 0.640625
2  236 50 0 0.609375 0.640625
4 C0 58 0 50 0
0

0101000
+318 0 -261 0 *
Wi

0101100
+262 0 -260 0 -259 0 +317 0 *
Fa
0  1e-07 58 0

0101000
+258 0 *
Ed
 1e-07 1 1 0
1  127 0 0.484375 0.515625
2  237 57 0 0.484375 0.515625
2  238 54 0 0.484375 0.515625
4 C0 57 0 54 0
0

0101000
+310 0 -322 0 *
Ed
 1e-07 1 1 0
1  128 0 0.546875 0.578125
2  239 57 0 0.546875 0.578125
2  240 50 0 0.546875 0.578125
4 C0 57 0 50 0
0

0101000
+308 0 -323 0 *
Wi

0101100
+256 0 -321 0 -255 0 +307 0 *
Fa
0  1e-07 57 0

0101000
+254 0 *
Ed
 1e-07 1 1 0
1  129 0 0.421875 0.453125
2  241 60 0 0.421875 0.453125
2  242 54 0 0.421875 0.453125
4 C0 60 0 54 0
0

0101000
+300 0 -312 0 *
Ed
 1e-07 1 1 0
1  130 0 0.484375 0.515625
2  243 60 0 0.484375 0.515625
2  244 50 0 0.484375 0.515625
4 C0 60 0 50 0
0

0101000
+298 0 -313 0 *
Wi

0101100
+252 0 -311 0 -251 0 +297 0 *
Fa
0  1e-07 60 0

0101000
+250 0 *
Ed
 1e-07 1 1 0
1  131 0 0.359375 0.390625
2  245 62 0 0.359375 0.390625
2  246 54 0 0.359375 0.390625
4 C0 62 0 54 0
0

0101000
+290 0 -302 0 *
Ed
 1e-07 1 1 0
1  132 0 0.421875 0.453125
2  247 62 0 0.421875 0.453125
2  248 50 0 0.421875 0.453125
4 C0 62 0 50 0
0

0101000
+288 0 -303 0 *
Wi

0101100
+248 0 -301 0 -247 0 +287 0 *
Fa
0  1e-07 62 0

0101000
+246 0 *
Ed
 1e-07 1 1 0
1  133 0 0.296875 0.328125
2  249 64 0 0.296875 0.328125
2  250 54 0 0.296875 0.328125
4 C0 64 0 54 0
0

0101000
+280 0 -292 0 *
Ed
 1e-07 1 1 0
1  134 0 0.359375 0.390625
2  251 64 0 0.359375 0.390625
2  252 50 0 0.359375 0.390625
4 C0 64 0 50 0
0

0101000
+278 0 -293 0 *
Wi

0101100
+244 0 -291 0 -243 0 +277 0 *
Fa
0  1e-07 64 0

0101000
+242 0 *
Ed
 1e-07 1 1 0
1  135 0 0.234375 0.265625
2  253 66 0 0.234375 0.265625
2  254 54 0 0.234375 0.265625
4 C0 66 0 54 0
0

0101000
+270 0 -282 0 *
Ed
 1e-07 1 1 0
1  136 0 0.296875 0.328125
2  255 66 0 0.296875 0.328125
2  256 50 0 0.296875 0.328125
4 C0 66 0 50 0
0

0101000
+268 0 -283 0 *
Wi

0101100
+240 0 -281 0 -239 0 +267 0 *
Fa
0  1e-07 66 0

0101000
+238 0 *
Ve
0.000200580293951728
-49.418146607908 30.5670937722585 11.2025624833905
0 0

0101101
*
Ed
 1e-07 1 1 0
1  137 0 0 1.57079632679489
2  257 68 0 0 1.57079632679489
2  258 49 0 0 1.57079632679489
4 C0 68 0 49 0
0

0101000
+272 0 -236 0 *
Ed
 1e-07 1 1 0
1  138 0 0.25 0.265625
2  259 68 0 0.25 0.265625
2  260 50 0 0.25 0.265625
4 C0 68 0 50 0
0

0101000
+236 0 -273 0 *
Wi

0101100
-235 0 -271 0 -234 0 *
Fa
0  1e-07 68 0

0101000
+233 0 *
Ve
1e-07
-41.143146607908 48.9670937722585 13.5025624833905
0 0

0101101
*
Ve
1e-07
-41.143146607908 48.9670937722585 8.90256248339046
0 0

0101101
*
Ed
 1e-07 1 1 0
1  139 0 0 3.14159265358979
2  261 69 0 0 3.14159265358979
4 C0 69 0 70 0
0

0101000
+231 0 -230 0 *
Ve
1e-07
-41.143146607908 48.7670937722585 13.7025624833905
0 0

0101101
*
Ed
 1e-07 1 1 0
1  140 0 0 0.282842712474604
2  262 69 0 0 0.282842712474604
2  263 71 0 0 0.282842712474604
4 CN 69 0 71 0
0

0101000
+231 0 -228 0 *
Ve
1e-07
-41.143146607908 48.7670937722585 8.70256248339047
0 0

0101101
*
Ed
 1e-07 1 1 0
1  141 0 3.14159265358979 6.28318530717959
2  264 69 0 3.14159265358979 6.28318530717959
2  265 72 0 3.14159265358979 6.28318530717959
4 C0 69 0 72 0
0

0101000
+226 0 -228 0 *
Ed
 1e-07 1 1 0
1  142 0 0 0.282842712474604
2  266 69 0 0 0.282842712474604
2  267 73 0 0 0.282842712474604
4 CN 69 0 73 0
0

0101000
+230 0 -226 0 *
Wi

0101100
-229 0 +227 0 -225 0 -224 0 *
Fa
0  1e-07 69 0

0101000
+223 0 *
Ve
2.59226121973815e-06
-42.643146607908 48.9670937722585 9.45900290597418
0 0

0101101
*
Ed
 1e-07 1 1 0
1  143 0 3.14159265358979 3.85204126214301
2  268 73 0 3.14159265358979 3.85204126214301
4 C0 73 0 70 0
0

0101000
+230 0 -221 0 *
Ve
2.59226121973815e-06
-42.643146607908 48.7670937722585 9.20256248339047
0 0

0101101
*
Ed
 1e-07 1 1 0
1  144 0 2.49809154479651 3.14159265358979
2  269 73 0 2.49809154479651 3.14159265358979
2  270 74 0 2.49809154479651 3.14159265358979
4 C0 73 0 74 0
0

0101000
+219 0 -226 0 *
Ed
 2.59226121973815e-06 1 1 0
1  145 0 0.0074141122046894 0.00773546272350018
2  271 73 0 0.0074141122046894 0.00773546272350018
4 C0 73 0 75 0
0

0101000
+221 0 -219 0 *
Wi

0101100
-220 0 +224 0 -218 0 -217 0 *
Fa
0  1e-07 73 0

0101000
+216 0 *
Ve
1e-07
-41.143146607908 36.9670937722585 13.7025624833905
0 0

0101101
*
Ed
 1e-07 1 1 0
1  146 0 0.199999999999989 12
2  272 72 0 0.199999999999989 12
2  273 74 0 0.199999999999989 12
4 CN 72 0 74 0
0

0101000
+228 0 -214 0 *
Ve
1e-07
-41.143146607908 36.9670937722585 8.70256248339047
0 0

0101101
*
Ed
 1e-07 1 1 0
1  147 0 0 3.14159265358979
2  274 72 0 0 3.14159265358979
4 C0 72 0 19 0
0

0101000
+212 0 -214 0 *
Ed
 1e-07 1 1 0
1  148 0 0.199999999999989 12
2  275 72 0 0.199999999999989 12
2  276 74 0 0.199999999999989 12
4 CN 72 0 74 0
0

0101000
+226 0 -212 0 *
Wi

0101100
+225 0 +213 0 -211 0 -210 0 *
Fa
0  1e-07 72 0

0101000
+209 0 *
Ve
1e-07
-41.143146607908 28.9670937722585 29.0025624833905
0 0

0101101
*
Ve
1e-07
-41.143146607908 28.9670937722585 -6.59743751660954
0 0

0101101
*
Ed
 1e-07 1 1 0
1  149 0 0 3.14159265358979
2  277 76 0 0 3.14159265358979
4 C0 76 0 26 0
0

0101000
+207 0 -206 0 *
Ve
1e-07
-41.143146607908 28.7670937722585 29.2025624833905
0 0

0101101
*
Ed
 1e-07 1 1 0
1  150 0 0 0.282842712474603
2  278 76 0 0 0.282842712474603
2  279 77 0 0 0.282842712474603
4 CN 76 0 77 0
0

0101000
+207 0 -204 0 *
Ve
1e-07
-41.143146607908 28.7670937722585 -6.79743751660953
0 0

0101101
*
Ed
 1e-07 1 1 0
1  151 0 3.14159265358979 6.28318530717959
2  280 76 0 3.14159265358979 6.28318530717959
2  281 78 0 3.14159265358979 6.28318530717959
4 C0 76 0 78 0
0

0101000
+202 0 -204 0 *
Ed
 1e-07 1 1 0
1  152 0 0 0.282842712474602
2  282 76 0 0 0.282842712474602
2  283 77 0 0 0.282842712474602
4 CN 76 0 77 0
0

0101000
+206 0 -202 0 *
Wi

0101100
-205 0 +203 0 -201 0 -200 0 *
Fa
0  1e-07 76 0

0101000
+199 0 *
Ve
1e-07
-41.143146607908 1.96709377225852 -6.59743751660953
0 0

0101101
*
Ve
1e-07
-41.143146607908 1.96709377225852 29.0025624833905
0 0

0101101
*
Ed
 1e-07 1 1 0
1  153 0 3.14159265358979 6.28318530717959
2  284 79 0 3.14159265358979 6.28318530717959
4 C0 79 0 80 0
0

0101000
+197 0 -196 0 *
Ve
1e-07
-41.143146607908 2.16709377225852 -6.79743751660953
0 0

0101101
*
Ed
 1e-07 1 1 0
1  154 0 -0.282842712474619 0
2  285 79 0 -0.282842712474619 0
2  286 81 0 -0.282842712474619 0
4 CN 79 0 81 0
0

0101000
+197 0 -194 0 *
Ve
1e-07
-41.143146607908 2.16709377225852 29.2025624833905
0 0

0101101
*
Ed
 1e-07 1 1 0
1  155 0 0 3.14159265358979
2  287 79 0 0 3.14159265358979
2  288 78 0 0 3.14159265358979
4 C0 79 0 78 0
0

0101000
+192 0 -194 0 *
Ed
 1e-07 1 1 0
1  156 0 -0.28284271247462 0
2  289 79 0 -0.28284271247462 0
2  290 81 0 -0.28284271247462 0
4 CN 79 0 81 0
0

0101000
+196 0 -192 0 *
Wi

0101100
-195 0 +193 0 -191 0 -190 0 *
Fa
0  1e-07 79 0

0101000
+189 0 *
Ed
 1e-07 1 1 0
1  157 0 0.199999999999989 26.8
2  291 78 0 0.199999999999989 26.8
2  292 82 0 0.199999999999989 26.8
4 CN 78 0 82 0
0

0101000
+204 0 -192 0 *
Ed
 1e-07 1 1 0
1  158 0 0.199999999999989 26.8
2  293 78 0 0.199999999999989 26.8
2  294 82 0 0.199999999999989 26.8
4 CN 78 0 82 0
0

0101000
+202 0 -194 0 *
Wi

0101100
+201 0 +187 0 +191 0 -186 0 *
Fa
0  1e-07 78 0

0101000
+185 0 *
Ve
1e-07
-41.143146607908 1.96709377225852 26.2025624833905
0 0

0101101
*
Ve
1e-07
-41.143146607908 26.9670937722585 26.2025624833905
0 0

0101101
*
Ed
 1e-07 1 1 0
1  159 0 49.2146319705837 74.2146319705837
2  295 83 0 49.2146319705837 74.2146319705837
2  296 84 0 49.2146319705837 74.2146319705837
4 CN 83 0 84 0
0

0101000
+183 0 -182 0 *
Ve
1e-07
-41.143146607908 26.9670937722585 -3.79743751660953
0 0

0101101
*
Ed
 1e-07 1 1 0
1  160 0 0 3.14159265358979
2  297 83 0 0 3.14159265358979
4 C0 83 0 10 0
0

0101000
+182 0 -180 0 *
Ve
1e-07
-41.143146607908 1.96709377225852 -3.79743751660953
0 0

0101101
*
Ed
 1e-07 1 1 0
1  161 0 49.2146319705837 74.2146319705837
2  298 83 0 49.2146319705837 74.2146319705837
2  299 84 0 49.2146319705837 74.2146319705837
4 CN 83 0 84 0
0

0101000
+178 0 -180 0 *
Ed
 1e-07 1 1 0
1  162 0 0 3.14159265358979
2  300 83 0 0 3.14159265358979
4 C0 83 0 80 0
0

0101000
+183 0 -178 0 *
Wi

0101100
+181 0 +179 0 -177 0 -176 0 *
Fa
0  1e-07 83 0

0101000
+175 0 *
Ed
 1e-07 1 1 0
1  163 0 3.14159265358979 6.28318530717959
2  301 84 0 3.14159265358979 6.28318530717959
4 C0 84 0 10 0
0

0101000
+180 0 -182 0 *
Ed
 1e-07 1 1 0
1  164 0 3.14159265358979 6.28318530717959
2  302 84 0 3.14159265358979 6.28318530717959
4 C0 84 0 80 0
0

0101000
+178 0 -183 0 *
Wi

0101100
+173 0 -181 0 -172 0 +177 0 *
Fa
0  1e-07 84 0

0101000
+171 0 *
Ed
 1e-07 1 1 0
1  165 0 0 3.14159265358979
2  303 81 0 0 3.14159265358979
4 C0 80 0 81 0
0

0101000
+196 0 -197 0 *
Wi

0101100
+169 0 +195 0 *
Wi

0101100
-176 0 -172 0 *
Fa
0  1e-07 80 0

0101000
-168 0 -167 0 *
Ed
 1e-07 1 1 0
1  166 0 0 3.14159265358979
2  304 82 0 0 3.14159265358979
2  305 77 0 0 3.14159265358979
4 C0 82 0 77 0
0

0101000
+204 0 -202 0 *
Ed
 1e-07 1 1 0
1  167 0 3.14159265358979 6.28318530717959
2  306 82 0 3.14159265358979 6.28318530717959
2  307 81 0 3.14159265358979 6.28318530717959
4 C0 82 0 81 0
0

0101000
+194 0 -192 0 *
Wi

0101100
-187 0 +165 0 +186 0 +164 0 *
Fa
0  1e-07 82 0

0101000
+163 0 *
Wi

0101100
-193 0 -169 0 +190 0 -164 0 *
Fa
0  1e-07 81 0

0101000
+161 0 *
Ed
 1e-07 1 1 0
1  168 0 3.14159265358979 6.28318530717959
2  308 77 0 3.14159265358979 6.28318530717959
4 C0 77 0 26 0
0

0101000
+206 0 -207 0 *
Wi

0101100
-203 0 -159 0 +200 0 -165 0 *
Fa
0  1e-07 77 0

0101000
+158 0 *
Ve
2.42842168392597e-06
-42.643146607908 48.7670937722585 13.2025624833905
0 0

0101101
*
Ed
 1e-07 1 1 0
1  169 0 0 0.643501108793284
2  309 74 0 0 0.643501108793284
2  310 71 0 0 0.643501108793284
4 C0 74 0 71 0
0

0101000
+228 0 -156 0 *
Ve
1e-07
-42.643146607908 42.9670937722585 13.2025624833905
0 0

0101101
*
Ed
 1e-07 1 1 0
1  170 0 0 5.8
2  311 74 0 0 5.8
4 C0 74 0 75 0
0

0101000
+154 0 -156 0 *
Ve
1e-07
-42.643146607908 42.9670937722585 9.20256248339047
0 0

0101101
*
Ed
 1e-07 1 1 0
1  171 0 3.78509376238308 5.6396841983863
2  312 74 0 3.78509376238308 5.6396841983863
4 C0 74 0 85 0
0

0101000
+152 0 -154 0 *
Ed
 1e-07 1 1 0
1  172 0 0 5.8
2  313 74 0 0 5.8
4 C0 74 0 75 0
0

0101000
+152 0 -219 0 *
Ed
 1e-07 1 1 0
1  173 0 3.14159265358979 6.28318530717959
2  314 74 0 3.14159265358979 6.28318530717959
4 C0 74 0 19 0
0

0101000
+214 0 -212 0 *
Wi

0101100
-213 0 +155 0 -153 0 -151 0 +150 0 +218 0 +210 0 -149 0 *
Fa
0  1e-07 74 0

0101000
+148 0 *
Ve
2.42842168392597e-06
-42.643146607908 48.9670937722585 12.9461220608067
0 0

0101101
*
Ed
 1e-07 1 1 0
1  174 0 -3.74355957741628 -0.256440422583719
4 C0 70 0 75 0
0

0101000
+146 0 -221 0 *
Ed
 1e-07 1 1 0
1  175 0 5.57273669862637 6.28318530717959
2  315 71 0 5.57273669862637 6.28318530717959
4 C0 70 0 71 0
0

0101000
+146 0 -231 0 *
Wi

0101100
-145 0 +144 0 +229 0 +220 0 *
Fa
0  1e-07 70 0

0101000
+143 0 *
Ed
 2.42842168392597e-06 1 1 0
1  176 0 0.00322738717817128 0.00355384362133166
2  316 71 0 0.00322738717817128 0.00355384362133166
4 C0 71 0 75 0
0

0101000
+156 0 -146 0 *
Wi

0101100
-227 0 -144 0 -141 0 -155 0 *
Fa
0  1e-07 71 0

0101000
+140 0 *
Ed
 1e-07 1 1 0
1  177 0 -4 -0
4 C0 85 0 75 0
0

0101000
+154 0 -152 0 *
Wi

0101100
+138 0 +151 0 *
Fa
0  1e-07 85 0

0101000
+137 0 *
Wi

0101100
+141 0 +145 0 +217 0 -150 0 -138 0 +153 0 *
Fa
0  1e-07 75 0

0101000
-135 0 *
Ed
 1e-07 1 1 0
1  178 0 0.578125 0.603015231209308
2  317 53 0 0.578125 0.603015231209308
2  318 54 0 0.578125 0.603015231209308
4 C0 53 0 54 0
0

0101000
+263 0 -336 0 *
Ed
 1e-07 1 1 0
1  179 0 0.640625 0.650067336489908
2  319 53 0 0.640625 0.650067336489908
2  320 50 0 0.640625 0.650067336489908
4 C0 53 0 50 0
0

0101000
+261 0 -338 0 *
Wi

0101100
+133 0 -335 0 -132 0 +260 0 *
Fa
0  1e-07 53 0

0101000
+131 0 *
Ed
 1e-07 1 1 0
1  180 0 0 3.14159265358979
2  321 55 0 0 3.14159265358979
4 C0 55 0 10 0
0

0101000
+330 0 -332 0 *
Ed
 0.000123888913979936 1 1 0
1  181 0 0.00235591589433672 0.00661342246216009
2  322 55 0 0.00235591589433672 0.00661342246216009
2  323 54 0 0.00235591589433672 0.00661342246216009
4 C0 55 0 54 0
0

0101000
+328 0 -334 0 *
Wi

0101100
+129 0 -331 0 -128 0 +327 0 *
Fa
0  1e-07 55 0

0101000
+127 0 *
Ed
 1e-07 1 1 0
1  182 0 3.14159265358979 6.28318530717959
2  324 49 0 3.14159265358979 6.28318530717959
4 C0 49 0 9 0
0

0101000
+348 0 -350 0 *
Ve
0.000159034339549491
-49.7355742620799 30.8377267097585 12.4036592115546
0 0

0101101
*
Ed
 9.58754077521376e-05 1 1 0
1  183 0 6.21602521787588e-17 0.000989840555589977
2  325 49 0 6.21602521787588e-17 0.000989840555589977
2  326 50 0 6.21602521787588e-17 0.000989840555589977
4 C0 49 0 50 0
0

0101000
+124 0 -351 0 *
Ve
0.000189503392379616
-49.1627747989096 30.8377267097585 11.4174583821015
0 0

0101101
*
Ed
 0.000159034339549491 1 1 0
1  184 0 2.69301502907674e-17 0.0011743474443789
2  327 49 0 2.69301502907674e-17 0.0011743474443789
2  328 52 0 2.69301502907674e-17 0.0011743474443789
4 C0 49 0 52 0
0

0101000
+122 0 -124 0 *
Ed
 0.000189503392379616 1 1 0
1  185 0 2.03324410859378e-13 0.00201301508397395
2  329 49 0 2.03324410859378e-13 0.00201301508397395
2  330 54 0 2.03324410859378e-13 0.00201301508397395
4 C0 49 0 54 0
0

0101000
+272 0 -122 0 *
Ed
 0.000200580293951728 1 1 0
1  186 0 0.00539448807014511 0.00740803992068985
2  331 49 0 0.00539448807014511 0.00740803992068985
2  332 50 0 0.00539448807014511 0.00740803992068985
4 C0 49 0 50 0
0

0101000
+346 0 -236 0 *
Wi

0101100
+125 0 -349 0 -123 0 -121 0 -120 0 +235 0 -119 0 +345 0 *
Fa
0  1e-07 49 0

0101000
+118 0 *
Ve
0.000367599948878062
-30.8759898842429 27.3670937722585 12.2083971604218
0 0

0101101
*
Ed
 1e-07 1 1 0
1  187 0 0.578125 0.603015231209308
2  333 37 0 0.578125 0.603015231209308
2  334 29 0 0.578125 0.603015231209308
4 C0 37 0 29 0
0

0101000
+437 0 -116 0 *
Ve
0.000339678817257264
-30.6035411116812 27.3670937722584 10.472442159727
0 0

0101101
*
Ed
 1e-07 1 1 0
1  188 0 4.08862278362603 5.64750461993032
2  335 37 0 4.08862278362603 5.64750461993032
2  336 34 0 4.08862278362603 5.64750461993032
4 C0 37 0 34 0
0

0101000
+114 0 -116 0 *
Ed
 1e-07 1 1 0
1  189 0 0.640625 0.650067336489907
2  337 37 0 0.640625 0.650067336489907
2  338 31 0 0.640625 0.650067336489907
4 C0 37 0 31 0
0

0101000
+435 0 -114 0 *
Wi

0101100
+115 0 -113 0 -112 0 +434 0 *
Fa
0  1e-07 37 0

0101000
+111 0 *
Ed
 1e-07 1 1 0
1  190 0 0 3.14159265358979
2  339 34 0 0 3.14159265358979
4 C0 34 0 10 0
0

0101000
+447 0 -449 0 *
Ve
0.000144001859621771
-30.0980236704488 27.0964608347585 11.2419424988855
0 0

0101101
*
Ed
 0.000144001859621771 1 1 0
1  191 0 7.93624140966861e-17 0.00235591589433673
2  340 34 0 7.93624140966861e-17 0.00235591589433673
2  341 29 0 7.93624140966861e-17 0.00235591589433673
4 C0 34 0 29 0
0

0101000
+108 0 -450 0 *
Ve
0.000339678817257264
-30.5583713591253 27.0964608347585 12.2930673906135
0 0

0101101
*
Ed
 0.000128459577680306 1 1 0
1  192 0 1.05519109601004e-16 0.00118634632824861
2  342 34 0 1.05519109601004e-16 0.00118634632824861
2  343 28 0 1.05519109601004e-16 0.00118634632824861
4 C0 34 0 28 0
0

0101000
+106 0 -108 0 *
Ed
 0.000339678817257264 1 1 0
1  193 0 1.47827451166925e-15 0.0019969966258315
2  344 34 0 1.47827451166925e-15 0.0019969966258315
2  345 31 0 1.47827451166925e-15 0.0019969966258315
4 C0 34 0 31 0
0

0101000
+114 0 -106 0 *
Ed
 0.000367599948878062 1 1 0
1  194 0 0.00661342246216006 0.00741215099523965
2  346 34 0 0.00661342246216006 0.00741215099523965
2  347 29 0 0.00661342246216006 0.00741215099523965
4 C0 34 0 29 0
0

0101000
+445 0 -116 0 *
Wi

0101100
+109 0 -448 0 -107 0 -105 0 -104 0 +113 0 -103 0 +444 0 *
Fa
0  1e-07 34 0

0101000
+102 0 *
Ed
 1e-07 1 1 0
1  195 0 3.14159265358979 6.28318530717959
2  348 32 0 3.14159265358979 6.28318530717959
4 C0 32 0 9 0
0

0101000
+457 0 -459 0 *
Ed
 0.000222549986198825 1 1 0
1  196 0 0.000989840555477891 0.00539448807003624
2  349 32 0 0.000989840555477891 0.00539448807003624
2  350 31 0 0.000989840555477891 0.00539448807003624
4 C0 32 0 31 0
0

0101000
+455 0 -461 0 *
Wi

0101100
+100 0 -458 0 -99 0 +454 0 *
Fa
0  1e-07 32 0

0101000
+98 0 *
Wi

0101100
+446 0 +109 0 *
Wi

0101100
+329 0 +129 0 *
Ed
 1e-07 1 1 0
1  197 0 3.14159265358979 6.28318530717959
2  351 23 0 3.14159265358979 6.28318530717959
4 C0 10 0 23 0
0

0101000
+491 0 -492 0 *
Wi

0101100
-490 0 -94 0 *
Ed
 1e-07 1 1 0
1  198 0 0 3.14159265358979
2  352 12 0 0 3.14159265358979
4 C0 10 0 12 0
0

0101000
+530 0 -525 0 *
Wi

0101100
+92 0 +523 0 *
Ed
 1e-07 1 1 0
1  199 0 0 3.14159265358979
2  353 8 0 0 3.14159265358979
4 C0 10 0 8 0
0

0101000
+540 0 -535 0 *
Wi

0101100
+90 0 +533 0 *
Wi

0101100
+179 0 +173 0 *
Fa
0  1e-07 10 0

0101000
-96 0 -95 0 -93 0 -91 0 -89 0 -88 0 *
Wi

0101100
+159 0 +205 0 *
Ed
 1e-07 1 1 0
1  200 0 3.14159265358979 6.28318530717959
2  354 25 0 3.14159265358979 6.28318530717959
4 C0 26 0 25 0
0

0101000
+475 0 -473 0 *
Wi

0101100
+472 0 +85 0 *
Fa
0  1e-07 26 0

0101000
+86 0 +84 0 *
Ed
 1e-07 1 1 0
1  201 0 0 3.14159265358979
2  355 25 0 0 3.14159265358979
2  356 16 0 0 3.14159265358979
4 C0 25 0 16 0
0

0101000
+509 0 -507 0 *
Wi

0101100
-474 0 +82 0 +471 0 -85 0 *
Fa
0  1e-07 25 0

0101000
+81 0 *
Wi

0101100
+456 0 +100 0 *
Wi

0101100
+347 0 +125 0 *
Ed
 1e-07 1 1 0
1  202 0 0 3.14159265358979
2  357 8 0 0 3.14159265358979
4 C0 9 0 8 0
0

0101000
+539 0 -537 0 *
Wi

0101100
-77 0 -536 0 *
Ed
 1e-07 1 1 0
1  203 0 0 3.14159265358979
2  358 12 0 0 3.14159265358979
4 C0 9 0 12 0
0

0101000
+529 0 -527 0 *
Wi

0101100
-75 0 -526 0 *
Ed
 1e-07 1 1 0
1  204 0 3.14159265358979 6.28318530717959
2  359 16 0 3.14159265358979 6.28318530717959
4 C0 9 0 16 0
0

0101000
+511 0 -512 0 *
Wi

0101100
+73 0 +510 0 *
Ed
 1e-07 1 1 0
1  205 0 3.14159265358979 6.28318530717959
2  360 24 0 3.14159265358979 6.28318530717959
4 C0 9 0 24 0
0

0101000
+482 0 -480 0 *
Wi

0101100
+479 0 +71 0 *
Fa
0  1e-07 9 0

0101000
+79 0 +78 0 +76 0 +74 0 +72 0 +70 0 *
Ed
 1e-07 1 1 0
1  206 0 3.14159265358979 6.28318530717959
2  361 24 0 3.14159265358979 6.28318530717959
2  362 20 0 3.14159265358979 6.28318530717959
4 C0 24 0 20 0
0

0101000
+499 0 -497 0 *
Wi

0101100
-481 0 +68 0 +478 0 -71 0 *
Fa
0  1e-07 24 0

0101000
+67 0 *
Wi

0101100
+211 0 +149 0 *
Ed
 1e-07 1 1 0
1  207 0 0 3.14159265358979
2  363 20 0 0 3.14159265358979
4 C0 19 0 20 0
0

0101000
+501 0 -502 0 *
Wi

0101100
+64 0 +500 0 *
Fa
0  1e-07 19 0

0101000
-65 0 -63 0 *
Ed
 1e-07 1 1 0
1  208 0 0 3.14159265358979
2  364 2 0 0 3.14159265358979
4 C0 14 0 2 0
0

0101000
+518 0 -520 0 *
Wi

0101100
+517 0 +61 0 *
Ed
 1e-07 1 1 0
1  209 0 3.14159265358979 6.28318530717959
2  365 23 0 3.14159265358979 6.28318530717959
4 C0 14 0 23 0
0

0101000
+489 0 -487 0 *
Wi

0101100
+486 0 +59 0 *
Fa
0  1e-07 14 0

0101000
-60 0 -58 0 *
Wi

0101100
-488 0 +94 0 +485 0 -59 0 *
Fa
0  1e-07 23 0

0101000
+56 0 *
Wi

0101100
-498 0 -64 0 +495 0 -68 0 *
Fa
0  1e-07 20 0

0101000
+54 0 *
Wi

0101100
-508 0 -73 0 +505 0 -82 0 *
Fa
0  1e-07 16 0

0101000
+52 0 *
Wi

0101100
+61 0 -519 0 +555 0 +516 0 *
Fa
0  1e-07 2 0

0101000
+50 0 *
Wi

0101100
-75 0 -528 0 +92 0 +524 0 *
Fa
0  1e-07 12 0

0101000
+48 0 *
Wi

0101100
-77 0 -538 0 +90 0 +534 0 *
Fa
0  1e-07 8 0

0101000
+46 0 *
Ed
 1e-07 1 1 0
1  210 0 0.196517118635949 0.664158789322596
2  366 28 0 0.196517118635949 0.664158789322596
2  367 31 0 0.196517118635949 0.664158789322596
4 C0 28 0 31 0
0

0101000
+467 0 -106 0 *
Ed
 1e-07 1 1 0
1  211 0 0.188951880373328 0.656518873894546
2  368 28 0 0.188951880373328 0.656518873894546
2  369 29 0 0.188951880373328 0.656518873894546
4 C0 28 0 29 0
0

0101000
+468 0 -108 0 *
Wi

0101100
-44 0 -466 0 +43 0 -105 0 *
Fa
0  1e-07 28 0

0101000
+42 0 *
Wi

0101100
-378 0 -460 0 -99 0 -453 0 +44 0 -104 0 -112 0 -433 0 -374 0 -423 0 
-370 0 -413 0 -366 0 -403 0 -362 0 -393 0 -358 0 -383 0 -354 0 *
Fa
0  1e-07 31 0

0101000
+40 0 *
Wi

0101100
-43 0 -464 0 +355 0 +386 0 +359 0 +396 0 +363 0 +406 0 +367 0 +416 0 
+371 0 +426 0 +375 0 +436 0 +115 0 -103 0 -443 0 -107 0 *
Fa
0  1e-07 29 0

0101000
+38 0 *
Ed
 1e-07 1 1 0
1  212 0 0.19651711863595 0.664158789322596
2  370 52 0 0.19651711863595 0.664158789322596
2  371 50 0 0.19651711863595 0.664158789322596
4 C0 52 0 50 0
0

0101000
+124 0 -341 0 *
Ed
 1e-07 1 1 0
1  213 0 0.18895188037333 0.656518873894545
2  372 52 0 0.18895188037333 0.656518873894545
2  373 54 0 0.18895188037333 0.656518873894545
4 C0 52 0 54 0
0

0101000
+122 0 -340 0 *
Wi

0101100
-36 0 -121 0 +35 0 -339 0 *
Fa
0  1e-07 52 0

0101000
+34 0 *
Wi

0101100
-234 0 -119 0 -344 0 -123 0 +36 0 -337 0 -132 0 -259 0 -316 0 -255 0 
-306 0 -251 0 -296 0 -247 0 -286 0 -243 0 -276 0 -239 0 -266 0 *
Fa
0  1e-07 50 0

0101000
+32 0 *
Wi

0101100
-35 0 -120 0 +269 0 +240 0 +279 0 +244 0 +289 0 +248 0 +299 0 +252 0 
+309 0 +256 0 +319 0 +262 0 +133 0 -333 0 -128 0 -326 0 *
Fa
0  1e-07 54 0

0101000
+30 0 *
Ed
 1e-07 1 1 0
1  214 0 0 3.14159265358979
2  374 6 0 0 3.14159265358979
4 C0 5 0 6 0
0

0101000
+546 0 -547 0 *
Wi

0101100
+28 0 +545 0 *
Fa
0  1e-07 5 0

0101000
-27 0 *
Ve
1e-07
-42.643146607908 -12.2329062277415 9.20256248339047
0 0

0101101
*
Ve
1e-07
-42.643146607908 -12.2329062277415 13.2025624833905
0 0

0101101
*
Ed
 1e-07 1 1 0
1  215 0 -4 0
4 C0 86 0 87 0
0

0101000
+25 0 -24 0 *
Ed
 1e-07 1 1 0
1  216 0 3.78509376238308 5.6396841983863
2  375 3 0 3.78509376238308 5.6396841983863
4 C0 86 0 3 0
0

0101000
+24 0 -25 0 *
Wi

0101100
-23 0 -22 0 *
Fa
0  1e-07 86 0

0101000
-21 0 *
Ve
1e-07
-42.643146607908 -7.73290622774149 13.2025624833905
0 0

0101101
*
Ed
 1e-07 1 1 0
1  217 0 -0 4.5
2  376 3 0 -0 4.5
4 C0 87 0 3 0
0

0101000
+19 0 -24 0 *
Ve
1e-07
-42.643146607908 -7.73290622774149 9.20256248339047
0 0

0101101
*
Ed
 1e-07 1 1 0
1  218 0 -4 0
4 C0 87 0 88 0
0

0101000
+17 0 -19 0 *
Ed
 1e-07 1 1 0
1  219 0 -0 4.5
2  377 3 0 -0 4.5
4 C0 87 0 3 0
0

0101000
+17 0 -25 0 *
Wi

0101100
+23 0 -18 0 -16 0 +15 0 *
Fa
0  1e-07 87 0

0101000
-14 0 *
Ed
 1e-07 1 1 0
1  220 0 3.78509376238308 5.6396841983863
2  378 3 0 3.78509376238308 5.6396841983863
4 C0 88 0 3 0
0

0101000
+19 0 -17 0 *
Wi

0101100
+16 0 +12 0 *
Fa
0  1e-07 88 0

0101000
+11 0 *
Ed
 1e-07 1 1 0
1  221 0 3.14159265358979 6.28318530717959
2  379 6 0 3.14159265358979 6.28318530717959
2  380 3 0 3.14159265358979 6.28318530717959
4 C0 6 0 3 0
0

0101000
+552 0 -554 0 *
Wi

0101100
-544 0 -28 0 +543 0 -9 0 *
Fa
0  1e-07 6 0

0101000
+8 0 *
Wi

0101100
-553 0 +515 0 +550 0 +9 0 *
Wi

0101100
-12 0 +18 0 +22 0 -15 0 *
Fa
0  1e-07 3 0

0101000
+6 0 +5 0 *
Sh

0101100
+548 0 +541 0 -531 0 -521 0 -513 0 +503 0 +493 0 +483 0 +476 0 +469 0 
-451 0 -441 0 -431 0 -421 0 -411 0 -401 0 -391 0 -381 0 -376 0 -372 0 
-368 0 -364 0 -360 0 -356 0 -352 0 -342 0 -324 0 -314 0 -304 0 -294 0 
-284 0 -274 0 -264 0 -257 0 -253 0 -249 0 -245 0 -241 0 -237 0 -232 0 
+222 0 +215 0 +208 0 +198 0 +188 0 +184 0 -174 0 -170 0 -166 0 +162 0 
+160 0 +157 0 +147 0 +142 0 +139 0 +136 0 -134 0 -130 0 -126 0 -117 0 
-110 0 -101 0 -97 0 -87 0 +83 0 +80 0 +69 0 +66 0 -62 0 -57 0 
+55 0 +53 0 +51 0 -49 0 -47 0 -45 0 +41 0 +39 0 +37 0 +33 0 
+31 0 +29 0 -26 0 -20 0 -13 0 +10 0 +7 0 +4 0 *
So

0100000
+3 0 *
Co

1100000
+2 3 *

+1 0 