solid unnamed
facet normal -0.99879533 0.04906842 0
    outer loop
        vertex -34.831463 3.4306 -35
        vertex -35 -0 -35
        vertex -34.831463 3.4306 35
    endloop
endfacet
facet normal -0.98917657 0.14672995 0
    outer loop
        vertex -34.327484 6.8281612 -35
        vertex -34.831463 3.4306 -35
        vertex -34.831463 3.4306 35
    endloop
endfacet
facet normal -0.97003132 0.24297985 0
    outer loop
        vertex -33.492912 10.159964 -35
        vertex -34.327484 6.8281612 -35
        vertex -34.327484 6.8281612 35
    endloop
endfacet
facet normal -0.97003132 0.24297985 0
    outer loop
        vertex -33.492912 10.159964 35
        vertex -33.492912 10.159964 -35
        vertex -34.327484 6.8281612 35
    endloop
endfacet
facet normal -0.94154412 0.33688968 0
    outer loop
        vertex -32.335785 13.39392 35
        vertex -32.335785 13.39392 -35
        vertex -33.492912 10.159964 35
    endloop
endfacet
facet normal -0.9039892 0.42755523 0
    outer loop
        vertex -32.335785 13.39392 35
        vertex -30.867245 16.498886 -35
        vertex -32.335785 13.39392 -35
    endloop
endfacet
facet normal -0.85772854 0.51410294 0
    outer loop
        vertex -30.867245 16.498886 35
        vertex -29.101437 19.444958 -35
        vertex -30.867245 16.498886 -35
    endloop
endfacet
facet normal -0.85772854 0.51410294 0
    outer loop
        vertex -30.867245 16.498886 35
        vertex -29.101437 19.444958 35
        vertex -29.101437 19.444958 -35
    endloop
endfacet
facet normal -0.80320776 0.59569907 0
    outer loop
        vertex -29.101437 19.444958 35
        vertex -27.055367 22.203766 35
        vertex -27.055367 22.203766 -35
    endloop
endfacet
facet normal -0.74095088 0.67155915 0
    outer loop
        vertex -27.055367 22.203766 -35
        vertex -27.055367 22.203766 35
        vertex -24.748737 24.748737 -35
    endloop
endfacet
facet normal -0.67155915 0.74095088 0
    outer loop
        vertex -24.748737 24.748737 -35
        vertex -24.748737 24.748737 35
        vertex -22.203766 27.055367 -35
    endloop
endfacet
facet normal -0.67155915 0.74095088 0
    outer loop
        vertex -22.203766 27.055367 -35
        vertex -24.748737 24.748737 35
        vertex -22.203766 27.055367 35
    endloop
endfacet
facet normal -0.59569907 0.80320776 0
    outer loop
        vertex -19.444958 29.101437 -35
        vertex -22.203766 27.055367 35
        vertex -19.444958 29.101437 35
    endloop
endfacet
facet normal -0.51410294 0.85772854 0
    outer loop
        vertex -16.498886 30.867245 -35
        vertex -19.444958 29.101437 -35
        vertex -19.444958 29.101437 35
    endloop
endfacet
facet normal -0.42755523 0.9039892 0
    outer loop
        vertex -13.39392 32.335785 -35
        vertex -16.498886 30.867245 -35
        vertex -16.498886 30.867245 35
    endloop
endfacet
facet normal -0.42755523 0.9039892 0
    outer loop
        vertex -13.39392 32.335785 35
        vertex -13.39392 32.335785 -35
        vertex -16.498886 30.867245 35
    endloop
endfacet
facet normal -0.33688968 0.94154412 0
    outer loop
        vertex -10.159964 33.492912 35
        vertex -10.159964 33.492912 -35
        vertex -13.39392 32.335785 35
    endloop
endfacet
facet normal -0.24297985 0.97003132 0
    outer loop
        vertex -10.159964 33.492912 35
        vertex -6.8281612 34.327484 -35
        vertex -10.159964 33.492912 -35
    endloop
endfacet
facet normal -0.14672995 0.98917657 0
    outer loop
        vertex -6.8281612 34.327484 35
        vertex -3.4306 34.831463 -35
        vertex -6.8281612 34.327484 -35
    endloop
endfacet
facet normal -0.14672995 0.98917657 0
    outer loop
        vertex -6.8281612 34.327484 35
        vertex -3.4306 34.831463 35
        vertex -3.4306 34.831463 -35
    endloop
endfacet
facet normal -0.04906842 0.99879533 0
    outer loop
        vertex -3.4306 34.831463 35
        vertex 0.0000000000000021431318 35 35
        vertex 0.0000000000000021431318 35 -35
    endloop
endfacet
facet normal 0.04906842 0.99879533 -0
    outer loop
        vertex 0.0000000000000021431318 35 -35
        vertex 0.0000000000000021431318 35 35
        vertex 3.4306 34.831463 -35
    endloop
endfacet
facet normal 0.14672995 0.98917657 -0
    outer loop
        vertex 3.4306 34.831463 -35
        vertex 3.4306 34.831463 35
        vertex 6.8281612 34.327484 -35
    endloop
endfacet
facet normal 0.14672995 0.98917657 -0
    outer loop
        vertex 6.8281612 34.327484 -35
        vertex 3.4306 34.831463 35
        vertex 6.8281612 34.327484 35
    endloop
endfacet
facet normal 0.24297985 0.97003132 -0
    outer loop
        vertex 10.159964 33.492912 -35
        vertex 6.8281612 34.327484 35
        vertex 10.159964 33.492912 35
    endloop
endfacet
facet normal 0.33688968 0.94154412 0
    outer loop
        vertex 13.39392 32.335785 -35
        vertex 10.159964 33.492912 -35
        vertex 10.159964 33.492912 35
    endloop
endfacet
facet normal 0.42755523 0.9039892 0
    outer loop
        vertex 16.498886 30.867245 -35
        vertex 13.39392 32.335785 -35
        vertex 13.39392 32.335785 35
    endloop
endfacet
facet normal 0.42755523 0.9039892 0
    outer loop
        vertex 16.498886 30.867245 35
        vertex 16.498886 30.867245 -35
        vertex 13.39392 32.335785 35
    endloop
endfacet
facet normal 0.51410294 0.85772854 0
    outer loop
        vertex 19.444958 29.101437 35
        vertex 19.444958 29.101437 -35
        vertex 16.498886 30.867245 35
    endloop
endfacet
facet normal 0.59569907 0.80320776 0
    outer loop
        vertex 19.444958 29.101437 35
        vertex 22.203766 27.055367 -35
        vertex 19.444958 29.101437 -35
    endloop
endfacet
facet normal 0.80320776 0.59569907 0
    outer loop
        vertex 27.055367 22.203766 35
        vertex 29.101437 19.444958 35
        vertex 29.101437 19.444958 -35
    endloop
endfacet
facet normal 0.85772854 0.51410294 0
    outer loop
        vertex 29.101437 19.444958 35
        vertex 30.867245 16.498886 -35
        vertex 29.101437 19.444958 -35
    endloop
endfacet
facet normal 0.99879533 0.04906842 0
    outer loop
        vertex 35 -0 35
        vertex 35 -0 -35
        vertex 34.831463 3.4306 35
    endloop
endfacet
facet normal 0.99879533 0.04906842 0
    outer loop
        vertex 34.831463 3.4306 35
        vertex 35 -0 -35
        vertex 34.831463 3.4306 -35
    endloop
endfacet
facet normal 0.98917657 0.14672995 0
    outer loop
        vertex 34.327484 6.8281612 35
        vertex 34.831463 3.4306 35
        vertex 34.831463 3.4306 -35
    endloop
endfacet
facet normal 0.98917657 0.14672995 -0
    outer loop
        vertex 34.327484 6.8281612 -35
        vertex 34.327484 6.8281612 35
        vertex 34.831463 3.4306 -35
    endloop
endfacet
facet normal 0.97003132 0.24297985 -0
    outer loop
        vertex 34.327484 6.8281612 -35
        vertex 33.492912 10.159964 35
        vertex 34.327484 6.8281612 35
    endloop
endfacet
facet normal 0.97003132 0.24297985 0
    outer loop
        vertex 34.327484 6.8281612 -35
        vertex 33.492912 10.159964 -35
        vertex 33.492912 10.159964 35
    endloop
endfacet
facet normal 0.94154412 0.33688968 0
    outer loop
        vertex 33.492912 10.159964 35
        vertex 33.492912 10.159964 -35
        vertex 32.335785 13.39392 35
    endloop
endfacet
facet normal 0.94154412 0.33688968 0
    outer loop
        vertex 32.335785 13.39392 35
        vertex 33.492912 10.159964 -35
        vertex 32.335785 13.39392 -35
    endloop
endfacet
facet normal 0.9039892 0.42755523 0
    outer loop
        vertex 30.867245 16.498886 35
        vertex 32.335785 13.39392 35
        vertex 32.335785 13.39392 -35
    endloop
endfacet
facet normal 0.9039892 0.42755523 -0
    outer loop
        vertex 30.867245 16.498886 -35
        vertex 30.867245 16.498886 35
        vertex 32.335785 13.39392 -35
    endloop
endfacet
facet normal 0.85772854 0.51410294 -0
    outer loop
        vertex 30.867245 16.498886 -35
        vertex 29.101437 19.444958 35
        vertex 30.867245 16.498886 35
    endloop
endfacet
facet normal 0.80320776 0.59569907 0
    outer loop
        vertex 29.101437 19.444958 -35
        vertex 27.055367 22.203766 -35
        vertex 27.055367 22.203766 35
    endloop
endfacet
facet normal 0.74095088 0.67155915 0
    outer loop
        vertex 27.055367 22.203766 35
        vertex 27.055367 22.203766 -35
        vertex 24.748737 24.748737 35
    endloop
endfacet
facet normal 0.74095088 0.67155915 0
    outer loop
        vertex 24.748737 24.748737 35
        vertex 27.055367 22.203766 -35
        vertex 24.748737 24.748737 -35
    endloop
endfacet
facet normal 0.67155915 0.74095088 0
    outer loop
        vertex 22.203766 27.055367 35
        vertex 24.748737 24.748737 35
        vertex 24.748737 24.748737 -35
    endloop
endfacet
facet normal 0.67155915 0.74095088 -0
    outer loop
        vertex 22.203766 27.055367 -35
        vertex 22.203766 27.055367 35
        vertex 24.748737 24.748737 -35
    endloop
endfacet
facet normal 0.59569907 0.80320776 -0
    outer loop
        vertex 22.203766 27.055367 -35
        vertex 19.444958 29.101437 35
        vertex 22.203766 27.055367 35
    endloop
endfacet
facet normal 0.51410294 0.85772854 -0
    outer loop
        vertex 16.498886 30.867245 -35
        vertex 16.498886 30.867245 35
        vertex 19.444958 29.101437 -35
    endloop
endfacet
facet normal 0.33688968 0.94154412 0
    outer loop
        vertex 10.159964 33.492912 35
        vertex 13.39392 32.335785 35
        vertex 13.39392 32.335785 -35
    endloop
endfacet
facet normal 0.24297985 0.97003132 0
    outer loop
        vertex 6.8281612 34.327484 35
        vertex 10.159964 33.492912 -35
        vertex 6.8281612 34.327484 -35
    endloop
endfacet
facet normal 0.04906842 0.99879533 0
    outer loop
        vertex 3.4306 34.831463 35
        vertex 3.4306 34.831463 -35
        vertex 0.0000000000000021431318 35 35
    endloop
endfacet
facet normal -0.04906842 0.99879533 0
    outer loop
        vertex 0.0000000000000021431318 35 -35
        vertex -3.4306 34.831463 -35
        vertex -3.4306 34.831463 35
    endloop
endfacet
facet normal -0.24297985 0.97003132 0
    outer loop
        vertex -6.8281612 34.327484 -35
        vertex -10.159964 33.492912 35
        vertex -6.8281612 34.327484 35
    endloop
endfacet
facet normal -0.33688968 0.94154412 0
    outer loop
        vertex -13.39392 32.335785 -35
        vertex -13.39392 32.335785 35
        vertex -10.159964 33.492912 -35
    endloop
endfacet
facet normal -0.51410294 0.85772854 0
    outer loop
        vertex -19.444958 29.101437 35
        vertex -16.498886 30.867245 35
        vertex -16.498886 30.867245 -35
    endloop
endfacet
facet normal -0.59569907 0.80320776 0
    outer loop
        vertex -22.203766 27.055367 35
        vertex -19.444958 29.101437 -35
        vertex -22.203766 27.055367 -35
    endloop
endfacet
facet normal -0.74095088 0.67155915 0
    outer loop
        vertex -24.748737 24.748737 35
        vertex -24.748737 24.748737 -35
        vertex -27.055367 22.203766 35
    endloop
endfacet
facet normal -0.80320776 0.59569907 0
    outer loop
        vertex -27.055367 22.203766 -35
        vertex -29.101437 19.444958 -35
        vertex -29.101437 19.444958 35
    endloop
endfacet
facet normal -0.9039892 0.42755523 0
    outer loop
        vertex -30.867245 16.498886 -35
        vertex -32.335785 13.39392 35
        vertex -30.867245 16.498886 35
    endloop
endfacet
facet normal -0.94154412 0.33688968 0
    outer loop
        vertex -33.492912 10.159964 -35
        vertex -33.492912 10.159964 35
        vertex -32.335785 13.39392 -35
    endloop
endfacet
facet normal -0.99879533 0.04906842 0
    outer loop
        vertex -34.831463 3.4306 35
        vertex -35 -0 -35
        vertex -35 -0 35
    endloop
endfacet
facet normal -0.98917657 0.14672995 0
    outer loop
        vertex -34.327484 6.8281612 -35
        vertex -34.831463 3.4306 35
        vertex -34.327484 6.8281612 35
    endloop
endfacet
facet normal 0 0 -1
    outer loop
        vertex -2.341084 11.7694235 -35
        vertex -10.159964 33.492912 -35
        vertex -6.8281612 34.327484 -35
    endloop
endfacet
facet normal 0 0 -1
    outer loop
        vertex -2.341084 11.7694235 -35
        vertex -3.4306 34.831463 -35
        vertex 0 12 -35
    endloop
endfacet
facet normal 0 0 -1
    outer loop
        vertex -4.592201 11.086555 -35
        vertex -13.39392 32.335785 -35
        vertex -10.159964 33.492912 -35
    endloop
endfacet
facet normal 0 0 -1
    outer loop
        vertex -6.666843 9.977635 -35
        vertex -16.498886 30.867245 -35
        vertex -4.592201 11.086555 -35
    endloop
endfacet
facet normal 0 0 -1
    outer loop
        vertex -22.203766 27.055367 -35
        vertex -19.444958 29.101437 -35
        vertex -6.666843 9.977635 -35
    endloop
endfacet
facet normal 0 0 -1
    outer loop
        vertex -24.748737 24.748737 -35
        vertex -22.203766 27.055367 -35
        vertex -8.485281 8.485281 -35
    endloop
endfacet
facet normal 0 0 -1
    outer loop
        vertex -27.055367 22.203766 -35
        vertex -8.485281 8.485281 -35
        vertex -9.977635 6.666843 -35
    endloop
endfacet
facet normal 0 0 -1
    outer loop
        vertex -9.977635 6.666843 -35
        vertex -30.867245 16.498886 -35
        vertex -29.101437 19.444958 -35
    endloop
endfacet
facet normal 0 0 -1
    outer loop
        vertex -11.086555 4.592201 -35
        vertex -32.335785 13.39392 -35
        vertex -30.867245 16.498886 -35
    endloop
endfacet
facet normal 0 0 -1
    outer loop
        vertex -11.7694235 2.341084 -35
        vertex -33.492912 10.159964 -35
        vertex -11.086555 4.592201 -35
    endloop
endfacet
facet normal 0 0 -1
    outer loop
        vertex -34.831463 3.4306 -35
        vertex -34.327484 6.8281612 -35
        vertex -11.7694235 2.341084 -35
    endloop
endfacet
facet normal 0 0 -1
    outer loop
        vertex -35 -0 -35
        vertex -34.831463 3.4306 -35
        vertex -12 -0 -35
    endloop
endfacet
facet normal 0 0 -0.99999994
    outer loop
        vertex -33.492912 -10.159964 -35
        vertex -34.327484 -6.8281612 -35
        vertex -11.7694235 -2.341084 -35
    endloop
endfacet
facet normal 0 0 -1
    outer loop
        vertex -30.867245 -16.498886 -35
        vertex -32.335785 -13.39392 -35
        vertex -11.086555 -4.592201 -35
    endloop
endfacet
facet normal 0 0 -1
    outer loop
        vertex -27.055367 -22.203766 -35
        vertex -29.101437 -19.444958 -35
        vertex -9.977635 -6.666843 -35
    endloop
endfacet
facet normal 0 0 -1
    outer loop
        vertex -22.203766 -27.055367 -35
        vertex -24.748737 -24.748737 -35
        vertex -8.485281 -8.485281 -35
    endloop
endfacet
facet normal 0 0 -1
    outer loop
        vertex -16.498886 -30.867245 -35
        vertex -19.444958 -29.101437 -35
        vertex -6.666843 -9.977635 -35
    endloop
endfacet
facet normal 0 0 -1
    outer loop
        vertex -10.159964 -33.492912 -35
        vertex -13.39392 -32.335785 -35
        vertex -4.592201 -11.086555 -35
    endloop
endfacet
facet normal 0 0 -1
    outer loop
        vertex -3.4306 -34.831463 -35
        vertex -6.8281612 -34.327484 -35
        vertex -2.341084 -11.7694235 -35
    endloop
endfacet
facet normal -0 0 -1
    outer loop
        vertex 3.4306 -34.831463 -35
        vertex -0.0000000000000021431318 -35 -35
        vertex 0 -12 -35
    endloop
endfacet
facet normal -0 0 -0.99999994
    outer loop
        vertex 10.159964 -33.492912 -35
        vertex 6.8281612 -34.327484 -35
        vertex 2.341084 -11.7694235 -35
    endloop
endfacet
facet normal -0 0 -1
    outer loop
        vertex 16.498886 -30.867245 -35
        vertex 13.39392 -32.335785 -35
        vertex 4.592201 -11.086555 -35
    endloop
endfacet
facet normal -0 0 -1
    outer loop
        vertex 22.203766 -27.055367 -35
        vertex 19.444958 -29.101437 -35
        vertex 6.666843 -9.977635 -35
    endloop
endfacet
facet normal -0 0 -1
    outer loop
        vertex 27.055367 -22.203766 -35
        vertex 24.748737 -24.748737 -35
        vertex 8.485281 -8.485281 -35
    endloop
endfacet
facet normal -0 0 -1
    outer loop
        vertex 30.867245 -16.498886 -35
        vertex 29.101437 -19.444958 -35
        vertex 9.977635 -6.666843 -35
    endloop
endfacet
facet normal -0 0 -1
    outer loop
        vertex 33.492912 -10.159964 -35
        vertex 32.335785 -13.39392 -35
        vertex 11.086555 -4.592201 -35
    endloop
endfacet
facet normal -0 0 -1
    outer loop
        vertex 34.831463 -3.4306 -35
        vertex 34.327484 -6.8281612 -35
        vertex 11.7694235 -2.341084 -35
    endloop
endfacet
facet normal 0 -0 -1
    outer loop
        vertex 34.831463 3.4306 -35
        vertex 35 -0 -35
        vertex 12 -0 -35
    endloop
endfacet
facet normal 0 -0 -0.99999994
    outer loop
        vertex 33.492912 10.159964 -35
        vertex 34.327484 6.8281612 -35
        vertex 11.7694235 2.341084 -35
    endloop
endfacet
facet normal 0 -0 -1
    outer loop
        vertex 30.867245 16.498886 -35
        vertex 32.335785 13.39392 -35
        vertex 11.086555 4.592201 -35
    endloop
endfacet
facet normal 0 -0 -1
    outer loop
        vertex 27.055367 22.203766 -35
        vertex 29.101437 19.444958 -35
        vertex 9.977635 6.666843 -35
    endloop
endfacet
facet normal 0 0 -1
    outer loop
        vertex -34.831463 -3.4306 -35
        vertex -12 -0 -35
        vertex -11.7694235 -2.341084 -35
    endloop
endfacet
facet normal 0 0 -1
    outer loop
        vertex -11.7694235 2.341084 -35
        vertex -34.327484 6.8281612 -35
        vertex -33.492912 10.159964 -35
    endloop
endfacet
facet normal 0 0 -1
    outer loop
        vertex -11.086555 4.592201 -35
        vertex -33.492912 10.159964 -35
        vertex -32.335785 13.39392 -35
    endloop
endfacet
facet normal 0 -0 -1
    outer loop
        vertex 32.335785 13.39392 -35
        vertex 33.492912 10.159964 -35
        vertex 11.086555 4.592201 -35
    endloop
endfacet
facet normal 0 0 -1
    outer loop
        vertex 33.492912 10.159964 -35
        vertex 11.7694235 2.341084 -35
        vertex 11.086555 4.592201 -35
    endloop
endfacet
facet normal 0 -0 -0.99999994
    outer loop
        vertex 34.327484 6.8281612 -35
        vertex 34.831463 3.4306 -35
        vertex 11.7694235 2.341084 -35
    endloop
endfacet
facet normal 0 0 -1
    outer loop
        vertex 34.831463 3.4306 -35
        vertex 12 -0 -35
        vertex 11.7694235 2.341084 -35
    endloop
endfacet
facet normal -0 0 -1
    outer loop
        vertex 35 -0 -35
        vertex 34.831463 -3.4306 -35
        vertex 12 -0 -35
    endloop
endfacet
facet normal 0 0 -1
    outer loop
        vertex 34.831463 -3.4306 -35
        vertex 11.7694235 -2.341084 -35
        vertex 12 -0 -35
    endloop
endfacet
facet normal -0 0 -1
    outer loop
        vertex 34.327484 -6.8281612 -35
        vertex 33.492912 -10.159964 -35
        vertex 11.7694235 -2.341084 -35
    endloop
endfacet
facet normal 0 0 -1
    outer loop
        vertex 33.492912 -10.159964 -35
        vertex 11.086555 -4.592201 -35
        vertex 11.7694235 -2.341084 -35
    endloop
endfacet
facet normal -0 0 -1
    outer loop
        vertex 32.335785 -13.39392 -35
        vertex 30.867245 -16.498886 -35
        vertex 11.086555 -4.592201 -35
    endloop
endfacet
facet normal 0 0 -1
    outer loop
        vertex 30.867245 -16.498886 -35
        vertex 9.977635 -6.666843 -35
        vertex 11.086555 -4.592201 -35
    endloop
endfacet
facet normal -0 0 -1
    outer loop
        vertex 29.101437 -19.444958 -35
        vertex 27.055367 -22.203766 -35
        vertex 9.977635 -6.666843 -35
    endloop
endfacet
facet normal 0 0 -0.99999994
    outer loop
        vertex 8.485281 -8.485281 -35
        vertex 24.748737 -24.748737 -35
        vertex 22.203766 -27.055367 -35
    endloop
endfacet
facet normal 0 0 -1
    outer loop
        vertex 27.055367 -22.203766 -35
        vertex 8.485281 -8.485281 -35
        vertex 9.977635 -6.666843 -35
    endloop
endfacet
facet normal 0 -0 -1
    outer loop
        vertex 8.485281 -8.485281 -35
        vertex 22.203766 -27.055367 -35
        vertex 6.666843 -9.977635 -35
    endloop
endfacet
facet normal 0 0 -1
    outer loop
        vertex 6.666843 -9.977635 -35
        vertex 19.444958 -29.101437 -35
        vertex 16.498886 -30.867245 -35
    endloop
endfacet
facet normal 0 -0 -1
    outer loop
        vertex 6.666843 -9.977635 -35
        vertex 16.498886 -30.867245 -35
        vertex 4.592201 -11.086555 -35
    endloop
endfacet
facet normal 0 0 -1
    outer loop
        vertex 4.592201 -11.086555 -35
        vertex 13.39392 -32.335785 -35
        vertex 10.159964 -33.492912 -35
    endloop
endfacet
facet normal 0 0 -1
    outer loop
        vertex 2.341084 -11.7694235 -35
        vertex 4.592201 -11.086555 -35
        vertex 10.159964 -33.492912 -35
    endloop
endfacet
facet normal 0 0 -1
    outer loop
        vertex 3.4306 -34.831463 -35
        vertex 2.341084 -11.7694235 -35
        vertex 6.8281612 -34.327484 -35
    endloop
endfacet
facet normal 0 0 -1
    outer loop
        vertex 0 -12 -35
        vertex 2.341084 -11.7694235 -35
        vertex 3.4306 -34.831463 -35
    endloop
endfacet
facet normal 0 0 -1
    outer loop
        vertex -3.4306 -34.831463 -35
        vertex 0 -12 -35
        vertex -0.0000000000000021431318 -35 -35
    endloop
endfacet
facet normal 0 -0 -1
    outer loop
        vertex -2.341084 -11.7694235 -35
        vertex 0 -12 -35
        vertex -3.4306 -34.831463 -35
    endloop
endfacet
facet normal 0 0 -0.99999994
    outer loop
        vertex -10.159964 -33.492912 -35
        vertex -2.341084 -11.7694235 -35
        vertex -6.8281612 -34.327484 -35
    endloop
endfacet
facet normal 0 -0 -1
    outer loop
        vertex -4.592201 -11.086555 -35
        vertex -2.341084 -11.7694235 -35
        vertex -10.159964 -33.492912 -35
    endloop
endfacet
facet normal 0 0 -1
    outer loop
        vertex -16.498886 -30.867245 -35
        vertex -4.592201 -11.086555 -35
        vertex -13.39392 -32.335785 -35
    endloop
endfacet
facet normal 0 0 -1
    outer loop
        vertex -19.444958 -29.101437 -35
        vertex -22.203766 -27.055367 -35
        vertex -6.666843 -9.977635 -35
    endloop
endfacet
facet normal 0 -0 -1
    outer loop
        vertex -6.666843 -9.977635 -35
        vertex -4.592201 -11.086555 -35
        vertex -16.498886 -30.867245 -35
    endloop
endfacet
facet normal 0 0 -1
    outer loop
        vertex -22.203766 -27.055367 -35
        vertex -8.485281 -8.485281 -35
        vertex -6.666843 -9.977635 -35
    endloop
endfacet
facet normal 0 0 -1
    outer loop
        vertex -24.748737 -24.748737 -35
        vertex -27.055367 -22.203766 -35
        vertex -8.485281 -8.485281 -35
    endloop
endfacet
facet normal 0 0 -1
    outer loop
        vertex -9.977635 -6.666843 -35
        vertex -29.101437 -19.444958 -35
        vertex -30.867245 -16.498886 -35
    endloop
endfacet
facet normal -0 0 -1
    outer loop
        vertex -9.977635 -6.666843 -35
        vertex -30.867245 -16.498886 -35
        vertex -11.086555 -4.592201 -35
    endloop
endfacet
facet normal 0 0 -1
    outer loop
        vertex -11.086555 -4.592201 -35
        vertex -32.335785 -13.39392 -35
        vertex -33.492912 -10.159964 -35
    endloop
endfacet
facet normal 0 -0 -1
    outer loop
        vertex -11.7694235 -2.341084 -35
        vertex -11.086555 -4.592201 -35
        vertex -33.492912 -10.159964 -35
    endloop
endfacet
facet normal 0 0 -1
    outer loop
        vertex -34.831463 -3.4306 -35
        vertex -11.7694235 -2.341084 -35
        vertex -34.327484 -6.8281612 -35
    endloop
endfacet
facet normal 0 0 -1
    outer loop
        vertex -35 -0 -35
        vertex -12 -0 -35
        vertex -34.831463 -3.4306 -35
    endloop
endfacet
facet normal 0 0 -1
    outer loop
        vertex -34.831463 3.4306 -35
        vertex -11.7694235 2.341084 -35
        vertex -12 -0 -35
    endloop
endfacet
facet normal 0 0 -1
    outer loop
        vertex 9.977635 6.666843 -35
        vertex 30.867245 16.498886 -35
        vertex 11.086555 4.592201 -35
    endloop
endfacet
facet normal -0 0 -1
    outer loop
        vertex -9.977635 6.666843 -35
        vertex -11.086555 4.592201 -35
        vertex -30.867245 16.498886 -35
    endloop
endfacet
facet normal 0 -0 -1
    outer loop
        vertex -27.055367 22.203766 -35
        vertex -9.977635 6.666843 -35
        vertex -29.101437 19.444958 -35
    endloop
endfacet
facet normal 0 -0 -1
    outer loop
        vertex -24.748737 24.748737 -35
        vertex -8.485281 8.485281 -35
        vertex -27.055367 22.203766 -35
    endloop
endfacet
facet normal 0 0 -1
    outer loop
        vertex -6.666843 9.977635 -35
        vertex -19.444958 29.101437 -35
        vertex -16.498886 30.867245 -35
    endloop
endfacet
facet normal 0 0 -1
    outer loop
        vertex -22.203766 27.055367 -35
        vertex -6.666843 9.977635 -35
        vertex -8.485281 8.485281 -35
    endloop
endfacet
facet normal 0 0 -1
    outer loop
        vertex -4.592201 11.086555 -35
        vertex -16.498886 30.867245 -35
        vertex -13.39392 32.335785 -35
    endloop
endfacet
facet normal -0 0 -1
    outer loop
        vertex -2.341084 11.7694235 -35
        vertex -4.592201 11.086555 -35
        vertex -10.159964 33.492912 -35
    endloop
endfacet
facet normal 0 -0 -1
    outer loop
        vertex -3.4306 34.831463 -35
        vertex -2.341084 11.7694235 -35
        vertex -6.8281612 34.327484 -35
    endloop
endfacet
facet normal 0 0 -1
    outer loop
        vertex 0.0000000000000021431318 35 -35
        vertex 0 12 -35
        vertex -3.4306 34.831463 -35
    endloop
endfacet
facet normal -0 0 -1
    outer loop
        vertex 3.4306 34.831463 -35
        vertex 0 12 -35
        vertex 0.0000000000000021431318 35 -35
    endloop
endfacet
facet normal 0 0 -1
    outer loop
        vertex 3.4306 34.831463 -35
        vertex 2.341084 11.7694235 -35
        vertex 0 12 -35
    endloop
endfacet
facet normal -0 0 -0.99999994
    outer loop
        vertex 6.8281612 34.327484 -35
        vertex 2.341084 11.7694235 -35
        vertex 3.4306 34.831463 -35
    endloop
endfacet
facet normal -0 0 -0.99999994
    outer loop
        vertex 10.159964 33.492912 -35
        vertex 2.341084 11.7694235 -35
        vertex 6.8281612 34.327484 -35
    endloop
endfacet
facet normal 0 0 -1
    outer loop
        vertex 4.592201 11.086555 -35
        vertex 2.341084 11.7694235 -35
        vertex 10.159964 33.492912 -35
    endloop
endfacet
facet normal 0 0 -1
    outer loop
        vertex 4.592201 11.086555 -35
        vertex 10.159964 33.492912 -35
        vertex 13.39392 32.335785 -35
    endloop
endfacet
facet normal 0 0 -1
    outer loop
        vertex 4.592201 11.086555 -35
        vertex 13.39392 32.335785 -35
        vertex 16.498886 30.867245 -35
    endloop
endfacet
facet normal 0 0 -1
    outer loop
        vertex 4.592201 11.086555 -35
        vertex 16.498886 30.867245 -35
        vertex 6.666843 9.977635 -35
    endloop
endfacet
facet normal 0 -0 -1
    outer loop
        vertex 16.498886 30.867245 -35
        vertex 19.444958 29.101437 -35
        vertex 6.666843 9.977635 -35
    endloop
endfacet
facet normal 0 0 -1
    outer loop
        vertex 6.666843 9.977635 -35
        vertex 22.203766 27.055367 -35
        vertex 8.485281 8.485281 -35
    endloop
endfacet
facet normal 0 -0 -1
    outer loop
        vertex 19.444958 29.101437 -35
        vertex 22.203766 27.055367 -35
        vertex 6.666843 9.977635 -35
    endloop
endfacet
facet normal 0 -0 -1
    outer loop
        vertex 22.203766 27.055367 -35
        vertex 24.748737 24.748737 -35
        vertex 8.485281 8.485281 -35
    endloop
endfacet
facet normal 0 -0 -1
    outer loop
        vertex 24.748737 24.748737 -35
        vertex 27.055367 22.203766 -35
        vertex 8.485281 8.485281 -35
    endloop
endfacet
facet normal 0 0 -1
    outer loop
        vertex 27.055367 22.203766 -35
        vertex 9.977635 6.666843 -35
        vertex 8.485281 8.485281 -35
    endloop
endfacet
facet normal 0 -0 -1
    outer loop
        vertex 29.101437 19.444958 -35
        vertex 30.867245 16.498886 -35
        vertex 9.977635 6.666843 -35
    endloop
endfacet
facet normal 0 0 -1
    outer loop
        vertex -27.055367 -22.203766 -35
        vertex -9.977635 -6.666843 -35
        vertex -8.485281 -8.485281 -35
    endloop
endfacet
facet normal 0 0 1
    outer loop
        vertex -2.341084 11.7694235 35
        vertex -6.8281612 34.327484 35
        vertex -10.159964 33.492912 35
    endloop
endfacet
facet normal 0 -0 1
    outer loop
        vertex -2.341084 11.7694235 35
        vertex 0 12 35
        vertex -3.4306 34.831463 35
    endloop
endfacet
facet normal 0 0 1
    outer loop
        vertex -4.592201 11.086555 35
        vertex -10.159964 33.492912 35
        vertex -13.39392 32.335785 35
    endloop
endfacet
facet normal 0 -0 1
    outer loop
        vertex -6.666843 9.977635 35
        vertex -4.592201 11.086555 35
        vertex -16.498886 30.867245 35
    endloop
endfacet
facet normal -0 0 1
    outer loop
        vertex -22.203766 27.055367 35
        vertex -6.666843 9.977635 35
        vertex -19.444958 29.101437 35
    endloop
endfacet
facet normal -0 0 1
    outer loop
        vertex -24.748737 24.748737 35
        vertex -8.485281 8.485281 35
        vertex -22.203766 27.055367 35
    endloop
endfacet
facet normal 0 0 1
    outer loop
        vertex -27.055367 22.203766 35
        vertex -9.977635 6.666843 35
        vertex -8.485281 8.485281 35
    endloop
endfacet
facet normal 0 0 1
    outer loop
        vertex -9.977635 6.666843 35
        vertex -29.101437 19.444958 35
        vertex -30.867245 16.498886 35
    endloop
endfacet
facet normal 0 0 1
    outer loop
        vertex -11.086555 4.592201 35
        vertex -30.867245 16.498886 35
        vertex -32.335785 13.39392 35
    endloop
endfacet
facet normal 0 -0 1
    outer loop
        vertex -11.7694235 2.341084 35
        vertex -11.086555 4.592201 35
        vertex -33.492912 10.159964 35
    endloop
endfacet
facet normal -0 0 1
    outer loop
        vertex -34.831463 3.4306 35
        vertex -11.7694235 2.341084 35
        vertex -34.327484 6.8281612 35
    endloop
endfacet
facet normal 0 0 1
    outer loop
        vertex -35 -0 35
        vertex -12 -0 35
        vertex -34.831463 3.4306 35
    endloop
endfacet
facet normal 0 -0 0.99999994
    outer loop
        vertex -33.492912 -10.159964 35
        vertex -11.7694235 -2.341084 35
        vertex -34.327484 -6.8281612 35
    endloop
endfacet
facet normal 0 -0 1
    outer loop
        vertex -30.867245 -16.498886 35
        vertex -11.086555 -4.592201 35
        vertex -32.335785 -13.39392 35
    endloop
endfacet
facet normal 0 -0 1
    outer loop
        vertex -27.055367 -22.203766 35
        vertex -9.977635 -6.666843 35
        vertex -29.101437 -19.444958 35
    endloop
endfacet
facet normal 0 -0 1
    outer loop
        vertex -22.203766 -27.055367 35
        vertex -8.485281 -8.485281 35
        vertex -24.748737 -24.748737 35
    endloop
endfacet
facet normal 0 -0 1
    outer loop
        vertex -16.498886 -30.867245 35
        vertex -6.666843 -9.977635 35
        vertex -19.444958 -29.101437 35
    endloop
endfacet
facet normal 0 -0 1
    outer loop
        vertex -10.159964 -33.492912 35
        vertex -4.592201 -11.086555 35
        vertex -13.39392 -32.335785 35
    endloop
endfacet
facet normal 0 -0 1
    outer loop
        vertex -3.4306 -34.831463 35
        vertex -2.341084 -11.7694235 35
        vertex -6.8281612 -34.327484 35
    endloop
endfacet
facet normal 0 0 1
    outer loop
        vertex 3.4306 -34.831463 35
        vertex 0 -12 35
        vertex -0.0000000000000021431318 -35 35
    endloop
endfacet
facet normal 0 0 0.99999994
    outer loop
        vertex 10.159964 -33.492912 35
        vertex 2.341084 -11.7694235 35
        vertex 6.8281612 -34.327484 35
    endloop
endfacet
facet normal 0 0 1
    outer loop
        vertex 16.498886 -30.867245 35
        vertex 4.592201 -11.086555 35
        vertex 13.39392 -32.335785 35
    endloop
endfacet
facet normal 0 0 1
    outer loop
        vertex 22.203766 -27.055367 35
        vertex 6.666843 -9.977635 35
        vertex 19.444958 -29.101437 35
    endloop
endfacet
facet normal 0 0 1
    outer loop
        vertex 27.055367 -22.203766 35
        vertex 8.485281 -8.485281 35
        vertex 24.748737 -24.748737 35
    endloop
endfacet
facet normal 0 0 1
    outer loop
        vertex 30.867245 -16.498886 35
        vertex 9.977635 -6.666843 35
        vertex 29.101437 -19.444958 35
    endloop
endfacet
facet normal 0 0 1
    outer loop
        vertex 33.492912 -10.159964 35
        vertex 11.086555 -4.592201 35
        vertex 32.335785 -13.39392 35
    endloop
endfacet
facet normal 0 0 1
    outer loop
        vertex 34.831463 -3.4306 35
        vertex 11.7694235 -2.341084 35
        vertex 34.327484 -6.8281612 35
    endloop
endfacet
facet normal 0 0 1
    outer loop
        vertex 34.831463 3.4306 35
        vertex 12 -0 35
        vertex 35 -0 35
    endloop
endfacet
facet normal 0 0 0.99999994
    outer loop
        vertex 33.492912 10.159964 35
        vertex 11.7694235 2.341084 35
        vertex 34.327484 6.8281612 35
    endloop
endfacet
facet normal 0 0 1
    outer loop
        vertex 30.867245 16.498886 35
        vertex 11.086555 4.592201 35
        vertex 32.335785 13.39392 35
    endloop
endfacet
facet normal 0 0 1
    outer loop
        vertex 27.055367 22.203766 35
        vertex 9.977635 6.666843 35
        vertex 29.101437 19.444958 35
    endloop
endfacet
facet normal 0 0 1
    outer loop
        vertex -34.831463 -3.4306 35
        vertex -11.7694235 -2.341084 35
        vertex -12 -0 35
    endloop
endfacet
facet normal 0 0 1
    outer loop
        vertex -11.7694235 2.341084 35
        vertex -33.492912 10.159964 35
        vertex -34.327484 6.8281612 35
    endloop
endfacet
facet normal 0 0 1
    outer loop
        vertex -11.086555 4.592201 35
        vertex -32.335785 13.39392 35
        vertex -33.492912 10.159964 35
    endloop
endfacet
facet normal 0 0 1
    outer loop
        vertex 32.335785 13.39392 35
        vertex 11.086555 4.592201 35
        vertex 33.492912 10.159964 35
    endloop
endfacet
facet normal 0 0 1
    outer loop
        vertex 33.492912 10.159964 35
        vertex 11.086555 4.592201 35
        vertex 11.7694235 2.341084 35
    endloop
endfacet
facet normal 0 0 0.99999994
    outer loop
        vertex 34.327484 6.8281612 35
        vertex 11.7694235 2.341084 35
        vertex 34.831463 3.4306 35
    endloop
endfacet
facet normal 0 0 1
    outer loop
        vertex 34.831463 3.4306 35
        vertex 11.7694235 2.341084 35
        vertex 12 -0 35
    endloop
endfacet
facet normal 0 0 1
    outer loop
        vertex 35 -0 35
        vertex 12 -0 35
        vertex 34.831463 -3.4306 35
    endloop
endfacet
facet normal 0 0 1
    outer loop
        vertex 34.831463 -3.4306 35
        vertex 12 -0 35
        vertex 11.7694235 -2.341084 35
    endloop
endfacet
facet normal 0 0 1
    outer loop
        vertex 34.327484 -6.8281612 35
        vertex 11.7694235 -2.341084 35
        vertex 33.492912 -10.159964 35
    endloop
endfacet
facet normal 0 0 1
    outer loop
        vertex 33.492912 -10.159964 35
        vertex 11.7694235 -2.341084 35
        vertex 11.086555 -4.592201 35
    endloop
endfacet
facet normal 0 0 1
    outer loop
        vertex 32.335785 -13.39392 35
        vertex 11.086555 -4.592201 35
        vertex 30.867245 -16.498886 35
    endloop
endfacet
facet normal 0 0 1
    outer loop
        vertex 30.867245 -16.498886 35
        vertex 11.086555 -4.592201 35
        vertex 9.977635 -6.666843 35
    endloop
endfacet
facet normal 0 0 1
    outer loop
        vertex 29.101437 -19.444958 35
        vertex 9.977635 -6.666843 35
        vertex 27.055367 -22.203766 35
    endloop
endfacet
facet normal 0 0 0.99999994
    outer loop
        vertex 8.485281 -8.485281 35
        vertex 22.203766 -27.055367 35
        vertex 24.748737 -24.748737 35
    endloop
endfacet
facet normal 0 0 1
    outer loop
        vertex 27.055367 -22.203766 35
        vertex 9.977635 -6.666843 35
        vertex 8.485281 -8.485281 35
    endloop
endfacet
facet normal 0 0 1
    outer loop
        vertex 8.485281 -8.485281 35
        vertex 6.666843 -9.977635 35
        vertex 22.203766 -27.055367 35
    endloop
endfacet
facet normal 0 0 1
    outer loop
        vertex 6.666843 -9.977635 35
        vertex 16.498886 -30.867245 35
        vertex 19.444958 -29.101437 35
    endloop
endfacet
facet normal 0 0 1
    outer loop
        vertex 6.666843 -9.977635 35
        vertex 4.592201 -11.086555 35
        vertex 16.498886 -30.867245 35
    endloop
endfacet
facet normal 0 0 1
    outer loop
        vertex 4.592201 -11.086555 35
        vertex 10.159964 -33.492912 35
        vertex 13.39392 -32.335785 35
    endloop
endfacet
facet normal -0 0 1
    outer loop
        vertex 2.341084 -11.7694235 35
        vertex 10.159964 -33.492912 35
        vertex 4.592201 -11.086555 35
    endloop
endfacet
facet normal 0 -0 1
    outer loop
        vertex 3.4306 -34.831463 35
        vertex 6.8281612 -34.327484 35
        vertex 2.341084 -11.7694235 35
    endloop
endfacet
facet normal -0 0 1
    outer loop
        vertex 0 -12 35
        vertex 3.4306 -34.831463 35
        vertex 2.341084 -11.7694235 35
    endloop
endfacet
facet normal -0 0 1
    outer loop
        vertex -3.4306 -34.831463 35
        vertex -0.0000000000000021431318 -35 35
        vertex 0 -12 35
    endloop
endfacet
facet normal 0 0 1
    outer loop
        vertex -2.341084 -11.7694235 35
        vertex -3.4306 -34.831463 35
        vertex 0 -12 35
    endloop
endfacet
facet normal -0 0 0.99999994
    outer loop
        vertex -10.159964 -33.492912 35
        vertex -6.8281612 -34.327484 35
        vertex -2.341084 -11.7694235 35
    endloop
endfacet
facet normal 0 0 1
    outer loop
        vertex -4.592201 -11.086555 35
        vertex -10.159964 -33.492912 35
        vertex -2.341084 -11.7694235 35
    endloop
endfacet
facet normal -0 0 1
    outer loop
        vertex -16.498886 -30.867245 35
        vertex -13.39392 -32.335785 35
        vertex -4.592201 -11.086555 35
    endloop
endfacet
facet normal 0 -0 1
    outer loop
        vertex -19.444958 -29.101437 35
        vertex -6.666843 -9.977635 35
        vertex -22.203766 -27.055367 35
    endloop
endfacet
facet normal 0 0 1
    outer loop
        vertex -6.666843 -9.977635 35
        vertex -16.498886 -30.867245 35
        vertex -4.592201 -11.086555 35
    endloop
endfacet
facet normal 0 0 1
    outer loop
        vertex -22.203766 -27.055367 35
        vertex -6.666843 -9.977635 35
        vertex -8.485281 -8.485281 35
    endloop
endfacet
facet normal 0 -0 1
    outer loop
        vertex -24.748737 -24.748737 35
        vertex -8.485281 -8.485281 35
        vertex -27.055367 -22.203766 35
    endloop
endfacet
facet normal 0 0 1
    outer loop
        vertex -9.977635 -6.666843 35
        vertex -30.867245 -16.498886 35
        vertex -29.101437 -19.444958 35
    endloop
endfacet
facet normal 0 0 1
    outer loop
        vertex -9.977635 -6.666843 35
        vertex -11.086555 -4.592201 35
        vertex -30.867245 -16.498886 35
    endloop
endfacet
facet normal 0 0 1
    outer loop
        vertex -11.086555 -4.592201 35
        vertex -33.492912 -10.159964 35
        vertex -32.335785 -13.39392 35
    endloop
endfacet
facet normal 0 0 1
    outer loop
        vertex -11.7694235 -2.341084 35
        vertex -33.492912 -10.159964 35
        vertex -11.086555 -4.592201 35
    endloop
endfacet
facet normal -0 0 1
    outer loop
        vertex -34.831463 -3.4306 35
        vertex -34.327484 -6.8281612 35
        vertex -11.7694235 -2.341084 35
    endloop
endfacet
facet normal -0 0 1
    outer loop
        vertex -35 -0 35
        vertex -34.831463 -3.4306 35
        vertex -12 -0 35
    endloop
endfacet
facet normal 0 0 1
    outer loop
        vertex -34.831463 3.4306 35
        vertex -12 -0 35
        vertex -11.7694235 2.341084 35
    endloop
endfacet
facet normal -0 0 1
    outer loop
        vertex 9.977635 6.666843 35
        vertex 11.086555 4.592201 35
        vertex 30.867245 16.498886 35
    endloop
endfacet
facet normal 0 0 1
    outer loop
        vertex -9.977635 6.666843 35
        vertex -30.867245 16.498886 35
        vertex -11.086555 4.592201 35
    endloop
endfacet
facet normal 0 0 1
    outer loop
        vertex -27.055367 22.203766 35
        vertex -29.101437 19.444958 35
        vertex -9.977635 6.666843 35
    endloop
endfacet
facet normal 0 0 1
    outer loop
        vertex -24.748737 24.748737 35
        vertex -27.055367 22.203766 35
        vertex -8.485281 8.485281 35
    endloop
endfacet
facet normal 0 0 1
    outer loop
        vertex -6.666843 9.977635 35
        vertex -16.498886 30.867245 35
        vertex -19.444958 29.101437 35
    endloop
endfacet
facet normal 0 0 1
    outer loop
        vertex -22.203766 27.055367 35
        vertex -8.485281 8.485281 35
        vertex -6.666843 9.977635 35
    endloop
endfacet
facet normal 0 0 1
    outer loop
        vertex -4.592201 11.086555 35
        vertex -13.39392 32.335785 35
        vertex -16.498886 30.867245 35
    endloop
endfacet
facet normal 0 0 1
    outer loop
        vertex -2.341084 11.7694235 35
        vertex -10.159964 33.492912 35
        vertex -4.592201 11.086555 35
    endloop
endfacet
facet normal 0 0 1
    outer loop
        vertex -3.4306 34.831463 35
        vertex -6.8281612 34.327484 35
        vertex -2.341084 11.7694235 35
    endloop
endfacet
facet normal 0 0 1
    outer loop
        vertex 0.0000000000000021431318 35 35
        vertex -3.4306 34.831463 35
        vertex 0 12 35
    endloop
endfacet
facet normal 0 0 1
    outer loop
        vertex 3.4306 34.831463 35
        vertex 0.0000000000000021431318 35 35
        vertex 0 12 35
    endloop
endfacet
facet normal 0 0 1
    outer loop
        vertex 3.4306 34.831463 35
        vertex 0 12 35
        vertex 2.341084 11.7694235 35
    endloop
endfacet
facet normal 0 0 0.99999994
    outer loop
        vertex 6.8281612 34.327484 35
        vertex 3.4306 34.831463 35
        vertex 2.341084 11.7694235 35
    endloop
endfacet
facet normal 0 0 0.99999994
    outer loop
        vertex 10.159964 33.492912 35
        vertex 6.8281612 34.327484 35
        vertex 2.341084 11.7694235 35
    endloop
endfacet
facet normal 0 -0 1
    outer loop
        vertex 4.592201 11.086555 35
        vertex 10.159964 33.492912 35
        vertex 2.341084 11.7694235 35
    endloop
endfacet
facet normal 0 0 1
    outer loop
        vertex 4.592201 11.086555 35
        vertex 13.39392 32.335785 35
        vertex 10.159964 33.492912 35
    endloop
endfacet
facet normal 0 0 1
    outer loop
        vertex 4.592201 11.086555 35
        vertex 16.498886 30.867245 35
        vertex 13.39392 32.335785 35
    endloop
endfacet
facet normal -0 0 1
    outer loop
        vertex 4.592201 11.086555 35
        vertex 6.666843 9.977635 35
        vertex 16.498886 30.867245 35
    endloop
endfacet
facet normal 0 0 1
    outer loop
        vertex 16.498886 30.867245 35
        vertex 6.666843 9.977635 35
        vertex 19.444958 29.101437 35
    endloop
endfacet
facet normal -0 0 1
    outer loop
        vertex 6.666843 9.977635 35
        vertex 8.485281 8.485281 35
        vertex 22.203766 27.055367 35
    endloop
endfacet
facet normal 0 0 1
    outer loop
        vertex 19.444958 29.101437 35
        vertex 6.666843 9.977635 35
        vertex 22.203766 27.055367 35
    endloop
endfacet
facet normal 0 0 1
    outer loop
        vertex 22.203766 27.055367 35
        vertex 8.485281 8.485281 35
        vertex 24.748737 24.748737 35
    endloop
endfacet
facet normal 0 0 1
    outer loop
        vertex 24.748737 24.748737 35
        vertex 8.485281 8.485281 35
        vertex 27.055367 22.203766 35
    endloop
endfacet
facet normal 0 0 1
    outer loop
        vertex 27.055367 22.203766 35
        vertex 8.485281 8.485281 35
        vertex 9.977635 6.666843 35
    endloop
endfacet
facet normal 0 0 1
    outer loop
        vertex 29.101437 19.444958 35
        vertex 9.977635 6.666843 35
        vertex 30.867245 16.498886 35
    endloop
endfacet
facet normal 0 0 1
    outer loop
        vertex -27.055367 -22.203766 35
        vertex -8.485281 -8.485281 35
        vertex -9.977635 -6.666843 35
    endloop
endfacet
facet normal -0.99879533 -0.04906842 -0
    outer loop
        vertex -34.831463 -3.4306 35
        vertex -35 -0 35
        vertex -34.831463 -3.4306 -35
    endloop
endfacet
facet normal -0.98917657 -0.14672995 0
    outer loop
        vertex -34.327484 -6.8281612 35
        vertex -34.831463 -3.4306 35
        vertex -34.831463 -3.4306 -35
    endloop
endfacet
facet normal -0.97003132 -0.24297985 0
    outer loop
        vertex -33.492912 -10.159964 35
        vertex -34.327484 -6.8281612 35
        vertex -34.327484 -6.8281612 -35
    endloop
endfacet
facet normal -0.97003132 -0.24297985 0
    outer loop
        vertex -33.492912 -10.159964 -35
        vertex -33.492912 -10.159964 35
        vertex -34.327484 -6.8281612 -35
    endloop
endfacet
facet normal -0.94154412 -0.33688968 0
    outer loop
        vertex -32.335785 -13.39392 -35
        vertex -32.335785 -13.39392 35
        vertex -33.492912 -10.159964 -35
    endloop
endfacet
facet normal -0.9039892 -0.42755523 0
    outer loop
        vertex -32.335785 -13.39392 -35
        vertex -30.867245 -16.498886 35
        vertex -32.335785 -13.39392 35
    endloop
endfacet
facet normal -0.85772854 -0.51410294 0
    outer loop
        vertex -30.867245 -16.498886 -35
        vertex -29.101437 -19.444958 35
        vertex -30.867245 -16.498886 35
    endloop
endfacet
facet normal -0.85772854 -0.51410294 0
    outer loop
        vertex -30.867245 -16.498886 -35
        vertex -29.101437 -19.444958 -35
        vertex -29.101437 -19.444958 35
    endloop
endfacet
facet normal -0.80320776 -0.59569907 0
    outer loop
        vertex -29.101437 -19.444958 -35
        vertex -27.055367 -22.203766 -35
        vertex -27.055367 -22.203766 35
    endloop
endfacet
facet normal -0.74095088 -0.67155915 -0
    outer loop
        vertex -27.055367 -22.203766 35
        vertex -27.055367 -22.203766 -35
        vertex -24.748737 -24.748737 35
    endloop
endfacet
facet normal -0.67155915 -0.74095088 -0
    outer loop
        vertex -24.748737 -24.748737 35
        vertex -24.748737 -24.748737 -35
        vertex -22.203766 -27.055367 35
    endloop
endfacet
facet normal -0.67155915 -0.74095088 -0
    outer loop
        vertex -22.203766 -27.055367 35
        vertex -24.748737 -24.748737 -35
        vertex -22.203766 -27.055367 -35
    endloop
endfacet
facet normal -0.59569907 -0.80320776 -0
    outer loop
        vertex -19.444958 -29.101437 35
        vertex -22.203766 -27.055367 -35
        vertex -19.444958 -29.101437 -35
    endloop
endfacet
facet normal -0.51410294 -0.85772854 0
    outer loop
        vertex -16.498886 -30.867245 35
        vertex -19.444958 -29.101437 35
        vertex -19.444958 -29.101437 -35
    endloop
endfacet
facet normal -0.42755523 -0.9039892 0
    outer loop
        vertex -13.39392 -32.335785 35
        vertex -16.498886 -30.867245 35
        vertex -16.498886 -30.867245 -35
    endloop
endfacet
facet normal -0.42755523 -0.9039892 0
    outer loop
        vertex -13.39392 -32.335785 -35
        vertex -13.39392 -32.335785 35
        vertex -16.498886 -30.867245 -35
    endloop
endfacet
facet normal -0.33688968 -0.94154412 0
    outer loop
        vertex -10.159964 -33.492912 -35
        vertex -10.159964 -33.492912 35
        vertex -13.39392 -32.335785 -35
    endloop
endfacet
facet normal -0.24297985 -0.97003132 0
    outer loop
        vertex -10.159964 -33.492912 -35
        vertex -6.8281612 -34.327484 35
        vertex -10.159964 -33.492912 35
    endloop
endfacet
facet normal -0.14672995 -0.98917657 0
    outer loop
        vertex -6.8281612 -34.327484 -35
        vertex -3.4306 -34.831463 35
        vertex -6.8281612 -34.327484 35
    endloop
endfacet
facet normal -0.14672995 -0.98917657 0
    outer loop
        vertex -6.8281612 -34.327484 -35
        vertex -3.4306 -34.831463 -35
        vertex -3.4306 -34.831463 35
    endloop
endfacet
facet normal -0.04906842 -0.99879533 0
    outer loop
        vertex -3.4306 -34.831463 -35
        vertex -0.0000000000000021431318 -35 -35
        vertex -0.0000000000000021431318 -35 35
    endloop
endfacet
facet normal 0.04906842 -0.99879533 0
    outer loop
        vertex -0.0000000000000021431318 -35 35
        vertex -0.0000000000000021431318 -35 -35
        vertex 3.4306 -34.831463 35
    endloop
endfacet
facet normal 0.14672995 -0.98917657 0
    outer loop
        vertex 3.4306 -34.831463 35
        vertex 3.4306 -34.831463 -35
        vertex 6.8281612 -34.327484 35
    endloop
endfacet
facet normal 0.14672995 -0.98917657 0
    outer loop
        vertex 6.8281612 -34.327484 35
        vertex 3.4306 -34.831463 -35
        vertex 6.8281612 -34.327484 -35
    endloop
endfacet
facet normal 0.24297985 -0.97003132 0
    outer loop
        vertex 10.159964 -33.492912 35
        vertex 6.8281612 -34.327484 -35
        vertex 10.159964 -33.492912 -35
    endloop
endfacet
facet normal 0.33688968 -0.94154412 0
    outer loop
        vertex 13.39392 -32.335785 35
        vertex 10.159964 -33.492912 35
        vertex 10.159964 -33.492912 -35
    endloop
endfacet
facet normal 0.42755523 -0.9039892 0
    outer loop
        vertex 16.498886 -30.867245 35
        vertex 13.39392 -32.335785 35
        vertex 13.39392 -32.335785 -35
    endloop
endfacet
facet normal 0.42755523 -0.9039892 0
    outer loop
        vertex 16.498886 -30.867245 -35
        vertex 16.498886 -30.867245 35
        vertex 13.39392 -32.335785 -35
    endloop
endfacet
facet normal 0.51410294 -0.85772854 0
    outer loop
        vertex 19.444958 -29.101437 -35
        vertex 19.444958 -29.101437 35
        vertex 16.498886 -30.867245 -35
    endloop
endfacet
facet normal 0.59569907 -0.80320776 0
    outer loop
        vertex 19.444958 -29.101437 -35
        vertex 22.203766 -27.055367 35
        vertex 19.444958 -29.101437 35
    endloop
endfacet
facet normal 0.80320776 -0.59569907 0
    outer loop
        vertex 27.055367 -22.203766 -35
        vertex 29.101437 -19.444958 -35
        vertex 29.101437 -19.444958 35
    endloop
endfacet
facet normal 0.85772854 -0.51410294 0
    outer loop
        vertex 29.101437 -19.444958 -35
        vertex 30.867245 -16.498886 35
        vertex 29.101437 -19.444958 35
    endloop
endfacet
facet normal 0.99879533 -0.04906842 0
    outer loop
        vertex 35 -0 -35
        vertex 35 -0 35
        vertex 34.831463 -3.4306 -35
    endloop
endfacet
facet normal 0.99879533 -0.04906842 0
    outer loop
        vertex 34.831463 -3.4306 -35
        vertex 35 -0 35
        vertex 34.831463 -3.4306 35
    endloop
endfacet
facet normal 0.98917657 -0.14672995 0
    outer loop
        vertex 34.327484 -6.8281612 -35
        vertex 34.831463 -3.4306 -35
        vertex 34.831463 -3.4306 35
    endloop
endfacet
facet normal 0.98917657 -0.14672995 0
    outer loop
        vertex 34.327484 -6.8281612 35
        vertex 34.327484 -6.8281612 -35
        vertex 34.831463 -3.4306 35
    endloop
endfacet
facet normal 0.97003132 -0.24297985 0
    outer loop
        vertex 34.327484 -6.8281612 35
        vertex 33.492912 -10.159964 -35
        vertex 34.327484 -6.8281612 -35
    endloop
endfacet
facet normal 0.97003132 -0.24297985 0
    outer loop
        vertex 34.327484 -6.8281612 35
        vertex 33.492912 -10.159964 35
        vertex 33.492912 -10.159964 -35
    endloop
endfacet
facet normal 0.94154412 -0.33688968 0
    outer loop
        vertex 33.492912 -10.159964 -35
        vertex 33.492912 -10.159964 35
        vertex 32.335785 -13.39392 -35
    endloop
endfacet
facet normal 0.94154412 -0.33688968 0
    outer loop
        vertex 32.335785 -13.39392 -35
        vertex 33.492912 -10.159964 35
        vertex 32.335785 -13.39392 35
    endloop
endfacet
facet normal 0.9039892 -0.42755523 0
    outer loop
        vertex 30.867245 -16.498886 -35
        vertex 32.335785 -13.39392 -35
        vertex 32.335785 -13.39392 35
    endloop
endfacet
facet normal 0.9039892 -0.42755523 0
    outer loop
        vertex 30.867245 -16.498886 35
        vertex 30.867245 -16.498886 -35
        vertex 32.335785 -13.39392 35
    endloop
endfacet
facet normal 0.85772854 -0.51410294 0
    outer loop
        vertex 30.867245 -16.498886 35
        vertex 29.101437 -19.444958 -35
        vertex 30.867245 -16.498886 -35
    endloop
endfacet
facet normal 0.80320776 -0.59569907 0
    outer loop
        vertex 29.101437 -19.444958 35
        vertex 27.055367 -22.203766 35
        vertex 27.055367 -22.203766 -35
    endloop
endfacet
facet normal 0.74095088 -0.67155915 0
    outer loop
        vertex 27.055367 -22.203766 -35
        vertex 27.055367 -22.203766 35
        vertex 24.748737 -24.748737 -35
    endloop
endfacet
facet normal 0.74095088 -0.67155915 0
    outer loop
        vertex 24.748737 -24.748737 -35
        vertex 27.055367 -22.203766 35
        vertex 24.748737 -24.748737 35
    endloop
endfacet
facet normal 0.67155915 -0.74095088 0
    outer loop
        vertex 22.203766 -27.055367 -35
        vertex 24.748737 -24.748737 -35
        vertex 24.748737 -24.748737 35
    endloop
endfacet
facet normal 0.67155915 -0.74095088 0
    outer loop
        vertex 22.203766 -27.055367 35
        vertex 22.203766 -27.055367 -35
        vertex 24.748737 -24.748737 35
    endloop
endfacet
facet normal 0.59569907 -0.80320776 0
    outer loop
        vertex 22.203766 -27.055367 35
        vertex 19.444958 -29.101437 -35
        vertex 22.203766 -27.055367 -35
    endloop
endfacet
facet normal 0.51410294 -0.85772854 0
    outer loop
        vertex 16.498886 -30.867245 35
        vertex 16.498886 -30.867245 -35
        vertex 19.444958 -29.101437 35
    endloop
endfacet
facet normal 0.33688968 -0.94154412 0
    outer loop
        vertex 10.159964 -33.492912 -35
        vertex 13.39392 -32.335785 -35
        vertex 13.39392 -32.335785 35
    endloop
endfacet
facet normal 0.24297985 -0.97003132 0
    outer loop
        vertex 6.8281612 -34.327484 -35
        vertex 10.159964 -33.492912 35
        vertex 6.8281612 -34.327484 35
    endloop
endfacet
facet normal 0.04906842 -0.99879533 0
    outer loop
        vertex 3.4306 -34.831463 -35
        vertex 3.4306 -34.831463 35
        vertex -0.0000000000000021431318 -35 -35
    endloop
endfacet
facet normal -0.04906842 -0.99879533 0
    outer loop
        vertex -0.0000000000000021431318 -35 35
        vertex -3.4306 -34.831463 35
        vertex -3.4306 -34.831463 -35
    endloop
endfacet
facet normal -0.24297985 -0.97003132 -0
    outer loop
        vertex -6.8281612 -34.327484 35
        vertex -10.159964 -33.492912 -35
        vertex -6.8281612 -34.327484 -35
    endloop
endfacet
facet normal -0.33688968 -0.94154412 -0
    outer loop
        vertex -13.39392 -32.335785 35
        vertex -13.39392 -32.335785 -35
        vertex -10.159964 -33.492912 35
    endloop
endfacet
facet normal -0.51410294 -0.85772854 0
    outer loop
        vertex -19.444958 -29.101437 -35
        vertex -16.498886 -30.867245 -35
        vertex -16.498886 -30.867245 35
    endloop
endfacet
facet normal -0.59569907 -0.80320776 0
    outer loop
        vertex -22.203766 -27.055367 -35
        vertex -19.444958 -29.101437 35
        vertex -22.203766 -27.055367 35
    endloop
endfacet
facet normal -0.74095088 -0.67155915 0
    outer loop
        vertex -24.748737 -24.748737 -35
        vertex -24.748737 -24.748737 35
        vertex -27.055367 -22.203766 -35
    endloop
endfacet
facet normal -0.80320776 -0.59569907 0
    outer loop
        vertex -27.055367 -22.203766 35
        vertex -29.101437 -19.444958 35
        vertex -29.101437 -19.444958 -35
    endloop
endfacet
facet normal -0.9039892 -0.42755523 -0
    outer loop
        vertex -30.867245 -16.498886 35
        vertex -32.335785 -13.39392 -35
        vertex -30.867245 -16.498886 -35
    endloop
endfacet
facet normal -0.94154412 -0.33688968 -0
    outer loop
        vertex -33.492912 -10.159964 35
        vertex -33.492912 -10.159964 -35
        vertex -32.335785 -13.39392 35
    endloop
endfacet
facet normal -0.99879533 -0.04906842 0
    outer loop
        vertex -34.831463 -3.4306 -35
        vertex -35 -0 35
        vertex -35 -0 -35
    endloop
endfacet
facet normal -0.98917657 -0.14672995 -0
    outer loop
        vertex -34.327484 -6.8281612 35
        vertex -34.831463 -3.4306 -35
        vertex -34.327484 -6.8281612 -35
    endloop
endfacet
facet normal -0.8744511 0 -0.4851135
    outer loop
        vertex -11.60698 23.625 39.6161
        vertex -12.41238 23.625 41.06789
        vertex -11.60698 37.25 39.6161
    endloop
endfacet
facet normal -0.7411679 -0.01406694 -0.6711722
    outer loop
        vertex -11.60698 50.875 39.6161
        vertex -12.72141 50.875 40.846752
        vertex -12.855869 64.5 40.70967
    endloop
endfacet
facet normal -0.74124122 0 -0.6712386
    outer loop
        vertex -11.60698 37.25 39.6161
        vertex -12.72141 50.875 40.846752
        vertex -11.60698 50.875 39.6161
    endloop
endfacet
facet normal -0.8130073 -0.01392239 -0.58208722
    outer loop
        vertex -11.60698 37.25 39.6161
        vertex -12.57358 37.25 40.96616
        vertex -12.72141 50.875 40.846752
    endloop
endfacet
facet normal -0.65877515 -0 -0.75234002
    outer loop
        vertex -11.60698 78.125 39.6161
        vertex -11.60698 64.5 39.6161
        vertex -12.855869 64.5 40.70967
    endloop
endfacet
facet normal -0.36541277 -0 -0.93084556
    outer loop
        vertex -11.60698 105.375 39.6161
        vertex -11.60698 91.75 39.6161
        vertex -13.152401 105.375 40.22277
    endloop
endfacet
facet normal -0.46969432 -0 -0.88282919
    outer loop
        vertex -11.60698 91.75 39.6161
        vertex -11.60698 78.125 39.6161
        vertex -13.0728445 91.75 40.39599
    endloop
endfacet
facet normal -0.92501247 0 -0.37993672
    outer loop
        vertex -11.60698 10 39.6161
        vertex -12.237809 10 41.151947
        vertex -11.60698 23.625 39.6161
    endloop
endfacet
facet normal -0.87436312 -0.01419534 -0.48506469
    outer loop
        vertex -11.60698 23.625 39.6161
        vertex -12.237809 10 41.151947
        vertex -12.41238 23.625 41.06789
    endloop
endfacet
facet normal -0.25448281 -0 -0.96707731
    outer loop
        vertex -11.60698 119 39.6161
        vertex -11.60698 105.375 39.6161
        vertex -13.212669 119 40.03863
    endloop
endfacet
facet normal -0.365376 -0.01419512 -0.9307518
    outer loop
        vertex -13.152401 105.375 40.22277
        vertex -13.212669 119 40.03863
        vertex -11.60698 105.375 39.6161
    endloop
endfacet
facet normal -0.46964851 -0.0139648 -0.88274312
    outer loop
        vertex -13.0728445 91.75 40.39599
        vertex -13.152401 105.375 40.22277
        vertex -11.60698 91.75 39.6161
    endloop
endfacet
facet normal -0.56743902 -0.01392356 -0.82329774
    outer loop
        vertex -12.974002 78.125 40.55829
        vertex -13.0728445 91.75 40.39599
        vertex -11.60698 78.125 39.6161
    endloop
endfacet
facet normal -0.56743795 -0.01406719 -0.82329607
    outer loop
        vertex -12.855869 64.5 40.70967
        vertex -12.974002 78.125 40.55829
        vertex -11.60698 78.125 39.6161
    endloop
endfacet
facet normal -0.65877515 0 -0.75234002
    outer loop
        vertex -11.60698 50.875 39.6161
        vertex -12.855869 64.5 40.70967
        vertex -11.60698 64.5 39.6161
    endloop
endfacet
facet normal -0.8130067 -0.01396494 -0.58208686
    outer loop
        vertex -12.41238 23.625 41.06789
        vertex -12.57358 37.25 40.96616
        vertex -11.60698 37.25 39.6161
    endloop
endfacet
facet normal 0.98379242 0 0.17931117
    outer loop
        vertex -11.904699 10 41.24954
        vertex -11.60698 10 39.6161
        vertex -11.60698 23.625 39.6161
    endloop
endfacet
facet normal 0.95620364 0 0.29270205
    outer loop
        vertex -12.092933 23.625 41.203617
        vertex -11.60698 23.625 39.6161
        vertex -11.60698 37.25 39.6161
    endloop
endfacet
facet normal 0.91635305 0 0.40037128
    outer loop
        vertex -12.271763 37.25 41.137627
        vertex -11.60698 37.25 39.6161
        vertex -11.60698 50.875 39.6161
    endloop
endfacet
facet normal 0.86451751 0.01406688 0.50240588
    outer loop
        vertex -12.441188 50.875 41.051567
        vertex -11.60698 50.875 39.6161
        vertex -12.60121 64.5 40.94544
    endloop
endfacet
facet normal 0.7262134 0.01406718 0.68732548
    outer loop
        vertex -12.748232 78.125 40.821922
        vertex -12.60121 64.5 40.94544
        vertex -11.60698 78.125 39.6161
    endloop
endfacet
facet normal 0.64292079 0.01392231 0.7658062
    outer loop
        vertex -12.87866 91.75 40.68372
        vertex -12.748232 78.125 40.821922
        vertex -11.60698 91.75 39.6161
    endloop
endfacet
facet normal 0.55096143 0 0.83453065
    outer loop
        vertex -12.992493 105.375 40.530823
        vertex -11.60698 91.75 39.6161
        vertex -11.60698 105.375 39.6161
    endloop
endfacet
facet normal 0.44998869 0 0.89303428
    outer loop
        vertex -13.08973 119 40.36324
        vertex -11.60698 105.375 39.6161
        vertex -11.60698 119 39.6161
    endloop
endfacet
facet normal 0.550906 0.0141951 0.83444661
    outer loop
        vertex -11.60698 105.375 39.6161
        vertex -13.08973 119 40.36324
        vertex -12.992493 105.375 40.530823
    endloop
endfacet
facet normal 0.64292037 0.0139651 0.76580566
    outer loop
        vertex -11.60698 91.75 39.6161
        vertex -12.992493 105.375 40.530823
        vertex -12.87866 91.75 40.68372
    endloop
endfacet
facet normal 0.72628522 -0 0.68739343
    outer loop
        vertex -11.60698 78.125 39.6161
        vertex -11.60698 91.75 39.6161
        vertex -12.748232 78.125 40.821922
    endloop
endfacet
facet normal 0.80080152 -0 0.59892988
    outer loop
        vertex -11.60698 64.5 39.6161
        vertex -11.60698 78.125 39.6161
        vertex -12.60121 64.5 40.94544
    endloop
endfacet
facet normal 0.80080152 -0 0.59892988
    outer loop
        vertex -11.60698 50.875 39.6161
        vertex -11.60698 64.5 39.6161
        vertex -12.60121 64.5 40.94544
    endloop
endfacet
facet normal 0.86451924 0.01392353 0.5024069
    outer loop
        vertex -12.271763 37.25 41.137627
        vertex -11.60698 50.875 39.6161
        vertex -12.441188 50.875 41.051567
    endloop
endfacet
facet normal 0.9162637 0.01396504 0.40033224
    outer loop
        vertex -12.092933 23.625 41.203617
        vertex -11.60698 37.25 39.6161
        vertex -12.271763 37.25 41.137627
    endloop
endfacet
facet normal 0.95610738 0.01419532 0.29267257
    outer loop
        vertex -11.60698 23.625 39.6161
        vertex -12.092933 23.625 41.203617
        vertex -11.904699 10 41.24954
    endloop
endfacet
facet normal 0.86018682 0.21613999 0.46191141
    outer loop
        vertex -24.125689 37.576546 62.768795
        vertex -23.647572 35.00798 63.080326
        vertex -19.997805 36.589794 55.543438
    endloop
endfacet
facet normal 0.84031618 0.29087129 0.4574523
    outer loop
        vertex -24.125689 37.576546 62.768795
        vertex -28.53023 39.20544 69.823975
        vertex -29.833462 36.187874 74.136665
    endloop
endfacet
facet normal 0.87711185 0.14932822 0.45648205
    outer loop
        vertex -19.997805 36.589794 55.543438
        vertex -18.386126 35.0316 52.95639
        vertex -16.631416 35.03948 49.58221
    endloop
endfacet
facet normal 0.8771655 0.14982593 0.45621571
    outer loop
        vertex -19.997805 36.589794 55.543438
        vertex -23.647572 35.00798 63.080326
        vertex -18.386126 35.0316 52.95639
    endloop
endfacet
facet normal 0.553743 0.21608073 0.80416286
    outer loop
        vertex -33.026855 91.423454 54.911663
        vertex -33.395645 93.99202 54.47543
        vertex -43.67758 92.812126 61.872566
    endloop
endfacet
facet normal 0.55639321 0.21614718 0.80231357
    outer loop
        vertex -33.026855 91.423454 54.911663
        vertex -26.317657 92.41021 49.99309
        vertex -33.395645 93.99202 54.47543
    endloop
endfacet
facet normal 0.55266148 0.14981256 0.81983018
    outer loop
        vertex -26.317657 92.41021 49.99309
        vertex -23.93297 93.9684 48.100796
        vertex -33.395645 93.99202 54.47543
    endloop
endfacet
facet normal 0.5695504 0.1124593 0.81422675
    outer loop
        vertex -26.317657 92.41021 49.99309
        vertex -21.73866 89.2702 47.22378
        vertex -12.87866 91.75 40.68372
    endloop
endfacet
facet normal 0.51847482 0.04629608 0.8538388
    outer loop
        vertex -15.96784 98.00648 42.515144
        vertex -16.422768 102.50247 42.54761
        vertex -18.729342 99.76696 44.09655
    endloop
endfacet
facet normal 0.53066266 0.01394363 0.84746838
    outer loop
        vertex -15.96784 98.00648 42.515144
        vertex -12.87866 91.75 40.68372
        vertex -12.992493 105.375 40.530823
    endloop
endfacet
facet normal 0.49883306 0.06859972 0.86397898
    outer loop
        vertex -16.422768 102.50247 42.54761
        vertex -20.577774 101.954384 44.990093
        vertex -18.729342 99.76696 44.09655
    endloop
endfacet
facet normal 0.47268412 0.05312047 0.87962937
    outer loop
        vertex -16.422768 102.50247 42.54761
        vertex -12.992493 105.375 40.530823
        vertex -23.42583 106.14101 46.0911
    endloop
endfacet
facet normal 0.92506784 0.04231489 0.37743735
    outer loop
        vertex -13.734544 30.99352 44.400978
        vertex -13.710765 26.497528 44.84675
        vertex -12.092933 23.625 41.203617
    endloop
endfacet
facet normal 0.90709102 0.0462795 0.41838294
    outer loop
        vertex -13.734544 30.99352 44.400978
        vertex -14.991089 29.233034 47.320015
        vertex -13.710765 26.497528 44.84675
    endloop
endfacet
facet normal 0.91317523 0.11396544 0.39130929
    outer loop
        vertex -13.710765 26.497528 44.84675
        vertex -15.66729 27.045612 49.25295
        vertex -19.602705 25.755774 58.812447
    endloop
endfacet
facet normal 0.91493273 0.0686229 0.39772984
    outer loop
        vertex -13.710765 26.497528 44.84675
        vertex -14.991089 29.233034 47.320015
        vertex -15.66729 27.045612 49.25295
    endloop
endfacet
facet normal 0.37877923 0.13642728 0.91537637
    outer loop
        vertex -20.34664 117.596855 43.388763
        vertex -25.86244 117.42785 45.69637
        vertex -26.15721 116.235954 45.995983
    endloop
endfacet
facet normal 0.36993685 0.08215452 0.92541748
    outer loop
        vertex -20.34664 117.596855 43.388763
        vertex -13.08973 119 40.36324
        vertex -31.875614 119 47.87292
    endloop
endfacet
facet normal 0.9467392 0.1757203 0.26982847
    outer loop
        vertex -14.089493 11.403146 48.805866
        vertex -15.757418 11.57215 54.548004
        vertex -17.237598 10 60.7653
    endloop
endfacet
facet normal 0.95239484 0.13644972 0.27262715
    outer loop
        vertex -14.089493 11.403146 48.805866
        vertex -16.022543 12.764041 54.87765
        vertex -15.757418 11.57215 54.548004
    endloop
endfacet
facet normal 0.93587583 0.24235198 0.25573835
    outer loop
        vertex -17.237598 10 60.7653
        vertex -19.28693 10.9156685 67.3971
        vertex -22.570494 10 80.28106
    endloop
endfacet
facet normal 0.93549991 0.24379177 0.2557449
    outer loop
        vertex -19.28693 10.9156685 67.3971
        vertex -19.571516 11.952412 67.449814
        vertex -22.570494 10 80.28106
    endloop
endfacet
facet normal 0.93232197 0.24227208 0.26847714
    outer loop
        vertex -19.28693 10.9156685 67.3971
        vertex -15.757418 11.57215 54.548004
        vertex -19.571516 11.952412 67.449814
    endloop
endfacet
facet normal 0.37238026 0.24226633 0.89590186
    outer loop
        vertex -38.23042 118.084335 50.659576
        vertex -38.248177 117.047585 50.94731
        vertex -25.86244 117.42785 45.69637
    endloop
endfacet
facet normal 0.36009148 0.24375555 0.90050942
    outer loop
        vertex -38.23042 118.084335 50.659576
        vertex -50.661495 119 55.3826
        vertex -38.248177 117.047585 50.94731
    endloop
endfacet
facet normal 0.39529032 0.06729382 0.91608787
    outer loop
        vertex -20.34664 117.596855 43.388763
        vertex -26.15721 116.235954 45.995983
        vertex -17.677599 113.17276 42.56206
    endloop
endfacet
facet normal 0.38323978 0.13491355 0.91374266
    outer loop
        vertex -25.86244 117.42785 45.69637
        vertex -38.248177 117.047585 50.94731
        vertex -26.15721 116.235954 45.995983
    endloop
endfacet
facet normal 0.95127839 0.13492422 0.27724507
    outer loop
        vertex -15.757418 11.57215 54.548004
        vertex -16.022543 12.764041 54.87765
        vertex -19.571516 11.952412 67.449814
    endloop
endfacet
facet normal 0.96188194 0.05364255 0.26815206
    outer loop
        vertex -14.089493 11.403146 48.805866
        vertex -11.904699 10 41.24954
        vertex -13.573736 15.827238 46.07079
    endloop
endfacet
facet normal 0.50065571 0.56987482 0.65160322
    outer loop
        vertex -71.37013 86.60325 85.71563
        vertex -77.01978 86.640625 90.02382
        vertex -76.291435 84.9375 90.953705
    endloop
endfacet
facet normal 0.50469548 0.53624952 0.67654926
    outer loop
        vertex -71.37013 86.60325 85.71563
        vertex -64.88898 88.25964 79.56789
        vertex -77.734314 88.34375 89.08365
    endloop
endfacet
facet normal 0.70418674 0.5697816 0.42363903
    outer loop
        vertex -50.39282 42.396755 104.3653
        vertex -54.03312 42.359375 110.466606
        vertex -53.015953 40.65625 111.06649
    endloop
endfacet
facet normal 0.70412475 0.56988519 0.42360264
    outer loop
        vertex -50.39282 42.396755 104.3653
        vertex -55.041683 44.0625 109.85181
        vertex -54.03312 42.359375 110.466606
    endloop
endfacet
facet normal 0.92170811 0.19256136 0.33671087
    outer loop
        vertex -19.21605 17.691135 62.055298
        vertex -18.609701 20.291174 58.908554
        vertex -22.072727 19.533329 68.8216
    endloop
endfacet
facet normal 0.93394274 0.18023485 0.30865249
    outer loop
        vertex -19.21605 17.691135 62.055298
        vertex -16.730759 15.198931 55.99043
        vertex -13.573736 15.827238 46.07079
    endloop
endfacet
facet normal 0.90345007 0.25468263 0.34484029
    outer loop
        vertex -22.072727 19.533329 68.8216
        vertex -22.525629 21.9429 68.22857
        vertex -26.555983 21.384884 79.19985
    endloop
endfacet
facet normal 0.90708631 0.25325003 0.3362425
    outer loop
        vertex -22.072727 19.533329 68.8216
        vertex -18.609701 20.291174 58.908554
        vertex -22.525629 21.9429 68.22857
    endloop
endfacet
facet normal 0.4377234 0.19072711 0.87864745
    outer loop
        vertex -32.915768 111.30887 49.97713
        vertex -29.85228 108.70883 49.015354
        vertex -23.269577 109.29497 45.60876
    endloop
endfacet
facet normal 0.43897131 0.1925773 0.87762076
    outer loop
        vertex -32.915768 111.30887 49.97713
        vertex -39.310795 109.466675 53.58005
        vertex -29.85228 108.70883 49.015354
    endloop
endfacet
facet normal 0.43684918 0.25324303 0.86315167
    outer loop
        vertex -39.310795 109.466675 53.58005
        vertex -38.66503 107.0571 53.96018
        vertex -29.85228 108.70883 49.015354
    endloop
endfacet
facet normal 0.42015329 0.33720317 0.84247565
    outer loop
        vertex -39.310795 109.466675 53.58005
        vertex -49.012863 110.82691 57.874157
        vertex -49.110233 107.61511 59.20825
    endloop
endfacet
facet normal 0.68959302 0.08646484 0.71901691
    outer loop
        vertex -14.864393 73.706795 42.93401
        vertex -17.46118 73.86429 45.40559
        vertex -18.709894 69.383385 47.14205
    endloop
endfacet
facet normal 0.68984073 0.01559456 0.72379315
    outer loop
        vertex -14.864393 73.706795 42.93401
        vertex -12.748232 78.125 40.821922
        vertex -17.46118 73.86429 45.40559
    endloop
endfacet
facet normal 0.79729307 0.01556146 0.60339165
    outer loop
        vertex -14.306248 55.2932 43.402023
        vertex -16.467464 55.135715 46.261814
        vertex -12.441188 50.875 41.051567
    endloop
endfacet
facet normal 0.77298719 0.04022621 0.63314497
    outer loop
        vertex -14.306248 55.2932 43.402023
        vertex -15.779141 59.75078 44.917027
        vertex -18.058033 59.61662 47.70778
    endloop
endfacet
facet normal 0.77907431 0.31820861 0.54017252
    outer loop
        vertex -34.54065 49.346485 73.39073
        vertex -34.737095 52.74941 71.66944
        vertex -41.48438 50.030056 83.00278
    endloop
endfacet
facet normal 0.80375862 0.2181236 0.5535289
    outer loop
        vertex -34.54065 49.346485 73.39073
        vertex -27.715525 47.81218 64.08483
        vertex -24.119963 50.850838 57.666435
    endloop
endfacet
facet normal 0.73107952 0.39443475 0.55672616
    outer loop
        vertex -38.65208 54.835 75.70182
        vertex -33.887764 55.147102 69.22431
        vertex -43.928017 56.84256 81.20772
    endloop
endfacet
facet normal 0.75718582 0.31521261 0.57211071
    outer loop
        vertex -38.65208 54.835 75.70182
        vertex -34.737095 52.74941 71.66944
        vertex -33.887764 55.147102 69.22431
    endloop
endfacet
facet normal 0.72636533 0.42283195 0.54185468
    outer loop
        vertex -52.90222 53.747288 95.65316
        vertex -38.65208 54.835 75.70182
        vertex -43.928017 56.84256 81.20772
    endloop
endfacet
facet normal 0.77009726 0.30086192 0.56252325
    outer loop
        vertex -34.737095 52.74941 71.66944
        vertex -28.52057 53.071075 62.986946
        vertex -33.887764 55.147102 69.22431
    endloop
endfacet
facet normal 0.75206685 0.32059678 0.57585865
    outer loop
        vertex -33.887764 55.147102 69.22431
        vertex -29.483784 55.527683 63.260868
        vertex -36.934658 59.074722 71.016914
    endloop
endfacet
facet normal 0.77397549 0.23804124 0.58676946
    outer loop
        vertex -33.887764 55.147102 69.22431
        vertex -28.52057 53.071075 62.986946
        vertex -29.483784 55.527683 63.260868
    endloop
endfacet
facet normal 0.77674252 0.23960675 0.58246011
    outer loop
        vertex -29.483784 55.527683 63.260868
        vertex -28.52057 53.071075 62.986946
        vertex -23.324366 54.43726 55.495514
    endloop
endfacet
facet normal 0.74897188 0.31495357 0.58296251
    outer loop
        vertex -33.887764 55.147102 69.22431
        vertex -36.934658 59.074722 71.016914
        vertex -43.928017 56.84256 81.20772
    endloop
endfacet
facet normal 0.7268343 0.32369787 0.60574889
    outer loop
        vertex -36.934658 59.074722 71.016914
        vertex -37.008427 61.015903 70.06811
        vertex -47.083637 60.526043 82.41906
    endloop
endfacet
facet normal 0.73372632 0.32066789 0.59901398
    outer loop
        vertex -36.934658 59.074722 71.016914
        vertex -29.647526 59.365704 61.935207
        vertex -37.008427 61.015903 70.06811
    endloop
endfacet
facet normal 0.92765903 0.1092224 0.35709819
    outer loop
        vertex -16.434624 22.858992 52.198017
        vertex -15.649473 21.20707 50.663635
        vertex -14.292672 21.614134 47.014473
    endloop
endfacet
facet normal 0.91547883 0.18306576 0.35830903
    outer loop
        vertex -16.434624 22.858992 52.198017
        vertex -19.602705 25.755774 58.812447
        vertex -22.525629 21.9429 68.22857
    endloop
endfacet
facet normal 0.92675662 0.11550668 0.35746369
    outer loop
        vertex -14.292672 21.614134 47.014473
        vertex -15.649473 21.20707 50.663635
        vertex -15.9703665 19.705034 51.98093
    endloop
endfacet
facet normal 0.92751789 0.05315233 0.36998031
    outer loop
        vertex -16.434624 22.858992 52.198017
        vertex -12.092933 23.625 41.203617
        vertex -13.710765 26.497528 44.84675
    endloop
endfacet
facet normal 0.45037723 0.11953443 0.88480049
    outer loop
        vertex -23.42583 106.14101 46.0911
        vertex -21.993849 107.79293 45.139027
        vertex -29.85228 108.70883 49.015354
    endloop
endfacet
facet normal 0.45990092 0.10921957 0.88122773
    outer loop
        vertex -23.42583 106.14101 46.0911
        vertex -18.521029 107.385864 43.37706
        vertex -21.993849 107.79293 45.139027
    endloop
endfacet
facet normal 0.49225163 0.11395707 0.86296117
    outer loop
        vertex -20.577774 101.954384 44.990093
        vertex -16.422768 102.50247 42.54761
        vertex -29.632553 103.244225 49.984806
    endloop
endfacet
facet normal 0.46016312 0.11553863 0.88028443
    outer loop
        vertex -18.521029 107.385864 43.37706
        vertex -23.269577 109.29497 45.60876
        vertex -21.993849 107.79293 45.139027
    endloop
endfacet
facet normal 0.34701654 0.434845 0.83095682
    outer loop
        vertex -57.508915 117.091286 59.00661
        vertex -64.796555 117.7174 61.72236
        vertex -62.437576 115.02604 62.14563
    endloop
endfacet
facet normal 0.35220143 0.36930898 0.85997957
    outer loop
        vertex -57.508915 117.091286 59.00661
        vertex -50.661495 119 55.3826
        vertex -64.796555 117.7174 61.72236
    endloop
endfacet
facet normal 0.8943435 0.36931729 0.25249681
    outer loop
        vertex -25.396662 11.908714 87.49954
        vertex -27.268805 11.2826 95.04646
        vertex -22.570494 10 80.28106
    endloop
endfacet
facet normal 0.86491328 0.43486512 0.25063416
    outer loop
        vertex -25.396662 11.908714 87.49954
        vertex -27.95854 13.973959 92.757
        vertex -27.268805 11.2826 95.04646
    endloop
endfacet
facet normal 0.73681033 0.15204796 0.65878069
    outer loop
        vertex -22.73561 61.567333 52.95559
        vertex -20.691872 64.15264 50.073086
        vertex -35.349064 64.71156 66.33736
    endloop
endfacet
facet normal 0.75855511 0.11538167 0.64131212
    outer loop
        vertex -22.73561 61.567333 52.95559
        vertex -17.661404 61.183647 47.022762
        vertex -20.691872 64.15264 50.073086
    endloop
endfacet
facet normal 0.72725457 0.57020909 0.3820504
    outer loop
        vertex -46.306515 35.503265 105.9768
        vertex -49.91286 35.546875 112.776596
        vertex -48.861294 33.84375 113.31679
    endloop
endfacet
facet normal 0.74298716 0.53371185 0.40388322
    outer loop
        vertex -46.306515 35.503265 105.9768
        vertex -42.63044 37.15188 97.0357
        vertex -50.955826 37.25 112.22149
    endloop
endfacet
facet normal 0.46207869 0.56997907 0.67941678
    outer loop
        vertex -73.44767 93.496735 81.847946
        vertex -79.795006 93.453125 86.20142
        vertex -79.121925 91.75 87.17245
    endloop
endfacet
facet normal 0.46198383 0.57021809 0.67928082
    outer loop
        vertex -73.44767 93.496735 81.847946
        vertex -80.45427 95.15625 85.220116
        vertex -79.795006 93.453125 86.20142
    endloop
endfacet
facet normal 0.80983567 0.37126264 0.45423573
    outer loop
        vertex -34.327625 41.054955 78.64821
        vertex -36.01248 37.25453 84.75828
        vertex -28.53023 39.20544 69.823975
    endloop
endfacet
facet normal 0.78452665 0.41751531 0.45847443
    outer loop
        vertex -34.327625 41.054955 78.64821
        vertex -39.972 43.854576 85.75717
        vertex -45.01694 40.740356 97.225914
    endloop
endfacet
facet normal 0.7651189 0.41777393 0.48995718
    outer loop
        vertex -39.972 43.854576 85.75717
        vertex -41.933254 46.901043 86.22223
        vertex -56.04164 45.765625 109.22208
    endloop
endfacet
facet normal 0.77033383 0.42310268 0.4770427
    outer loop
        vertex -39.972 43.854576 85.75717
        vertex -32.693184 43.922325 73.94317
        vertex -41.933254 46.901043 86.22223
    endloop
endfacet
facet normal 0.55051291 0.39324918 0.73640388
    outer loop
        vertex -47.641376 87.945045 66.84211
        vertex -53.528614 91.74547 69.21375
        vertex -64.88898 88.25964 79.56789
    endloop
endfacet
facet normal 0.54306465 0.37125394 0.75316089
    outer loop
        vertex -47.641376 87.945045 66.84211
        vertex -39.53438 89.79456 60.084904
        vertex -53.528614 91.74547 69.21375
    endloop
endfacet
facet normal 0.56125641 0.42307854 0.71133387
    outer loop
        vertex -54.059727 85.14543 73.251465
        vertex -54.293873 82.09896 75.24815
        vertex -43.146347 85.077675 64.68089
    endloop
endfacet
facet normal 0.54172498 0.46908486 0.69749075
    outer loop
        vertex -54.059727 85.14543 73.251465
        vertex -64.88898 88.25964 79.56789
        vertex -71.37013 86.60325 85.71563
    endloop
endfacet
facet normal 0.57611388 0.05771926 0.8153289
    outer loop
        vertex -17.786366 89.10971 44.338432
        vertex -17.097853 83.923744 44.219055
        vertex -12.87866 91.75 40.68372
    endloop
endfacet
facet normal 0.60099882 0.06144769 0.7968843
    outer loop
        vertex -17.786366 89.10971 44.338432
        vertex -22.74537 87.765915 48.182064
        vertex -17.097853 83.923744 44.219055
    endloop
endfacet
facet normal 0.79251391 0.08650887 0.60368693
    outer loop
        vertex -14.306248 55.2932 43.402023
        vertex -18.058033 59.61662 47.70778
        vertex -16.467464 55.135715 46.261814
    endloop
endfacet
facet normal 0.75768369 0.03784155 0.65152395
    outer loop
        vertex -15.779141 59.75078 44.917027
        vertex -12.60121 64.5 40.94544
        vertex -17.661404 61.183647 47.022762
    endloop
endfacet
facet normal 0.85984886 0.06147172 0.50683439
    outer loop
        vertex -15.350003 39.89029 46.43336
        vertex -15.315855 45.07626 45.746445
        vertex -18.608658 41.234085 51.798714
    endloop
endfacet
facet normal 0.87536353 0.05781465 0.47999606
    outer loop
        vertex -15.350003 39.89029 46.43336
        vertex -12.271763 37.25 41.137627
        vertex -15.315855 45.07626 45.746445
    endloop
endfacet
facet normal 0.7138927 0.123648 0.68925202
    outer loop
        vertex -16.195087 69.24922 44.56141
        vertex -18.709894 69.383385 47.14205
        vertex -22.280394 67.899994 51.106308
    endloop
endfacet
facet normal 0.71664792 0.04026259 0.69627202
    outer loop
        vertex -16.195087 69.24922 44.56141
        vertex -14.864393 73.706795 42.93401
        vertex -18.709894 69.383385 47.14205
    endloop
endfacet
facet normal 0.37273517 0.39631101 0.83905071
    outer loop
        vertex -48.833405 114.397675 56.398987
        vertex -62.437576 115.02604 62.14563
        vertex -56.11351 112.73145 60.42007
    endloop
endfacet
facet normal 0.39523551 0.24343649 0.88573563
    outer loop
        vertex -48.833405 114.397675 56.398987
        vertex -38.042263 115.90681 51.16896
        vertex -38.248177 117.047585 50.94731
    endloop
endfacet
facet normal 0.40117687 0.38403368 0.83161008
    outer loop
        vertex -56.11351 112.73145 60.42007
        vertex -59.562584 111.171234 62.80444
        vertex -49.012863 110.82691 57.874157
    endloop
endfacet
facet normal 0.37835246 0.42396721 0.82286167
    outer loop
        vertex -56.11351 112.73145 60.42007
        vertex -62.437576 115.02604 62.14563
        vertex -72.08828 113.30189 67.471375
    endloop
endfacet
facet normal 0.44497937 0.25469729 0.85855842
    outer loop
        vertex -39.310795 109.466675 53.58005
        vertex -49.110233 107.61511 59.20825
        vertex -38.66503 107.0571 53.96018
    endloop
endfacet
facet normal 0.40727404 0.33978319 0.84774709
    outer loop
        vertex -49.012863 110.82691 57.874157
        vertex -59.562584 111.171234 62.80444
        vertex -49.110233 107.61511 59.20825
    endloop
endfacet
facet normal 0.87925434 0.38831139 0.27590969
    outer loop
        vertex -23.790707 14.602325 78.59082
        vertex -27.95854 13.973959 92.757
        vertex -25.396662 11.908714 87.49954
    endloop
endfacet
facet normal 0.87587279 0.39632449 0.27527025
    outer loop
        vertex -23.790707 14.602325 78.59082
        vertex -26.962332 16.26855 86.28353
        vertex -27.95854 13.973959 92.757
    endloop
endfacet
facet normal 0.86140287 0.42183316 0.28291678
    outer loop
        vertex -26.962332 16.26855 86.28353
        vertex -28.941805 17.828768 89.98417
        vertex -32.157864 15.698109 102.95302
    endloop
endfacet
facet normal 0.87171364 0.38402042 0.30437419
    outer loop
        vertex -26.962332 16.26855 86.28353
        vertex -25.238825 18.173092 78.94458
        vertex -28.941805 17.828768 89.98417
    endloop
endfacet
facet normal 0.88842118 0.33981469 0.30859959
    outer loop
        vertex -25.238825 18.173092 78.94458
        vertex -26.555983 21.384884 79.19985
        vertex -28.941805 17.828768 89.98417
    endloop
endfacet
facet normal 0.9328751 0.19793536 0.30094141
    outer loop
        vertex -19.21605 17.691135 62.055298
        vertex -20.47716 15.305619 67.53356
        vertex -16.730759 15.198931 55.99043
    endloop
endfacet
facet normal 0.87827396 0.14044806 0.4570657
    outer loop
        vertex -16.631416 35.03948 49.58221
        vertex -18.386126 35.0316 52.95639
        vertex -18.984186 32.83683 54.780006
    endloop
endfacet
facet normal 0.87677675 0.08140095 0.47395837
    outer loop
        vertex -16.631416 35.03948 49.58221
        vertex -12.271763 37.25 41.137627
        vertex -19.997805 36.589794 55.543438
    endloop
endfacet
facet normal 0.55291873 0.14931788 0.81974703
    outer loop
        vertex -20.779306 93.960526 45.975086
        vertex -23.93297 93.9684 48.100796
        vertex -26.317657 92.41021 49.99309
    endloop
endfacet
facet normal 0.55362767 0.14047018 0.82083154
    outer loop
        vertex -20.779306 93.960526 45.975086
        vertex -25.6815 96.16318 48.904533
        vertex -23.93297 93.9684 48.100796
    endloop
endfacet
facet normal 0.8951093 0.08636612 0.43740168
    outer loop
        vertex -13.734544 30.99352 44.400978
        vertex -18.984186 32.83683 54.780006
        vertex -14.991089 29.233034 47.320015
    endloop
endfacet
facet normal 0.87842339 0.1402256 0.45684701
    outer loop
        vertex -18.386126 35.0316 52.95639
        vertex -23.647572 35.00798 63.080326
        vertex -18.984186 32.83683 54.780006
    endloop
endfacet
facet normal 0.57842726 0.27300203 0.76869482
    outer loop
        vertex -36.697994 87.031555 58.93186
        vertex -39.53438 89.79456 60.084904
        vertex -47.641376 87.945045 66.84211
    endloop
endfacet
facet normal 0.57492518 0.26751044 0.77323937
    outer loop
        vertex -36.697994 87.031555 58.93186
        vertex -29.397524 88.29469 53.06676
        vertex -39.53438 89.79456 60.084904
    endloop
endfacet
facet normal 0.55342835 0.14024828 0.82100397
    outer loop
        vertex -23.93297 93.9684 48.100796
        vertex -25.6815 96.16318 48.904533
        vertex -33.395645 93.99202 54.47543
    endloop
endfacet
facet normal 0.56310213 0.03636611 0.82558674
    outer loop
        vertex -20.779306 93.960526 45.975086
        vertex -12.87866 91.75 40.68372
        vertex -15.96784 98.00648 42.515144
    endloop
endfacet
facet normal 0.83339733 0.26751441 0.48361644
    outer loop
        vertex -27.709314 41.96844 66.88096
        vertex -28.53023 39.20544 69.823975
        vertex -22.707575 40.70531 58.96036
    endloop
endfacet
facet normal 0.8121326 0.32841972 0.48226672
    outer loop
        vertex -27.709314 41.96844 66.88096
        vertex -32.693184 43.922325 73.94317
        vertex -34.327625 41.054955 78.64821
    endloop
endfacet
facet normal 0.65535694 0.53551161 0.53266734
    outer loop
        vertex -53.361343 58.801888 91.47996
        vertex -63.731716 59.390625 103.647064
        vertex -56.84278 56.930557 97.6446
    endloop
endfacet
facet normal 0.65865564 0.50986791 0.55336004
    outer loop
        vertex -53.361343 58.801888 91.47996
        vertex -47.083637 60.526043 82.41906
        vertex -59.590702 62.60764 95.38803
    endloop
endfacet
facet normal 0.58306193 0.57524031 0.5737049
    outer loop
        vertex -58.201763 70.19811 87.178825
        vertex -69.114555 69.609375 98.85992
        vertex -68.24805 67.90625 99.68696
    endloop
endfacet
facet normal 0.60348332 0.53552341 0.59078127
    outer loop
        vertex -58.201763 70.19811 87.178825
        vertex -63.935482 72.06944 91.33952
        vertex -69.114555 69.609375 98.85992
    endloop
endfacet
facet normal 0.70150924 0.29135886 0.65038043
    outer loop
        vertex -39.06025 66.65327 69.47044
        vertex -35.349064 64.71156 66.33736
        vertex -32.13754 66.774284 61.9493
    endloop
endfacet
facet normal 0.6607756 0.43698907 0.61025906
    outer loop
        vertex -39.06025 66.65327 69.47044
        vertex -49.90755 68.47396 79.91193
        vertex -50.387165 64.74161 83.103874
    endloop
endfacet
facet normal 0.34876302 0.53899097 0.76671576
    outer loop
        vertex -72.08828 113.30189 67.471375
        vertex -86.794304 113.890625 73.74696
        vertex -77.94386 111.43056 71.45048
    endloop
endfacet
facet normal 0.34236985 0.51369047 0.78670508
    outer loop
        vertex -72.08828 113.30189 67.471375
        vertex -62.437576 115.02604 62.14563
        vertex -79.421745 117.107635 68.17784
    endloop
endfacet
facet normal 0.77489161 0.5791139 0.25331804
    outer loop
        vertex -32.157864 15.698109 102.95302
        vertex -36.726418 15.109375 118.27399
        vertex -35.571644 13.40625 118.63511
    endloop
endfacet
facet normal 0.80128533 0.53900385 0.2596471
    outer loop
        vertex -32.157864 15.698109 102.95302
        vertex -35.449375 17.569445 109.22608
        vertex -36.726418 15.109375 118.27399
    endloop
endfacet
facet normal 0.93828672 0.06105391 0.34042701
    outer loop
        vertex -14.292672 21.614134 47.014473
        vertex -15.9703665 19.705034 51.98093
        vertex -13.573736 15.827238 46.07079
    endloop
endfacet
facet normal 0.93226528 0.10456863 0.3463335
    outer loop
        vertex -15.649473 21.20707 50.663635
        vertex -18.609701 20.291174 58.908554
        vertex -15.9703665 19.705034 51.98093
    endloop
endfacet
facet normal 0.44972911 0.10456953 0.8870225
    outer loop
        vertex -21.993849 107.79293 45.139027
        vertex -23.269577 109.29497 45.60876
        vertex -29.85228 108.70883 49.015354
    endloop
endfacet
facet normal 0.47276509 0.05495613 0.87947321
    outer loop
        vertex -18.521029 107.385864 43.37706
        vertex -12.992493 105.375 40.530823
        vertex -17.677599 113.17276 42.56206
    endloop
endfacet
facet normal 0.37374991 0.38832685 0.8423261
    outer loop
        vertex -57.508915 117.091286 59.00661
        vertex -62.437576 115.02604 62.14563
        vertex -48.833405 114.397675 56.398987
    endloop
endfacet
facet normal 0.34819245 0.43572563 0.83000308
    outer loop
        vertex -64.796555 117.7174 61.72236
        vertex -79.421745 117.107635 68.17784
        vertex -62.437576 115.02604 62.14563
    endloop
endfacet
facet normal 0.86410159 0.43574134 0.25190869
    outer loop
        vertex -27.268805 11.2826 95.04646
        vertex -27.95854 13.973959 92.757
        vertex -32.026115 11.892362 110.31033
    endloop
endfacet
facet normal 0.90226871 0.34176371 0.26288539
    outer loop
        vertex -25.396662 11.908714 87.49954
        vertex -22.570494 10 80.28106
        vertex -19.571516 11.952412 67.449814
    endloop
endfacet
facet normal 0.92481923 0.24340388 0.29234248
    outer loop
        vertex -19.571516 11.952412 67.449814
        vertex -19.81588 13.093193 67.27304
        vertex -23.790707 14.602325 78.59082
    endloop
endfacet
facet normal 0.92953658 0.24219696 0.27803287
    outer loop
        vertex -19.571516 11.952412 67.449814
        vertex -16.022543 12.764041 54.87765
        vertex -19.81588 13.093193 67.27304
    endloop
endfacet
facet normal 0.38155839 0.24219479 0.89205092
    outer loop
        vertex -38.248177 117.047585 50.94731
        vertex -38.042263 115.90681 51.16896
        vertex -26.15721 116.235954 45.995983
    endloop
endfacet
facet normal 0.3634176 0.34177503 0.86667031
    outer loop
        vertex -38.248177 117.047585 50.94731
        vertex -50.661495 119 55.3826
        vertex -57.508915 117.091286 59.00661
    endloop
endfacet
facet normal 0.43638095 0.34222335 0.83213866
    outer loop
        vertex -49.110233 107.61511 59.20825
        vertex -49.24138 104.61701 60.510014
        vertex -38.66503 107.0571 53.96018
    endloop
endfacet
facet normal 0.41781437 0.40627286 0.81263375
    outer loop
        vertex -49.110233 107.61511 59.20825
        vertex -59.562584 111.171234 62.80444
        vertex -73.67966 108.19018 71.55308
    endloop
endfacet
facet normal 0.47783977 0.33413449 0.81241828
    outer loop
        vertex -49.24138 104.61701 60.510014
        vertex -50.75305 102.43523 62.296467
        vertex -41.300716 100.770256 57.421665
    endloop
endfacet
facet normal 0.45229524 0.3561385 0.81767625
    outer loop
        vertex -49.24138 104.61701 60.510014
        vertex -58.140526 104.358734 65.545044
        vertex -50.75305 102.43523 62.296467
    endloop
endfacet
facet normal 0.86980653 0.33754474 0.35986122
    outer loop
        vertex -26.555983 21.384884 79.19985
        vertex -27.83719 24.382982 79.484436
        vertex -31.831776 24.641268 88.89732
    endloop
endfacet
facet normal 0.87621725 0.342237 0.33928931
    outer loop
        vertex -26.555983 21.384884 79.19985
        vertex -22.525629 21.9429 68.22857
        vertex -27.83719 24.382982 79.484436
    endloop
endfacet
facet normal 0.86365217 0.35614902 0.35673898
    outer loop
        vertex -27.83719 24.382982 79.484436
        vertex -29.442919 26.56478 81.19366
        vertex -31.831776 24.641268 88.89732
    endloop
endfacet
facet normal 0.89796436 0.23322557 0.37318346
    outer loop
        vertex -27.83719 24.382982 79.484436
        vertex -22.525629 21.9429 68.22857
        vertex -19.602705 25.755774 58.812447
    endloop
endfacet
facet normal 0.80825257 0.40252349 0.42977035
    outer loop
        vertex -36.01248 37.25453 84.75828
        vertex -36.582867 35.406277 87.56206
        vertex -29.833462 36.187874 74.136665
    endloop
endfacet
facet normal 0.80035561 0.41269711 0.43487024
    outer loop
        vertex -36.01248 37.25453 84.75828
        vertex -42.63044 37.15188 97.0357
        vertex -36.582867 35.406277 87.56206
    endloop
endfacet
facet normal 0.52274656 0.41271085 0.7459262
    outer loop
        vertex -53.528614 91.74547 69.21375
        vertex -56.253376 93.59373 70.100655
        vertex -64.97737 91.84812 77.18027
    endloop
endfacet
facet normal 0.55069196 0.29310825 0.78155351
    outer loop
        vertex -53.528614 91.74547 69.21375
        vertex -39.53438 89.79456 60.084904
        vertex -43.67758 92.812126 61.872566
    endloop
endfacet
facet normal 0.70517415 0.41507918 0.57483786
    outer loop
        vertex -36.934658 59.074722 71.016914
        vertex -47.083637 60.526043 82.41906
        vertex -43.928017 56.84256 81.20772
    endloop
endfacet
facet normal 0.71050966 0.37645268 0.5945245
    outer loop
        vertex -37.008427 61.015903 70.06811
        vertex -42.03231 62.788567 74.949646
        vertex -47.083637 60.526043 82.41906
    endloop
endfacet
facet normal 0.69155174 0.01400923 0.7221911
    outer loop
        vertex -12.748232 78.125 40.821922
        vertex -14.864393 73.706795 42.93401
        vertex -12.60121 64.5 40.94544
    endloop
endfacet
facet normal 0.68524063 0.13727653 0.71526241
    outer loop
        vertex -17.46118 73.86429 45.40559
        vertex -20.704716 74.08447 48.470726
        vertex -23.148819 69.565674 51.679512
    endloop
endfacet
facet normal 0.77257061 0.07061929 0.63098925
    outer loop
        vertex -16.467464 55.135715 46.261814
        vertex -18.058033 59.61662 47.70778
        vertex -22.063068 59.434322 52.631866
    endloop
endfacet
facet normal 0.76160198 0.03166315 0.6472711
    outer loop
        vertex -15.779141 59.75078 44.917027
        vertex -14.306248 55.2932 43.402023
        vertex -12.60121 64.5 40.94544
    endloop
endfacet
facet normal 0.65760761 0.14027281 0.74018633
    outer loop
        vertex -27.93296 78.14916 54.30799
        vertex -23.846462 76.20556 51.045734
        vertex -12.748232 78.125 40.821922
    endloop
endfacet
facet normal 0.66541654 0.18540028 0.72308195
    outer loop
        vertex -27.93296 78.14916 54.30799
        vertex -32.716652 75.928925 59.27946
        vertex -23.846462 76.20556 51.045734
    endloop
endfacet
facet normal 0.79381931 0.18538539 0.57920909
    outer loop
        vertex -24.119963 50.850838 57.666435
        vertex -21.344456 52.794445 53.240456
        vertex -28.52057 53.071075 62.986946
    endloop
endfacet
facet normal 0.81037766 0.13634984 0.56982172
    outer loop
        vertex -24.119963 50.850838 57.666435
        vertex -20.60022 48.144707 53.308334
        vertex -12.441188 50.875 41.051567
    endloop
endfacet
facet normal 0.68145615 0.13647544 0.71902144
    outer loop
        vertex -23.846462 76.20556 51.045734
        vertex -25.85977 74.562744 53.265675
        vertex -20.704716 74.08447 48.470726
    endloop
endfacet
facet normal 0.66871023 0.16128258 0.72582
    outer loop
        vertex -23.846462 76.20556 51.045734
        vertex -32.716652 75.928925 59.27946
        vertex -25.85977 74.562744 53.265675
    endloop
endfacet
facet normal 0.7969088 0.16130012 0.58216739
    outer loop
        vertex -21.344456 52.794445 53.240456
        vertex -23.324366 54.43726 55.495514
        vertex -28.52057 53.071075 62.986946
    endloop
endfacet
facet normal 0.8103053 0.05193537 0.58370197
    outer loop
        vertex -21.344456 52.794445 53.240456
        vertex -12.441188 50.875 41.051567
        vertex -16.467464 55.135715 46.261814
    endloop
endfacet
facet normal 0.83442587 0.41519377 0.36241883
    outer loop
        vertex -29.442919 26.56478 81.19366
        vertex -34.003334 27.598959 90.50869
        vertex -31.831776 24.641268 88.89732
    endloop
endfacet
facet normal 0.85901159 0.33993345 0.38281098
    outer loop
        vertex -29.442919 26.56478 81.19366
        vertex -25.672077 28.229746 71.25357
        vertex -34.003334 27.598959 90.50869
    endloop
endfacet
facet normal 0.47766995 0.33994207 0.81010544
    outer loop
        vertex -50.75305 102.43523 62.296467
        vertex -59.48925 101.40104 67.881645
        vertex -41.300716 100.770256 57.421665
    endloop
endfacet
facet normal 0.45461974 0.41520697 0.78798735
    outer loop
        vertex -50.75305 102.43523 62.296467
        vertex -58.140526 104.358734 65.545044
        vertex -59.48925 101.40104 67.881645
    endloop
endfacet
facet normal 0.7246868 0.24323463 0.64472157
    outer loop
        vertex -35.349064 64.71156 66.33736
        vertex -20.691872 64.15264 50.073086
        vertex -32.13754 66.774284 61.9493
    endloop
endfacet
facet normal 0.71658683 0.3093372 0.62515098
    outer loop
        vertex -35.349064 64.71156 66.33736
        vertex -42.03231 62.788567 74.949646
        vertex -37.008427 61.015903 70.06811
    endloop
endfacet
facet normal 0.49716169 0.41732231 0.76070523
    outer loop
        vertex -60.243477 96.02314 71.375626
        vertex -56.253376 93.59373 70.100655
        vertex -50.51581 95.53472 65.28602
    endloop
endfacet
facet normal 0.46420816 0.51631624 0.71967226
    outer loop
        vertex -60.243477 96.02314 71.375626
        vertex -74.21106 98.94097 78.29175
        vertex -81.09972 96.859375 84.22852
    endloop
endfacet
facet normal 0.52699262 0.3562099 0.77161741
    outer loop
        vertex -56.253376 93.59373 70.100655
        vertex -43.67758 92.812126 61.872566
        vertex -50.51581 95.53472 65.28602
    endloop
endfacet
facet normal 0.50156009 0.48776039 0.71451193
    outer loop
        vertex -53.528614 91.74547 69.21375
        vertex -64.97737 91.84812 77.18027
        vertex -64.88898 88.25964 79.56789
    endloop
endfacet
facet normal 0.77725339 0.47906068 0.40789467
    outer loop
        vertex -46.306515 35.503265 105.9768
        vertex -36.582867 35.406277 87.56206
        vertex -42.63044 37.15188 97.0357
    endloop
endfacet
facet normal 0.81212872 0.41733667 0.4077709
    outer loop
        vertex -37.394882 32.976864 91.665695
        vertex -32.447147 33.46528 81.31177
        vertex -36.582867 35.406277 87.56206
    endloop
endfacet
facet normal 0.83891422 0.29311007 0.45859513
    outer loop
        vertex -36.01248 37.25453 84.75828
        vertex -29.833462 36.187874 74.136665
        vertex -28.53023 39.20544 69.823975
    endloop
endfacet
facet normal 0.82636315 0.35619217 0.43617782
    outer loop
        vertex -36.582867 35.406277 87.56206
        vertex -32.447147 33.46528 81.31177
        vertex -29.833462 36.187874 74.136665
    endloop
endfacet
facet normal 0.86172414 0.21608084 0.45906502
    outer loop
        vertex -29.833462 36.187874 74.136665
        vertex -23.647572 35.00798 63.080326
        vertex -24.125689 37.576546 62.768795
    endloop
endfacet
facet normal 0.85116172 0.30628893 0.42627549
    outer loop
        vertex -29.833462 36.187874 74.136665
        vertex -32.447147 33.46528 81.31177
        vertex -23.807291 32.981674 64.40769
    endloop
endfacet
facet normal 0.58873814 0.11563418 0.80001009
    outer loop
        vertex -21.73866 89.2702 47.22378
        vertex -22.74537 87.765915 48.182064
        vertex -17.786366 89.10971 44.338432
    endloop
endfacet
facet normal 0.59394354 0.11018559 0.79692554
    outer loop
        vertex -21.73866 89.2702 47.22378
        vertex -29.397524 88.29469 53.06676
        vertex -22.74537 87.765915 48.182064
    endloop
endfacet
facet normal 0.55057538 0.23110826 0.80215687
    outer loop
        vertex -43.67758 92.812126 61.872566
        vertex -33.395645 93.99202 54.47543
        vertex -34.700447 96.018326 54.78721
    endloop
endfacet
facet normal 0.54971409 0.29086155 0.78307986
    outer loop
        vertex -43.67758 92.812126 61.872566
        vertex -39.53438 89.79456 60.084904
        vertex -33.026855 91.423454 54.911663
    endloop
endfacet
facet normal 0.85908794 0.11018152 0.49982792
    outer loop
        vertex -17.768787 39.729797 50.686775
        vertex -18.608658 41.234085 51.798714
        vertex -22.707575 40.70531 58.96036
    endloop
endfacet
facet normal 0.86876249 0.02040948 0.49480823
    outer loop
        vertex -17.768787 39.729797 50.686775
        vertex -12.271763 37.25 41.137627
        vertex -15.350003 39.89029 46.43336
    endloop
endfacet
facet normal 0.49454448 0.17503226 0.85134572
    outer loop
        vertex -29.632553 103.244225 49.984806
        vertex -29.843708 100.7212 50.626186
        vertex -20.577774 101.954384 44.990093
    endloop
endfacet
facet normal 0.47251785 0.23325206 0.84989434
    outer loop
        vertex -29.632553 103.244225 49.984806
        vertex -38.66503 107.0571 53.96018
        vertex -49.24138 104.61701 60.510014
    endloop
endfacet
facet normal 0.53599513 0.0863997 0.83978838
    outer loop
        vertex -15.96784 98.00648 42.515144
        vertex -18.729342 99.76696 44.09655
        vertex -25.6815 96.16318 48.904533
    endloop
endfacet
facet normal 0.51004696 0.08121094 0.85630417
    outer loop
        vertex -20.577774 101.954384 44.990093
        vertex -29.843708 100.7212 50.626186
        vertex -18.729342 99.76696 44.09655
    endloop
endfacet
facet normal 0.89831054 0.17313504 0.40380993
    outer loop
        vertex -19.602705 25.755774 58.812447
        vertex -20.218473 28.278807 59.100517
        vertex -25.672077 28.229746 71.25357
    endloop
endfacet
facet normal 0.90189576 0.17502682 0.3949047
    outer loop
        vertex -19.602705 25.755774 58.812447
        vertex -15.66729 27.045612 49.25295
        vertex -20.218473 28.278807 59.100517
    endloop
endfacet
facet normal 0.90857953 0.08120252 0.40974316
    outer loop
        vertex -15.66729 27.045612 49.25295
        vertex -14.991089 29.233034 47.320015
        vertex -20.218473 28.278807 59.100517
    endloop
endfacet
facet normal 0.90219241 0.01392941 0.43110865
    outer loop
        vertex -13.734544 30.99352 44.400978
        vertex -12.092933 23.625 41.203617
        vertex -12.271763 37.25 41.137627
    endloop
endfacet
facet normal 0.66463983 0.43445012 0.60787082
    outer loop
        vertex -50.387165 64.74161 83.103874
        vertex -49.90755 68.47396 79.91193
        vertex -59.05994 65.76157 91.85762
    endloop
endfacet
facet normal 0.70418543 0.3412236 0.62264711
    outer loop
        vertex -39.06025 66.65327 69.47044
        vertex -42.03231 62.788567 74.949646
        vertex -35.349064 64.71156 66.33736
    endloop
endfacet
facet normal 0.68106711 0.43845239 0.58643591
    outer loop
        vertex -50.387165 64.74161 83.103874
        vertex -59.590702 62.60764 95.38803
        vertex -47.083637 60.526043 82.41906
    endloop
endfacet
facet normal 0.60331535 0.5772891 0.55022526
    outer loop
        vertex -59.05994 65.76157 91.85762
        vertex -67.367714 66.203125 100.50372
        vertex -66.47357 64.5 101.3102
    endloop
endfacet
facet normal 0.74451637 0.07883944 0.66293269
    outer loop
        vertex -20.691872 64.15264 50.073086
        vertex -17.661404 61.183647 47.022762
        vertex -12.60121 64.5 40.94544
    endloop
endfacet
facet normal 0.71290523 0.23700786 0.65999502
    outer loop
        vertex -39.06025 66.65327 69.47044
        vertex -32.13754 66.774284 61.9493
        vertex -31.533058 69.63429 60.269314
    endloop
endfacet
facet normal 0.77004611 0.08169108 0.63273656
    outer loop
        vertex -17.661404 61.183647 47.022762
        vertex -18.058033 59.61662 47.70778
        vertex -15.779141 59.75078 44.917027
    endloop
endfacet
facet normal 0.77182078 0.08036924 0.6307404
    outer loop
        vertex -17.661404 61.183647 47.022762
        vertex -22.063068 59.434322 52.631866
        vertex -18.058033 59.61662 47.70778
    endloop
endfacet
facet normal 0.61848825 0.5762462 0.53424025
    outer loop
        vertex -59.590702 62.60764 95.38803
        vertex -65.56822 62.796875 102.10407
        vertex -64.65427 61.09375 102.883026
    endloop
endfacet
facet normal 0.61795604 0.57728225 0.53373736
    outer loop
        vertex -59.590702 62.60764 95.38803
        vertex -66.47357 64.5 101.3102
        vertex -65.56822 62.796875 102.10407
    endloop
endfacet
facet normal 0.4167127 0.50873446 0.75335228
    outer loop
        vertex -73.67966 108.19018 71.55308
        vertex -75.98986 104.61806 75.24319
        vertex -58.140526 104.358734 65.545044
    endloop
endfacet
facet normal 0.37281492 0.57494211 0.72832036
    outer loop
        vertex -73.67966 108.19018 71.55308
        vertex -85.231 108.78125 76.99942
        vertex -84.682274 107.078125 78.062996
    endloop
endfacet
facet normal 0.79434073 0.52513361 0.30538106
    outer loop
        vertex -36.037136 20.80982 105.00842
        vertex -39.444916 24.381945 107.72993
        vertex -41.25951 21.921875 116.68029
    endloop
endfacet
facet normal 0.85474956 0.40624803 0.32305667
    outer loop
        vertex -36.037136 20.80982 105.00842
        vertex -28.941805 17.828768 89.98417
        vertex -26.555983 21.384884 79.19985
    endloop
endfacet
facet normal 0.78103685 0.58166254 0.22726636
    outer loop
        vertex -32.026115 11.892362 110.31033
        vertex -34.408268 11.703125 118.98131
        vertex -33.23629 10 119.31258
    endloop
endfacet
facet normal 0.82042366 0.51370019 0.25103229
    outer loop
        vertex -32.026115 11.892362 110.31033
        vertex -27.95854 13.973959 92.757
        vertex -32.157864 15.698109 102.95302
    endloop
endfacet
facet normal 0.31461599 0.58035654 0.75113446
    outer loop
        vertex -79.421745 117.107635 68.17784
        vertex -87.767426 117.296875 71.52725
        vertex -87.28777 115.59375 72.64225
    endloop
endfacet
facet normal 0.31429181 0.58167171 0.75025237
    outer loop
        vertex -79.421745 117.107635 68.17784
        vertex -88.23326 119 70.40196
        vertex -87.767426 117.296875 71.52725
    endloop
endfacet
facet normal 0.4129563 0.13315013 0.90096509
    outer loop
        vertex -26.15721 116.235954 45.995983
        vertex -27.177086 113.80107 46.823284
        vertex -17.677599 113.17276 42.56206
    endloop
endfacet
facet normal 0.39150959 0.14476644 0.90871495
    outer loop
        vertex -26.15721 116.235954 45.995983
        vertex -38.042263 115.90681 51.16896
        vertex -27.177086 113.80107 46.823284
    endloop
endfacet
facet normal 0.9472183 0.14478947 0.28603059
    outer loop
        vertex -16.022543 12.764041 54.87765
        vertex -16.730759 15.198931 55.99043
        vertex -19.81588 13.093193 67.27304
    endloop
endfacet
facet normal 0.95497638 0.06730348 0.28894705
    outer loop
        vertex -16.022543 12.764041 54.87765
        vertex -14.089493 11.403146 48.805866
        vertex -13.573736 15.827238 46.07079
    endloop
endfacet
facet normal 0.83694607 0.13315158 0.53084075
    outer loop
        vertex -20.60022 48.144707 53.308334
        vertex -21.300577 45.746933 55.013985
        vertex -15.315855 45.07626 45.746445
    endloop
endfacet
facet normal 0.82301205 0.14943781 0.54801428
    outer loop
        vertex -20.60022 48.144707 53.308334
        vertex -27.715525 47.81218 64.08483
        vertex -21.300577 45.746933 55.013985
    endloop
endfacet
facet normal 0.63773149 0.14945254 0.75562072
    outer loop
        vertex -24.006636 80.85529 50.32143
        vertex -25.626394 83.25307 51.21423
        vertex -33.90819 81.18782 58.61241
    endloop
endfacet
facet normal 0.65042555 0.04363097 0.75831592
    outer loop
        vertex -24.006636 80.85529 50.32143
        vertex -12.748232 78.125 40.821922
        vertex -17.097853 83.923744 44.219055
    endloop
endfacet
facet normal 0.51997197 0.30626312 0.79739076
    outer loop
        vertex -43.67758 92.812126 61.872566
        vertex -34.700447 96.018326 54.78721
        vertex -50.51581 95.53472 65.28602
    endloop
endfacet
facet normal 0.53100395 0.21584991 0.8194167
    outer loop
        vertex -33.395645 93.99202 54.47543
        vertex -25.6815 96.16318 48.904533
        vertex -34.700447 96.018326 54.78721
    endloop
endfacet
facet normal 0.87429887 0.21587078 0.43474287
    outer loop
        vertex -23.647572 35.00798 63.080326
        vertex -23.807291 32.981674 64.40769
        vertex -18.984186 32.83683 54.780006
    endloop
endfacet
facet normal 0.82928419 0.2729907 0.48761043
    outer loop
        vertex -34.327625 41.054955 78.64821
        vertex -28.53023 39.20544 69.823975
        vertex -27.709314 41.96844 66.88096
    endloop
endfacet
facet normal 0.70898914 0.50599265 0.49122897
    outer loop
        vertex -52.90222 53.747288 95.65316
        vertex -53.432915 50.118053 100.15742
        vertex -41.48438 50.030056 83.00278
    endloop
endfacet
facet normal 0.65921187 0.57217759 0.48790622
    outer loop
        vertex -52.90222 53.747288 95.65316
        vertex -60.91244 54.28125 105.84961
        vertex -59.955482 52.578125 106.55395
    endloop
endfacet
facet normal 0.57690525 0.52229768 0.62800121
    outer loop
        vertex -62.408897 75.25271 87.20406
        vertex -66.83053 78.88194 88.24757
        vertex -72.44245 76.421875 95.44888
    endloop
endfacet
facet normal 0.62310654 0.40662119 0.66812986
    outer loop
        vertex -62.408897 75.25271 87.20406
        vertex -49.067825 72.15744 76.645775
        vertex -51.14027 78.96994 74.4325
    endloop
endfacet
facet normal 0.57898223 0.35406476 0.7344507
    outer loop
        vertex -54.059727 85.14543 73.251465
        vertex -43.146347 85.077675 64.68089
        vertex -47.641376 87.945045 66.84211
    endloop
endfacet
facet normal 0.61014515 0.25721204 0.7493763
    outer loop
        vertex -36.697994 87.031555 58.93186
        vertex -35.282402 83.33951 59.04652
        vertex -25.626394 83.25307 51.21423
    endloop
endfacet
facet normal 0.84107572 0.21320839 0.49712563
    outer loop
        vertex -18.608658 41.234085 51.798714
        vertex -27.709314 41.96844 66.88096
        vertex -22.707575 40.70531 58.96036
    endloop
endfacet
facet normal 0.79404515 0.39322162 0.46353984
    outer loop
        vertex -36.01248 37.25453 84.75828
        vertex -34.327625 41.054955 78.64821
        vertex -45.01694 40.740356 97.225914
    endloop
endfacet
facet normal 0.43016115 0.57090449 0.69930643
    outer loop
        vertex -74.21106 98.94097 78.29175
        vertex -81.731346 98.5625 83.22665
        vertex -81.09972 96.859375 84.22852
    endloop
endfacet
facet normal 0.42700869 0.53365856 0.72998095
    outer loop
        vertex -74.21106 98.94097 78.29175
        vertex -59.48925 101.40104 67.881645
        vertex -82.95317 101.96875 81.19204
    endloop
endfacet
facet normal 0.74324709 0.57139111 0.34798843
    outer loop
        vertex -42.680897 30.059029 106.32058
        vertex -46.732357 30.4375 114.3524
        vertex -45.65499 28.734375 114.847824
    endloop
endfacet
facet normal 0.74353313 0.57091731 0.34815502
    outer loop
        vertex -42.680897 30.059029 106.32058
        vertex -47.801125 32.140625 113.84206
        vertex -46.732357 30.4375 114.3524
    endloop
endfacet
facet normal 0.78683078 0.1473725 0.59931517
    outer loop
        vertex -16.467464 55.135715 46.261814
        vertex -19.145052 54.915527 49.831318
        vertex -21.344456 52.794445 53.240456
    endloop
endfacet
facet normal 0.7882883 0.13731593 0.59978819
    outer loop
        vertex -16.467464 55.135715 46.261814
        vertex -22.063068 59.434322 52.631866
        vertex -19.145052 54.915527 49.831318
    endloop
endfacet
facet normal 0.71445668 0.07065623 0.69610298
    outer loop
        vertex -18.709894 69.383385 47.14205
        vertex -17.46118 73.86429 45.40559
        vertex -23.148819 69.565674 51.679512
    endloop
endfacet
facet normal 0.72943175 0.03171697 0.68331796
    outer loop
        vertex -14.864393 73.706795 42.93401
        vertex -16.195087 69.24922 44.56141
        vertex -12.60121 64.5 40.94544
    endloop
endfacet
facet normal 0.46765774 0.29697037 0.83252913
    outer loop
        vertex -29.632553 103.244225 49.984806
        vertex -49.24138 104.61701 60.510014
        vertex -41.300716 100.770256 57.421665
    endloop
endfacet
facet normal 0.43655631 0.42666823 0.7920686
    outer loop
        vertex -58.140526 104.358734 65.545044
        vertex -75.98986 104.61806 75.24319
        vertex -59.48925 101.40104 67.881645
    endloop
endfacet
facet normal 0.83641952 0.4266918 0.34400076
    outer loop
        vertex -31.831776 24.641268 88.89732
        vertex -34.003334 27.598959 90.50869
        vertex -39.444916 24.381945 107.72993
    endloop
endfacet
facet normal 0.88014817 0.2969875 0.37032089
    outer loop
        vertex -25.672077 28.229746 71.25357
        vertex -27.83719 24.382982 79.484436
        vertex -19.602705 25.755774 58.812447
    endloop
endfacet
facet normal 0.92738765 0.05486815 0.37005627
    outer loop
        vertex -13.573736 15.827238 46.07079
        vertex -12.092933 23.625 41.203617
        vertex -14.292672 21.614134 47.014473
    endloop
endfacet
facet normal 0.9500553 0.01417605 0.31175938
    outer loop
        vertex -13.573736 15.827238 46.07079
        vertex -11.904699 10 41.24954
        vertex -12.092933 23.625 41.203617
    endloop
endfacet
facet normal 0.94195586 0.13311872 0.30821839
    outer loop
        vertex -13.573736 15.827238 46.07079
        vertex -16.730759 15.198931 55.99043
        vertex -16.022543 12.764041 54.87765
    endloop
endfacet
facet normal 0.92258483 0.19071764 0.33535641
    outer loop
        vertex -15.9703665 19.705034 51.98093
        vertex -18.609701 20.291174 58.908554
        vertex -19.21605 17.691135 62.055298
    endloop
endfacet
facet normal 0.71112621 0.1331941 0.69033241
    outer loop
        vertex -18.709894 69.383385 47.14205
        vertex -23.148819 69.565674 51.679512
        vertex -22.280394 67.899994 51.106308
    endloop
endfacet
facet normal 0.68121982 0.14157875 0.71825838
    outer loop
        vertex -20.704716 74.08447 48.470726
        vertex -25.85977 74.562744 53.265675
        vertex -23.148819 69.565674 51.679512
    endloop
endfacet
facet normal 0.41747481 0.01415464 0.90857834
    outer loop
        vertex -17.677599 113.17276 42.56206
        vertex -12.992493 105.375 40.530823
        vertex -13.08973 119 40.36324
    endloop
endfacet
facet normal 0.44455343 0.0610671 0.89366829
    outer loop
        vertex -17.677599 113.17276 42.56206
        vertex -23.269577 109.29497 45.60876
        vertex -18.521029 107.385864 43.37706
    endloop
endfacet
facet normal 0.42661846 0.0917231 0.89976853
    outer loop
        vertex -23.269577 109.29497 45.60876
        vertex -17.677599 113.17276 42.56206
        vertex -32.915768 111.30887 49.97713
    endloop
endfacet
facet normal 0.37541541 0.05358071 0.92530662
    outer loop
        vertex -20.34664 117.596855 43.388763
        vertex -17.677599 113.17276 42.56206
        vertex -13.08973 119 40.36324
    endloop
endfacet
facet normal 0.78794754 0.13673639 0.60036814
    outer loop
        vertex -19.145052 54.915527 49.831318
        vertex -22.063068 59.434322 52.631866
        vertex -29.483784 55.527683 63.260868
    endloop
endfacet
facet normal 0.79597616 0.0140623 0.60516465
    outer loop
        vertex -12.60121 64.5 40.94544
        vertex -14.306248 55.2932 43.402023
        vertex -12.441188 50.875 41.051567
    endloop
endfacet
facet normal 0.54441464 0.41749144 0.72753948
    outer loop
        vertex -47.641376 87.945045 66.84211
        vertex -64.88898 88.25964 79.56789
        vertex -54.059727 85.14543 73.251465
    endloop
endfacet
facet normal 0.4715026 0.5698303 0.67303693
    outer loop
        vertex -64.97737 91.84812 77.18027
        vertex -79.121925 91.75 87.17245
        vertex -78.43503 90.046875 88.133194
    endloop
endfacet
facet normal 0.50069135 0.56978905 0.65165067
    outer loop
        vertex -71.37013 86.60325 85.71563
        vertex -77.734314 88.34375 89.08365
        vertex -77.01978 86.640625 90.02382
    endloop
endfacet
facet normal 0.51857787 0.40251955 0.75435734
    outer loop
        vertex -56.253376 93.59373 70.100655
        vertex -53.528614 91.74547 69.21375
        vertex -43.67758 92.812126 61.872566
    endloop
endfacet
facet normal 0.76260394 0.48444414 0.42865947
    outer loop
        vertex -42.63044 37.15188 97.0357
        vertex -45.01694 40.740356 97.225914
        vertex -51.990192 38.953125 111.65145
    endloop
endfacet
facet normal 0.79522759 0.43957776 0.41759363
    outer loop
        vertex -36.582867 35.406277 87.56206
        vertex -46.306515 35.503265 105.9768
        vertex -37.394882 32.976864 91.665695
    endloop
endfacet
facet normal 0.71002179 0.56976211 0.41381174
    outer loop
        vertex -45.01694 40.740356 97.225914
        vertex -53.015953 40.65625 111.06649
        vertex -51.990192 38.953125 111.65145
    endloop
endfacet
facet normal 0.72936916 0.53625959 0.42478982
    outer loop
        vertex -45.01694 40.740356 97.225914
        vertex -50.39282 42.396755 104.3653
        vertex -53.015953 40.65625 111.06649
    endloop
endfacet
facet normal 0.5900526 0.02042852 0.8071062
    outer loop
        vertex -17.786366 89.10971 44.338432
        vertex -12.87866 91.75 40.68372
        vertex -21.73866 89.2702 47.22378
    endloop
endfacet
facet normal 0.62691754 0.01390256 0.77896166
    outer loop
        vertex -17.097853 83.923744 44.219055
        vertex -12.748232 78.125 40.821922
        vertex -12.87866 91.75 40.68372
    endloop
endfacet
facet normal 0.62225282 0.13311514 0.77141547
    outer loop
        vertex -17.097853 83.923744 44.219055
        vertex -25.626394 83.25307 51.21423
        vertex -24.006636 80.85529 50.32143
    endloop
endfacet
facet normal 0.58921659 0.21321537 0.77933502
    outer loop
        vertex -22.74537 87.765915 48.182064
        vertex -29.397524 88.29469 53.06676
        vertex -36.697994 87.031555 58.93186
    endloop
endfacet
facet normal 0.84502065 0.01388411 0.53455353
    outer loop
        vertex -15.315855 45.07626 45.746445
        vertex -12.271763 37.25 41.137627
        vertex -12.441188 50.875 41.051567
    endloop
endfacet
facet normal 0.86156124 0.11564372 0.49430653
    outer loop
        vertex -15.350003 39.89029 46.43336
        vertex -18.608658 41.234085 51.798714
        vertex -17.768787 39.729797 50.686775
    endloop
endfacet
facet normal 0.85008442 0.14670929 0.50579929
    outer loop
        vertex -18.608658 41.234085 51.798714
        vertex -21.300577 45.746933 55.013985
        vertex -27.709314 41.96844 66.88096
    endloop
endfacet
facet normal 0.82713044 0.04361058 0.56031531
    outer loop
        vertex -20.60022 48.144707 53.308334
        vertex -15.315855 45.07626 45.746445
        vertex -12.441188 50.875 41.051567
    endloop
endfacet
facet normal 0.59706235 0.42428488 0.68080747
    outer loop
        vertex -51.14027 78.96994 74.4325
        vertex -54.293873 82.09896 75.24815
        vertex -66.83053 78.88194 88.24757
    endloop
endfacet
facet normal 0.64012015 0.23770379 0.73057723
    outer loop
        vertex -51.14027 78.96994 74.4325
        vertex -32.716652 75.928925 59.27946
        vertex -33.90819 81.18782 58.61241
    endloop
endfacet
facet normal 0.54108238 0.57153869 0.61690617
    outer loop
        vertex -66.83053 78.88194 88.24757
        vertex -73.239876 78.125 94.57042
        vertex -72.44245 76.421875 95.44888
    endloop
endfacet
facet normal 0.54673874 0.52028596 0.65603304
    outer loop
        vertex -66.83053 78.88194 88.24757
        vertex -54.293873 82.09896 75.24815
        vertex -74.79329 81.53125 92.78263
    endloop
endfacet
facet normal 0.79781991 0.30792159 0.51833171
    outer loop
        vertex -34.54065 49.346485 73.39073
        vertex -41.933254 46.901043 86.22223
        vertex -27.988304 45.660492 65.495026
    endloop
endfacet
facet normal 0.74407876 0.42426297 0.51608878
    outer loop
        vertex -41.48438 50.030056 83.00278
        vertex -53.432915 50.118053 100.15742
        vertex -41.933254 46.901043 86.22223
    endloop
endfacet
facet normal 0.67446101 0.5710938 0.46792534
    outer loop
        vertex -53.432915 50.118053 100.15742
        vertex -58.98992 50.875 107.24337
        vertex -58.015762 49.171875 107.91786
    endloop
endfacet
facet normal 0.67422622 0.57156289 0.46769103
    outer loop
        vertex -53.432915 50.118053 100.15742
        vertex -59.955482 52.578125 106.55395
        vertex -58.98992 50.875 107.24337
    endloop
endfacet
facet normal 0.75734323 0.57403046 0.31131986
    outer loop
        vertex -39.444916 24.381945 107.72993
        vertex -42.37128 23.625 116.24455
        vertex -41.25951 21.921875 116.68029
    endloop
endfacet
facet normal 0.78028905 0.52224022 0.34411353
    outer loop
        vertex -39.444916 24.381945 107.72993
        vertex -34.003334 27.598959 90.50869
        vertex -44.569023 27.03125 115.32832
    endloop
endfacet
facet normal 0.39528996 0.57329428 0.71769047
    outer loop
        vertex -75.98986 104.61806 75.24319
        vertex -84.11971 105.375 79.1163
        vertex -83.54335 103.671875 80.15932
    endloop
endfacet
facet normal 0.39511675 0.57405412 0.71717829
    outer loop
        vertex -75.98986 104.61806 75.24319
        vertex -84.682274 107.078125 78.062996
        vertex -84.11971 105.375 79.1163
    endloop
endfacet
facet normal 0.68664324 0.30421308 0.66028434
    outer loop
        vertex -39.06025 66.65327 69.47044
        vertex -31.533058 69.63429 60.269314
        vertex -49.90755 68.47396 79.91193
    endloop
endfacet
facet normal 0.70523787 0.24231708 0.66627473
    outer loop
        vertex -32.13754 66.774284 61.9493
        vertex -22.280394 67.899994 51.106308
        vertex -31.533058 69.63429 60.269314
    endloop
endfacet
facet normal 0.70988023 0.13202655 0.69183737
    outer loop
        vertex -22.280394 67.899994 51.106308
        vertex -23.148819 69.565674 51.679512
        vertex -31.533058 69.63429 60.269314
    endloop
endfacet
facet normal 0.72883713 0.03075057 0.68399626
    outer loop
        vertex -22.280394 67.899994 51.106308
        vertex -12.60121 64.5 40.94544
        vertex -16.195087 69.24922 44.56141
    endloop
endfacet
facet normal 0.47986415 0.04222688 0.87632596
    outer loop
        vertex -16.422768 102.50247 42.54761
        vertex -15.96784 98.00648 42.515144
        vertex -12.992493 105.375 40.530823
    endloop
endfacet
facet normal 0.53730553 0.07908794 0.83967119
    outer loop
        vertex -15.96784 98.00648 42.515144
        vertex -25.6815 96.16318 48.904533
        vertex -20.779306 93.960526 45.975086
    endloop
endfacet
facet normal 0.89514142 0.07910813 0.43870693
    outer loop
        vertex -18.984186 32.83683 54.780006
        vertex -13.734544 30.99352 44.400978
        vertex -16.631416 35.03948 49.58221
    endloop
endfacet
facet normal 0.8840766 0.03632656 0.46592802
    outer loop
        vertex -16.631416 35.03948 49.58221
        vertex -13.734544 30.99352 44.400978
        vertex -12.271763 37.25 41.137627
    endloop
endfacet
facet normal 0.70728451 0.41858277 0.56968158
    outer loop
        vertex -43.928017 56.84256 81.20772
        vertex -47.083637 60.526043 82.41906
        vertex -53.361343 58.801888 91.47996
    endloop
endfacet
facet normal 0.78179896 0.19242465 0.59309626
    outer loop
        vertex -19.145052 54.915527 49.831318
        vertex -29.483784 55.527683 63.260868
        vertex -23.324366 54.43726 55.495514
    endloop
endfacet
facet normal 0.65887898 0.57281214 0.48761141
    outer loop
        vertex -52.90222 53.747288 95.65316
        vertex -61.8608 55.984375 105.130356
        vertex -60.91244 54.28125 105.84961
    endloop
endfacet
facet normal 0.6863085 0.49094063 0.5366171
    outer loop
        vertex -56.84278 56.930557 97.6446
        vertex -43.928017 56.84256 81.20772
        vertex -53.361343 58.801888 91.47996
    endloop
endfacet
facet normal 0.65239882 0.41409966 0.63474196
    outer loop
        vertex -49.067825 72.15744 76.645775
        vertex -49.90755 68.47396 79.91193
        vertex -31.533058 69.63429 60.269314
    endloop
endfacet
facet normal 0.61092645 0.49092487 0.62109709
    outer loop
        vertex -49.067825 72.15744 76.645775
        vertex -63.935482 72.06944 91.33952
        vertex -58.201763 70.19811 87.178825
    endloop
endfacet
facet normal 0.57473177 0.57357872 0.58368731
    outer loop
        vertex -63.935482 72.06944 91.33952
        vertex -70.80614 73.015625 97.174965
        vertex -69.967255 71.3125 98.02258
    endloop
endfacet
facet normal 0.59473825 0.5158326 0.61660624
    outer loop
        vertex -63.935482 72.06944 91.33952
        vertex -62.408897 75.25271 87.20406
        vertex -70.80614 73.015625 97.174965
    endloop
endfacet
facet normal 0.3786943 0.42181453 0.82381016
    outer loop
        vertex -59.562584 111.171234 62.80444
        vertex -56.11351 112.73145 60.42007
        vertex -72.08828 113.30189 67.471375
    endloop
endfacet
facet normal 0.39554623 0.24205062 0.88597673
    outer loop
        vertex -38.042263 115.90681 51.16896
        vertex -48.833405 114.397675 56.398987
        vertex -38.221188 113.694374 51.853283
    endloop
endfacet
facet normal 0.37257633 0.57586342 0.72771436
    outer loop
        vertex -73.67966 108.19018 71.55308
        vertex -85.76592 110.484375 75.92555
        vertex -85.231 108.78125 76.99942
    endloop
endfacet
facet normal 0.37620869 0.49209878 0.78505141
    outer loop
        vertex -77.94386 111.43056 71.45048
        vertex -59.562584 111.171234 62.80444
        vertex -72.08828 113.30189 67.471375
    endloop
endfacet
facet normal 0.89484262 0.33350775 0.29669726
    outer loop
        vertex -25.238825 18.173092 78.94458
        vertex -26.962332 16.26855 86.28353
        vertex -23.790707 14.602325 78.59082
    endloop
endfacet
facet normal 0.82262868 0.49208379 0.28484291
    outer loop
        vertex -28.941805 17.828768 89.98417
        vertex -35.449375 17.569445 109.22608
        vertex -32.157864 15.698109 102.95302
    endloop
endfacet
facet normal 0.77223939 0.57689917 0.26614591
    outer loop
        vertex -35.449375 17.569445 109.22608
        vertex -39.010162 18.515625 117.50699
        vertex -37.87259 16.8125 117.89795
    endloop
endfacet
facet normal 0.80500501 0.51933157 0.28681284
    outer loop
        vertex -35.449375 17.569445 109.22608
        vertex -36.037136 20.80982 105.00842
        vertex -39.010162 18.515625 117.50699
    endloop
endfacet
facet normal 0.74469125 0.22493212 0.62836325
    outer loop
        vertex -22.73561 61.567333 52.95559
        vertex -37.008427 61.015903 70.06811
        vertex -29.647526 59.365704 61.935207
    endloop
endfacet
facet normal 0.62563568 0.50555569 0.59413248
    outer loop
        vertex -59.05994 65.76157 91.85762
        vertex -49.90755 68.47396 79.91193
        vertex -58.201763 70.19811 87.178825
    endloop
endfacet
facet normal 0.93012685 0.11956045 0.34723112
    outer loop
        vertex -18.609701 20.291174 58.908554
        vertex -15.649473 21.20707 50.663635
        vertex -16.434624 22.858992 52.198017
    endloop
endfacet
facet normal 0.8809911 0.17725015 0.43867645
    outer loop
        vertex -18.984186 32.83683 54.780006
        vertex -23.807291 32.981674 64.40769
        vertex -20.218473 28.278807 59.100517
    endloop
endfacet
facet normal 0.53566247 0.17729743 0.82560968
    outer loop
        vertex -25.6815 96.16318 48.904533
        vertex -29.843708 100.7212 50.626186
        vertex -34.700447 96.018326 54.78721
    endloop
endfacet
facet normal 0.47273904 0.05485589 0.87949342
    outer loop
        vertex -18.521029 107.385864 43.37706
        vertex -23.42583 106.14101 46.0911
        vertex -12.992493 105.375 40.530823
    endloop
endfacet
facet normal 0.91509736 0.24626136 0.31929943
    outer loop
        vertex -25.238825 18.173092 78.94458
        vertex -19.21605 17.691135 62.055298
        vertex -22.072727 19.533329 68.8216
    endloop
endfacet
facet normal 0.94231004 0.09173913 0.32192516
    outer loop
        vertex -15.9703665 19.705034 51.98093
        vertex -19.21605 17.691135 62.055298
        vertex -13.573736 15.827238 46.07079
    endloop
endfacet
facet normal 0.92375952 0.24106418 0.29758424
    outer loop
        vertex -16.730759 15.198931 55.99043
        vertex -20.47716 15.305619 67.53356
        vertex -19.81588 13.093193 67.27304
    endloop
endfacet
facet normal 0.88465285 0.3372044 0.32199767
    outer loop
        vertex -25.238825 18.173092 78.94458
        vertex -22.072727 19.533329 68.8216
        vertex -26.555983 21.384884 79.19985
    endloop
endfacet
facet normal 0.460536 0.15783192 0.87349623
    outer loop
        vertex -23.42583 106.14101 46.0911
        vertex -29.85228 108.70883 49.015354
        vertex -38.66503 107.0571 53.96018
    endloop
endfacet
facet normal 0.42052937 0.24914095 0.8724013
    outer loop
        vertex -32.915768 111.30887 49.97713
        vertex -38.221188 113.694374 51.853283
        vertex -49.012863 110.82691 57.874157
    endloop
endfacet
facet normal 0.4209252 0.24624744 0.87303162
    outer loop
        vertex -39.310795 109.466675 53.58005
        vertex -32.915768 111.30887 49.97713
        vertex -49.012863 110.82691 57.874157
    endloop
endfacet
facet normal 0.41247937 0.18023059 0.89296007
    outer loop
        vertex -27.177086 113.80107 46.823284
        vertex -32.915768 111.30887 49.97713
        vertex -17.677599 113.17276 42.56206
    endloop
endfacet
facet normal 0.59886098 0.14667301 0.7873072
    outer loop
        vertex -25.626394 83.25307 51.21423
        vertex -22.74537 87.765915 48.182064
        vertex -36.697994 87.031555 58.93186
    endloop
endfacet
facet normal 0.62386692 0.12054403 0.77217817
    outer loop
        vertex -22.74537 87.765915 48.182064
        vertex -25.626394 83.25307 51.21423
        vertex -17.097853 83.923744 44.219055
    endloop
endfacet
facet normal 0.61290634 0.23952776 0.75297552
    outer loop
        vertex -25.626394 83.25307 51.21423
        vertex -35.282402 83.33951 59.04652
        vertex -33.90819 81.18782 58.61241
    endloop
endfacet
facet normal 0.59979439 0.25353986 0.75892311
    outer loop
        vertex -35.282402 83.33951 59.04652
        vertex -36.697994 87.031555 58.93186
        vertex -43.146347 85.077675 64.68089
    endloop
endfacet
facet normal 0.85091704 0.20370091 0.48419628
    outer loop
        vertex -24.125689 37.576546 62.768795
        vertex -22.707575 40.70531 58.96036
        vertex -28.53023 39.20544 69.823975
    endloop
endfacet
facet normal 0.81368715 0.25718001 0.52131742
    outer loop
        vertex -21.300577 45.746933 55.013985
        vertex -27.988304 45.660492 65.495026
        vertex -27.709314 41.96844 66.88096
    endloop
endfacet
facet normal 0.8219949 0.25353828 0.50994384
    outer loop
        vertex -27.709314 41.96844 66.88096
        vertex -27.988304 45.660492 65.495026
        vertex -32.693184 43.922325 73.94317
    endloop
endfacet
facet normal 0.83789217 0.12050808 0.53236675
    outer loop
        vertex -21.300577 45.746933 55.013985
        vertex -18.608658 41.234085 51.798714
        vertex -15.315855 45.07626 45.746445
    endloop
endfacet
facet normal 0.79160231 0.13646036 0.59560418
    outer loop
        vertex -19.145052 54.915527 49.831318
        vertex -23.324366 54.43726 55.495514
        vertex -21.344456 52.794445 53.240456
    endloop
endfacet
facet normal 0.75075442 0.24405307 0.61384517
    outer loop
        vertex -22.063068 59.434322 52.631866
        vertex -29.647526 59.365704 61.935207
        vertex -29.483784 55.527683 63.260868
    endloop
endfacet
facet normal 0.7064898 0.16480796 0.68826622
    outer loop
        vertex -23.148819 69.565674 51.679512
        vertex -25.85977 74.562744 53.265675
        vertex -31.533058 69.63429 60.269314
    endloop
endfacet
facet normal 0.67175394 0.05191024 0.73895323
    outer loop
        vertex -23.846462 76.20556 51.045734
        vertex -17.46118 73.86429 45.40559
        vertex -12.748232 78.125 40.821922
    endloop
endfacet
facet normal 0.66687602 0.23651545 0.70663762
    outer loop
        vertex -25.85977 74.562744 53.265675
        vertex -32.716652 75.928925 59.27946
        vertex -31.533058 69.63429 60.269314
    endloop
endfacet
facet normal 0.65796572 0.136374 0.74059653
    outer loop
        vertex -27.93296 78.14916 54.30799
        vertex -12.748232 78.125 40.821922
        vertex -24.006636 80.85529 50.32143
    endloop
endfacet
facet normal 0.79417539 0.1942309 0.5758124
    outer loop
        vertex -24.119963 50.850838 57.666435
        vertex -28.52057 53.071075 62.986946
        vertex -34.737095 52.74941 71.66944
    endloop
endfacet
facet normal 0.75267625 0.24340923 0.61174387
    outer loop
        vertex -29.483784 55.527683 63.260868
        vertex -29.647526 59.365704 61.935207
        vertex -36.934658 59.074722 71.016914
    endloop
endfacet
facet normal 0.73936749 0.13134487 0.66036689
    outer loop
        vertex -12.60121 64.5 40.94544
        vertex -22.280394 67.899994 51.106308
        vertex -20.691872 64.15264 50.073086
    endloop
endfacet
facet normal 0.73613763 0.3979556 0.54747838
    outer loop
        vertex -52.90222 53.747288 95.65316
        vertex -41.48438 50.030056 83.00278
        vertex -38.65208 54.835 75.70182
    endloop
endfacet
facet normal 0.68110561 0.23700935 0.69276381
    outer loop
        vertex -31.533058 69.63429 60.269314
        vertex -32.716652 75.928925 59.27946
        vertex -49.067825 72.15744 76.645775
    endloop
endfacet
facet normal 0.68460119 0.1474019 0.71385843
    outer loop
        vertex -23.846462 76.20556 51.045734
        vertex -20.704716 74.08447 48.470726
        vertex -17.46118 73.86429 45.40559
    endloop
endfacet
facet normal 0.37472671 0.17196423 0.91104788
    outer loop
        vertex -25.86244 117.42785 45.69637
        vertex -31.875614 119 47.87292
        vertex -38.23042 118.084335 50.659576
    endloop
endfacet
facet normal 0.40032744 0.24108087 0.88409162
    outer loop
        vertex -38.042263 115.90681 51.16896
        vertex -38.221188 113.694374 51.853283
        vertex -27.177086 113.80107 46.823284
    endloop
endfacet
facet normal 0.39617652 0.33350274 0.85546494
    outer loop
        vertex -49.012863 110.82691 57.874157
        vertex -48.833405 114.397675 56.398987
        vertex -56.11351 112.73145 60.42007
    endloop
endfacet
facet normal 0.96137017 0.08217926 0.26270509
    outer loop
        vertex -14.089493 11.403146 48.805866
        vertex -17.237598 10 60.7653
        vertex -11.904699 10 41.24954
    endloop
endfacet
facet normal 0.89654106 0.33486336 0.28996682
    outer loop
        vertex -23.790707 14.602325 78.59082
        vertex -20.47716 15.305619 67.53356
        vertex -25.238825 18.173092 78.94458
    endloop
endfacet
facet normal 0.94763839 0.17196156 0.26909214
    outer loop
        vertex -15.757418 11.57215 54.548004
        vertex -19.28693 10.9156685 67.3971
        vertex -17.237598 10 60.7653
    endloop
endfacet
facet normal 0.81749803 0.18483511 0.54546583
    outer loop
        vertex -24.119963 50.850838 57.666435
        vertex -27.715525 47.81218 64.08483
        vertex -20.60022 48.144707 53.308334
    endloop
endfacet
facet normal 0.68002087 0.51583117 0.52104676
    outer loop
        vertex -61.8608 55.984375 105.130356
        vertex -52.90222 53.747288 95.65316
        vertex -56.84278 56.930557 97.6446
    endloop
endfacet
facet normal 0.8175649 0.23954596 0.52364624
    outer loop
        vertex -27.715525 47.81218 64.08483
        vertex -27.988304 45.660492 65.495026
        vertex -21.300577 45.746933 55.013985
    endloop
endfacet
facet normal 0.79924762 0.25527057 0.54409575
    outer loop
        vertex -27.715525 47.81218 64.08483
        vertex -34.54065 49.346485 73.39073
        vertex -27.988304 45.660492 65.495026
    endloop
endfacet
facet normal 0.58751285 0.4103159 0.69747376
    outer loop
        vertex -51.14027 78.96994 74.4325
        vertex -33.90819 81.18782 58.61241
        vertex -54.293873 82.09896 75.24815
    endloop
endfacet
facet normal 0.63457894 0.18480384 0.75043792
    outer loop
        vertex -33.90819 81.18782 58.61241
        vertex -27.93296 78.14916 54.30799
        vertex -24.006636 80.85529 50.32143
    endloop
endfacet
facet normal 0.61950141 0.24520442 0.74571621
    outer loop
        vertex -33.90819 81.18782 58.61241
        vertex -35.282402 83.33951 59.04652
        vertex -54.293873 82.09896 75.24815
    endloop
endfacet
facet normal 0.64451486 0.23818804 0.72654456
    outer loop
        vertex -33.90819 81.18782 58.61241
        vertex -32.716652 75.928925 59.27946
        vertex -27.93296 78.14916 54.30799
    endloop
endfacet
facet normal 0.57464838 0.1246314 0.80885482
    outer loop
        vertex -33.026855 91.423454 54.911663
        vertex -21.73866 89.2702 47.22378
        vertex -26.317657 92.41021 49.99309
    endloop
endfacet
facet normal 0.49755305 0.22692972 0.83722389
    outer loop
        vertex -29.843708 100.7212 50.626186
        vertex -41.300716 100.770256 57.421665
        vertex -34.700447 96.018326 54.78721
    endloop
endfacet
facet normal 0.88819629 0.22697192 0.3994886
    outer loop
        vertex -20.218473 28.278807 59.100517
        vertex -23.807291 32.981674 64.40769
        vertex -25.672077 28.229746 71.25357
    endloop
endfacet
facet normal 0.89981741 0.14601752 0.41110522
    outer loop
        vertex -18.984186 32.83683 54.780006
        vertex -20.218473 28.278807 59.100517
        vertex -14.991089 29.233034 47.320015
    endloop
endfacet
facet normal 0.45972601 0.18303582 0.86899358
    outer loop
        vertex -23.42583 106.14101 46.0911
        vertex -38.66503 107.0571 53.96018
        vertex -29.632553 103.244225 49.984806
    endloop
endfacet
facet normal 0.38967866 0.33484429 0.85792184
    outer loop
        vertex -49.012863 110.82691 57.874157
        vertex -38.221188 113.694374 51.853283
        vertex -48.833405 114.397675 56.398987
    endloop
endfacet
facet normal 0.9144358 0.24911343 0.31898218
    outer loop
        vertex -25.238825 18.173092 78.94458
        vertex -20.47716 15.305619 67.53356
        vertex -19.21605 17.691135 62.055298
    endloop
endfacet
facet normal 0.92739248 0.05483988 0.37004831
    outer loop
        vertex -12.092933 23.625 41.203617
        vertex -16.434624 22.858992 52.198017
        vertex -14.292672 21.614134 47.014473
    endloop
endfacet
facet normal 0.8613404 0.33409664 0.38271675
    outer loop
        vertex -27.83719 24.382982 79.484436
        vertex -25.672077 28.229746 71.25357
        vertex -29.442919 26.56478 81.19366
    endloop
endfacet
facet normal 0.85725415 0.28314492 0.43005142
    outer loop
        vertex -23.807291 32.981674 64.40769
        vertex -32.447147 33.46528 81.31177
        vertex -25.672077 28.229746 71.25357
    endloop
endfacet
facet normal 0.52439988 0.28319359 0.8029983
    outer loop
        vertex -34.700447 96.018326 54.78721
        vertex -41.300716 100.770256 57.421665
        vertex -50.51581 95.53472 65.28602
    endloop
endfacet
facet normal 0.51040703 0.14598529 0.84745079
    outer loop
        vertex -29.843708 100.7212 50.626186
        vertex -25.6815 96.16318 48.904533
        vertex -18.729342 99.76696 44.09655
    endloop
endfacet
facet normal 0.86875492 0.12463219 0.47930342
    outer loop
        vertex -19.997805 36.589794 55.543438
        vertex -17.768787 39.729797 50.686775
        vertex -24.125689 37.576546 62.768795
    endloop
endfacet
facet normal 0.78847325 0.34398758 0.50988477
    outer loop
        vertex -27.988304 45.660492 65.495026
        vertex -41.933254 46.901043 86.22223
        vertex -32.693184 43.922325 73.94317
    endloop
endfacet
facet normal 0.8593781 0.23107171 0.45615265
    outer loop
        vertex -23.647572 35.00798 63.080326
        vertex -29.833462 36.187874 74.136665
        vertex -23.807291 32.981674 64.40769
    endloop
endfacet
facet normal 0.70778596 0.5529142 0.43968731
    outer loop
        vertex -50.39282 42.396755 104.3653
        vertex -39.972 43.854576 85.75717
        vertex -56.04164 45.765625 109.22208
    endloop
endfacet
facet normal 0.849231 0.41900402 0.32131353
    outer loop
        vertex -31.831776 24.641268 88.89732
        vertex -36.037136 20.80982 105.00842
        vertex -26.555983 21.384884 79.19985
    endloop
endfacet
facet normal 0.91411108 0.10625193 0.39129445
    outer loop
        vertex -19.602705 25.755774 58.812447
        vertex -16.434624 22.858992 52.198017
        vertex -13.710765 26.497528 44.84675
    endloop
endfacet
facet normal 0.84838873 0.36940357 0.37918016
    outer loop
        vertex -25.672077 28.229746 71.25357
        vertex -32.447147 33.46528 81.31177
        vertex -34.003334 27.598959 90.50869
    endloop
endfacet
facet normal 0.85106558 0.20344633 0.48404244
    outer loop
        vertex -17.768787 39.729797 50.686775
        vertex -22.707575 40.70531 58.96036
        vertex -24.125689 37.576546 62.768795
    endloop
endfacet
facet normal 0.92508835 0.24204603 0.29261804
    outer loop
        vertex -20.47716 15.305619 67.53356
        vertex -23.790707 14.602325 78.59082
        vertex -19.81588 13.093193 67.27304
    endloop
endfacet
facet normal 0.73500329 0.57053566 0.36641389
    outer loop
        vertex -47.801125 32.140625 113.84206
        vertex -37.394882 32.976864 91.665695
        vertex -48.861294 33.84375 113.31679
    endloop
endfacet
facet normal 0.59593046 0.34400442 0.72562242
    outer loop
        vertex -35.282402 83.33951 59.04652
        vertex -43.146347 85.077675 64.68089
        vertex -54.293873 82.09896 75.24815
    endloop
endfacet
facet normal 0.57024461 0.08141846 0.8174302
    outer loop
        vertex -20.779306 93.960526 45.975086
        vertex -26.317657 92.41021 49.99309
        vertex -12.87866 91.75 40.68372
    endloop
endfacet
facet normal 0.50499821 0.43959716 0.74278605
    outer loop
        vertex -73.44767 93.496735 81.847946
        vertex -56.253376 93.59373 70.100655
        vertex -60.243477 96.02314 71.375626
    endloop
endfacet
facet normal 0.57748783 0.20371 0.79057574
    outer loop
        vertex -33.026855 91.423454 54.911663
        vertex -39.53438 89.79456 60.084904
        vertex -29.397524 88.29469 53.06676
    endloop
endfacet
facet normal 0.5029853 0.17316279 0.84677058
    outer loop
        vertex -29.632553 103.244225 49.984806
        vertex -41.300716 100.770256 57.421665
        vertex -29.843708 100.7212 50.626186
    endloop
endfacet
facet normal 0.37617561 0.5193274 0.76732719
    outer loop
        vertex -85.76592 110.484375 75.92555
        vertex -73.67966 108.19018 71.55308
        vertex -77.94386 111.43056 71.45048
    endloop
endfacet
facet normal 0.49594602 0.42310712 0.75829935
    outer loop
        vertex -60.243477 96.02314 71.375626
        vertex -50.51581 95.53472 65.28602
        vertex -59.48925 101.40104 67.881645
    endloop
endfacet
facet normal 0.47286722 0.36936238 0.79997993
    outer loop
        vertex -41.300716 100.770256 57.421665
        vertex -59.48925 101.40104 67.881645
        vertex -50.51581 95.53472 65.28602
    endloop
endfacet
facet normal 0.47099379 0.43319705 0.76844335
    outer loop
        vertex -60.243477 96.02314 71.375626
        vertex -59.48925 101.40104 67.881645
        vertex -74.21106 98.94097 78.29175
    endloop
endfacet
facet normal 0.49234256 0.10628755 0.86388767
    outer loop
        vertex -16.422768 102.50247 42.54761
        vertex -23.42583 106.14101 46.0911
        vertex -29.632553 103.244225 49.984806
    endloop
endfacet
facet normal 0.7040813 0.56998992 0.42353404
    outer loop
        vertex -50.39282 42.396755 104.3653
        vertex -56.04164 45.765625 109.22208
        vertex -55.041683 44.0625 109.85181
    endloop
endfacet
facet normal 0.77530569 0.32014623 0.54443318
    outer loop
        vertex -34.737095 52.74941 71.66944
        vertex -34.54065 49.346485 73.39073
        vertex -24.119963 50.850838 57.666435
    endloop
endfacet
facet normal 0.52475172 0.5703305 0.63194847
    outer loop
        vertex -54.293873 82.09896 75.24815
        vertex -75.54927 83.234375 91.873314
        vertex -74.79329 81.53125 92.78263
    endloop
endfacet
facet normal 0.57348961 0.41777661 0.70467895
    outer loop
        vertex -54.293873 82.09896 75.24815
        vertex -54.059727 85.14543 73.251465
        vertex -75.54927 83.234375 91.873314
    endloop
endfacet
facet normal 0.42995429 0.57139957 0.69902915
    outer loop
        vertex -74.21106 98.94097 78.29175
        vertex -82.34917 100.265625 82.214485
        vertex -81.731346 98.5625 83.22665
    endloop
endfacet
facet normal 0.40469983 0.19791143 0.89277613
    outer loop
        vertex -32.915768 111.30887 49.97713
        vertex -27.177086 113.80107 46.823284
        vertex -38.221188 113.694374 51.853283
    endloop
endfacet
facet normal 0.77365249 0.5336718 0.34154984
    outer loop
        vertex -34.003334 27.598959 90.50869
        vertex -42.680897 30.059029 106.32058
        vertex -44.569023 27.03125 115.32832
    endloop
endfacet
facet normal 0.74290448 0.57186443 0.34794244
    outer loop
        vertex -44.569023 27.03125 115.32832
        vertex -42.680897 30.059029 106.32058
        vertex -45.65499 28.734375 114.847824
    endloop
endfacet
facet normal 0.6446746 0.57435912 0.50448602
    outer loop
        vertex -56.84278 56.930557 97.6446
        vertex -63.731716 59.390625 103.647064
        vertex -62.800556 57.6875 104.396164
    endloop
endfacet
facet normal 0.69425869 0.35429475 0.62648219
    outer loop
        vertex -39.06025 66.65327 69.47044
        vertex -50.387165 64.74161 83.103874
        vertex -42.03231 62.788567 74.949646
    endloop
endfacet
facet normal 0.62476361 0.50615454 0.5945403
    outer loop
        vertex -59.05994 65.76157 91.85762
        vertex -58.201763 70.19811 87.178825
        vertex -68.24805 67.90625 99.68696
    endloop
endfacet
facet normal 0.64615184 0.41857722 0.63818562
    outer loop
        vertex -49.90755 68.47396 79.91193
        vertex -49.067825 72.15744 76.645775
        vertex -58.201763 70.19811 87.178825
    endloop
endfacet
facet normal 0.35172307 0.57796216 0.73637658
    outer loop
        vertex -77.94386 111.43056 71.45048
        vertex -86.794304 113.890625 73.74696
        vertex -86.28702 112.1875 74.8414
    endloop
endfacet
facet normal 0.36467221 0.33257154 0.86971861
    outer loop
        vertex -57.508915 117.091286 59.00661
        vertex -48.833405 114.397675 56.398987
        vertex -38.248177 117.047585 50.94731
    endloop
endfacet
facet normal 0.81667089 0.51842493 0.25354347
    outer loop
        vertex -32.026115 11.892362 110.31033
        vertex -32.157864 15.698109 102.95302
        vertex -35.571644 13.40625 118.63511
    endloop
endfacet
facet normal 0.86043656 0.42395332 0.28268811
    outer loop
        vertex -27.95854 13.973959 92.757
        vertex -26.962332 16.26855 86.28353
        vertex -32.157864 15.698109 102.95302
    endloop
endfacet
facet normal 0.90542608 0.33259946 0.26378277
    outer loop
        vertex -19.571516 11.952412 67.449814
        vertex -23.790707 14.602325 78.59082
        vertex -25.396662 11.908714 87.49954
    endloop
endfacet
facet normal 0.86313456 0.44650674 0.23586114
    outer loop
        vertex -27.268805 11.2826 95.04646
        vertex -33.23629 10 119.31258
        vertex -22.570494 10 80.28106
    endloop
endfacet
facet normal 0.78193551 0.58036846 0.22748499
    outer loop
        vertex -35.571644 13.40625 118.63511
        vertex -34.408268 11.703125 118.98131
        vertex -32.026115 11.892362 110.31033
    endloop
endfacet
facet normal 0.92005312 0.15781459 0.35860404
    outer loop
        vertex -16.434624 22.858992 52.198017
        vertex -22.525629 21.9429 68.22857
        vertex -18.609701 20.291174 58.908554
    endloop
endfacet
facet normal 0.79498088 0.56325674 0.22527176
    outer loop
        vertex -33.23629 10 119.31258
        vertex -27.268805 11.2826 95.04646
        vertex -32.026115 11.892362 110.31033
    endloop
endfacet
facet normal 0.7714991 0.57794213 0.2660301
    outer loop
        vertex -35.449375 17.569445 109.22608
        vertex -37.87259 16.8125 117.89795
        vertex -36.726418 15.109375 118.27399
    endloop
endfacet
facet normal 0.79572982 0.50870693 0.32868117
    outer loop
        vertex -36.037136 20.80982 105.00842
        vertex -31.831776 24.641268 88.89732
        vertex -39.444916 24.381945 107.72993
    endloop
endfacet
facet normal 0.76525277 0.57584655 0.28773072
    outer loop
        vertex -39.010162 18.515625 117.50699
        vertex -36.037136 20.80982 105.00842
        vertex -40.139137 20.21875 117.1011
    endloop
endfacet
facet normal 0.81097275 0.51308751 0.28118396
    outer loop
        vertex -35.449375 17.569445 109.22608
        vertex -28.941805 17.828768 89.98417
        vertex -36.037136 20.80982 105.00842
    endloop
endfacet
facet normal 0.76586753 0.57494634 0.28789523
    outer loop
        vertex -40.139137 20.21875 117.1011
        vertex -36.037136 20.80982 105.00842
        vertex -41.25951 21.921875 116.68029
    endloop
endfacet
facet normal 0.75785607 0.57329321 0.31143054
    outer loop
        vertex -39.444916 24.381945 107.72993
        vertex -43.47445 25.328125 115.7939
        vertex -42.37128 23.625 116.24455
    endloop
endfacet
facet normal 0.75828785 0.57255763 0.31173262
    outer loop
        vertex -39.444916 24.381945 107.72993
        vertex -44.569023 27.03125 115.32832
        vertex -43.47445 25.328125 115.7939
    endloop
endfacet
facet normal 0.87351072 0.11248288 0.4736312
    outer loop
        vertex -19.997805 36.589794 55.543438
        vertex -12.271763 37.25 41.137627
        vertex -17.768787 39.729797 50.686775
    endloop
endfacet
facet normal 0.80992383 0.14029767 0.56950843
    outer loop
        vertex -24.119963 50.850838 57.666435
        vertex -12.441188 50.875 41.051567
        vertex -21.344456 52.794445 53.240456
    endloop
endfacet
facet normal 0.81685799 0.43320194 0.38089249
    outer loop
        vertex -34.003334 27.598959 90.50869
        vertex -37.394882 32.976864 91.665695
        vertex -42.680897 30.059029 106.32058
    endloop
endfacet
facet normal 0.76764435 0.51629573 0.37968534
    outer loop
        vertex -42.680897 30.059029 106.32058
        vertex -37.394882 32.976864 91.665695
        vertex -47.801125 32.140625 113.84206
    endloop
endfacet
facet normal 0.76302606 0.52048445 0.38325873
    outer loop
        vertex -37.394882 32.976864 91.665695
        vertex -46.306515 35.503265 105.9768
        vertex -48.861294 33.84375 113.31679
    endloop
endfacet
facet normal 0.76672596 0.48778391 0.4173705
    outer loop
        vertex -36.01248 37.25453 84.75828
        vertex -45.01694 40.740356 97.225914
        vertex -42.63044 37.15188 97.0357
    endloop
endfacet
facet normal 0.7221182 0.56984001 0.3922087
    outer loop
        vertex -50.955826 37.25 112.22149
        vertex -42.63044 37.15188 97.0357
        vertex -51.990192 38.953125 111.65145
    endloop
endfacet
facet normal 0.7273894 0.56998813 0.38212329
    outer loop
        vertex -50.955826 37.25 112.22149
        vertex -49.91286 35.546875 112.776596
        vertex -46.306515 35.503265 105.9768
    endloop
endfacet
facet normal 0.79532641 0.35404456 0.49204502
    outer loop
        vertex -34.327625 41.054955 78.64821
        vertex -32.693184 43.922325 73.94317
        vertex -39.972 43.854576 85.75717
    endloop
endfacet
facet normal 0.76616806 0.14661352 0.62569237
    outer loop
        vertex -29.647526 59.365704 61.935207
        vertex -22.063068 59.434322 52.631866
        vertex -22.73561 61.567333 52.95559
    endloop
endfacet
facet normal 0.75438416 0.46907005 0.4592143
    outer loop
        vertex -50.39282 42.396755 104.3653
        vertex -45.01694 40.740356 97.225914
        vertex -39.972 43.854576 85.75717
    endloop
endfacet
facet normal 0.68733442 0.57032835 0.4497743
    outer loop
        vertex -41.933254 46.901043 86.22223
        vertex -57.033 47.46875 108.57743
        vertex -56.04164 45.765625 109.22208
    endloop
endfacet
facet normal 0.71374243 0.52030915 0.46888176
    outer loop
        vertex -41.933254 46.901043 86.22223
        vertex -53.432915 50.118053 100.15742
        vertex -57.033 47.46875 108.57743
    endloop
endfacet
facet normal 0.6747694 0.57062685 0.46805054
    outer loop
        vertex -57.033 47.46875 108.57743
        vertex -53.432915 50.118053 100.15742
        vertex -58.015762 49.171875 107.91786
    endloop
endfacet
facet normal 0.74986702 0.41911948 0.51189685
    outer loop
        vertex -41.48438 50.030056 83.00278
        vertex -41.933254 46.901043 86.22223
        vertex -34.54065 49.346485 73.39073
    endloop
endfacet
facet normal 0.67855269 0.50814283 0.53043109
    outer loop
        vertex -56.84278 56.930557 97.6446
        vertex -52.90222 53.747288 95.65316
        vertex -43.928017 56.84256 81.20772
    endloop
endfacet
facet normal 0.75456983 0.37425724 0.53903228
    outer loop
        vertex -34.737095 52.74941 71.66944
        vertex -38.65208 54.835 75.70182
        vertex -41.48438 50.030056 83.00278
    endloop
endfacet
facet normal 0.756791 0.14177439 0.63809657
    outer loop
        vertex -22.73561 61.567333 52.95559
        vertex -22.063068 59.434322 52.631866
        vertex -17.661404 61.183647 47.022762
    endloop
endfacet
facet normal 0.6450448 0.57357931 0.50490004
    outer loop
        vertex -61.8608 55.984375 105.130356
        vertex -56.84278 56.930557 97.6446
        vertex -62.800556 57.6875 104.396164
    endloop
endfacet
facet normal 0.65872979 0.51451039 0.54895735
    outer loop
        vertex -53.361343 58.801888 91.47996
        vertex -59.590702 62.60764 95.38803
        vertex -64.65427 61.09375 102.883026
    endloop
endfacet
facet normal 0.63354743 0.52723092 0.56625551
    outer loop
        vertex -59.05994 65.76157 91.85762
        vertex -59.590702 62.60764 95.38803
        vertex -50.387165 64.74161 83.103874
    endloop
endfacet
facet normal 0.63606083 0.5752607 0.51429731
    outer loop
        vertex -64.65427 61.09375 102.883026
        vertex -63.731716 59.390625 103.647064
        vertex -53.361343 58.801888 91.47996
    endloop
endfacet
facet normal 0.67873687 0.43587869 0.59103805
    outer loop
        vertex -50.387165 64.74161 83.103874
        vertex -47.083637 60.526043 82.41906
        vertex -42.03231 62.788567 74.949646
    endloop
endfacet
facet normal 0.63268709 0.52782881 0.56666028
    outer loop
        vertex -66.47357 64.5 101.3102
        vertex -59.590702 62.60764 95.38803
        vertex -59.05994 65.76157 91.85762
    endloop
endfacet
facet normal 0.60382277 0.57624167 0.55076635
    outer loop
        vertex -67.367714 66.203125 100.50372
        vertex -59.05994 65.76157 91.85762
        vertex -68.24805 67.90625 99.68696
    endloop
endfacet
facet normal 0.72881269 0.29603398 0.61741072
    outer loop
        vertex -22.73561 61.567333 52.95559
        vertex -35.349064 64.71156 66.33736
        vertex -37.008427 61.015903 70.06811
    endloop
endfacet
facet normal 0.72799134 0.12261684 0.67453223
    outer loop
        vertex -20.691872 64.15264 50.073086
        vertex -22.280394 67.899994 51.106308
        vertex -32.13754 66.774284 61.9493
    endloop
endfacet
facet normal 0.57428879 0.57434082 0.5833739
    outer loop
        vertex -69.967255 71.3125 98.02258
        vertex -69.114555 69.609375 98.85992
        vertex -63.935482 72.06944 91.33952
    endloop
endfacet
facet normal 0.56840414 0.50596619 0.64877957
    outer loop
        vertex -51.14027 78.96994 74.4325
        vertex -66.83053 78.88194 88.24757
        vertex -62.408897 75.25271 87.20406
    endloop
endfacet
facet normal 0.55913103 0.57279462 0.59939879
    outer loop
        vertex -62.408897 75.25271 87.20406
        vertex -71.6312 74.71875 96.31707
        vertex -70.80614 73.015625 97.174965
    endloop
endfacet
facet normal 0.6038878 0.50816089 0.61407834
    outer loop
        vertex -49.067825 72.15744 76.645775
        vertex -62.408897 75.25271 87.20406
        vertex -63.935482 72.06944 91.33952
    endloop
endfacet
facet normal 0.55945122 0.57218003 0.5996868
    outer loop
        vertex -62.408897 75.25271 87.20406
        vertex -72.44245 76.421875 95.44888
        vertex -71.6312 74.71875 96.31707
    endloop
endfacet
facet normal 0.54132795 0.57109475 0.61710203
    outer loop
        vertex -74.02349 79.828125 93.68166
        vertex -73.239876 78.125 94.57042
        vertex -66.83053 78.88194 88.24757
    endloop
endfacet
facet normal 0.57734895 0.20344944 0.79074436
    outer loop
        vertex -33.026855 91.423454 54.911663
        vertex -29.397524 88.29469 53.06676
        vertex -21.73866 89.2702 47.22378
    endloop
endfacet
facet normal 0.61944002 0.40661243 0.67153591
    outer loop
        vertex -32.716652 75.928925 59.27946
        vertex -51.14027 78.96994 74.4325
        vertex -49.067825 72.15744 76.645775
    endloop
endfacet
facet normal 0.51704687 0.55291438 0.6534127
    outer loop
        vertex -71.37013 86.60325 85.71563
        vertex -75.54927 83.234375 91.873314
        vertex -54.059727 85.14543 73.251465
    endloop
endfacet
facet normal 0.57117832 0.32840115 0.75226867
    outer loop
        vertex -36.697994 87.031555 58.93186
        vertex -47.641376 87.945045 66.84211
        vertex -43.146347 85.077675 64.68089
    endloop
endfacet
facet normal 0.50059474 0.56996208 0.6515736
    outer loop
        vertex -75.54927 83.234375 91.873314
        vertex -71.37013 86.60325 85.71563
        vertex -76.291435 84.9375 90.953705
    endloop
endfacet
facet normal 0.49158823 0.56977242 0.65855938
    outer loop
        vertex -78.43503 90.046875 88.133194
        vertex -77.734314 88.34375 89.08365
        vertex -64.88898 88.25964 79.56789
    endloop
endfacet
facet normal 0.51230413 0.48444185 0.70912665
    outer loop
        vertex -64.97737 91.84812 77.18027
        vertex -78.43503 90.046875 88.133194
        vertex -64.88898 88.25964 79.56789
    endloop
endfacet
facet normal 0.48545867 0.5337221 0.69243813
    outer loop
        vertex -73.44767 93.496735 81.847946
        vertex -79.121925 91.75 87.17245
        vertex -64.97737 91.84812 77.18027
    endloop
endfacet
facet normal 0.49333388 0.47905022 0.72603899
    outer loop
        vertex -56.253376 93.59373 70.100655
        vertex -73.44767 93.496735 81.847946
        vertex -64.97737 91.84812 77.18027
    endloop
endfacet
facet normal 0.4672462 0.5204711 0.71469635
    outer loop
        vertex -60.243477 96.02314 71.375626
        vertex -80.45427 95.15625 85.220116
        vertex -73.44767 93.496735 81.847946
    endloop
endfacet
facet normal 0.37535572 0.17572241 0.91007119
    outer loop
        vertex -25.86244 117.42785 45.69637
        vertex -20.34664 117.596855 43.388763
        vertex -31.875614 119 47.87292
    endloop
endfacet
facet normal 0.44732979 0.57053542 0.68875641
    outer loop
        vertex -80.45427 95.15625 85.220116
        vertex -60.243477 96.02314 71.375626
        vertex -81.09972 96.859375 84.22852
    endloop
endfacet
facet normal 0.42986637 0.57189208 0.69868046
    outer loop
        vertex -82.95317 101.96875 81.19204
        vertex -82.34917 100.265625 82.214485
        vertex -74.21106 98.94097 78.29175
    endloop
endfacet
facet normal 0.43029749 0.52226281 0.73626459
    outer loop
        vertex -75.98986 104.61806 75.24319
        vertex -82.95317 101.96875 81.19204
        vertex -59.48925 101.40104 67.881645
    endloop
endfacet
facet normal 0.39564988 0.57253563 0.71809745
    outer loop
        vertex -75.98986 104.61806 75.24319
        vertex -83.54335 103.671875 80.15932
        vertex -82.95317 101.96875 81.19204
    endloop
endfacet
facet normal 0.37126085 0.51306814 0.77390349
    outer loop
        vertex -59.562584 111.171234 62.80444
        vertex -77.94386 111.43056 71.45048
        vertex -73.67966 108.19018 71.55308
    endloop
endfacet
facet normal 0.41546667 0.4189775 0.80736941
    outer loop
        vertex -58.140526 104.358734 65.545044
        vertex -49.110233 107.61511 59.20825
        vertex -73.67966 108.19018 71.55308
    endloop
endfacet
facet normal 0.39341807 0.52512175 0.75463194
    outer loop
        vertex -75.98986 104.61806 75.24319
        vertex -73.67966 108.19018 71.55308
        vertex -84.682274 107.078125 78.062996
    endloop
endfacet
facet normal 0.36012706 0.24233712 0.90087801
    outer loop
        vertex -31.875614 119 47.87292
        vertex -50.661495 119 55.3826
        vertex -38.23042 118.084335 50.659576
    endloop
endfacet
facet normal 0.31389239 0.56325382 0.76434064
    outer loop
        vertex -79.421745 117.107635 68.17784
        vertex -64.796555 117.7174 61.72236
        vertex -88.23326 119 70.40196
    endloop
endfacet
facet normal 0.33213753 0.44649267 0.83086038
    outer loop
        vertex -88.23326 119 70.40196
        vertex -64.796555 117.7174 61.72236
        vertex -50.661495 119 55.3826
    endloop
endfacet
facet normal 0.33947799 0.57912767 0.74119222
    outer loop
        vertex -72.08828 113.30189 67.471375
        vertex -87.28777 115.59375 72.64225
        vertex -86.794304 113.890625 73.74696
    endloop
endfacet
facet normal 0.3444407 0.51842737 0.78268367
    outer loop
        vertex -72.08828 113.30189 67.471375
        vertex -79.421745 117.107635 68.17784
        vertex -87.28777 115.59375 72.64225
    endloop
endfacet
facet normal 0.35192606 0.57689846 0.73711342
    outer loop
        vertex -86.28702 112.1875 74.8414
        vertex -85.76592 110.484375 75.92555
        vertex -77.94386 111.43056 71.45048
    endloop
endfacet
facet normal 0.45608598 0.33757752 0.82342398
    outer loop
        vertex -49.110233 107.61511 59.20825
        vertex -58.140526 104.358734 65.545044
        vertex -49.24138 104.61701 60.510014
    endloop
endfacet
facet normal 0.54148144 0.57064474 0.61738354
    outer loop
        vertex -74.02349 79.828125 93.68166
        vertex -66.83053 78.88194 88.24757
        vertex -74.79329 81.53125 92.78263
    endloop
endfacet
facet normal 0.689327 0.52228665 0.50204092
    outer loop
        vertex -59.955482 52.578125 106.55395
        vertex -53.432915 50.118053 100.15742
        vertex -52.90222 53.747288 95.65316
    endloop
endfacet
facet normal 0.80962801 0.42305875 0.40684593
    outer loop
        vertex -37.394882 32.976864 91.665695
        vertex -34.003334 27.598959 90.50869
        vertex -32.447147 33.46528 81.31177
    endloop
endfacet
facet normal -0.28116041 -0.00682078 0.95963651
    outer loop
        vertex -36.40558 10 118.38402
        vertex -33.23629 10 119.31258
        vertex -34.408268 11.703125 118.98131
    endloop
endfacet
facet normal -0.29527223 0.01123289 0.95534706
    outer loop
        vertex -34.408268 11.703125 118.98131
        vertex -37.563374 11.703125 118.00615
        vertex -36.40558 10 118.38402
    endloop
endfacet
facet normal -0.30928397 0.01052487 0.95091152
    outer loop
        vertex -35.571644 13.40625 118.63511
        vertex -38.711975 13.40625 117.613716
        vertex -37.563374 11.703125 118.00615
    endloop
endfacet
facet normal -0.30929101 -0.00807818 0.9509331
    outer loop
        vertex -35.571644 13.40625 118.63511
        vertex -36.726418 15.109375 118.27399
        vertex -38.711975 13.40625 117.613716
    endloop
endfacet
facet normal -0.32318741 -0.00856382 0.94629622
    outer loop
        vertex -36.726418 15.109375 118.27399
        vertex -37.87259 16.8125 117.89795
        vertex -39.85139 15.109375 117.20672
    endloop
endfacet
facet normal -0.33697709 -0.00895897 0.94147027
    outer loop
        vertex -37.87259 16.8125 117.89795
        vertex -39.010162 18.515625 117.50699
        vertex -40.98161 16.8125 116.78515
    endloop
endfacet
facet normal -0.35065752 -0.00926727 0.93645793
    outer loop
        vertex -39.010162 18.515625 117.50699
        vertex -40.139137 20.21875 117.1011
        vertex -42.102642 18.515625 116.34901
    endloop
endfacet
facet normal -0.36422572 -0.0095043 0.93126231
    outer loop
        vertex -40.139137 20.21875 117.1011
        vertex -41.25951 21.921875 116.68029
        vertex -43.21448 20.21875 115.8983
    endloop
endfacet
facet normal -0.37768295 -0.0096611 0.9258846
    outer loop
        vertex -41.25951 21.921875 116.68029
        vertex -42.37128 23.625 116.24455
        vertex -44.317135 21.921875 115.43304
    endloop
endfacet
facet normal -0.39103076 -0.00976158 0.92032582
    outer loop
        vertex -42.37128 23.625 116.24455
        vertex -43.47445 25.328125 115.7939
        vertex -45.41059 23.625 114.9532
    endloop
endfacet
facet normal -0.40427196 -0.00980314 0.91458631
    outer loop
        vertex -43.47445 25.328125 115.7939
        vertex -44.569023 27.03125 115.32832
        vertex -46.494865 25.328125 114.45879
    endloop
endfacet
facet normal -0.41741186 0.00806971 0.90868157
    outer loop
        vertex -46.494865 25.328125 114.45879
        vertex -44.569023 27.03125 115.32832
        vertex -47.569942 27.03125 113.94982
    endloop
endfacet
facet normal -0.43043596 0.0080676 0.90258515
    outer loop
        vertex -47.569942 27.03125 113.94982
        vertex -45.65499 28.734375 114.847824
        vertex -48.63583 28.734375 113.426285
    endloop
endfacet
facet normal -0.44335303 0.00811584 0.89631033
    outer loop
        vertex -48.63583 28.734375 113.426285
        vertex -46.732357 30.4375 114.3524
        vertex -49.692528 30.4375 112.888176
    endloop
endfacet
facet normal -0.45616078 0.00819931 0.88985962
    outer loop
        vertex -49.692528 30.4375 112.888176
        vertex -47.801125 32.140625 113.84206
        vertex -50.740032 32.140625 112.33551
    endloop
endfacet
facet normal -0.46886238 0.0083224 0.883232
    outer loop
        vertex -50.740032 32.140625 112.33551
        vertex -48.861294 33.84375 113.31679
        vertex -51.77835 33.84375 111.76827
    endloop
endfacet
facet normal -0.48145685 0.00847205 0.87642884
    outer loop
        vertex -51.77835 33.84375 111.76827
        vertex -49.91286 35.546875 112.776596
        vertex -52.807476 35.546875 111.18647
    endloop
endfacet
facet normal -0.49394584 0.00864179 0.86944973
    outer loop
        vertex -52.807476 35.546875 111.18647
        vertex -50.955826 37.25 112.22149
        vertex -53.82741 37.25 110.5901
    endloop
endfacet
facet normal -0.49387744 0.01874739 0.86932933
    outer loop
        vertex -53.82741 37.25 110.5901
        vertex -50.955826 37.25 112.22149
        vertex -54.838158 38.953125 109.97916
    endloop
endfacet
facet normal -0.50625908 0.01893322 0.86217356
    outer loop
        vertex -54.838158 38.953125 109.97916
        vertex -51.990192 38.953125 111.65145
        vertex -55.839714 40.65625 109.35365
    endloop
endfacet
facet normal -0.51853156 0.01913366 0.85484439
    outer loop
        vertex -55.839714 40.65625 109.35365
        vertex -53.015953 40.65625 111.06649
        vertex -56.832077 42.359375 108.713585
    endloop
endfacet
facet normal -0.53077966 -0.00839761 0.84746826
    outer loop
        vertex -56.832077 42.359375 108.713585
        vertex -54.03312 42.359375 110.466606
        vertex -55.041683 44.0625 109.85181
    endloop
endfacet
facet normal -0.54284889 -0.00821129 0.83979023
    outer loop
        vertex -57.81525 44.0625 108.058945
        vertex -55.041683 44.0625 109.85181
        vertex -56.04164 45.765625 109.22208
    endloop
endfacet
facet normal -0.55480957 -0.00805013 0.83193839
    outer loop
        vertex -58.789234 45.765625 107.38974
        vertex -56.04164 45.765625 109.22208
        vertex -57.033 47.46875 108.57743
    endloop
endfacet
facet normal -0.56665671 0.00977479 0.82389605
    outer loop
        vertex -59.75403 47.46875 106.70597
        vertex -58.789234 45.765625 107.38974
        vertex -57.033 47.46875 108.57743
    endloop
endfacet
facet normal -0.57840759 0.00992391 0.81568754
    outer loop
        vertex -60.70963 49.171875 106.00763
        vertex -59.75403 47.46875 106.70597
        vertex -58.015762 49.171875 107.91786
    endloop
endfacet
facet normal -0.59005177 0.01004003 0.80730295
    outer loop
        vertex -61.65604 50.875 105.29472
        vertex -60.70963 49.171875 106.00763
        vertex -58.98992 50.875 107.24337
    endloop
endfacet
facet normal -0.60158879 0.01012343 0.79874194
    outer loop
        vertex -62.593258 52.578125 104.56725
        vertex -61.65604 50.875 105.29472
        vertex -59.955482 52.578125 106.55395
    endloop
endfacet
facet normal -0.61301959 0.01016307 0.79000241
    outer loop
        vertex -63.521297 54.28125 103.82521
        vertex -62.593258 52.578125 104.56725
        vertex -60.91244 54.28125 105.84961
    endloop
endfacet
facet normal -0.62434661 0.01015799 0.78108138
    outer loop
        vertex -64.44013 55.984375 103.0686
        vertex -63.521297 54.28125 103.82521
        vertex -61.8608 55.984375 105.130356
    endloop
endfacet
facet normal -0.62435985 -0.00779112 0.78109795
    outer loop
        vertex -62.800556 57.6875 104.396164
        vertex -64.44013 55.984375 103.0686
        vertex -61.8608 55.984375 105.130356
    endloop
endfacet
facet normal -0.63557416 -0.00793657 0.771999
    outer loop
        vertex -63.731716 59.390625 103.647064
        vertex -65.34978 57.6875 102.29743
        vertex -62.800556 57.6875 104.396164
    endloop
endfacet
facet normal -0.64668059 -0.00813209 0.7627176
    outer loop
        vertex -64.65427 61.09375 102.883026
        vertex -66.250244 59.390625 101.511696
        vertex -63.731716 59.390625 103.647064
    endloop
endfacet
facet normal -0.65767479 -0.00841688 0.75325495
    outer loop
        vertex -65.56822 62.796875 102.10407
        vertex -67.14151 61.09375 100.71139
        vertex -64.65427 61.09375 102.883026
    endloop
endfacet
facet normal -0.66855955 -0.00878027 0.74360669
    outer loop
        vertex -66.47357 64.5 101.3102
        vertex -68.02358 62.796875 99.896515
        vertex -65.56822 62.796875 102.10407
    endloop
endfacet
facet normal -0.67933083 -0.00918517 0.73377454
    outer loop
        vertex -67.367714 66.203125 100.50372
        vertex -68.89647 64.5 99.06708
        vertex -66.47357 64.5 101.3102
    endloop
endfacet
facet normal -0.68995792 -0.0095291 0.72378665
    outer loop
        vertex -68.24805 67.90625 99.68696
        vertex -69.75765 66.203125 98.22549
        vertex -67.367714 66.203125 100.50372
    endloop
endfacet
facet normal -0.70041829 0.0084126 0.71368307
    outer loop
        vertex -68.24805 67.90625 99.68696
        vertex -70.60463 67.90625 97.374176
        vertex -69.75765 66.203125 98.22549
    endloop
endfacet
facet normal -0.72080803 0.00792734 0.69308943
    outer loop
        vertex -69.967255 71.3125 98.02258
        vertex -72.25591 71.3125 95.642395
        vertex -71.43737 69.609375 96.51315
    endloop
endfacet
facet normal -0.73074424 0.00779309 0.68260676
    outer loop
        vertex -70.80614 73.015625 97.174965
        vertex -73.06023 73.015625 94.76192
        vertex -72.25591 71.3125 95.642395
    endloop
endfacet
facet normal -0.74049377 -0.01016654 0.67198628
    outer loop
        vertex -72.44245 76.421875 95.44888
        vertex -73.85033 74.71875 93.87171
        vertex -71.6312 74.71875 96.31707
    endloop
endfacet
facet normal -0.75008661 -0.01012399 0.66126215
    outer loop
        vertex -73.239876 78.125 94.57042
        vertex -74.62621 76.421875 92.97179
        vertex -72.44245 76.421875 95.44888
    endloop
endfacet
facet normal -0.75950998 -0.01004073 0.65041816
    outer loop
        vertex -74.02349 79.828125 93.68166
        vertex -75.38788 78.125 92.06214
        vertex -73.239876 78.125 94.57042
    endloop
endfacet
facet normal -0.76876479 -0.00992491 0.6394546
    outer loop
        vertex -74.79329 81.53125 92.78263
        vertex -76.13533 79.828125 91.14277
        vertex -74.02349 79.828125 93.68166
    endloop
endfacet
facet normal -0.77785355 -0.00977953 0.62836951
    outer loop
        vertex -75.54927 83.234375 91.873314
        vertex -76.86856 81.53125 90.21367
        vertex -74.79329 81.53125 92.78263
    endloop
endfacet
facet normal -0.79553401 0.00821512 0.6058532
    outer loop
        vertex -78.29238 84.9375 88.3263
        vertex -77.587585 83.234375 89.27485
        vertex -76.291435 84.9375 90.953705
    endloop
endfacet
facet normal -0.80411559 0.00838957 0.59441376
    outer loop
        vertex -78.98297 86.640625 87.36804
        vertex -78.29238 84.9375 88.3263
        vertex -77.01978 86.640625 90.02382
    endloop
endfacet
facet normal -0.81241441 -0.01913872 0.58276635
    outer loop
        vertex -79.65933 88.34375 86.40005
        vertex -77.01978 86.640625 90.02382
        vertex -77.734314 88.34375 89.08365
    endloop
endfacet
facet normal -0.82066596 -0.01893745 0.57109427
    outer loop
        vertex -80.32149 90.046875 85.42234
        vertex -77.734314 88.34375 89.08365
        vertex -78.43503 90.046875 88.133194
    endloop
endfacet
facet normal -0.82886672 -0.00864506 0.55937928
    outer loop
        vertex -80.96942 91.75 84.4349
        vertex -79.121925 91.75 87.17245
        vertex -79.795006 93.453125 86.20142
    endloop
endfacet
facet normal -0.83678496 -0.00847202 0.54746616
    outer loop
        vertex -81.60314 93.453125 83.437744
        vertex -79.795006 93.453125 86.20142
        vertex -80.45427 95.15625 85.220116
    endloop
endfacet
facet normal -0.84453791 -0.0083229 0.53543109
    outer loop
        vertex -82.22264 95.15625 82.430855
        vertex -80.45427 95.15625 85.220116
        vertex -81.09972 96.859375 84.22852
    endloop
endfacet
facet normal -0.85212296 -0.00820075 0.5232774
    outer loop
        vertex -82.82793 96.859375 81.414246
        vertex -81.09972 96.859375 84.22852
        vertex -81.731346 98.5625 83.22665
    endloop
endfacet
facet normal -0.86677659 0.00973206 0.49860173
    outer loop
        vertex -83.419 98.5625 80.38792
        vertex -82.34917 100.265625 82.214485
        vertex -83.99585 100.265625 79.35187
    endloop
endfacet
facet normal -0.87385815 0.00979288 0.48608229
    outer loop
        vertex -83.99585 100.265625 79.35187
        vertex -82.95317 101.96875 81.19204
        vertex -84.55848 101.96875 78.30608
    endloop
endfacet
facet normal -0.88076812 0.0097977 0.4734464
    outer loop
        vertex -84.55848 101.96875 78.30608
        vertex -83.54335 103.671875 80.15932
        vertex -85.1069 103.671875 77.25059
    endloop
endfacet
facet normal -0.88750929 0.00976501 0.46068639
    outer loop
        vertex -85.1069 103.671875 77.25059
        vertex -84.11971 105.375 79.1163
        vertex -85.6411 105.375 76.18536
    endloop
endfacet
facet normal -0.89407891 0.00965919 0.44780532
    outer loop
        vertex -85.6411 105.375 76.18536
        vertex -84.682274 107.078125 78.062996
        vertex -86.161095 107.078125 75.11041
    endloop
endfacet
facet normal -0.90048343 -0.00866886 0.43480411
    outer loop
        vertex -85.231 108.78125 76.99942
        vertex -85.76592 110.484375 75.92555
        vertex -86.66686 108.78125 74.02574
    endloop
endfacet
facet normal -0.90670359 -0.00899626 0.42167252
    outer loop
        vertex -85.76592 110.484375 75.92555
        vertex -86.28702 112.1875 74.8414
        vertex -87.15841 110.484375 72.93135
    endloop
endfacet
facet normal -0.91274565 -0.00941411 0.40841991
    outer loop
        vertex -86.28702 112.1875 74.8414
        vertex -86.794304 113.890625 73.74696
        vertex -87.63575 112.1875 71.827225
    endloop
endfacet
facet normal -0.91861081 -0.00992376 0.3950389
    outer loop
        vertex -86.794304 113.890625 73.74696
        vertex -87.28777 115.59375 72.64225
        vertex -88.09886 113.890625 70.71339
    endloop
endfacet
facet normal -0.9351579 0.00681047 0.35416555
    outer loop
        vertex -89.40292 119 67.31352
        vertex -88.982445 117.296875 68.45653
        vertex -88.23326 119 70.40196
    endloop
endfacet
facet normal -0.92429477 -0.0105279 0.38153425
    outer loop
        vertex -87.28777 115.59375 72.64225
        vertex -87.767426 117.296875 71.52725
        vertex -88.54777 115.59375 69.58982
    endloop
endfacet
facet normal -0.92979723 -0.01123684 0.36790064
    outer loop
        vertex -87.767426 117.296875 71.52725
        vertex -88.23326 119 70.40196
        vertex -88.982445 117.296875 68.45653
    endloop
endfacet
facet normal -0.92982984 0.00750277 0.36791354
    outer loop
        vertex -88.54777 115.59375 69.58982
        vertex -87.767426 117.296875 71.52725
        vertex -88.982445 117.296875 68.45653
    endloop
endfacet
facet normal -0.92431587 0.00807792 0.38154298
    outer loop
        vertex -88.09886 113.890625 70.71339
        vertex -87.28777 115.59375 72.64225
        vertex -88.54777 115.59375 69.58982
    endloop
endfacet
facet normal -0.91862231 0.00856661 0.39504388
    outer loop
        vertex -87.63575 112.1875 71.827225
        vertex -86.794304 113.890625 73.74696
        vertex -88.09886 113.890625 70.71339
    endloop
endfacet
facet normal -0.91274947 0.00895792 0.40842161
    outer loop
        vertex -87.15841 110.484375 72.93135
        vertex -86.28702 112.1875 74.8414
        vertex -87.63575 112.1875 71.827225
    endloop
endfacet
facet normal -0.90670133 0.00926968 0.42167145
    outer loop
        vertex -86.66686 108.78125 74.02574
        vertex -85.76592 110.484375 75.92555
        vertex -87.15841 110.484375 72.93135
    endloop
endfacet
facet normal -0.90047652 0.00950242 0.4348008
    outer loop
        vertex -86.161095 107.078125 75.11041
        vertex -85.231 108.78125 76.99942
        vertex -86.66686 108.78125 74.02574
    endloop
endfacet
facet normal -0.89408898 -0.00841531 0.44781038
    outer loop
        vertex -86.161095 107.078125 75.11041
        vertex -84.682274 107.078125 78.062996
        vertex -85.231 108.78125 76.99942
    endloop
endfacet
facet normal -0.88752145 -0.00824036 0.4606927
    outer loop
        vertex -85.6411 105.375 76.18536
        vertex -84.11971 105.375 79.1163
        vertex -84.682274 107.078125 78.062996
    endloop
endfacet
facet normal -0.88078135 -0.00812068 0.47345352
    outer loop
        vertex -85.1069 103.671875 77.25059
        vertex -83.54335 103.671875 80.15932
        vertex -84.11971 105.375 79.1163
    endloop
endfacet
facet normal -0.87387156 -0.00807062 0.48608977
    outer loop
        vertex -84.55848 101.96875 78.30608
        vertex -82.95317 101.96875 81.19204
        vertex -83.54335 103.671875 80.15932
    endloop
endfacet
facet normal -0.8667894 -0.00806959 0.49860913
    outer loop
        vertex -83.99585 100.265625 79.35187
        vertex -82.34917 100.265625 82.214485
        vertex -82.95317 101.96875 81.19204
    endloop
endfacet
facet normal -0.85953963 -0.0081158 0.51100463
    outer loop
        vertex -83.419 98.5625 80.38792
        vertex -81.731346 98.5625 83.22665
        vertex -82.34917 100.265625 82.214485
    endloop
endfacet
facet normal -0.85952801 0.00963456 0.51099777
    outer loop
        vertex -83.419 98.5625 80.38792
        vertex -82.82793 96.859375 81.414246
        vertex -81.731346 98.5625 83.22665
    endloop
endfacet
facet normal -0.85211319 0.00950641 0.52327138
    outer loop
        vertex -82.82793 96.859375 81.414246
        vertex -82.22264 95.15625 82.430855
        vertex -81.09972 96.859375 84.22852
    endloop
endfacet
facet normal -0.84453022 0.00935288 0.5354262
    outer loop
        vertex -82.22264 95.15625 82.430855
        vertex -81.60314 93.453125 83.437744
        vertex -80.45427 95.15625 85.220116
    endloop
endfacet
facet normal -0.83677983 0.0091716 0.54746282
    outer loop
        vertex -81.60314 93.453125 83.437744
        vertex -80.96942 91.75 84.4349
        vertex -79.795006 93.453125 86.20142
    endloop
endfacet
facet normal -0.82886434 0.0089856 0.55937761
    outer loop
        vertex -80.96942 91.75 84.4349
        vertex -80.32149 90.046875 85.42234
        vertex -79.121925 91.75 87.17245
    endloop
endfacet
facet normal -0.82078129 -0.00882985 0.5711745
    outer loop
        vertex -79.121925 91.75 87.17245
        vertex -80.32149 90.046875 85.42234
        vertex -78.43503 90.046875 88.133194
    endloop
endfacet
facet normal -0.81242126 0.01868953 0.58277118
    outer loop
        vertex -80.32149 90.046875 85.42234
        vertex -79.65933 88.34375 86.40005
        vertex -77.734314 88.34375 89.08365
    endloop
endfacet
facet normal -0.80400634 0.01850279 0.59433293
    outer loop
        vertex -79.65933 88.34375 86.40005
        vertex -78.98297 86.640625 87.36804
        vertex -77.01978 86.640625 90.02382
    endloop
endfacet
facet normal -0.79552555 -0.00942441 0.60584676
    outer loop
        vertex -77.01978 86.640625 90.02382
        vertex -78.29238 84.9375 88.3263
        vertex -76.291435 84.9375 90.953705
    endloop
endfacet
facet normal -0.78677255 -0.00960657 0.61716819
    outer loop
        vertex -76.291435 84.9375 90.953705
        vertex -77.587585 83.234375 89.27485
        vertex -75.54927 83.234375 91.873314
    endloop
endfacet
facet normal -0.78678334 0.0080447 0.61717677
    outer loop
        vertex -75.54927 83.234375 91.873314
        vertex -77.587585 83.234375 89.27485
        vertex -76.86856 81.53125 90.21367
    endloop
endfacet
facet normal -0.77786642 0.00791037 0.62837982
    outer loop
        vertex -74.79329 81.53125 92.78263
        vertex -76.86856 81.53125 90.21367
        vertex -76.13533 79.828125 91.14277
    endloop
endfacet
facet normal -0.76877928 0.00779898 0.63946664
    outer loop
        vertex -74.02349 79.828125 93.68166
        vertex -76.13533 79.828125 91.14277
        vertex -75.38788 78.125 92.06214
    endloop
endfacet
facet normal -0.7595256 0.00772552 0.65043157
    outer loop
        vertex -73.239876 78.125 94.57042
        vertex -75.38788 78.125 92.06214
        vertex -74.62621 76.421875 92.97179
    endloop
endfacet
facet normal -0.75010276 0.00769452 0.6612764
    outer loop
        vertex -72.44245 76.421875 95.44888
        vertex -74.62621 76.421875 92.97179
        vertex -73.85033 74.71875 93.87171
    endloop
endfacet
facet normal -0.74050999 0.00771641 0.672001
    outer loop
        vertex -71.6312 74.71875 96.31707
        vertex -73.85033 74.71875 93.87171
        vertex -73.06023 73.015625 94.76192
    endloop
endfacet
facet normal -0.73072875 -0.01016174 0.68259227
    outer loop
        vertex -70.80614 73.015625 97.174965
        vertex -71.6312 74.71875 96.31707
        vertex -73.06023 73.015625 94.76192
    endloop
endfacet
facet normal -0.72079384 -0.01009774 0.69307584
    outer loop
        vertex -69.967255 71.3125 98.02258
        vertex -70.80614 73.015625 97.174965
        vertex -72.25591 71.3125 95.642395
    endloop
endfacet
facet normal -0.71070045 0.0081353 0.70344776
    outer loop
        vertex -70.60463 67.90625 97.374176
        vertex -69.114555 69.609375 98.85992
        vertex -71.43737 69.609375 96.51315
    endloop
endfacet
facet normal -0.71068859 -0.00997754 0.70343602
    outer loop
        vertex -71.43737 69.609375 96.51315
        vertex -69.114555 69.609375 98.85992
        vertex -69.967255 71.3125 98.02258
    endloop
endfacet
facet normal -0.70040953 -0.00978943 0.71367413
    outer loop
        vertex -70.60463 67.90625 97.374176
        vertex -68.24805 67.90625 99.68696
        vertex -69.114555 69.609375 98.85992
    endloop
endfacet
facet normal -0.68996274 0.00877923 0.7237916
    outer loop
        vertex -68.89647 64.5 99.06708
        vertex -67.367714 66.203125 100.50372
        vertex -69.75765 66.203125 98.22549
    endloop
endfacet
facet normal -0.67933083 0.00918383 0.73377466
    outer loop
        vertex -68.02358 62.796875 99.896515
        vertex -66.47357 64.5 101.3102
        vertex -68.89647 64.5 99.06708
    endloop
endfacet
facet normal -0.66855502 0.00952764 0.74360168
    outer loop
        vertex -67.14151 61.09375 100.71139
        vertex -65.56822 62.796875 102.10407
        vertex -68.02358 62.796875 99.896515
    endloop
endfacet
facet normal -0.65766662 0.00978956 0.75324553
    outer loop
        vertex -66.250244 59.390625 101.511696
        vertex -64.65427 61.09375 102.883026
        vertex -67.14151 61.09375 100.71139
    endloop
endfacet
facet normal -0.64666981 0.00996992 0.76270485
    outer loop
        vertex -65.34978 57.6875 102.29743
        vertex -63.731716 59.390625 103.647064
        vertex -66.250244 59.390625 101.511696
    endloop
endfacet
facet normal -0.63556182 0.010097 0.77198404
    outer loop
        vertex -64.44013 55.984375 103.0686
        vertex -62.800556 57.6875 104.396164
        vertex -65.34978 57.6875 102.29743
    endloop
endfacet
facet normal -0.61303294 -0.00772214 0.79001963
    outer loop
        vertex -60.91244 54.28125 105.84961
        vertex -61.8608 55.984375 105.130356
        vertex -63.521297 54.28125 103.82521
    endloop
endfacet
facet normal -0.60160172 -0.00769853 0.7987591
    outer loop
        vertex -59.955482 52.578125 106.55395
        vertex -60.91244 54.28125 105.84961
        vertex -62.593258 52.578125 104.56725
    endloop
endfacet
facet normal -0.59006393 -0.007726 0.80731958
    outer loop
        vertex -58.98992 50.875 107.24337
        vertex -59.955482 52.578125 106.55395
        vertex -61.65604 50.875 105.29472
    endloop
endfacet
facet normal -0.57841849 -0.00780138 0.81570297
    outer loop
        vertex -58.015762 49.171875 107.91786
        vertex -58.98992 50.875 107.24337
        vertex -60.70963 49.171875 106.00763
    endloop
endfacet
facet normal -0.56666607 -0.00791044 0.82390958
    outer loop
        vertex -57.033 47.46875 108.57743
        vertex -58.015762 49.171875 107.91786
        vertex -59.75403 47.46875 106.70597
    endloop
endfacet
facet normal -0.554802 0.00960662 0.83192694
    outer loop
        vertex -56.04164 45.765625 109.22208
        vertex -58.789234 45.765625 107.38974
        vertex -57.81525 44.0625 108.058945
    endloop
endfacet
facet normal -0.54284316 0.00942132 0.83978128
    outer loop
        vertex -55.041683 44.0625 109.85181
        vertex -57.81525 44.0625 108.058945
        vertex -56.832077 42.359375 108.713585
    endloop
endfacet
facet normal -0.53070754 -0.01849784 0.8473531
    outer loop
        vertex -54.03312 42.359375 110.466606
        vertex -56.832077 42.359375 108.713585
        vertex -53.015953 40.65625 111.06649
    endloop
endfacet
facet normal -0.51853585 -0.01869445 0.85485148
    outer loop
        vertex -53.015953 40.65625 111.06649
        vertex -55.839714 40.65625 109.35365
        vertex -51.990192 38.953125 111.65145
    endloop
endfacet
facet normal -0.50625938 -0.01889814 0.86217415
    outer loop
        vertex -51.990192 38.953125 111.65145
        vertex -54.838158 38.953125 109.97916
        vertex -50.955826 37.25 112.22149
    endloop
endfacet
facet normal -0.48145381 -0.00917761 0.87642336
    outer loop
        vertex -50.955826 37.25 112.22149
        vertex -52.807476 35.546875 111.18647
        vertex -49.91286 35.546875 112.776596
    endloop
endfacet
facet normal -0.46885809 -0.00935077 0.88322395
    outer loop
        vertex -49.91286 35.546875 112.776596
        vertex -51.77835 33.84375 111.76827
        vertex -48.861294 33.84375 113.31679
    endloop
endfacet
facet normal -0.45615551 -0.00950733 0.88984931
    outer loop
        vertex -48.861294 33.84375 113.31679
        vertex -50.740032 32.140625 112.33551
        vertex -47.801125 32.140625 113.84206
    endloop
endfacet
facet normal -0.44334701 -0.00963711 0.89629817
    outer loop
        vertex -47.801125 32.140625 113.84206
        vertex -49.692528 30.4375 112.888176
        vertex -46.732357 30.4375 114.3524
    endloop
endfacet
facet normal -0.43042958 -0.00973266 0.90257174
    outer loop
        vertex -46.732357 30.4375 114.3524
        vertex -48.63583 28.734375 113.426285
        vertex -45.65499 28.734375 114.847824
    endloop
endfacet
facet normal -0.41740546 -0.00979073 0.90866762
    outer loop
        vertex -45.65499 28.734375 114.847824
        vertex -47.569942 27.03125 113.94982
        vertex -44.569023 27.03125 115.32832
    endloop
endfacet
facet normal -0.40427804 0.00812447 0.91460001
    outer loop
        vertex -46.494865 25.328125 114.45879
        vertex -45.41059 23.625 114.9532
        vertex -43.47445 25.328125 115.7939
    endloop
endfacet
facet normal -0.39103615 0.00823789 0.92033845
    outer loop
        vertex -45.41059 23.625 114.9532
        vertex -44.317135 21.921875 115.43304
        vertex -42.37128 23.625 116.24455
    endloop
endfacet
facet normal -0.37768719 0.00841215 0.92589498
    outer loop
        vertex -44.317135 21.921875 115.43304
        vertex -43.21448 20.21875 115.8983
        vertex -41.25951 21.921875 116.68029
    endloop
endfacet
facet normal -0.36422846 0.00866971 0.93126929
    outer loop
        vertex -43.21448 20.21875 115.8983
        vertex -42.102642 18.515625 116.34901
        vertex -40.139137 20.21875 117.1011
    endloop
endfacet
facet normal -0.35065839 0.00900114 0.9364602
    outer loop
        vertex -42.102642 18.515625 116.34901
        vertex -40.98161 16.8125 116.78515
        vertex -39.010162 18.515625 117.50699
    endloop
endfacet
facet normal -0.33697569 0.00941657 0.94146633
    outer loop
        vertex -40.98161 16.8125 116.78515
        vertex -39.85139 15.109375 117.20672
        vertex -37.87259 16.8125 117.89795
    endloop
endfacet
facet normal -0.32318336 0.00992019 0.94628441
    outer loop
        vertex -39.85139 15.109375 117.20672
        vertex -38.711975 13.40625 117.613716
        vertex -36.726418 15.109375 118.27399
    endloop
endfacet
facet normal -0.29528257 -0.00749962 0.95538056
    outer loop
        vertex -34.408268 11.703125 118.98131
        vertex -35.571644 13.40625 118.63511
        vertex -37.563374 11.703125 118.00615
    endloop
endfacet
facet normal -0.52672857 -0.21614113 -0.82209492
    outer loop
        vertex -33.727783 91.423454 53.87918
        vertex -34.07518 93.99202 53.42645
        vertex -26.841465 92.41021 49.20758
    endloop
endfacet
facet normal -0.52075398 -0.29087114 -0.80262649
    outer loop
        vertex -33.727783 91.423454 53.87918
        vertex -40.423138 89.79456 58.81352
        vertex -44.62277 92.812126 60.44473
    endloop
endfacet
facet normal -0.52261752 -0.14933006 -0.8393876
    outer loop
        vertex -26.841465 92.41021 49.20758
        vertex -24.386099 93.9684 47.40162
        vertex -21.156937 93.960526 45.392487
    endloop
endfacet
facet normal -0.52235627 -0.14982739 -0.83946157
    outer loop
        vertex -26.841465 92.41021 49.20758
        vertex -34.07518 93.99202 53.42645
        vertex -24.386099 93.9684 47.40162
    endloop
endfacet
facet normal -0.84438658 -0.2160804 -0.49022508
    outer loop
        vertex -25.209044 37.576546 62.149387
        vertex -24.74573 35.00798 62.48352
        vertex -31.329792 36.187874 73.304146
    endloop
endfacet
facet normal -0.84274656 -0.21614684 -0.49300998
    outer loop
        vertex -25.209044 37.576546 62.149387
        vertex -20.821293 36.589794 55.081623
        vertex -24.74573 35.00798 62.48352
    endloop
endfacet
facet normal -0.85992438 -0.14981095 -0.48794135
    outer loop
        vertex -20.821293 36.589794 55.081623
        vertex -19.1181 35.0316 52.558403
        vertex -24.74573 35.00798 62.48352
    endloop
endfacet
facet normal -0.85563678 -0.1124594 -0.50521141
    outer loop
        vertex -20.821293 36.589794 55.081623
        vertex -18.412521 39.729797 50.303116
        vertex -12.57358 37.25 40.96616
    endloop
endfacet
facet normal -0.89120108 -0.04629649 -0.45123982
    outer loop
        vertex -14.161881 30.99352 44.187103
        vertex -14.159245 26.497528 44.643177
        vertex -15.526115 29.233034 47.062096
    endloop
endfacet
facet normal -0.88578767 -0.01394344 -0.46388113
    outer loop
        vertex -14.161881 30.99352 44.187103
        vertex -12.57358 37.25 40.96616
        vertex -12.41238 23.625 41.06789
    endloop
endfacet
facet normal -0.89979982 -0.06860022 -0.43087599
    outer loop
        vertex -14.159245 26.497528 44.643177
        vertex -16.274782 27.045612 48.9738
        vertex -15.526115 29.233034 47.062096
    endloop
endfacet
facet normal -0.91339236 -0.05311969 -0.40359968
    outer loop
        vertex -14.159245 26.497528 44.643177
        vertex -12.41238 23.625 41.06789
        vertex -17.15338 22.858992 51.898132
    endloop
endfacet
facet normal -0.44749743 -0.04231494 -0.89328355
    outer loop
        vertex -16.213966 98.00648 42.105534
        vertex -16.660242 102.50247 42.116123
        vertex -13.152401 105.375 40.22277
    endloop
endfacet
facet normal -0.48693827 -0.0462795 -0.87220949
    outer loop
        vertex -16.213966 98.00648 42.105534
        vertex -19.027666 99.76696 43.58296
        vertex -16.660242 102.50247 42.116123
    endloop
endfacet
facet normal -0.46041328 -0.11396275 -0.88035911
    outer loop
        vertex -16.660242 102.50247 42.116123
        vertex -20.902836 101.954384 44.40588
        vertex -30.131187 103.244225 49.065186
    endloop
endfacet
facet normal -0.46694964 -0.06862311 -0.88161725
    outer loop
        vertex -16.660242 102.50247 42.116123
        vertex -19.027666 99.76696 43.58296
        vertex -20.902836 101.954384 44.40588
    endloop
endfacet
facet normal -0.94180787 -0.13642681 -0.30722252
    outer loop
        vertex -14.695987 11.403146 48.620144
        vertex -16.572336 11.57215 54.29715
        vertex -16.84838 12.764041 54.614098
    endloop
endfacet
facet normal -0.95113838 -0.08215692 -0.29763395
    outer loop
        vertex -14.695987 11.403146 48.620144
        vertex -12.237809 10 41.151947
        vertex -18.27975 10 60.45997
    endloop
endfacet
facet normal -0.34187499 -0.17571814 -0.92317092
    outer loop
        vertex -20.578485 117.596855 42.798367
        vertex -26.17526 117.42785 44.90317
        vertex -32.26023 119 46.857353
    endloop
endfacet
facet normal -0.34510031 -0.13644961 -0.92859423
    outer loop
        vertex -20.578485 117.596855 42.798367
        vertex -26.483528 116.235954 45.192875
        vertex -26.17526 117.42785 44.90317
    endloop
endfacet
facet normal -0.32699069 -0.24235496 -0.9134227
    outer loop
        vertex -32.26023 119 46.857353
        vertex -38.71469 118.084335 49.410896
        vertex -51.307793 119 53.676075
    endloop
endfacet
facet normal -0.3269684 -0.24378923 -0.91304898
    outer loop
        vertex -38.71469 118.084335 49.410896
        vertex -38.745346 117.047585 49.698692
        vertex -51.307793 119 53.676075
    endloop
endfacet
facet normal -0.33941895 -0.24226953 -0.90890062
    outer loop
        vertex -38.71469 118.084335 49.410896
        vertex -26.17526 117.42785 44.90317
        vertex -38.745346 117.047585 49.698692
    endloop
endfacet
facet normal -0.92189831 -0.24226674 -0.30234137
    outer loop
        vertex -20.56918 10.9156685 67.01035
        vertex -20.854692 11.952412 67.05019
        vertex -16.572336 11.57215 54.29715
    endloop
endfacet
facet normal -0.92554677 -0.24375598 -0.28973457
    outer loop
        vertex -20.56918 10.9156685 67.01035
        vertex -24.321695 10 79.76799
        vertex -20.854692 11.952412 67.05019
    endloop
endfacet
facet normal -0.94378775 -0.06729275 -0.32363001
    outer loop
        vertex -14.695987 11.403146 48.620144
        vertex -16.84838 12.764041 54.614098
        vertex -14.0771 15.827238 45.895405
    endloop
endfacet
facet normal -0.94052207 -0.13491286 -0.31179601
    outer loop
        vertex -16.572336 11.57215 54.29715
        vertex -20.854692 11.952412 67.05019
        vertex -16.84838 12.764041 54.614098
    endloop
endfacet
facet normal -0.34961921 -0.13492396 -0.92712563
    outer loop
        vertex -26.17526 117.42785 44.90317
        vertex -26.483528 116.235954 45.192875
        vertex -38.745346 117.047585 49.698692
    endloop
endfacet
facet normal -0.34136897 -0.05364171 -0.93839741
    outer loop
        vertex -20.578485 117.596855 42.798367
        vertex -13.212669 119 40.03863
        vertex -17.891201 113.17276 42.073685
    endloop
endfacet
facet normal -0.6881935 -0.56987548 -0.44903407
    outer loop
        vertex -52.971375 42.396755 102.7492
        vertex -56.832077 42.359375 108.713585
        vertex -57.81525 44.0625 108.058945
    endloop
endfacet
facet normal -0.71337789 -0.53624809 -0.45114291
    outer loop
        vertex -52.971375 42.396755 102.7492
        vertex -47.340546 40.740356 95.81422
        vertex -55.839714 40.65625 109.35365
    endloop
endfacet
facet normal -0.47656703 -0.56978017 -0.66950315
    outer loop
        vertex -73.179855 86.60325 83.269066
        vertex -78.98297 86.640625 87.36804
        vertex -79.65933 88.34375 86.40005
    endloop
endfacet
facet normal -0.47652569 -0.5698846 -0.66944373
    outer loop
        vertex -73.179855 86.60325 83.269066
        vertex -78.29238 84.9375 88.3263
        vertex -78.98297 86.640625 87.36804
    endloop
endfacet
facet normal -0.40663323 -0.19256075 -0.8930676
    outer loop
        vertex -33.394173 111.30887 48.929195
        vertex -30.303417 108.70883 48.08252
        vertex -39.920612 109.466675 52.298035
    endloop
endfacet
facet normal -0.37959981 -0.18023363 -0.90742487
    outer loop
        vertex -33.394173 111.30887 48.929195
        vertex -27.538515 113.80107 45.984615
        vertex -17.891201 113.17276 42.073685
    endloop
endfacet
facet normal -0.41333398 -0.25468224 -0.87423801
    outer loop
        vertex -39.920612 109.466675 52.298035
        vertex -39.29449 107.0571 52.703964
        vertex -49.92313 107.61511 57.566555
    endloop
endfacet
facet normal -0.4050411 -0.25324959 -0.87852508
    outer loop
        vertex -39.920612 109.466675 52.298035
        vertex -30.303417 108.70883 48.08252
        vertex -39.29449 107.0571 52.703964
    endloop
endfacet
facet normal -0.90972328 -0.19072618 -0.36881849
    outer loop
        vertex -20.297691 17.691135 61.658943
        vertex -19.574484 20.291174 58.530537
        vertex -16.684494 19.705034 51.70523
    endloop
endfacet
facet normal -0.90879548 -0.19257659 -0.37014183
    outer loop
        vertex -20.297691 17.691135 61.658943
        vertex -23.39787 19.533329 68.31224
        vertex -19.574484 20.291174 58.530537
    endloop
endfacet
facet normal -0.89420623 -0.25324175 -0.36913943
    outer loop
        vertex -23.39787 19.533329 68.31224
        vertex -23.826551 21.9429 67.69764
        vertex -19.574484 20.291174 58.530537
    endloop
endfacet
facet normal -0.872307 -0.33720225 -0.3540836
    outer loop
        vertex -23.39787 19.533329 68.31224
        vertex -26.932718 18.173092 78.31595
        vertex -28.255358 21.384884 78.515686
    endloop
endfacet
facet normal -0.76994568 -0.08646444 -0.63222426
    outer loop
        vertex -14.664408 55.2932 43.119156
        vertex -16.92885 55.135715 45.898415
        vertex -18.564083 59.61662 47.277042
    endloop
endfacet
facet normal -0.77472681 -0.015594 -0.63210386
    outer loop
        vertex -14.664408 55.2932 43.119156
        vertex -12.72141 50.875 40.846752
        vertex -16.92885 55.135715 45.898415
    endloop
endfacet
facet normal -0.66295063 -0.01556117 -0.7485013
    outer loop
        vertex -15.173984 73.706795 42.598675
        vertex -17.859 73.86429 44.97353
        vertex -12.974002 78.125 40.55829
    endloop
endfacet
facet normal -0.69074619 -0.04022539 -0.72197765
    outer loop
        vertex -15.173984 73.706795 42.598675
        vertex -16.571165 69.24922 44.183773
        vertex -19.17829 69.383385 46.670643
    endloop
endfacet
facet normal -0.5985167 -0.31820831 -0.73520148
    outer loop
        vertex -43.51685 79.65352 65.08056
        vertex -41.78555 76.25059 65.14398
        vertex -52.56612 78.96994 72.7433
    endloop
endfacet
facet normal -0.61373287 -0.2181236 -0.75878459
    outer loop
        vertex -43.51685 79.65352 65.08056
        vertex -34.7637 81.18782 57.55963
        vertex -28.64099 78.14916 53.480865
    endloop
endfacet
facet normal -0.61133021 -0.39443126 -0.68607527
    outer loop
        vertex -45.504734 74.165 69.357635
        vertex -39.413025 73.8529 64.109024
        vertex -50.588352 72.15744 75.04158
    endloop
endfacet
facet normal -0.62867719 -0.31521189 -0.71091944
    outer loop
        vertex -45.504734 74.165 69.357635
        vertex -41.78555 76.25059 65.14398
        vertex -39.413025 73.8529 64.109024
    endloop
endfacet
facet normal -0.596138 -0.42283252 -0.6825189
    outer loop
        vertex -64.30045 75.25271 85.10068
        vertex -45.504734 74.165 69.357635
        vertex -50.588352 72.15744 75.04158
    endloop
endfacet
facet normal -0.62011069 -0.30085948 -0.72453183
    outer loop
        vertex -41.78555 76.25059 65.14398
        vertex -33.60712 75.928925 58.277817
        vertex -39.413025 73.8529 64.109024
    endloop
endfacet
facet normal -0.63201815 -0.32059899 -0.70552766
    outer loop
        vertex -39.413025 73.8529 64.109024
        vertex -33.80612 73.47231 59.25925
        vertex -40.965862 69.92528 67.28482
    endloop
endfacet
facet normal -0.64458287 -0.23803976 -0.72653276
    outer loop
        vertex -39.413025 73.8529 64.109024
        vertex -33.60712 75.928925 58.277817
        vertex -33.80612 73.47231 59.25925
    endloop
endfacet
facet normal -0.64050001 -0.23960492 -0.72962278
    outer loop
        vertex -33.80612 73.47231 59.25925
        vertex -33.60712 75.928925 58.277817
        vertex -26.537724 74.562744 52.520588
    endloop
endfacet
facet normal -0.6388638 -0.31495506 -0.70189482
    outer loop
        vertex -39.413025 73.8529 64.109024
        vertex -40.965862 69.92528 67.28482
        vertex -50.588352 72.15744 75.04158
    endloop
endfacet
facet normal -0.65987831 -0.3237004 -0.67806977
    outer loop
        vertex -40.965862 69.92528 67.28482
        vertex -40.01419 67.9841 67.28537
        vertex -51.5533 68.47396 78.28105
    endloop
endfacet
facet normal -0.65369409 -0.32067066 -0.6854592
    outer loop
        vertex -40.965862 69.92528 67.28482
        vertex -32.47179 69.63429 59.320503
        vertex -40.01419 67.9841 67.28537
    endloop
endfacet
facet normal -0.42741865 -0.10921896 -0.89743221
    outer loop
        vertex -23.780138 106.14101 45.39755
        vertex -22.310713 107.79293 44.496666
        vertex -18.776772 107.385864 42.863102
    endloop
endfacet
facet normal -0.42768818 -0.18306644 -0.88519466
    outer loop
        vertex -23.780138 106.14101 45.39755
        vertex -30.131187 103.244225 49.065186
        vertex -39.29449 107.0571 52.703964
    endloop
endfacet
facet normal -0.42771387 -0.1155097 -0.89650339
    outer loop
        vertex -18.776772 107.385864 42.863102
        vertex -22.310713 107.79293 44.496666
        vertex -23.599415 109.29497 44.917965
    endloop
endfacet
facet normal -0.44025081 -0.05315261 -0.89630026
    outer loop
        vertex -23.780138 106.14101 45.39755
        vertex -13.152401 105.375 40.22277
        vertex -16.660242 102.50247 42.116123
    endloop
endfacet
facet normal -0.91683155 -0.11953479 -0.38096118
    outer loop
        vertex -17.15338 22.858992 51.898132
        vertex -16.314314 21.20707 50.39714
        vertex -19.574484 20.291174 58.530537
    endloop
endfacet
facet normal -0.914002 -0.10921948 -0.39073199
    outer loop
        vertex -17.15338 22.858992 51.898132
        vertex -14.824784 21.614134 46.79904
        vertex -16.314314 21.20707 50.39714
    endloop
endfacet
facet normal -0.89827853 -0.11396147 -0.4243919
    outer loop
        vertex -16.274782 27.045612 48.9738
        vertex -14.159245 26.497528 44.643177
        vertex -20.557966 25.755774 58.386055
    endloop
endfacet
facet normal -0.91308147 -0.11553995 -0.39106604
    outer loop
        vertex -14.824784 21.614134 46.79904
        vertex -16.684494 19.705034 51.70523
        vertex -16.314314 21.20707 50.39714
    endloop
endfacet
facet normal -0.8551935 -0.43484709 -0.28204966
    outer loop
        vertex -27.408087 11.908714 86.87395
        vertex -29.555038 11.2826 94.34895
        vertex -30.15857 13.973959 92.029526
    endloop
endfacet
facet normal -0.88452995 -0.36930966 -0.28498614
    outer loop
        vertex -27.408087 11.908714 86.87395
        vertex -24.321695 10 79.76799
        vertex -29.555038 11.2826 94.34895
    endloop
endfacet
facet normal -0.32056272 -0.36931863 -0.87226331
    outer loop
        vertex -58.28742 117.091286 57.04929
        vertex -65.667915 117.7174 59.496574
        vertex -51.307793 119 53.676075
    endloop
endfacet
facet normal -0.31644118 -0.43486574 -0.84306401
    outer loop
        vertex -58.28742 117.091286 57.04929
        vertex -63.33217 115.02604 60.008106
        vertex -65.667915 117.7174 59.496574
    endloop
endfacet
facet normal -0.71352118 -0.15204819 -0.68393624
    outer loop
        vertex -24.05063 67.43267 51.738144
        vertex -21.333925 64.84736 49.478672
        vertex -36.422184 64.28844 65.34386
    endloop
endfacet
facet normal -0.69777781 -0.11538246 -0.70696038
    outer loop
        vertex -24.05063 67.43267 51.738144
        vertex -18.525827 67.81635 46.22248
        vertex -21.333925 64.84736 49.478672
    endloop
endfacet
facet normal -0.43687651 -0.57020974 -0.69570082
    outer loop
        vertex -75.10099 93.496735 79.31887
        vertex -81.60314 93.453125 83.437744
        vertex -82.22264 95.15625 82.430855
    endloop
endfacet
facet normal -0.45985433 -0.5337137 -0.70970678
    outer loop
        vertex -75.10099 93.496735 79.31887
        vertex -66.46925 91.84812 74.96573
        vertex -80.96942 91.75 84.4349
    endloop
endfacet
facet normal -0.7129572 -0.56997883 -0.4084312
    outer loop
        vertex -48.9553 35.503265 104.52297
        vertex -52.807476 35.546875 111.18647
        vertex -53.82741 37.25 110.5901
    endloop
endfacet
facet normal -0.71281433 -0.57021803 -0.40834707
    outer loop
        vertex -48.9553 35.503265 104.52297
        vertex -51.77835 33.84375 111.76827
        vertex -52.807476 35.546875 111.18647
    endloop
endfacet
facet normal -0.51520163 -0.37126392 -0.77248335
    outer loop
        vertex -48.77513 87.945045 65.27271
        vertex -54.737446 91.74547 67.42271
        vertex -40.423138 89.79456 58.81352
    endloop
endfacet
facet normal -0.51747996 -0.41751572 -0.74692374
    outer loop
        vertex -48.77513 87.945045 65.27271
        vertex -55.428722 85.14543 71.44735
        vertex -66.47528 88.25964 77.35979
    endloop
endfacet
facet normal -0.54737711 -0.41777208 -0.7251516
    outer loop
        vertex -55.428722 85.14543 71.44735
        vertex -55.741486 82.09896 73.43856
        vertex -77.587585 83.234375 89.27485
    endloop
endfacet
facet normal -0.53490233 -0.42310077 -0.73134482
    outer loop
        vertex -55.428722 85.14543 71.44735
        vertex -44.209805 85.077675 63.281082
        vertex -55.741486 82.09896 73.43856
    endloop
endfacet
facet normal -0.77658027 -0.39324757 -0.4922187
    outer loop
        vertex -35.979607 41.054955 77.638565
        vertex -37.891235 37.25453 83.690834
        vertex -47.340546 40.740356 95.81422
    endloop
endfacet
facet normal -0.79271418 -0.3712528 -0.48350343
    outer loop
        vertex -35.979607 41.054955 77.638565
        vertex -29.86623 39.20544 69.03568
        vertex -37.891235 37.25453 83.690834
    endloop
endfacet
facet normal -0.75241089 -0.42307884 -0.50485861
    outer loop
        vertex -41.876102 43.854576 84.53105
        vertex -43.848858 46.901043 84.918144
        vertex -34.170673 43.922325 72.99057
    endloop
endfacet
facet normal -0.7371062 -0.46908414 -0.48645094
    outer loop
        vertex -41.876102 43.854576 84.53105
        vertex -47.340546 40.740356 95.81422
        vertex -52.971375 42.396755 102.7492
    endloop
endfacet
facet normal -0.85724062 -0.05771926 -0.51167065
    outer loop
        vertex -15.839835 39.89029 46.140526
        vertex -15.77379 45.07626 45.44487
        vertex -12.57358 37.25 40.96616
    endloop
endfacet
facet normal -0.84076571 -0.06144764 -0.53790087
    outer loop
        vertex -15.839835 39.89029 46.140526
        vertex -19.2905 41.234085 51.380577
        vertex -15.77379 45.07626 45.44487
    endloop
endfacet
facet normal -0.66287732 -0.08650894 -0.74371338
    outer loop
        vertex -15.173984 73.706795 42.598675
        vertex -19.17829 69.383385 46.670643
        vertex -17.859 73.86429 44.97353
    endloop
endfacet
facet normal -0.707892 -0.03784253 -0.70530623
    outer loop
        vertex -16.571165 69.24922 44.183773
        vertex -12.855869 64.5 40.70967
        vertex -18.525827 67.81635 46.22248
    endloop
endfacet
facet normal -0.57149267 -0.06147064 -0.81830156
    outer loop
        vertex -18.11602 89.10971 43.872585
        vertex -17.433771 83.923744 43.78568
        vertex -23.21473 87.765915 47.534412
    endloop
endfacet
facet normal -0.54592872 -0.05781371 -0.8358345
    outer loop
        vertex -18.11602 89.10971 43.872585
        vertex -13.0728445 91.75 40.39599
        vertex -17.433771 83.923744 43.78568
    endloop
endfacet
facet normal -0.74213904 -0.12365033 -0.65874147
    outer loop
        vertex -16.184591 59.75078 44.57112
        vertex -18.564083 59.61662 47.277042
        vertex -22.241856 61.10001 51.141983
    endloop
endfacet
facet normal -0.74935031 -0.04026306 -0.66094846
    outer loop
        vertex -16.184591 59.75078 44.57112
        vertex -14.664408 55.2932 43.119156
        vertex -18.564083 59.61662 47.277042
    endloop
endfacet
facet normal -0.86524463 -0.39630759 -0.30707005
    outer loop
        vertex -25.47573 14.602325 78.02351
        vertex -30.15857 13.973959 92.029526
        vertex -28.924725 16.26855 85.591446
    endloop
endfacet
facet normal -0.91352093 -0.24343659 -0.32591131
    outer loop
        vertex -25.47573 14.602325 78.02351
        vertex -21.09153 13.093193 66.861946
        vertex -20.854692 11.952412 67.05019
    endloop
endfacet
facet normal -0.86001217 -0.38403583 -0.33599925
    outer loop
        vertex -28.924725 16.26855 85.591446
        vertex -31.036638 17.828768 89.21375
        vertex -26.932718 18.173092 78.31595
    endloop
endfacet
facet normal -0.84953564 -0.42396423 -0.31391656
    outer loop
        vertex -28.924725 16.26855 85.591446
        vertex -30.15857 13.973959 92.029526
        vertex -34.725952 15.698109 102.06142
    endloop
endfacet
facet normal -0.89025229 -0.25469598 -0.37759861
    outer loop
        vertex -23.39787 19.533329 68.31224
        vertex -28.255358 21.384884 78.515686
        vertex -23.826551 21.9429 67.69764
    endloop
endfacet
facet normal -0.87657171 -0.33978239 -0.34083706
    outer loop
        vertex -26.932718 18.173092 78.31595
        vertex -31.036638 17.828768 89.21375
        vertex -28.255358 21.384884 78.515686
    endloop
endfacet
facet normal -0.34274608 -0.38831055 -0.85541809
    outer loop
        vertex -49.52868 114.397675 54.76261
        vertex -63.33217 115.02604 60.008106
        vertex -58.28742 117.091286 57.04929
    endloop
endfacet
facet normal -0.34184819 -0.39632499 -0.85209531
    outer loop
        vertex -49.52868 114.397675 54.76261
        vertex -56.954544 112.73145 58.51675
        vertex -63.33217 115.02604 60.008106
    endloop
endfacet
facet normal -0.34835854 -0.42183173 -0.83708084
    outer loop
        vertex -56.954544 112.73145 58.51675
        vertex -60.4919 111.171234 60.775097
        vertex -73.174835 113.30189 64.97951
    endloop
endfacet
facet normal -0.37054548 -0.38401932 -0.84570986
    outer loop
        vertex -56.954544 112.73145 58.51675
        vertex -49.769962 110.82691 56.233658
        vertex -60.4919 111.171234 60.775097
    endloop
endfacet
facet normal -0.37604377 -0.33981451 -0.86204237
    outer loop
        vertex -49.769962 110.82691 56.233658
        vertex -49.92313 107.61511 57.566555
        vertex -60.4919 111.171234 60.775097
    endloop
endfacet
facet normal -0.37182871 -0.19793575 -0.90695357
    outer loop
        vertex -33.394173 111.30887 48.929195
        vertex -38.75916 113.694374 50.60809
        vertex -27.538515 113.80107 45.984615
    endloop
endfacet
facet normal -0.52328891 -0.14044814 -0.84050161
    outer loop
        vertex -21.156937 93.960526 45.392487
        vertex -24.386099 93.9684 47.40162
        vertex -26.15829 96.16318 48.13822
    endloop
endfacet
facet normal -0.54001695 -0.08140007 -0.83770865
    outer loop
        vertex -21.156937 93.960526 45.392487
        vertex -13.0728445 91.75 40.39599
        vertex -26.841465 92.41021 49.20758
    endloop
endfacet
facet normal -0.8598609 -0.14931342 -0.48820567
    outer loop
        vertex -17.241344 35.03948 49.250526
        vertex -19.1181 35.0316 52.558403
        vertex -20.821293 36.589794 55.081623
    endloop
endfacet
facet normal -0.86099595 -0.14047292 -0.48882863
    outer loop
        vertex -17.241344 35.03948 49.250526
        vertex -19.784912 32.83683 54.363594
        vertex -19.1181 35.0316 52.558403
    endloop
endfacet
facet normal -0.50497878 -0.08636636 -0.85879993
    outer loop
        vertex -16.213966 98.00648 42.105534
        vertex -26.15829 96.16318 48.13822
        vertex -19.027666 99.76696 43.58296
    endloop
endfacet
facet normal -0.52308255 -0.14022595 -0.84066725
    outer loop
        vertex -24.386099 93.9684 47.40162
        vertex -34.07518 93.99202 53.42645
        vertex -26.15829 96.16318 48.13822
    endloop
endfacet
facet normal -0.81092286 -0.27300203 -0.51756555
    outer loop
        vertex -28.934847 41.96844 66.11898
        vertex -29.86623 39.20544 69.03568
        vertex -35.979607 41.054955 77.638565
    endloop
endfacet
facet normal -0.81518465 -0.26751009 -0.51372391
    outer loop
        vertex -28.934847 41.96844 66.11898
        vertex -23.648869 40.70531 58.38886
        vertex -29.86623 39.20544 69.03568
    endloop
endfacet
facet normal -0.8611533 -0.14024973 -0.48861536
    outer loop
        vertex -19.1181 35.0316 52.558403
        vertex -19.784912 32.83683 54.363594
        vertex -24.74573 35.00798 62.48352
    endloop
endfacet
facet normal -0.86646706 -0.03636583 -0.49790794
    outer loop
        vertex -17.241344 35.03948 49.250526
        vertex -12.57358 37.25 40.96616
        vertex -14.161881 30.99352 44.187103
    endloop
endfacet
facet normal -0.5463084 -0.26751265 -0.79371536
    outer loop
        vertex -37.552013 87.031555 57.768585
        vertex -40.423138 89.79456 58.81352
        vertex -30.039759 88.29469 52.17223
    endloop
endfacet
facet normal -0.54332703 -0.32841855 -0.77261692
    outer loop
        vertex -37.552013 87.031555 57.768585
        vertex -44.209805 85.077675 63.281082
        vertex -48.77513 87.945045 65.27271
    endloop
endfacet
facet normal -0.58151382 -0.53551322 -0.61242735
    outer loop
        vertex -60.10429 70.19811 85.237335
        vertex -71.43737 69.609375 96.51315
        vertex -65.98278 72.06944 89.182785
    endloop
endfacet
facet normal -0.60240012 -0.50986695 -0.61412531
    outer loop
        vertex -60.10429 70.19811 85.237335
        vertex -51.5533 68.47396 78.28105
        vertex -63.521465 66.392365 91.748924
    endloop
endfacet
facet normal -0.61686701 -0.57524216 -0.53718865
    outer loop
        vertex -55.44347 58.801888 89.73245
        vertex -66.250244 59.390625 101.511696
        vertex -67.14151 61.09375 100.71139
    endloop
endfacet
facet normal -0.63546503 -0.53552336 -0.55623645
    outer loop
        vertex -55.44347 58.801888 89.73245
        vertex -59.15065 56.930557 95.76932
        vertex -66.250244 59.390625 101.511696
    endloop
endfacet
facet normal -0.70242995 -0.29135907 -0.64938599
    outer loop
        vertex -39.260426 62.34673 69.28512
        vertex -36.422184 64.28844 65.34386
        vertex -32.294247 62.225716 61.804214
    endloop
endfacet
facet normal -0.65929317 -0.43698934 -0.6118601
    outer loop
        vertex -39.260426 62.34673 69.28512
        vertex -48.836308 60.526043 80.90368
        vertex -51.981884 64.25839 81.62747
    endloop
endfacet
facet normal -0.79127836 -0.53899056 -0.2887345
    outer loop
        vertex -34.725952 15.698109 102.06142
        vertex -39.85139 15.109375 117.20672
        vertex -38.242702 17.569445 108.2058
    endloop
endfacet
facet normal -0.81071651 -0.51369041 -0.28082177
    outer loop
        vertex -34.725952 15.698109 102.06142
        vertex -30.15857 13.973959 92.029526
        vertex -34.86605 11.892362 109.4275
    endloop
endfacet
facet normal -0.31219083 -0.57911462 -0.7531023
    outer loop
        vertex -73.174835 113.30189 64.97951
        vertex -88.09886 113.890625 70.71339
        vertex -88.54777 115.59375 69.58982
    endloop
endfacet
facet normal -0.32053232 -0.53900284 -0.77893192
    outer loop
        vertex -73.174835 113.30189 64.97951
        vertex -79.17604 111.43056 68.743935
        vertex -88.09886 113.890625 70.71339
    endloop
endfacet
facet normal -0.411614 -0.06105389 -0.90931088
    outer loop
        vertex -18.776772 107.385864 42.863102
        vertex -23.599415 109.29497 44.917965
        vertex -17.891201 113.17276 42.073685
    endloop
endfacet
facet normal -0.41703957 -0.10457051 -0.90285265
    outer loop
        vertex -22.310713 107.79293 44.496666
        vertex -30.303417 108.70883 48.08252
        vertex -23.599415 109.29497 44.917965
    endloop
endfacet
facet normal -0.91899705 -0.10457028 -0.38014397
    outer loop
        vertex -16.314314 21.20707 50.39714
        vertex -16.684494 19.705034 51.70523
        vertex -19.574484 20.291174 58.530537
    endloop
endfacet
facet normal -0.91324288 -0.05495631 -0.4036921
    outer loop
        vertex -14.824784 21.614134 46.79904
        vertex -12.41238 23.625 41.06789
        vertex -14.0771 15.827238 45.895405
    endloop
endfacet
facet normal -0.86858636 -0.38832831 -0.30782938
    outer loop
        vertex -27.408087 11.908714 86.87395
        vertex -30.15857 13.973959 92.029526
        vertex -25.47573 14.602325 78.02351
    endloop
endfacet
facet normal -0.85433304 -0.4357278 -0.28329548
    outer loop
        vertex -29.555038 11.2826 94.34895
        vertex -34.86605 11.892362 109.4275
        vertex -30.15857 13.973959 92.029526
    endloop
endfacet
facet normal -0.31765011 -0.43574241 -0.84215617
    outer loop
        vertex -65.667915 117.7174 59.496574
        vertex -63.33217 115.02604 60.008106
        vertex -80.52047 117.107635 65.41426
    endloop
endfacet
facet normal -0.33153096 -0.34176359 -0.87936616
    outer loop
        vertex -58.28742 117.091286 57.04929
        vertex -51.307793 119 53.676075
        vertex -38.745346 117.047585 49.698692
    endloop
endfacet
facet normal -0.36263543 -0.24340403 -0.89958328
    outer loop
        vertex -38.745346 117.047585 49.698692
        vertex -38.550297 115.90681 49.92873
        vertex -49.52868 114.397675 54.76261
    endloop
endfacet
facet normal -0.34873179 -0.24219722 -0.90538758
    outer loop
        vertex -38.745346 117.047585 49.698692
        vertex -26.483528 116.235954 45.192875
        vertex -38.550297 115.90681 49.92873
    endloop
endfacet
facet normal -0.91876519 -0.24219489 -0.31178862
    outer loop
        vertex -20.854692 11.952412 67.05019
        vertex -21.09153 13.093193 66.861946
        vertex -16.84838 12.764041 54.614098
    endloop
endfacet
facet normal -0.89206409 -0.34177485 -0.29565454
    outer loop
        vertex -20.854692 11.952412 67.05019
        vertex -24.321695 10 79.76799
        vertex -27.408087 11.908714 86.87395
    endloop
endfacet
facet normal -0.86324859 -0.34222421 -0.37105843
    outer loop
        vertex -28.255358 21.384884 78.515686
        vertex -29.543175 24.382982 78.746605
        vertex -23.826551 21.9429 67.69764
    endloop
endfacet
facet normal -0.84237283 -0.40627316 -0.35404804
    outer loop
        vertex -28.255358 21.384884 78.515686
        vertex -31.036638 17.828768 89.21375
        vertex -38.67311 20.80982 103.962135
    endloop
endfacet
facet normal -0.84677809 -0.33413222 -0.41391122
    outer loop
        vertex -29.543175 24.382982 78.746605
        vertex -31.208014 26.56478 80.39126
        vertex -27.074976 28.229746 70.59185
    endloop
endfacet
facet normal -0.85005492 -0.35613537 -0.38803875
    outer loop
        vertex -29.543175 24.382982 78.746605
        vertex -33.87854 24.641268 88.0068
        vertex -31.208014 26.56478 80.39126
    endloop
endfacet
facet normal -0.4257215 -0.33754507 -0.8395384
    outer loop
        vertex -49.92313 107.61511 57.566555
        vertex -50.10828 104.61701 58.86586
        vertex -59.185905 104.358734 63.572876
    endloop
endfacet
facet normal -0.40570396 -0.3422372 -0.84751284
    outer loop
        vertex -49.92313 107.61511 57.566555
        vertex -39.29449 107.0571 52.703964
        vertex -50.10828 104.61701 58.86586
    endloop
endfacet
facet normal -0.42213508 -0.35614854 -0.8336426
    outer loop
        vertex -50.10828 104.61701 58.86586
        vertex -51.688892 102.43523 60.598343
        vertex -59.185905 104.358734 63.572876
    endloop
endfacet
facet normal -0.44117087 -0.23322636 -0.8665874
    outer loop
        vertex -50.10828 104.61701 58.86586
        vertex -39.29449 107.0571 52.703964
        vertex -30.131187 103.244225 49.065186
    endloop
endfacet
facet normal -0.49068686 -0.40252411 -0.77278763
    outer loop
        vertex -54.737446 91.74547 67.42271
        vertex -57.48902 93.59373 68.20713
        vertex -44.62277 92.812126 60.44473
    endloop
endfacet
facet normal -0.49516401 -0.41269767 -0.7645216
    outer loop
        vertex -54.737446 91.74547 67.42271
        vertex -66.46925 91.84812 74.96573
        vertex -57.48902 93.59373 68.20713
    endloop
endfacet
facet normal -0.78393698 -0.41271237 -0.46380097
    outer loop
        vertex -37.891235 37.25453 83.690834
        vertex -38.565853 35.406277 86.47577
        vertex -44.953205 37.15188 95.718636
    endloop
endfacet
facet normal -0.8216089 -0.29310879 -0.48892325
    outer loop
        vertex -37.891235 37.25453 83.690834
        vertex -29.86623 39.20544 69.03568
        vertex -31.329792 36.187874 73.304146
    endloop
endfacet
facet normal -0.62739342 -0.4150787 -0.65885288
    outer loop
        vertex -40.965862 69.92528 67.28482
        vertex -51.5533 68.47396 78.28105
        vertex -50.588352 72.15744 75.04158
    endloop
endfacet
facet normal -0.64743245 -0.37645 -0.66265881
    outer loop
        vertex -40.01419 67.9841 67.28537
        vertex -44.494698 66.21143 72.66996
        vertex -51.5533 68.47396 78.28105
    endloop
endfacet
facet normal -0.77326137 -0.01400899 -0.63393259
    outer loop
        vertex -12.72141 50.875 40.846752
        vertex -14.664408 55.2932 43.119156
        vertex -12.855869 64.5 40.70967
    endloop
endfacet
facet normal -0.76586765 -0.13727675 -0.62817341
    outer loop
        vertex -16.92885 55.135715 45.898415
        vertex -19.735327 54.915527 49.368183
        vertex -22.74654 59.434322 52.05194
    endloop
endfacet
facet normal -0.68856347 -0.07061991 -0.72172928
    outer loop
        vertex -17.859 73.86429 44.97353
        vertex -19.17829 69.383385 46.670643
        vertex -23.779615 69.565674 51.042686
    endloop
endfacet
facet normal -0.70395285 -0.03166338 -0.70954067
    outer loop
        vertex -16.571165 69.24922 44.183773
        vertex -15.173984 73.706795 42.598675
        vertex -12.855869 64.5 40.70967
    endloop
endfacet
facet normal -0.78859133 -0.14027444 -0.59870434
    outer loop
        vertex -24.999107 50.850838 57.024147
        vertex -22.060963 52.794445 52.69875
        vertex -12.72141 50.875 40.846752
    endloop
endfacet
facet normal -0.7721383 -0.18540251 -0.60780627
    outer loop
        vertex -24.999107 50.850838 57.024147
        vertex -29.587763 53.071075 62.17618
        vertex -22.060963 52.794445 52.69875
    endloop
endfacet
facet normal -0.63857234 -0.18538626 -0.74689847
    outer loop
        vertex -28.64099 78.14916 53.480865
        vertex -24.441694 76.20556 50.37303
        vertex -33.60712 75.928925 58.277817
    endloop
endfacet
facet normal -0.63048673 -0.13634932 -0.76413041
    outer loop
        vertex -28.64099 78.14916 53.480865
        vertex -24.566635 80.85529 49.636227
        vertex -12.974002 78.125 40.55829
    endloop
endfacet
facet normal -0.769324 -0.13647585 -0.62411124
    outer loop
        vertex -22.060963 52.794445 52.69875
        vertex -24.11941 54.43726 54.8769
        vertex -19.735327 54.915527 49.368183
    endloop
endfacet
facet normal -0.77512169 -0.16128379 -0.6108796
    outer loop
        vertex -22.060963 52.794445 52.69875
        vertex -29.587763 53.071075 62.17618
        vertex -24.11941 54.43726 54.8769
    endloop
endfacet
facet normal -0.64175963 -0.16129993 -0.74975121
    outer loop
        vertex -24.441694 76.20556 50.37303
        vertex -26.537724 74.562744 52.520588
        vertex -33.60712 75.928925 58.277817
    endloop
endfacet
facet normal -0.64432019 -0.05193584 -0.7629903
    outer loop
        vertex -24.441694 76.20556 50.37303
        vertex -12.974002 78.125 40.55829
        vertex -17.859 73.86429 44.97353
    endloop
endfacet
facet normal -0.42554924 -0.41519186 -0.8040669
    outer loop
        vertex -51.688892 102.43523 60.598343
        vertex -60.62541 101.40104 65.86198
        vertex -59.185905 104.358734 63.572876
    endloop
endfacet
facet normal -0.4477725 -0.33993194 -0.82701033
    outer loop
        vertex -51.688892 102.43523 60.598343
        vertex -42.068413 100.770256 56.07384
        vertex -60.62541 101.40104 65.86198
    endloop
endfacet
facet normal -0.84445614 -0.3399474 -0.4139199
    outer loop
        vertex -31.208014 26.56478 80.39126
        vertex -36.104435 27.598959 89.5313
        vertex -27.074976 28.229746 70.59185
    endloop
endfacet
facet normal -0.82063133 -0.41520748 -0.39264116
    outer loop
        vertex -31.208014 26.56478 80.39126
        vertex -33.87854 24.641268 88.0068
        vertex -36.104435 27.598959 89.5313
    endloop
endfacet
facet normal -0.69857109 -0.24323383 -0.67293072
    outer loop
        vertex -36.422184 64.28844 65.34386
        vertex -21.333925 64.84736 49.478672
        vertex -32.294247 62.225716 61.804214
    endloop
endfacet
facet normal -0.67843562 -0.30933449 -0.66636127
    outer loop
        vertex -36.422184 64.28844 65.34386
        vertex -44.494698 66.21143 72.66996
        vertex -40.01419 67.9841 67.28537
    endloop
endfacet
facet normal -0.7967034 -0.41732344 -0.43715543
    outer loop
        vertex -39.53002 32.976864 90.55214
        vertex -38.565853 35.406277 86.47577
        vertex -34.206955 33.46528 80.38474
    endloop
endfacet
facet normal -0.75325823 -0.51631433 -0.40745738
    outer loop
        vertex -39.53002 32.976864 90.55214
        vertex -45.35091 30.059029 105.01047
        vertex -50.740032 32.140625 112.33551
    endloop
endfacet
facet normal -0.80987859 -0.35621101 -0.46605831
    outer loop
        vertex -38.565853 35.406277 86.47577
        vertex -31.329792 36.187874 73.304146
        vertex -34.206955 33.46528 80.38474
    endloop
endfacet
facet normal -0.75098634 -0.48776039 -0.44509491
    outer loop
        vertex -37.891235 37.25453 83.690834
        vertex -44.953205 37.15188 95.718636
        vertex -47.340546 40.740356 95.81422
    endloop
endfacet
facet normal -0.46649057 -0.47906151 -0.74356335
    outer loop
        vertex -75.10099 93.496735 79.31887
        vertex -57.48902 93.59373 68.20713
        vertex -66.46925 91.84812 74.96573
    endloop
endfacet
facet normal -0.46905121 -0.41733611 -0.77834547
    outer loop
        vertex -61.518017 96.02314 69.3325
        vertex -51.57549 95.53472 63.602753
        vertex -57.48902 93.59373 68.20713
    endloop
endfacet
facet normal -0.52178562 -0.29311007 -0.80114055
    outer loop
        vertex -54.737446 91.74547 67.42271
        vertex -44.62277 92.812126 60.44473
        vertex -40.423138 89.79456 58.81352
    endloop
endfacet
facet normal -0.498469 -0.35619164 -0.79035187
    outer loop
        vertex -57.48902 93.59373 68.20713
        vertex -51.57549 95.53472 63.602753
        vertex -44.62277 92.812126 60.44473
    endloop
endfacet
facet normal -0.52400899 -0.21608214 -0.82384646
    outer loop
        vertex -44.62277 92.812126 60.44473
        vertex -34.07518 93.99202 53.42645
        vertex -33.727783 91.423454 53.87918
    endloop
endfacet
facet normal -0.49050424 -0.30628914 -0.81583858
    outer loop
        vertex -44.62277 92.812126 60.44473
        vertex -51.57549 95.53472 63.602753
        vertex -35.386322 96.018326 53.687828
    endloop
endfacet
facet normal -0.84293884 -0.1156333 -0.5254361
    outer loop
        vertex -18.412521 39.729797 50.303116
        vertex -19.2905 41.234085 51.380577
        vertex -15.839835 39.89029 46.140526
    endloop
endfacet
facet normal -0.84026384 -0.11018457 -0.53086358
    outer loop
        vertex -18.412521 39.729797 50.303116
        vertex -23.648869 40.70531 58.38886
        vertex -19.2905 41.234085 51.380577
    endloop
endfacet
facet normal -0.8421427 -0.23110899 -0.48722109
    outer loop
        vertex -31.329792 36.187874 73.304146
        vertex -24.74573 35.00798 62.48352
        vertex -24.956182 32.981674 63.80844
    endloop
endfacet
facet normal -0.82305616 -0.29086098 -0.48783034
    outer loop
        vertex -31.329792 36.187874 73.304146
        vertex -29.86623 39.20544 69.03568
        vertex -25.209044 37.576546 62.149387
    endloop
endfacet
facet normal -0.5644483 -0.11018236 -0.81808186
    outer loop
        vertex -22.170717 89.2702 46.611477
        vertex -23.21473 87.765915 47.534412
        vertex -30.039759 88.29469 52.17223
    endloop
endfacet
facet normal -0.56018764 -0.02041248 -0.82811421
    outer loop
        vertex -22.170717 89.2702 46.611477
        vertex -13.0728445 91.75 40.39599
        vertex -18.11602 89.10971 43.872585
    endloop
endfacet
facet normal -0.88687462 -0.17503192 -0.42757133
    outer loop
        vertex -20.557966 25.755774 58.386055
        vertex -21.181198 28.278807 58.645935
        vertex -16.274782 27.045612 48.9738
    endloop
endfacet
facet normal -0.88373238 -0.23325226 -0.40572214
    outer loop
        vertex -20.557966 25.755774 58.386055
        vertex -23.826551 21.9429 67.69764
        vertex -29.543175 24.382982 78.746605
    endloop
endfacet
facet normal -0.87854069 -0.08639889 -0.46978879
    outer loop
        vertex -14.161881 30.99352 44.187103
        vertex -15.526115 29.233034 47.062096
        vertex -19.784912 32.83683 54.363594
    endloop
endfacet
facet normal -0.89301121 -0.08121049 -0.44264647
    outer loop
        vertex -16.274782 27.045612 48.9738
        vertex -21.181198 28.278807 58.645935
        vertex -15.526115 29.233034 47.062096
    endloop
endfacet
facet normal -0.47173294 -0.17313638 -0.86457616
    outer loop
        vertex -30.131187 103.244225 49.065186
        vertex -30.37102 100.7212 49.701294
        vertex -42.068413 100.770256 56.07384
    endloop
endfacet
facet normal -0.46313027 -0.17502806 -0.86883569
    outer loop
        vertex -30.131187 103.244225 49.065186
        vertex -20.902836 101.954384 44.40588
        vertex -30.37102 100.7212 49.701294
    endloop
endfacet
facet normal -0.47843906 -0.0812034 -0.87435806
    outer loop
        vertex -20.902836 101.954384 44.40588
        vertex -19.027666 99.76696 43.58296
        vertex -30.37102 100.7212 49.701294
    endloop
endfacet
facet normal -0.49925005 -0.01392918 -0.866346
    outer loop
        vertex -16.213966 98.00648 42.105534
        vertex -13.152401 105.375 40.22277
        vertex -13.0728445 91.75 40.39599
    endloop
endfacet
facet normal -0.6572091 -0.43445006 -0.61589712
    outer loop
        vertex -51.981884 64.25839 81.62747
        vertex -48.836308 60.526043 80.90368
        vertex -60.04236 63.238426 90.94809
    endloop
endfacet
facet normal -0.67498457 -0.34122387 -0.6541881
    outer loop
        vertex -39.260426 62.34673 69.28512
        vertex -44.494698 66.21143 72.66996
        vertex -36.422184 64.28844 65.34386
    endloop
endfacet
facet normal -0.63710165 -0.4384526 -0.63392496
    outer loop
        vertex -51.981884 64.25839 81.62747
        vertex -63.521465 66.392365 91.748924
        vertex -51.5533 68.47396 78.28105
    endloop
endfacet
facet normal -0.59501684 -0.57728869 -0.55918944
    outer loop
        vertex -60.04236 63.238426 90.94809
        vertex -68.02358 62.796875 99.896515
        vertex -68.89647 64.5 99.06708
    endloop
endfacet
facet normal -0.71825373 -0.07884083 -0.69129992
    outer loop
        vertex -21.333925 64.84736 49.478672
        vertex -18.525827 67.81635 46.22248
        vertex -12.855869 64.5 40.70967
    endloop
endfacet
facet normal -0.71289283 -0.23700884 -0.66000813
    outer loop
        vertex -39.260426 62.34673 69.28512
        vertex -32.294247 62.225716 61.804214
        vertex -30.665754 59.365704 61.072266
    endloop
endfacet
facet normal -0.69011277 -0.08168912 -0.71907669
    outer loop
        vertex -18.525827 67.81635 46.22248
        vertex -19.17829 69.383385 46.670643
        vertex -16.571165 69.24922 44.183773
    endloop
endfacet
facet normal -0.68825775 -0.0803664 -0.72100115
    outer loop
        vertex -18.525827 67.81635 46.22248
        vertex -23.779615 69.565674 51.042686
        vertex -19.17829 69.383385 46.670643
    endloop
endfacet
facet normal -0.58024466 -0.57624853 -0.57554656
    outer loop
        vertex -63.521465 66.392365 91.748924
        vertex -69.75765 66.203125 98.22549
        vertex -70.60463 67.90625 97.374176
    endloop
endfacet
facet normal -0.57970172 -0.57728565 -0.57505405
    outer loop
        vertex -63.521465 66.392365 91.748924
        vertex -68.89647 64.5 99.06708
        vertex -69.75765 66.203125 98.22549
    endloop
endfacet
facet normal -0.78318292 -0.50873393 -0.35751131
    outer loop
        vertex -38.67311 20.80982 103.962135
        vertex -42.174522 24.381945 106.54942
        vertex -33.87854 24.641268 88.0068
    endloop
endfacet
facet normal -0.75484604 -0.57494444 -0.31566823
    outer loop
        vertex -38.67311 20.80982 103.962135
        vertex -43.21448 20.21875 115.8983
        vertex -44.317135 21.921875 115.43304
    endloop
endfacet
facet normal -0.36559558 -0.52513468 -0.76848775
    outer loop
        vertex -74.92566 108.19018 69.00543
        vertex -77.376884 104.61806 72.61252
        vertex -86.161095 107.078125 75.11041
    endloop
endfacet
facet normal -0.38786739 -0.40624833 -0.82735795
    outer loop
        vertex -74.92566 108.19018 69.00543
        vertex -60.4919 111.171234 60.775097
        vertex -49.92313 107.61511 57.566555
    endloop
endfacet
facet normal -0.28668886 -0.5816617 -0.7612353
    outer loop
        vertex -80.52047 117.107635 65.41426
        vertex -88.982445 117.296875 68.45653
        vertex -89.40292 119 67.31352
    endloop
endfacet
facet normal -0.31341559 -0.51369905 -0.79867631
    outer loop
        vertex -80.52047 117.107635 65.41426
        vertex -63.33217 115.02604 60.008106
        vertex -73.174835 113.30189 64.97951
    endloop
endfacet
facet normal -0.77311558 -0.58035684 -0.25588718
    outer loop
        vertex -34.86605 11.892362 109.4275
        vertex -37.563374 11.703125 118.00615
        vertex -38.711975 13.40625 117.613716
    endloop
endfacet
facet normal -0.77221191 -0.58167094 -0.25563204
    outer loop
        vertex -34.86605 11.892362 109.4275
        vertex -36.40558 10 118.38402
        vertex -37.563374 11.703125 118.00615
    endloop
endfacet
facet normal -0.93006855 -0.13315164 -0.34240791
    outer loop
        vertex -16.84838 12.764041 54.614098
        vertex -17.594759 15.198931 55.694607
        vertex -14.0771 15.827238 45.895405
    endloop
endfacet
facet normal -0.93614537 -0.14476815 -0.32042813
    outer loop
        vertex -16.84838 12.764041 54.614098
        vertex -21.09153 13.093193 66.861946
        vertex -17.594759 15.198931 55.694607
    endloop
endfacet
facet normal -0.3580662 -0.14479022 -0.92240143
    outer loop
        vertex -26.483528 116.235954 45.192875
        vertex -27.538515 113.80107 45.984615
        vertex -38.550297 115.90681 49.92873
    endloop
endfacet
facet normal -0.36157072 -0.06730258 -0.92991227
    outer loop
        vertex -26.483528 116.235954 45.192875
        vertex -20.578485 117.596855 42.798367
        vertex -17.891201 113.17276 42.073685
    endloop
endfacet
facet normal -0.59366602 -0.1331511 -0.79361922
    outer loop
        vertex -24.566635 80.85529 49.636227
        vertex -26.21334 83.25307 50.46575
        vertex -17.433771 83.923744 43.78568
    endloop
endfacet
facet normal -0.609716 -0.14943695 -0.77840537
    outer loop
        vertex -24.566635 80.85529 49.636227
        vertex -34.7637 81.18782 57.55963
        vertex -26.21334 83.25307 50.46575
    endloop
endfacet
facet normal -0.80245078 -0.14945263 -0.57769954
    outer loop
        vertex -21.32648 48.144707 52.802715
        vertex -22.092 45.746933 54.486366
        vertex -28.831005 47.81218 63.312866
    endloop
endfacet
facet normal -0.80611449 -0.04363121 -0.59014893
    outer loop
        vertex -21.32648 48.144707 52.802715
        vertex -12.72141 50.875 40.846752
        vertex -15.77379 45.07626 45.44487
    endloop
endfacet
facet normal -0.83503586 -0.3062633 -0.45707521
    outer loop
        vertex -31.329792 36.187874 73.304146
        vertex -24.956182 32.981674 63.80844
        vertex -34.206955 33.46528 80.38474
    endloop
endfacet
facet normal -0.85784525 -0.21585087 -0.46637967
    outer loop
        vertex -24.74573 35.00798 62.48352
        vertex -19.784912 32.83683 54.363594
        vertex -24.956182 32.981674 63.80844
    endloop
endfacet
facet normal -0.50072646 -0.2158711 -0.8382557
    outer loop
        vertex -34.07518 93.99202 53.42645
        vertex -35.386322 96.018326 53.687828
        vertex -26.15829 96.16318 48.13822
    endloop
endfacet
facet normal -0.54997456 -0.27298966 -0.78930646
    outer loop
        vertex -48.77513 87.945045 65.27271
        vertex -40.423138 89.79456 58.81352
        vertex -37.552013 87.031555 57.768585
    endloop
endfacet
facet normal -0.54432571 -0.50599277 -0.66908956
    outer loop
        vertex -64.30045 75.25271 85.10068
        vertex -68.75053 78.88194 85.97638
        vertex -52.56612 78.96994 72.7433
    endloop
endfacet
facet normal -0.53718263 -0.57217801 -0.61971539
    outer loop
        vertex -64.30045 75.25271 85.10068
        vertex -73.85033 74.71875 93.87171
        vertex -74.62621 76.421875 92.97179
    endloop
endfacet
facet normal -0.67052972 -0.52229661 -0.52687401
    outer loop
        vertex -55.144913 53.747288 93.92906
        vertex -55.845104 50.118053 98.41787
        vertex -62.593258 52.578125 104.56725
    endloop
endfacet
facet normal -0.71409398 -0.4066214 -0.56984973
    outer loop
        vertex -55.144913 53.747288 93.92906
        vertex -45.644455 56.84256 79.815125
        vertex -43.27828 50.030056 81.71113
    endloop
endfacet
facet normal -0.77682298 -0.35406548 -0.52075309
    outer loop
        vertex -41.876102 43.854576 84.53105
        vertex -34.170673 43.922325 72.99057
        vertex -35.979607 41.054955 77.638565
    endloop
endfacet
facet normal -0.79410219 -0.25721225 -0.55067545
    outer loop
        vertex -28.934847 41.96844 66.11898
        vertex -29.15809 45.660492 64.71641
        vertex -22.092 45.746933 54.486366
    endloop
endfacet
facet normal -0.56036824 -0.21320707 -0.80033135
    outer loop
        vertex -23.21473 87.765915 47.534412
        vertex -37.552013 87.031555 57.768585
        vertex -30.039759 88.29469 52.17223
    endloop
endfacet
facet normal -0.5232628 -0.39322191 -0.75602436
    outer loop
        vertex -54.737446 91.74547 67.42271
        vertex -48.77513 87.945045 65.27271
        vertex -66.47528 88.25964 77.35979
    endloop
endfacet
facet normal -0.73033273 -0.57090336 -0.37507799
    outer loop
        vertex -45.35091 30.059029 105.01047
        vertex -49.692528 30.4375 112.888176
        vertex -50.740032 32.140625 112.33551
    endloop
endfacet
facet normal -0.76067287 -0.53365862 -0.36957455
    outer loop
        vertex -45.35091 30.059029 105.01047
        vertex -36.104435 27.598959 89.5313
        vertex -47.569942 27.03125 113.94982
    endloop
endfacet
facet normal -0.40414605 -0.57139021 -0.71426845
    outer loop
        vertex -75.722725 98.94097 75.73046
        vertex -83.419 98.5625 80.38792
        vertex -83.99585 100.265625 79.35187
    endloop
endfacet
facet normal -0.40433371 -0.57091743 -0.71454012
    outer loop
        vertex -75.722725 98.94097 75.73046
        vertex -82.82793 96.859375 81.414246
        vertex -83.419 98.5625 80.38792
    endloop
endfacet
facet normal -0.65808076 -0.14737226 -0.73838407
    outer loop
        vertex -17.859 73.86429 44.97353
        vertex -21.211897 74.08447 47.917835
        vertex -24.441694 76.20556 50.37303
    endloop
endfacet
facet normal -0.65866452 -0.13731584 -0.73980093
    outer loop
        vertex -17.859 73.86429 44.97353
        vertex -23.779615 69.565674 51.042686
        vertex -21.211897 74.08447 47.917835
    endloop
endfacet
facet normal -0.74901295 -0.07065582 -0.65877724
    outer loop
        vertex -18.564083 59.61662 47.277042
        vertex -16.92885 55.135715 45.898415
        vertex -22.74654 59.434322 52.05194
    endloop
endfacet
facet normal -0.73741764 -0.03171698 -0.67469198
    outer loop
        vertex -14.664408 55.2932 43.119156
        vertex -16.184591 59.75078 44.57112
        vertex -12.855869 64.5 40.70967
    endloop
endfacet
facet normal -0.86604476 -0.29697034 -0.40221265
    outer loop
        vertex -20.557966 25.755774 58.386055
        vertex -29.543175 24.382982 78.746605
        vertex -27.074976 28.229746 70.59185
    endloop
endfacet
facet normal -0.82331073 -0.42666897 -0.37431681
    outer loop
        vertex -33.87854 24.641268 88.0068
        vertex -42.174522 24.381945 106.54942
        vertex -36.104435 27.598959 89.5313
    endloop
endfacet
facet normal -0.40733957 -0.42668957 -0.80747163
    outer loop
        vertex -59.185905 104.358734 63.572876
        vertex -60.62541 101.40104 65.86198
        vertex -77.376884 104.61806 72.61252
    endloop
endfacet
facet normal -0.43694595 -0.29698765 -0.84904456
    outer loop
        vertex -42.068413 100.770256 56.07384
        vertex -50.10828 104.61701 58.86586
        vertex -30.131187 103.244225 49.065186
    endloop
endfacet
facet normal -0.44031659 -0.05486817 -0.89616448
    outer loop
        vertex -17.891201 113.17276 42.073685
        vertex -13.152401 105.375 40.22277
        vertex -18.776772 107.385864 42.863102
    endloop
endfacet
facet normal -0.38393632 -0.01417584 -0.92325073
    outer loop
        vertex -17.891201 113.17276 42.073685
        vertex -13.212669 119 40.03863
        vertex -13.152401 105.375 40.22277
    endloop
endfacet
facet normal -0.37978357 -0.1331193 -0.91544729
    outer loop
        vertex -17.891201 113.17276 42.073685
        vertex -27.538515 113.80107 45.984615
        vertex -26.483528 116.235954 45.192875
    endloop
endfacet
facet normal -0.40535048 -0.19071738 -0.89404577
    outer loop
        vertex -23.599415 109.29497 44.917965
        vertex -30.303417 108.70883 48.08252
        vertex -33.394173 111.30887 48.929195
    endloop
endfacet
facet normal -0.74300313 -0.13319431 -0.65590072
    outer loop
        vertex -18.564083 59.61662 47.277042
        vertex -22.74654 59.434322 52.05194
        vertex -22.241856 61.10001 51.141983
    endloop
endfacet
facet normal -0.76854503 -0.14157853 -0.62393439
    outer loop
        vertex -19.735327 54.915527 49.368183
        vertex -24.11941 54.43726 54.8769
        vertex -22.74654 59.434322 52.05194
    endloop
endfacet
facet normal -0.9380073 -0.01415487 -0.34632632
    outer loop
        vertex -14.0771 15.827238 45.895405
        vertex -12.41238 23.625 41.06789
        vertex -12.237809 10 41.151947
    endloop
endfacet
facet normal -0.9252249 -0.06106712 -0.37447253
    outer loop
        vertex -14.0771 15.827238 45.895405
        vertex -16.684494 19.705034 51.70523
        vertex -14.824784 21.614134 46.79904
    endloop
endfacet
facet normal -0.92992705 -0.09172291 -0.35612148
    outer loop
        vertex -16.684494 19.705034 51.70523
        vertex -14.0771 15.827238 45.895405
        vertex -20.297691 17.691135 61.658943
    endloop
endfacet
facet normal -0.95144957 -0.05358015 -0.30310541
    outer loop
        vertex -14.695987 11.403146 48.620144
        vertex -14.0771 15.827238 45.895405
        vertex -12.237809 10 41.151947
    endloop
endfacet
facet normal -0.6592167 -0.13673614 -0.73941636
    outer loop
        vertex -21.211897 74.08447 47.917835
        vertex -23.779615 69.565674 51.042686
        vertex -33.80612 73.47231 59.25925
    endloop
endfacet
facet normal -0.66461641 -0.01406264 -0.74705249
    outer loop
        vertex -12.855869 64.5 40.70967
        vertex -15.173984 73.706795 42.598675
        vertex -12.974002 78.125 40.55829
    endloop
endfacet
facet normal -0.76727259 -0.41749075 -0.48682043
    outer loop
        vertex -35.979607 41.054955 77.638565
        vertex -47.340546 40.740356 95.81422
        vertex -41.876102 43.854576 84.53105
    endloop
endfacet
facet normal -0.70732135 -0.56983024 -0.418318
    outer loop
        vertex -44.953205 37.15188 95.718636
        vertex -53.82741 37.25 110.5901
        vertex -54.838158 38.953125 109.97916
    endloop
endfacet
facet normal -0.68824428 -0.56978869 -0.44906637
    outer loop
        vertex -52.971375 42.396755 102.7492
        vertex -55.839714 40.65625 109.35365
        vertex -56.832077 42.359375 108.713585
    endloop
endfacet
facet normal -0.79202175 -0.40252194 -0.45899642
    outer loop
        vertex -38.565853 35.406277 86.47577
        vertex -37.891235 37.25453 83.690834
        vertex -31.329792 36.187874 73.304146
    endloop
endfacet
facet normal -0.48606768 -0.48444313 -0.72736037
    outer loop
        vertex -66.46925 91.84812 74.96573
        vertex -66.47528 88.25964 77.35979
        vertex -80.32149 90.046875 85.42234
    endloop
endfacet
facet normal -0.47754431 -0.43957707 -0.76073873
    outer loop
        vertex -57.48902 93.59373 68.20713
        vertex -75.10099 93.496735 79.31887
        vertex -61.518017 96.02314 69.3325
    endloop
endfacet
facet normal -0.46721804 -0.56976157 -0.67607635
    outer loop
        vertex -66.47528 88.25964 77.35979
        vertex -79.65933 88.34375 86.40005
        vertex -80.32149 90.046875 85.42234
    endloop
endfacet
facet normal -0.47965196 -0.53625947 -0.69452131
    outer loop
        vertex -66.47528 88.25964 77.35979
        vertex -73.179855 86.60325 83.269066
        vertex -79.65933 88.34375 86.40005
    endloop
endfacet
facet normal -0.850115 -0.02042866 -0.52620065
    outer loop
        vertex -15.839835 39.89029 46.140526
        vertex -12.57358 37.25 40.96616
        vertex -18.412521 39.729797 50.303116
    endloop
endfacet
facet normal -0.82489032 -0.01390263 -0.56512195
    outer loop
        vertex -15.77379 45.07626 45.44487
        vertex -12.72141 50.875 40.846752
        vertex -12.57358 37.25 40.96616
    endloop
endfacet
facet normal -0.81700748 -0.13311562 -0.56105167
    outer loop
        vertex -15.77379 45.07626 45.44487
        vertex -22.092 45.746933 54.486366
        vertex -21.32648 48.144707 52.802715
    endloop
endfacet
facet normal -0.82236207 -0.21321343 -0.52750421
    outer loop
        vertex -19.2905 41.234085 51.380577
        vertex -23.648869 40.70531 58.38886
        vertex -28.934847 41.96844 66.11898
    endloop
endfacet
facet normal -0.59798855 -0.01388415 -0.80138439
    outer loop
        vertex -17.433771 83.923744 43.78568
        vertex -13.0728445 91.75 40.39599
        vertex -12.974002 78.125 40.55829
    endloop
endfacet
facet normal -0.55913317 -0.11564484 -0.82097274
    outer loop
        vertex -18.11602 89.10971 43.872585
        vertex -23.21473 87.765915 47.534412
        vertex -22.170717 89.2702 46.611477
    endloop
endfacet
facet normal -0.56970912 -0.14670965 -0.80864561
    outer loop
        vertex -23.21473 87.765915 47.534412
        vertex -26.21334 83.25307 50.46575
        vertex -37.552013 87.031555 57.768585
    endloop
endfacet
facet normal -0.62229764 -0.04361098 -0.78156489
    outer loop
        vertex -24.566635 80.85529 49.636227
        vertex -17.433771 83.923744 43.78568
        vertex -12.974002 78.125 40.55829
    endloop
endfacet
facet normal -0.72472948 -0.42428616 -0.54290736
    outer loop
        vertex -43.27828 50.030056 81.71113
        vertex -43.848858 46.901043 84.918144
        vertex -55.845104 50.118053 98.41787
    endloop
endfacet
facet normal -0.77766508 -0.23770459 -0.58200824
    outer loop
        vertex -43.27828 50.030056 81.71113
        vertex -29.587763 53.071075 62.17618
        vertex -28.831005 47.81218 63.312866
    endloop
endfacet
facet normal -0.65671074 -0.57153964 -0.49200973
    outer loop
        vertex -55.845104 50.118053 98.41787
        vertex -61.65604 50.875 105.29472
        vertex -62.593258 52.578125 104.56725
    endloop
endfacet
facet normal -0.69615632 -0.52028692 -0.49463922
    outer loop
        vertex -55.845104 50.118053 98.41787
        vertex -43.848858 46.901043 84.918144
        vertex -59.75403 47.46875 106.70597
    endloop
endfacet
facet normal -0.57818288 -0.30792284 -0.75557142
    outer loop
        vertex -43.51685 79.65352 65.08056
        vertex -55.741486 82.09896 73.43856
        vertex -36.14873 83.33951 57.94011
    endloop
endfacet
facet normal -0.57181197 -0.42426282 -0.7021625
    outer loop
        vertex -52.56612 78.96994 72.7433
        vertex -68.75053 78.88194 85.97638
        vertex -55.741486 82.09896 73.43856
    endloop
endfacet
facet normal -0.51843488 -0.57109451 -0.63645613
    outer loop
        vertex -68.75053 78.88194 85.97638
        vertex -75.38788 78.125 92.06214
        vertex -76.13533 79.828125 91.14277
    endloop
endfacet
facet normal -0.51818514 -0.57155991 -0.63624161
    outer loop
        vertex -68.75053 78.88194 85.97638
        vertex -74.62621 76.421875 92.97179
        vertex -75.38788 78.125 92.06214
    endloop
endfacet
facet normal -0.36867005 -0.57403272 -0.73114216
    outer loop
        vertex -77.376884 104.61806 72.61252
        vertex -85.6411 105.375 76.18536
        vertex -86.161095 107.078125 75.11041
    endloop
endfacet
facet normal -0.40313318 -0.52223837 -0.75149906
    outer loop
        vertex -77.376884 104.61806 72.61252
        vertex -60.62541 101.40104 65.86198
        vertex -84.55848 101.96875 78.30608
    endloop
endfacet
facet normal -0.74597722 -0.57329655 -0.33889368
    outer loop
        vertex -42.174522 24.381945 106.54942
        vertex -45.41059 23.625 114.9532
        vertex -46.494865 25.328125 114.45879
    endloop
endfacet
facet normal -0.74545866 -0.57404852 -0.33876172
    outer loop
        vertex -42.174522 24.381945 106.54942
        vertex -44.317135 21.921875 115.43304
        vertex -45.41059 23.625 114.9532
    endloop
endfacet
facet normal -0.71116048 -0.30421361 -0.633802
    outer loop
        vertex -39.260426 62.34673 69.28512
        vertex -30.665754 59.365704 61.072266
        vertex -48.836308 60.526043 80.90368
    endloop
endfacet
facet normal -0.7185635 -0.24231784 -0.65188074
    outer loop
        vertex -32.294247 62.225716 61.804214
        vertex -22.241856 61.10001 51.141983
        vertex -30.665754 59.365704 61.072266
    endloop
endfacet
facet normal -0.74440795 -0.13202652 -0.65454239
    outer loop
        vertex -22.241856 61.10001 51.141983
        vertex -22.74654 59.434322 52.05194
        vertex -30.665754 59.365704 61.072266
    endloop
endfacet
facet normal -0.73804855 -0.03075002 -0.67404652
    outer loop
        vertex -22.241856 61.10001 51.141983
        vertex -12.855869 64.5 40.70967
        vertex -16.184591 59.75078 44.57112
    endloop
endfacet
facet normal -0.91065145 -0.04222718 -0.41101199
    outer loop
        vertex -14.159245 26.497528 44.643177
        vertex -14.161881 30.99352 44.187103
        vertex -12.41238 23.625 41.06789
    endloop
endfacet
facet normal -0.87852484 -0.07908724 -0.47110444
    outer loop
        vertex -14.161881 30.99352 44.187103
        vertex -19.784912 32.83683 54.363594
        vertex -17.241344 35.03948 49.250526
    endloop
endfacet
facet normal -0.50628257 -0.07910879 -0.85873157
    outer loop
        vertex -26.15829 96.16318 48.13822
        vertex -16.213966 98.00648 42.105534
        vertex -21.156937 93.960526 45.392487
    endloop
endfacet
facet normal -0.53257221 -0.0363263 -0.84560472
    outer loop
        vertex -21.156937 93.960526 45.392487
        vertex -16.213966 98.00648 42.105534
        vertex -13.0728445 91.75 40.39599
    endloop
endfacet
facet normal -0.62241477 -0.41858232 -0.66135371
    outer loop
        vertex -50.588352 72.15744 75.04158
        vertex -51.5533 68.47396 78.28105
        vertex -60.10429 70.19811 85.237335
    endloop
endfacet
facet normal -0.65149337 -0.19242388 -0.73384565
    outer loop
        vertex -21.211897 74.08447 47.917835
        vertex -33.80612 73.47231 59.25925
        vertex -26.537724 74.562744 52.520588
    endloop
endfacet
facet normal -0.53686237 -0.57281381 -0.61940539
    outer loop
        vertex -64.30045 75.25271 85.10068
        vertex -73.06023 73.015625 94.76192
        vertex -73.85033 74.71875 93.87171
    endloop
endfacet
facet normal -0.58783346 -0.49094176 -0.64298362
    outer loop
        vertex -65.98278 72.06944 89.182785
        vertex -50.588352 72.15744 75.04158
        vertex -60.10429 70.19811 85.237335
    endloop
endfacet
facet normal -0.68305945 -0.41409817 -0.60162503
    outer loop
        vertex -45.644455 56.84256 79.815125
        vertex -48.836308 60.526043 80.90368
        vertex -30.665754 59.365704 61.072266
    endloop
endfacet
facet normal -0.66626334 -0.49092531 -0.56132472
    outer loop
        vertex -45.644455 56.84256 79.815125
        vertex -59.15065 56.930557 95.76932
        vertex -55.44347 58.801888 89.73245
    endloop
endfacet
facet normal -0.62618089 -0.57357609 -0.52811742
    outer loop
        vertex -59.15065 56.930557 95.76932
        vertex -64.44013 55.984375 103.0686
        vertex -65.34978 57.6875 102.29743
    endloop
endfacet
facet normal -0.66054004 -0.51583236 -0.54553092
    outer loop
        vertex -59.15065 56.930557 95.76932
        vertex -55.144913 53.747288 93.92906
        vertex -64.44013 55.984375 103.0686
    endloop
endfacet
facet normal -0.85050565 -0.4218159 -0.3141838
    outer loop
        vertex -31.036638 17.828768 89.21375
        vertex -28.924725 16.26855 85.591446
        vertex -34.725952 15.698109 102.06142
    endloop
endfacet
facet normal -0.91378522 -0.24205112 -0.32620245
    outer loop
        vertex -21.09153 13.093193 66.861946
        vertex -25.47573 14.602325 78.02351
        vertex -21.760056 15.305619 67.092995
    endloop
endfacet
facet normal -0.75422561 -0.57586235 -0.31547758
    outer loop
        vertex -38.67311 20.80982 103.962135
        vertex -42.102642 18.515625 116.34901
        vertex -43.21448 20.21875 115.8983
    endloop
endfacet
facet normal -0.81167156 -0.49209848 -0.31468797
    outer loop
        vertex -38.242702 17.569445 108.2058
        vertex -31.036638 17.828768 89.21375
        vertex -34.725952 15.698109 102.06142
    endloop
endfacet
facet normal -0.36467123 -0.33350855 -0.86936009
    outer loop
        vertex -49.769962 110.82691 56.233658
        vertex -56.954544 112.73145 58.51675
        vertex -49.52868 114.397675 54.76261
    endloop
endfacet
facet normal -0.34729552 -0.49208289 -0.79827321
    outer loop
        vertex -60.4919 111.171234 60.775097
        vertex -79.17604 111.43056 68.743935
        vertex -73.174835 113.30189 64.97951
    endloop
endfacet
facet normal -0.32477623 -0.57690263 -0.74946898
    outer loop
        vertex -79.17604 111.43056 68.743935
        vertex -87.15841 110.484375 72.93135
        vertex -87.63575 112.1875 71.827225
    endloop
endfacet
facet normal -0.34790397 -0.519333 -0.78054851
    outer loop
        vertex -79.17604 111.43056 68.743935
        vertex -74.92566 108.19018 69.00543
        vertex -87.15841 110.484375 72.93135
    endloop
endfacet
facet normal -0.68380034 -0.22493482 -0.69413364
    outer loop
        vertex -24.05063 67.43267 51.738144
        vertex -40.01419 67.9841 67.28537
        vertex -32.47179 69.63429 59.320503
    endloop
endfacet
facet normal -0.64051026 -0.50555557 -0.57806587
    outer loop
        vertex -60.04236 63.238426 90.94809
        vertex -48.836308 60.526043 80.90368
        vertex -55.44347 58.801888 89.73245
    endloop
endfacet
facet normal -0.41776976 -0.11955787 -0.90065217
    outer loop
        vertex -30.303417 108.70883 48.08252
        vertex -22.310713 107.79293 44.496666
        vertex -23.780138 106.14101 45.39755
    endloop
endfacet
facet normal -0.50516355 -0.17724927 -0.84462565
    outer loop
        vertex -26.15829 96.16318 48.13822
        vertex -35.386322 96.018326 53.687828
        vertex -30.37102 100.7212 49.701294
    endloop
endfacet
facet normal -0.86437839 -0.17729782 -0.47054803
    outer loop
        vertex -19.784912 32.83683 54.363594
        vertex -21.181198 28.278807 58.645935
        vertex -24.956182 32.981674 63.80844
    endloop
endfacet
facet normal -0.91326082 -0.05485771 -0.40366504
    outer loop
        vertex -14.824784 21.614134 46.79904
        vertex -17.15338 22.858992 51.898132
        vertex -12.41238 23.625 41.06789
    endloop
endfacet
facet normal -0.38876501 -0.24626023 -0.88781631
    outer loop
        vertex -49.769962 110.82691 56.233658
        vertex -33.394173 111.30887 48.929195
        vertex -39.920612 109.466675 52.298035
    endloop
endfacet
facet normal -0.39347675 -0.09173883 -0.91474587
    outer loop
        vertex -23.599415 109.29497 44.917965
        vertex -33.394173 111.30887 48.929195
        vertex -17.891201 113.17276 42.073685
    endloop
endfacet
facet normal -0.36778039 -0.24106203 -0.89812404
    outer loop
        vertex -27.538515 113.80107 45.984615
        vertex -38.75916 113.694374 50.60809
        vertex -38.550297 115.90681 49.92873
    endloop
endfacet
facet normal -0.38911268 -0.33720413 -0.85725409
    outer loop
        vertex -49.769962 110.82691 56.233658
        vertex -39.920612 109.466675 52.298035
        vertex -49.92313 107.61511 57.566555
    endloop
endfacet
facet normal -0.90634251 -0.15783226 -0.39195955
    outer loop
        vertex -17.15338 22.858992 51.898132
        vertex -19.574484 20.291174 58.530537
        vertex -23.826551 21.9429 67.69764
    endloop
endfacet
facet normal -0.90217245 -0.24914056 -0.35215598
    outer loop
        vertex -20.297691 17.691135 61.658943
        vertex -21.760056 15.305619 67.092995
        vertex -26.932718 18.173092 78.31595
    endloop
endfacet
facet normal -0.90283126 -0.2462479 -0.35250208
    outer loop
        vertex -23.39787 19.533329 68.31224
        vertex -20.297691 17.691135 61.658943
        vertex -26.932718 18.173092 78.31595
    endloop
endfacet
facet normal -0.92205107 -0.18022913 -0.34254834
    outer loop
        vertex -17.594759 15.198931 55.694607
        vertex -20.297691 17.691135 61.658943
        vertex -14.0771 15.827238 45.895405
    endloop
endfacet
facet normal -0.8310523 -0.14667374 -0.53650624
    outer loop
        vertex -22.092 45.746933 54.486366
        vertex -19.2905 41.234085 51.380577
        vertex -28.934847 41.96844 66.11898
    endloop
endfacet
facet normal -0.81789213 -0.12054453 -0.56260234
    outer loop
        vertex -19.2905 41.234085 51.380577
        vertex -22.092 45.746933 54.486366
        vertex -15.77379 45.07626 45.44487
    endloop
endfacet
facet normal -0.79790342 -0.23952769 -0.55315161
    outer loop
        vertex -22.092 45.746933 54.486366
        vertex -29.15809 45.660492 64.71641
        vertex -28.831005 47.81218 63.312866
    endloop
endfacet
facet normal -0.80282372 -0.25354031 -0.53962147
    outer loop
        vertex -29.15809 45.660492 64.71641
        vertex -28.934847 41.96844 66.11898
        vertex -34.170673 43.922325 72.99057
    endloop
endfacet
facet normal -0.54823452 -0.20370013 -0.81113821
    outer loop
        vertex -33.727783 91.423454 53.87918
        vertex -30.039759 88.29469 52.17223
        vertex -40.423138 89.79456 58.81352
    endloop
endfacet
facet normal -0.58238047 -0.25717893 -0.77116281
    outer loop
        vertex -26.21334 83.25307 50.46575
        vertex -36.14873 83.33951 57.94011
        vertex -37.552013 87.031555 57.768585
    endloop
endfacet
facet normal -0.57168072 -0.25353768 -0.78032035
    outer loop
        vertex -37.552013 87.031555 57.768585
        vertex -36.14873 83.33951 57.94011
        vertex -44.209805 85.077675 63.281082
    endloop
endfacet
facet normal -0.59526032 -0.12050789 -0.7944451
    outer loop
        vertex -26.21334 83.25307 50.46575
        vertex -23.21473 87.765915 47.534412
        vertex -17.433771 83.923744 43.78568
    endloop
endfacet
facet normal -0.65474808 -0.13646069 -0.74342686
    outer loop
        vertex -21.211897 74.08447 47.917835
        vertex -26.537724 74.562744 52.520588
        vertex -24.441694 76.20556 50.37303
    endloop
endfacet
facet normal -0.66979206 -0.24405305 -0.70129639
    outer loop
        vertex -23.779615 69.565674 51.042686
        vertex -32.47179 69.63429 59.320503
        vertex -33.80612 73.47231 59.25925
    endloop
endfacet
facet normal -0.74058658 -0.16480757 -0.65143692
    outer loop
        vertex -22.74654 59.434322 52.05194
        vertex -24.11941 54.43726 54.8769
        vertex -30.665754 59.365704 61.072266
    endloop
endfacet
facet normal -0.78845048 -0.0519102 -0.61290395
    outer loop
        vertex -22.060963 52.794445 52.69875
        vertex -16.92885 55.135715 45.898415
        vertex -12.72141 50.875 40.846752
    endloop
endfacet
facet normal -0.75585544 -0.23651536 -0.61052692
    outer loop
        vertex -24.11941 54.43726 54.8769
        vertex -29.587763 53.071075 62.17618
        vertex -30.665754 59.365704 61.072266
    endloop
endfacet
facet normal -0.78902829 -0.1363724 -0.59903002
    outer loop
        vertex -24.999107 50.850838 57.024147
        vertex -12.72141 50.875 40.846752
        vertex -21.32648 48.144707 52.802715
    endloop
endfacet
facet normal -0.63521236 -0.19423369 -0.7475149
    outer loop
        vertex -28.64099 78.14916 53.480865
        vertex -33.60712 75.928925 58.277817
        vertex -41.78555 76.25059 65.14398
    endloop
endfacet
facet normal -0.66784495 -0.24340934 -0.70337409
    outer loop
        vertex -33.80612 73.47231 59.25925
        vertex -32.47179 69.63429 59.320503
        vertex -40.965862 69.92528 67.28482
    endloop
endfacet
facet normal -0.71529949 -0.13134466 -0.68636388
    outer loop
        vertex -12.855869 64.5 40.70967
        vertex -22.241856 61.10001 51.141983
        vertex -21.333925 64.84736 49.478672
    endloop
endfacet
facet normal -0.60249674 -0.397957 -0.69182932
    outer loop
        vertex -64.30045 75.25271 85.10068
        vertex -52.56612 78.96994 72.7433
        vertex -45.504734 74.165 69.357635
    endloop
endfacet
facet normal -0.74311751 -0.23700927 -0.62578195
    outer loop
        vertex -30.665754 59.365704 61.072266
        vertex -29.587763 53.071075 62.17618
        vertex -45.644455 56.84256 79.815125
    endloop
endfacet
facet normal -0.76441872 -0.1474013 -0.627644
    outer loop
        vertex -22.060963 52.794445 52.69875
        vertex -19.735327 54.915527 49.368183
        vertex -16.92885 55.135715 45.898415
    endloop
endfacet
facet normal -0.93717986 -0.17196588 -0.3035154
    outer loop
        vertex -16.572336 11.57215 54.29715
        vertex -18.27975 10 60.45997
        vertex -20.56918 10.9156685 67.01035
    endloop
endfacet
facet normal -0.91227359 -0.24108143 -0.33111429
    outer loop
        vertex -21.09153 13.093193 66.861946
        vertex -21.760056 15.305619 67.092995
        vertex -17.594759 15.198931 55.694607
    endloop
endfacet
facet normal -0.8834129 -0.33350217 -0.32917786
    outer loop
        vertex -26.932718 18.173092 78.31595
        vertex -25.47573 14.602325 78.02351
        vertex -28.924725 16.26855 85.591446
    endloop
endfacet
facet normal -0.33589864 -0.08217922 -0.93830633
    outer loop
        vertex -20.578485 117.596855 42.798367
        vertex -32.26023 119 46.857353
        vertex -13.212669 119 40.03863
    endloop
endfacet
facet normal -0.35809141 -0.33486414 -0.8715713
    outer loop
        vertex -49.52868 114.397675 54.76261
        vertex -38.75916 113.694374 50.60809
        vertex -49.769962 110.82691 56.233658
    endloop
endfacet
facet normal -0.34121054 -0.1719622 -0.92412353
    outer loop
        vertex -26.17526 117.42785 44.90317
        vertex -38.71469 118.084335 49.410896
        vertex -32.26023 119 46.857353
    endloop
endfacet
facet normal -0.60675085 -0.18483473 -0.77310377
    outer loop
        vertex -28.64099 78.14916 53.480865
        vertex -34.7637 81.18782 57.55963
        vertex -24.566635 80.85529 49.636227
    endloop
endfacet
facet normal -0.57182628 -0.51583153 -0.63791263
    outer loop
        vertex -73.06023 73.015625 94.76192
        vertex -64.30045 75.25271 85.10068
        vertex -65.98278 72.06944 89.182785
    endloop
endfacet
facet normal -0.5850004 -0.23954763 -0.77484936
    outer loop
        vertex -34.7637 81.18782 57.55963
        vertex -36.14873 83.33951 57.94011
        vertex -26.21334 83.25307 50.46575
    endloop
endfacet
facet normal -0.60398012 -0.25527251 -0.75501257
    outer loop
        vertex -34.7637 81.18782 57.55963
        vertex -43.51685 79.65352 65.08056
        vertex -36.14873 83.33951 57.94011
    endloop
endfacet
facet normal -0.74061155 -0.41031709 -0.53210378
    outer loop
        vertex -43.27828 50.030056 81.71113
        vertex -28.831005 47.81218 63.312866
        vertex -43.848858 46.901043 84.918144
    endloop
endfacet
facet normal -0.79704106 -0.18480256 -0.57495522
    outer loop
        vertex -28.831005 47.81218 63.312866
        vertex -24.999107 50.850838 57.024147
        vertex -21.32648 48.144707 52.802715
    endloop
endfacet
facet normal -0.79117286 -0.24520443 -0.56028587
    outer loop
        vertex -28.831005 47.81218 63.312866
        vertex -29.15809 45.660492 64.71641
        vertex -43.848858 46.901043 84.918144
    endloop
endfacet
facet normal -0.77398223 -0.23818886 -0.58670056
    outer loop
        vertex -28.831005 47.81218 63.312866
        vertex -29.587763 53.071075 62.17618
        vertex -24.999107 50.850838 57.024147
    endloop
endfacet
facet normal -0.85067308 -0.12463139 -0.51070762
    outer loop
        vertex -25.209044 37.576546 62.149387
        vertex -18.412521 39.729797 50.303116
        vertex -20.821293 36.589794 55.081623
    endloop
endfacet
facet normal -0.87302583 -0.22692965 -0.43165833
    outer loop
        vertex -21.181198 28.278807 58.645935
        vertex -27.074976 28.229746 70.59185
        vertex -24.956182 32.981674 63.80844
    endloop
endfacet
facet normal -0.46664631 -0.2269709 -0.85482472
    outer loop
        vertex -30.37102 100.7212 49.701294
        vertex -35.386322 96.018326 53.687828
        vertex -42.068413 100.770256 56.07384
    endloop
endfacet
facet normal -0.47912294 -0.14601703 -0.86551738
    outer loop
        vertex -26.15829 96.16318 48.13822
        vertex -30.37102 100.7212 49.701294
        vertex -19.027666 99.76696 43.58296
    endloop
endfacet
facet normal -0.90179098 -0.18303537 -0.39149851
    outer loop
        vertex -17.15338 22.858992 51.898132
        vertex -23.826551 21.9429 67.69764
        vertex -20.557966 25.755774 58.386055
    endloop
endfacet
facet normal -0.88536233 -0.33484358 -0.32251096
    outer loop
        vertex -26.932718 18.173092 78.31595
        vertex -21.760056 15.305619 67.092995
        vertex -25.47573 14.602325 78.02351
    endloop
endfacet
facet normal -0.38839743 -0.24911469 -0.88718051
    outer loop
        vertex -49.769962 110.82691 56.233658
        vertex -38.75916 113.694374 50.60809
        vertex -33.394173 111.30887 48.929195
    endloop
endfacet
facet normal -0.44030899 -0.0548398 -0.89617002
    outer loop
        vertex -13.152401 105.375 40.22277
        vertex -23.780138 106.14101 45.39755
        vertex -18.776772 107.385864 42.863102
    endloop
endfacet
facet normal -0.44785774 -0.33409622 -0.82933903
    outer loop
        vertex -50.10828 104.61701 58.86586
        vertex -42.068413 100.770256 56.07384
        vertex -51.688892 102.43523 60.598343
    endloop
endfacet
facet normal -0.49473795 -0.2831443 -0.82162261
    outer loop
        vertex -35.386322 96.018326 53.687828
        vertex -51.57549 95.53472 63.602753
        vertex -42.068413 100.770256 56.07384
    endloop
endfacet
facet normal -0.84096766 -0.28319293 -0.46105868
    outer loop
        vertex -24.956182 32.981674 63.80844
        vertex -27.074976 28.229746 70.59185
        vertex -34.206955 33.46528 80.38474
    endloop
endfacet
facet normal -0.88421184 -0.14598538 -0.44368657
    outer loop
        vertex -21.181198 28.278807 58.645935
        vertex -19.784912 32.83683 54.363594
        vertex -15.526115 29.233034 47.062096
    endloop
endfacet
facet normal -0.54472876 -0.12463122 -0.82929945
    outer loop
        vertex -26.841465 92.41021 49.20758
        vertex -22.170717 89.2702 46.611477
        vertex -33.727783 91.423454 53.87918
    endloop
endfacet
facet normal -0.56904262 -0.34398565 -0.74690318
    outer loop
        vertex -36.14873 83.33951 57.94011
        vertex -55.741486 82.09896 73.43856
        vertex -44.209805 85.077675 63.281082
    endloop
endfacet
facet normal -0.52092493 -0.23107219 -0.82173163
    outer loop
        vertex -34.07518 93.99202 53.42645
        vertex -44.62277 92.812126 60.44473
        vertex -35.386322 96.018326 53.687828
    endloop
endfacet
facet normal -0.49284399 -0.55291426 -0.67185605
    outer loop
        vertex -73.179855 86.60325 83.269066
        vertex -55.428722 85.14543 71.44735
        vertex -77.587585 83.234375 89.27485
    endloop
endfacet
facet normal -0.38570476 -0.41900456 -0.82198966
    outer loop
        vertex -59.185905 104.358734 63.572876
        vertex -74.92566 108.19018 69.00543
        vertex -49.92313 107.61511 57.566555
    endloop
endfacet
facet normal -0.46047053 -0.10625293 -0.88129294
    outer loop
        vertex -30.131187 103.244225 49.065186
        vertex -23.780138 106.14101 45.39755
        vertex -16.660242 102.50247 42.116123
    endloop
endfacet
facet normal -0.44333476 -0.3694039 -0.81669766
    outer loop
        vertex -42.068413 100.770256 56.07384
        vertex -51.57549 95.53472 63.602753
        vertex -60.62541 101.40104 65.86198
    endloop
endfacet
facet normal -0.5480926 -0.20344584 -0.81129789
    outer loop
        vertex -22.170717 89.2702 46.611477
        vertex -30.039759 88.29469 52.17223
        vertex -33.727783 91.423454 53.87918
    endloop
endfacet
facet normal -0.36293137 -0.2420439 -0.89983082
    outer loop
        vertex -38.75916 113.694374 50.60809
        vertex -49.52868 114.397675 54.76261
        vertex -38.550297 115.90681 49.92873
    endloop
endfacet
facet normal -0.42188227 -0.57053554 -0.70463073
    outer loop
        vertex -82.82793 96.859375 81.414246
        vertex -61.518017 96.02314 69.3325
        vertex -82.22264 95.15625 82.430855
    endloop
endfacet
facet normal -0.76932549 -0.34400246 -0.53833139
    outer loop
        vertex -29.15809 45.660492 64.71641
        vertex -34.170673 43.922325 72.99057
        vertex -43.848858 46.901043 84.918144
    endloop
endfacet
facet normal -0.85888416 -0.08141942 -0.50565708
    outer loop
        vertex -17.241344 35.03948 49.250526
        vertex -20.821293 36.589794 55.081623
        vertex -12.57358 37.25 40.96616
    endloop
endfacet
facet normal -0.7794407 -0.43959787 -0.44634733
    outer loop
        vertex -48.9553 35.503265 104.52297
        vertex -38.565853 35.406277 86.47577
        vertex -39.53002 32.976864 90.55214
    endloop
endfacet
facet normal -0.83266687 -0.2037096 -0.51494497
    outer loop
        vertex -25.209044 37.576546 62.149387
        vertex -29.86623 39.20544 69.03568
        vertex -23.648869 40.70531 58.38886
    endloop
endfacet
facet normal -0.88296235 -0.17316231 -0.43633986
    outer loop
        vertex -20.557966 25.755774 58.386055
        vertex -27.074976 28.229746 70.59185
        vertex -21.181198 28.278807 58.645935
    endloop
endfacet
facet normal -0.79399657 -0.51932842 -0.31601816
    outer loop
        vertex -42.102642 18.515625 116.34901
        vertex -38.67311 20.80982 103.962135
        vertex -38.242702 17.569445 108.2058
    endloop
endfacet
facet normal -0.79421192 -0.4231064 -0.4361288
    outer loop
        vertex -39.53002 32.976864 90.55214
        vertex -34.206955 33.46528 80.38474
        vertex -36.104435 27.598959 89.5313
    endloop
endfacet
facet normal -0.8339932 -0.36936152 -0.4099113
    outer loop
        vertex -27.074976 28.229746 70.59185
        vertex -36.104435 27.598959 89.5313
        vertex -34.206955 33.46528 80.38474
    endloop
endfacet
facet normal -0.80240595 -0.43319628 -0.41047004
    outer loop
        vertex -39.53002 32.976864 90.55214
        vertex -36.104435 27.598959 89.5313
        vertex -45.35091 30.059029 105.01047
    endloop
endfacet
facet normal -0.89920974 -0.10628705 -0.42441124
    outer loop
        vertex -14.159245 26.497528 44.643177
        vertex -17.15338 22.858992 51.898132
        vertex -20.557966 25.755774 58.386055
    endloop
endfacet
facet normal -0.47645321 -0.5699904 -0.66940522
    outer loop
        vertex -73.179855 86.60325 83.269066
        vertex -77.587585 83.234375 89.27485
        vertex -78.29238 84.9375 88.3263
    endloop
endfacet
facet normal -0.60247493 -0.32014602 -0.73111588
    outer loop
        vertex -41.78555 76.25059 65.14398
        vertex -43.51685 79.65352 65.08056
        vertex -28.64099 78.14916 53.480865
    endloop
endfacet
facet normal -0.67045176 -0.57033056 -0.4745709
    outer loop
        vertex -43.848858 46.901043 84.918144
        vertex -58.789234 45.765625 107.38974
        vertex -59.75403 47.46875 106.70597
    endloop
endfacet
facet normal -0.74671674 -0.41777667 -0.51756811
    outer loop
        vertex -43.848858 46.901043 84.918144
        vertex -41.876102 43.854576 84.53105
        vertex -58.789234 45.765625 107.38974
    endloop
endfacet
facet normal -0.73003983 -0.57139951 -0.37489274
    outer loop
        vertex -45.35091 30.059029 105.01047
        vertex -48.63583 28.734375 113.426285
        vertex -49.692528 30.4375 112.888176
    endloop
endfacet
facet normal -0.92126894 -0.19791101 -0.33480555
    outer loop
        vertex -20.297691 17.691135 61.658943
        vertex -17.594759 15.198931 55.694607
        vertex -21.760056 15.305619 67.092995
    endloop
endfacet
facet normal -0.40006569 -0.53367269 -0.74507779
    outer loop
        vertex -60.62541 101.40104 65.86198
        vertex -75.722725 98.94097 75.73046
        vertex -84.55848 101.96875 78.30608
    endloop
endfacet
facet normal -0.40407348 -0.5718658 -0.7139287
    outer loop
        vertex -84.55848 101.96875 78.30608
        vertex -75.722725 98.94097 75.73046
        vertex -83.99585 100.265625 79.35187
    endloop
endfacet
facet normal -0.55259293 -0.5743621 -0.60394484
    outer loop
        vertex -65.98278 72.06944 89.182785
        vertex -71.43737 69.609375 96.51315
        vertex -72.25591 71.3125 95.642395
    endloop
endfacet
facet normal -0.67804462 -0.3542951 -0.6439957
    outer loop
        vertex -39.260426 62.34673 69.28512
        vertex -51.981884 64.25839 81.62747
        vertex -44.494698 66.21143 72.66996
    endloop
endfacet
facet normal -0.64084989 -0.50615466 -0.57716447
    outer loop
        vertex -60.04236 63.238426 90.94809
        vertex -55.44347 58.801888 89.73245
        vertex -67.14151 61.09375 100.71139
    endloop
endfacet
facet normal -0.68601209 -0.41857561 -0.5951317
    outer loop
        vertex -48.836308 60.526043 80.90368
        vertex -45.644455 56.84256 79.815125
        vertex -55.44347 58.801888 89.73245
    endloop
endfacet
facet normal -0.76125842 -0.57796013 -0.29402006
    outer loop
        vertex -38.242702 17.569445 108.2058
        vertex -39.85139 15.109375 117.20672
        vertex -40.98161 16.8125 116.78515
    endloop
endfacet
facet normal -0.89519948 -0.33257246 -0.29667076
    outer loop
        vertex -27.408087 11.908714 86.87395
        vertex -25.47573 14.602325 78.02351
        vertex -20.854692 11.952412 67.05019
    endloop
endfacet
facet normal -0.31563038 -0.51842332 -0.79474187
    outer loop
        vertex -80.52047 117.107635 65.41426
        vertex -73.174835 113.30189 64.97951
        vertex -88.54777 115.59375 69.58982
    endloop
endfacet
facet normal -0.34805608 -0.42395315 -0.83613431
    outer loop
        vertex -63.33217 115.02604 60.008106
        vertex -56.954544 112.73145 58.51675
        vertex -73.174835 113.30189 64.97951
    endloop
endfacet
facet normal -0.76511478 -0.57912928 -0.28144053
    outer loop
        vertex -39.85139 15.109375 117.20672
        vertex -34.725952 15.698109 102.06142
        vertex -38.711975 13.40625 117.613716
    endloop
endfacet
facet normal -0.83694404 -0.41897675 -0.35211253
    outer loop
        vertex -28.255358 21.384884 78.515686
        vertex -38.67311 20.80982 103.962135
        vertex -33.87854 24.641268 88.0068
    endloop
endfacet
facet normal -0.72968608 -0.57189077 -0.37483194
    outer loop
        vertex -48.63583 28.734375 113.426285
        vertex -45.35091 30.059029 105.01047
        vertex -47.569942 27.03125 113.94982
    endloop
endfacet
facet normal -0.7277391 -0.53372157 -0.43074009
    outer loop
        vertex -48.9553 35.503265 104.52297
        vertex -53.82741 37.25 110.5901
        vertex -44.953205 37.15188 95.718636
    endloop
endfacet
facet normal -0.69125944 -0.55291462 -0.46523738
    outer loop
        vertex -41.876102 43.854576 84.53105
        vertex -52.971375 42.396755 102.7492
        vertex -58.789234 45.765625 107.38974
    endloop
endfacet
facet normal -0.64095473 -0.57218176 -0.51164955
    outer loop
        vertex -63.521297 54.28125 103.82521
        vertex -55.144913 53.747288 93.92906
        vertex -62.593258 52.578125 104.56725
    endloop
endfacet
facet normal -0.72854745 -0.12261664 -0.67393154
    outer loop
        vertex -22.241856 61.10001 51.141983
        vertex -32.294247 62.225716 61.804214
        vertex -21.333925 64.84736 49.478672
    endloop
endfacet
facet normal -0.61332488 -0.52723062 -0.58809912
    outer loop
        vertex -60.04236 63.238426 90.94809
        vertex -63.521465 66.392365 91.748924
        vertex -51.981884 64.25839 81.62747
    endloop
endfacet
facet normal -0.33266872 -0.332598 -0.88244539
    outer loop
        vertex -38.745346 117.047585 49.698692
        vertex -49.52868 114.397675 54.76261
        vertex -58.28742 117.091286 57.04929
    endloop
endfacet
facet normal -0.3015759 -0.44650468 -0.84242833
    outer loop
        vertex -51.307793 119 53.676075
        vertex -65.667915 117.7174 59.496574
        vertex -89.40292 119 67.31352
    endloop
endfacet
facet normal -0.28697577 -0.58036846 -0.76211375
    outer loop
        vertex -80.52047 117.107635 65.41426
        vertex -88.54777 115.59375 69.58982
        vertex -88.982445 117.296875 68.45653
    endloop
endfacet
facet normal -0.42833433 -0.15781355 -0.8897329
    outer loop
        vertex -30.303417 108.70883 48.08252
        vertex -23.780138 106.14101 45.39755
        vertex -39.29449 107.0571 52.703964
    endloop
endfacet
facet normal -0.28577325 -0.56325883 -0.77528912
    outer loop
        vertex -80.52047 117.107635 65.41426
        vertex -89.40292 119 67.31352
        vertex -65.667915 117.7174 59.496574
    endloop
endfacet
facet normal -0.32460448 -0.57794142 -0.7487427
    outer loop
        vertex -88.09886 113.890625 70.71339
        vertex -79.17604 111.43056 68.743935
        vertex -87.63575 112.1875 71.827225
    endloop
endfacet
facet normal -0.38893387 -0.50870794 -0.76807994
    outer loop
        vertex -77.376884 104.61806 72.61252
        vertex -74.92566 108.19018 69.00543
        vertex -59.185905 104.358734 63.572876
    endloop
endfacet
facet normal -0.34576058 -0.57584345 -0.74084681
    outer loop
        vertex -86.66686 108.78125 74.02574
        vertex -87.15841 110.484375 72.93135
        vertex -74.92566 108.19018 69.00543
    endloop
endfacet
facet normal -0.34275028 -0.51308817 -0.78693259
    outer loop
        vertex -74.92566 108.19018 69.00543
        vertex -79.17604 111.43056 68.743935
        vertex -60.4919 111.171234 60.775097
    endloop
endfacet
facet normal -0.34597123 -0.57494611 -0.74144512
    outer loop
        vertex -86.161095 107.078125 75.11041
        vertex -86.66686 108.78125 74.02574
        vertex -74.92566 108.19018 69.00543
    endloop
endfacet
facet normal -0.3688204 -0.57329285 -0.73164666
    outer loop
        vertex -85.6411 105.375 76.18536
        vertex -77.376884 104.61806 72.61252
        vertex -85.1069 103.671875 77.25059
    endloop
endfacet
facet normal -0.36915532 -0.57255602 -0.73205459
    outer loop
        vertex -85.1069 103.671875 77.25059
        vertex -77.376884 104.61806 72.61252
        vertex -84.55848 101.96875 78.30608
    endloop
endfacet
facet normal -0.53943944 -0.11248243 -0.83447748
    outer loop
        vertex -22.170717 89.2702 46.611477
        vertex -26.841465 92.41021 49.20758
        vertex -13.0728445 91.75 40.39599
    endloop
endfacet
facet normal -0.63013959 -0.1402975 -0.76370203
    outer loop
        vertex -24.441694 76.20556 50.37303
        vertex -28.64099 78.14916 53.480865
        vertex -12.974002 78.125 40.55829
    endloop
endfacet
facet normal -0.46793625 -0.42305955 -0.77592278
    outer loop
        vertex -61.518017 96.02314 69.3325
        vertex -60.62541 101.40104 65.86198
        vertex -51.57549 95.53472 63.602753
    endloop
endfacet
facet normal -0.44261625 -0.43320262 -0.78512824
    outer loop
        vertex -61.518017 96.02314 69.3325
        vertex -75.722725 98.94097 75.73046
        vertex -60.62541 101.40104 65.86198
    endloop
endfacet
facet normal -0.43762594 -0.51629561 -0.73615378
    outer loop
        vertex -61.518017 96.02314 69.3325
        vertex -82.82793 96.859375 81.414246
        vertex -75.722725 98.94097 75.73046
    endloop
endfacet
facet normal -0.44083396 -0.52048272 -0.73127508
    outer loop
        vertex -75.10099 93.496735 79.31887
        vertex -82.22264 95.15625 82.430855
        vertex -61.518017 96.02314 69.3325
    endloop
endfacet
facet normal -0.47512895 -0.48778293 -0.73233891
    outer loop
        vertex -66.47528 88.25964 77.35979
        vertex -66.46925 91.84812 74.96573
        vertex -54.737446 91.74547 67.42271
    endloop
endfacet
facet normal -0.4466092 -0.56984019 -0.68979883
    outer loop
        vertex -66.46925 91.84812 74.96573
        vertex -80.32149 90.046875 85.42234
        vertex -80.96942 91.75 84.4349
    endloop
endfacet
facet normal -0.43695998 -0.56998789 -0.69583029
    outer loop
        vertex -81.60314 93.453125 83.437744
        vertex -75.10099 93.496735 79.31887
        vertex -80.96942 91.75 84.4349
    endloop
endfacet
facet normal -0.55178303 -0.35404289 -0.75510871
    outer loop
        vertex -44.209805 85.077675 63.281082
        vertex -55.428722 85.14543 71.44735
        vertex -48.77513 87.945045 65.27271
    endloop
endfacet
facet normal -0.68279004 -0.14661445 -0.71575272
    outer loop
        vertex -23.779615 69.565674 51.042686
        vertex -24.05063 67.43267 51.738144
        vertex -32.47179 69.63429 59.320503
    endloop
endfacet
facet normal -0.51589823 -0.46907187 -0.71681285
    outer loop
        vertex -66.47528 88.25964 77.35979
        vertex -55.428722 85.14543 71.44735
        vertex -73.179855 86.60325 83.269066
    endloop
endfacet
facet normal -0.50132686 -0.5703308 -0.65068746
    outer loop
        vertex -76.86856 81.53125 90.21367
        vertex -77.587585 83.234375 89.27485
        vertex -55.741486 82.09896 73.43856
    endloop
endfacet
facet normal -0.52241111 -0.52030808 -0.67554873
    outer loop
        vertex -68.75053 78.88194 85.97638
        vertex -76.86856 81.53125 90.21367
        vertex -55.741486 82.09896 73.43856
    endloop
endfacet
facet normal -0.51858348 -0.57062715 -0.6367541
    outer loop
        vertex -68.75053 78.88194 85.97638
        vertex -76.13533 79.828125 91.14277
        vertex -76.86856 81.53125 90.21367
    endloop
endfacet
facet normal -0.5680775 -0.41911894 -0.7082566
    outer loop
        vertex -55.741486 82.09896 73.43856
        vertex -43.51685 79.65352 65.08056
        vertex -52.56612 78.96994 72.7433
    endloop
endfacet
facet normal -0.58106917 -0.50814378 -0.63572681
    outer loop
        vertex -64.30045 75.25271 85.10068
        vertex -50.588352 72.15744 75.04158
        vertex -65.98278 72.06944 89.182785
    endloop
endfacet
facet normal -0.59549421 -0.37425905 -0.71085638
    outer loop
        vertex -45.504734 74.165 69.357635
        vertex -52.56612 78.96994 72.7433
        vertex -41.78555 76.25059 65.14398
    endloop
endfacet
facet normal -0.55359262 -0.52228671 -0.64865381
    outer loop
        vertex -74.62621 76.421875 92.97179
        vertex -68.75053 78.88194 85.97638
        vertex -64.30045 75.25271 85.10068
    endloop
endfacet
facet normal -0.69443607 -0.14177527 -0.70544904
    outer loop
        vertex -24.05063 67.43267 51.738144
        vertex -23.779615 69.565674 51.042686
        vertex -18.525827 67.81635 46.22248
    endloop
endfacet
facet normal -0.55303693 -0.57357728 -0.60428399
    outer loop
        vertex -73.06023 73.015625 94.76192
        vertex -65.98278 72.06944 89.182785
        vertex -72.25591 71.3125 95.642395
    endloop
endfacet
facet normal -0.59801525 -0.5145101 -0.61453801
    outer loop
        vertex -60.10429 70.19811 85.237335
        vertex -63.521465 66.392365 91.748924
        vertex -70.60463 67.90625 97.374176
    endloop
endfacet
facet normal -0.56171679 -0.57525599 -0.59460479
    outer loop
        vertex -71.43737 69.609375 96.51315
        vertex -60.10429 70.19811 85.237335
        vertex -70.60463 67.90625 97.374176
    endloop
endfacet
facet normal -0.64151138 -0.4358786 -0.63124716
    outer loop
        vertex -51.5533 68.47396 78.28105
        vertex -44.494698 66.21143 72.66996
        vertex -51.981884 64.25839 81.62747
    endloop
endfacet
facet normal -0.61366272 -0.52782929 -0.58720893
    outer loop
        vertex -63.521465 66.392365 91.748924
        vertex -60.04236 63.238426 90.94809
        vertex -68.89647 64.5 99.06708
    endloop
endfacet
facet normal -0.59559655 -0.57623899 -0.55965471
    outer loop
        vertex -60.04236 63.238426 90.94809
        vertex -67.14151 61.09375 100.71139
        vertex -68.02358 62.796875 99.896515
    endloop
endfacet
facet normal -0.67165929 -0.29603189 -0.67914575
    outer loop
        vertex -36.422184 64.28844 65.34386
        vertex -40.01419 67.9841 67.28537
        vertex -24.05063 67.43267 51.738144
    endloop
endfacet
facet normal -0.62583309 -0.57434058 -0.52769852
    outer loop
        vertex -59.15065 56.930557 95.76932
        vertex -65.34978 57.6875 102.29743
        vertex -66.250244 59.390625 101.511696
    endloop
endfacet
facet normal -0.69059241 -0.50596499 -0.51679927
    outer loop
        vertex -55.144913 53.747288 93.92906
        vertex -43.27828 50.030056 81.71113
        vertex -55.845104 50.118053 98.41787
    endloop
endfacet
facet normal -0.64064401 -0.57279396 -0.51135349
    outer loop
        vertex -64.44013 55.984375 103.0686
        vertex -55.144913 53.747288 93.92906
        vertex -63.521297 54.28125 103.82521
    endloop
endfacet
facet normal -0.65872383 -0.50816125 -0.554847
    outer loop
        vertex -59.15065 56.930557 95.76932
        vertex -45.644455 56.84256 79.815125
        vertex -55.144913 53.747288 93.92906
    endloop
endfacet
facet normal -0.65692586 -0.57109326 -0.49224064
    outer loop
        vertex -60.70963 49.171875 106.00763
        vertex -61.65604 50.875 105.29472
        vertex -55.845104 50.118053 98.41787
    endloop
endfacet
facet normal -0.65721697 -0.57064533 -0.49237135
    outer loop
        vertex -59.75403 47.46875 106.70597
        vertex -60.70963 49.171875 106.00763
        vertex -55.845104 50.118053 98.41787
    endloop
endfacet
facet normal -0.83282411 -0.2034492 -0.51479363
    outer loop
        vertex -18.412521 39.729797 50.303116
        vertex -25.209044 37.576546 62.149387
        vertex -23.648869 40.70531 58.38886
    endloop
endfacet
facet normal -0.71720761 -0.40661258 -0.56593233
    outer loop
        vertex -45.644455 56.84256 79.815125
        vertex -29.587763 53.071075 62.17618
        vertex -43.27828 50.030056 81.71113
    endloop
endfacet
facet normal -0.79398698 -0.32840276 -0.51160169
    outer loop
        vertex -28.934847 41.96844 66.11898
        vertex -35.979607 41.054955 77.638565
        vertex -34.170673 43.922325 72.99057
    endloop
endfacet
facet normal -0.68816012 -0.56996071 -0.44897696
    outer loop
        vertex -58.789234 45.765625 107.38974
        vertex -52.971375 42.396755 102.7492
        vertex -57.81525 44.0625 108.058945
    endloop
endfacet
facet normal -0.6944316 -0.56977314 -0.43945795
    outer loop
        vertex -54.838158 38.953125 109.97916
        vertex -55.839714 40.65625 109.35365
        vertex -47.340546 40.740356 95.81422
    endloop
endfacet
facet normal -0.74644345 -0.48444176 -0.45622167
    outer loop
        vertex -44.953205 37.15188 95.718636
        vertex -54.838158 38.953125 109.97916
        vertex -47.340546 40.740356 95.81422
    endloop
endfacet
facet normal -0.76184613 -0.47904974 -0.43600649
    outer loop
        vertex -48.9553 35.503265 104.52297
        vertex -44.953205 37.15188 95.718636
        vertex -38.565853 35.406277 86.47577
    endloop
endfacet
facet normal -0.74852949 -0.52047139 -0.41086876
    outer loop
        vertex -51.77835 33.84375 111.76827
        vertex -48.9553 35.503265 104.52297
        vertex -39.53002 32.976864 90.55214
    endloop
endfacet
facet normal -0.93625504 -0.17572188 -0.30421737
    outer loop
        vertex -14.695987 11.403146 48.620144
        vertex -18.27975 10 60.45997
        vertex -16.572336 11.57215 54.29715
    endloop
endfacet
facet normal -0.72113341 -0.57053661 -0.39300701
    outer loop
        vertex -39.53002 32.976864 90.55214
        vertex -50.740032 32.140625 112.33551
        vertex -51.77835 33.84375 111.76827
    endloop
endfacet
facet normal -0.76719147 -0.52226204 -0.37237036
    outer loop
        vertex -36.104435 27.598959 89.5313
        vertex -42.174522 24.381945 106.54942
        vertex -47.569942 27.03125 113.94982
    endloop
endfacet
facet normal -0.74641097 -0.57253784 -0.33922133
    outer loop
        vertex -47.569942 27.03125 113.94982
        vertex -42.174522 24.381945 106.54942
        vertex -46.494865 25.328125 114.45879
    endloop
endfacet
facet normal -0.85607606 -0.33757842 -0.39137527
    outer loop
        vertex -33.87854 24.641268 88.0068
        vertex -29.543175 24.382982 78.746605
        vertex -28.255358 21.384884 78.515686
    endloop
endfacet
facet normal -0.80017501 -0.51306927 -0.31061223
    outer loop
        vertex -38.242702 17.569445 108.2058
        vertex -38.67311 20.80982 103.962135
        vertex -31.036638 17.828768 89.21375
    endloop
endfacet
facet normal -0.78266627 -0.52512151 -0.33418676
    outer loop
        vertex -44.317135 21.921875 115.43304
        vertex -42.174522 24.381945 106.54942
        vertex -38.67311 20.80982 103.962135
    endloop
endfacet
facet normal -0.92591679 -0.24233806 -0.28974167
    outer loop
        vertex -20.56918 10.9156685 67.01035
        vertex -18.27975 10 60.45997
        vertex -24.321695 10 79.76799
    endloop
endfacet
facet normal -0.7620064 -0.57689947 -0.29416528
    outer loop
        vertex -42.102642 18.515625 116.34901
        vertex -38.242702 17.569445 108.2058
        vertex -40.98161 16.8125 116.78515
    endloop
endfacet
facet normal -0.80686611 -0.51842761 -0.28319603
    outer loop
        vertex -34.725952 15.698109 102.06142
        vertex -34.86605 11.892362 109.4275
        vertex -38.711975 13.40625 117.613716
    endloop
endfacet
facet normal -0.85395414 -0.44649109 -0.26722276
    outer loop
        vertex -36.40558 10 118.38402
        vertex -29.555038 11.2826 94.34895
        vertex -24.321695 10 79.76799
    endloop
endfacet
facet normal -0.78622693 -0.563254 -0.25414985
    outer loop
        vertex -29.555038 11.2826 94.34895
        vertex -36.40558 10 118.38402
        vertex -34.86605 11.892362 109.4275
    endloop
endfacet
facet normal 0 -1 0
    outer loop
        vertex -11.60698 10 39.6161
        vertex -11.904699 10 41.24954
        vertex -12.237809 10 41.151947
    endloop
endfacet
facet normal 0 -1 -0
    outer loop
        vertex -17.237598 10 60.7653
        vertex -18.27975 10 60.45997
        vertex -12.237809 10 41.151947
    endloop
endfacet
facet normal 0 -1 -0
    outer loop
        vertex -22.570494 10 80.28106
        vertex -24.321695 10 79.76799
        vertex -18.27975 10 60.45997
    endloop
endfacet
facet normal 0 -1 -0
    outer loop
        vertex -33.23629 10 119.31258
        vertex -36.40558 10 118.38402
        vertex -24.321695 10 79.76799
    endloop
endfacet
facet normal 0 -1 0
    outer loop
        vertex -33.23629 10 119.31258
        vertex -24.321695 10 79.76799
        vertex -22.570494 10 80.28106
    endloop
endfacet
facet normal -0 -1 0
    outer loop
        vertex -11.904699 10 41.24954
        vertex -17.237598 10 60.7653
        vertex -12.237809 10 41.151947
    endloop
endfacet
facet normal 0 -1 0
    outer loop
        vertex -18.27975 10 60.45997
        vertex -17.237598 10 60.7653
        vertex -22.570494 10 80.28106
    endloop
endfacet
facet normal 0 1 0
    outer loop
        vertex -11.60698 119 39.6161
        vertex -13.212669 119 40.03863
        vertex -13.08973 119 40.36324
    endloop
endfacet
facet normal 0 1 0
    outer loop
        vertex -31.875614 119 47.87292
        vertex -32.26023 119 46.857353
        vertex -50.661495 119 55.3826
    endloop
endfacet
facet normal 0 1 0
    outer loop
        vertex -50.661495 119 55.3826
        vertex -51.307793 119 53.676075
        vertex -89.40292 119 67.31352
    endloop
endfacet
facet normal 0 1 0
    outer loop
        vertex -88.23326 119 70.40196
        vertex -50.661495 119 55.3826
        vertex -89.40292 119 67.31352
    endloop
endfacet
facet normal 0 1 -0
    outer loop
        vertex -13.212669 119 40.03863
        vertex -31.875614 119 47.87292
        vertex -13.08973 119 40.36324
    endloop
endfacet
facet normal 0 1 0
    outer loop
        vertex -50.661495 119 55.3826
        vertex -32.26023 119 46.857353
        vertex -51.307793 119 53.676075
    endloop
endfacet
facet normal -0 1 0
    outer loop
        vertex -32.26023 119 46.857353
        vertex -31.875614 119 47.87292
        vertex -13.212669 119 40.03863
    endloop
endfacet
facet normal 0.4372257 -0.75729704 -0.48511317
    outer loop
        vertex -14.656364 -21.86444 39.6161
        vertex -14.253662 -22.561935 41.06789
        vertex -26.45596 -28.67694 39.6161
    endloop
endfacet
facet normal 0.38276619 -0.63483667 -0.67117244
    outer loop
        vertex -38.255554 -35.48944 39.6161
        vertex -37.69834 -36.454567 40.846752
        vertex -49.430706 -43.38351 40.70967
    endloop
endfacet
facet normal 0.37062058 -0.64193362 -0.67123872
    outer loop
        vertex -26.45596 -28.67694 39.6161
        vertex -37.69834 -36.454567 40.846752
        vertex -38.255554 -35.48944 39.6161
    endloop
endfacet
facet normal 0.4185608 -0.69712359 -0.58208728
    outer loop
        vertex -26.45596 -28.67694 39.6161
        vertex -25.972658 -29.51404 40.96616
        vertex -37.69834 -36.454567 40.846752
    endloop
endfacet
facet normal 0.32938761 -0.57051617 -0.75233984
    outer loop
        vertex -61.854748 -49.11444 39.6161
        vertex -50.05515 -42.30194 39.6161
        vertex -49.430706 -43.38351 40.70967
    endloop
endfacet
facet normal 0.18270616 -0.31645638 -0.93084574
    outer loop
        vertex -85.45393 -62.73944 39.6161
        vertex -73.654335 -55.92694 39.6161
        vertex -84.68123 -64.07782 40.22277
    endloop
endfacet
facet normal 0.23484786 -0.40676808 -0.88282853
    outer loop
        vertex -73.654335 -55.92694 39.6161
        vertex -61.854748 -49.11444 39.6161
        vertex -72.92141 -57.196415 40.39599
    endloop
endfacet
facet normal 0.46250644 -0.80108464 -0.3799358
    outer loop
        vertex -2.85677 -15.051941 39.6161
        vertex -2.54135 -15.598249 41.151947
        vertex -14.656364 -21.86444 39.6161
    endloop
endfacet
facet normal 0.44947523 -0.75012308 -0.48506433
    outer loop
        vertex -14.656364 -21.86444 39.6161
        vertex -2.54135 -15.598249 41.151947
        vertex -14.253662 -22.561935 41.06789
    endloop
endfacet
facet normal 0.12724096 -0.22038786 -0.96707749
    outer loop
        vertex -97.25353 -69.55194 39.6161
        vertex -85.45393 -62.73944 39.6161
        vertex -96.45068 -70.94251 40.03863
    endloop
endfacet
facet normal 0.19498119 -0.30932695 -0.93075192
    outer loop
        vertex -84.68123 -64.07782 40.22277
        vertex -96.45068 -70.94251 40.03863
        vertex -85.45393 -62.73944 39.6161
    endloop
endfacet
facet normal 0.24691886 -0.39974606 -0.88274246
    outer loop
        vertex -72.92141 -57.196415 40.39599
        vertex -84.68123 -64.07782 40.22277
        vertex -73.654335 -55.92694 39.6161
    endloop
endfacet
facet normal 0.29577789 -0.48445514 -0.82329744
    outer loop
        vertex -61.171234 -50.298313 40.55829
        vertex -72.92141 -57.196415 40.39599
        vertex -61.854748 -49.11444 39.6161
    endloop
endfacet
facet normal 0.29590157 -0.48438233 -0.82329577
    outer loop
        vertex -49.430706 -43.38351 40.70967
        vertex -61.171234 -50.298313 40.55829
        vertex -61.854748 -49.11444 39.6161
    endloop
endfacet
facet normal 0.32938763 -0.57051605 -0.7523399
    outer loop
        vertex -38.255554 -35.48944 39.6161
        vertex -49.430706 -43.38351 40.70967
        vertex -50.05515 -42.30194 39.6161
    endloop
endfacet
facet normal 0.4185974 -0.69710189 -0.58208698
    outer loop
        vertex -14.253662 -22.561935 41.06789
        vertex -25.972658 -29.51404 40.96616
        vertex -26.45596 -28.67694 39.6161
    endloop
endfacet
facet normal -0.49189568 0.85198814 0.17931776
    outer loop
        vertex -2.7079 -15.30978 41.24954
        vertex -2.85677 -15.051941 39.6161
        vertex -14.656364 -21.86444 39.6161
    endloop
endfacet
facet normal -0.47810149 0.82809609 0.29270405
    outer loop
        vertex -14.413381 -22.285288 41.203617
        vertex -14.656364 -21.86444 39.6161
        vertex -26.45596 -28.67694 39.6161
    endloop
endfacet
facet normal -0.45817673 0.7935853 0.40037045
    outer loop
        vertex -26.123564 -29.252655 41.137627
        vertex -26.45596 -28.67694 39.6161
        vertex -38.255554 -35.48944 39.6161
    endloop
endfacet
facet normal -0.44444066 0.74166042 0.5024066
    outer loop
        vertex -37.838444 -36.211884 41.051567
        vertex -38.255554 -35.48944 39.6161
        vertex -49.55803 -43.162964 40.94544
    endloop
endfacet
facet normal -0.37528908 0.6218853 0.68732584
    outer loop
        vertex -61.284115 -50.10279 40.821922
        vertex -49.55803 -43.162964 40.94544
        vertex -61.854748 -49.11444 39.6161
    endloop
endfacet
facet normal -0.33351836 0.54982638 0.76580453
    outer loop
        vertex -73.0185 -57.028244 40.68372
        vertex -61.284115 -50.10279 40.821922
        vertex -73.654335 -55.92694 39.6161
    endloop
endfacet
facet normal -0.27548096 0.4771471 0.83453029
    outer loop
        vertex -84.76118 -63.939327 40.530823
        vertex -73.654335 -55.92694 39.6161
        vertex -85.45393 -62.73944 39.6161
    endloop
endfacet
facet normal -0.2249949 0.38970268 0.89303368
    outer loop
        vertex -96.51216 -70.83604 40.36324
        vertex -85.45393 -62.73944 39.6161
        vertex -97.25353 -69.55194 39.6161
    endloop
endfacet
facet normal -0.2877464 0.47000155 0.83444619
    outer loop
        vertex -85.45393 -62.73944 39.6161
        vertex -96.51216 -70.83604 40.36324
        vertex -84.76118 -63.939327 40.530823
    endloop
endfacet
facet normal -0.33355546 0.54980451 0.76580405
    outer loop
        vertex -73.654335 -55.92694 39.6161
        vertex -84.76118 -63.939327 40.530823
        vertex -73.0185 -57.028244 40.68372
    endloop
endfacet
facet normal -0.36314264 0.62898099 0.68739372
    outer loop
        vertex -61.854748 -49.11444 39.6161
        vertex -73.654335 -55.92694 39.6161
        vertex -61.284115 -50.10279 40.821922
    endloop
endfacet
facet normal -0.40040094 0.69351488 0.59892929
    outer loop
        vertex -50.05515 -42.30194 39.6161
        vertex -61.854748 -49.11444 39.6161
        vertex -49.55803 -43.162964 40.94544
    endloop
endfacet
facet normal -0.40040097 0.6935147 0.59892941
    outer loop
        vertex -38.255554 -35.48944 39.6161
        vertex -50.05515 -42.30194 39.6161
        vertex -49.55803 -43.162964 40.94544
    endloop
endfacet
facet normal -0.44431779 0.74173349 0.50240731
    outer loop
        vertex -26.123564 -29.252655 41.137627
        vertex -38.255554 -35.48944 39.6161
        vertex -37.838444 -36.211884 41.051567
    endloop
endfacet
facet normal -0.47022578 0.78652555 0.40033147
    outer loop
        vertex -14.413381 -22.285288 41.203617
        vertex -26.45596 -28.67694 39.6161
        vertex -26.123564 -29.252655 41.137627
    endloop
endfacet
facet normal -0.49034646 0.82091528 0.29267466
    outer loop
        vertex -14.656364 -21.86444 39.6161
        vertex -14.413381 -22.285288 41.203617
        vertex -2.7079 -15.30978 41.24954
    endloop
endfacet
facet normal -0.61727607 0.63687372 0.46191144
    outer loop
        vertex -20.479397 -39.681732 62.768795
        vertex -18.49401 -37.983387 63.080326
        vertex -21.688786 -35.613503 55.543438
    endloop
endfacet
facet normal -0.67206025 0.58229917 0.4574523
    outer loop
        vertex -20.479397 -39.681732 62.768795
        vertex -19.687788 -44.310623 69.823975
        vertex -16.422882 -43.93047 74.136665
    endloop
endfacet
facet normal -0.56787819 0.684937 0.45648178
    outer loop
        vertex -21.688786 -35.613503 55.543438
        vertex -21.145191 -33.438652 52.95639
        vertex -22.029364 -31.922966 49.58221
    endloop
endfacet
facet normal -0.56833571 0.68473476 0.45621571
    outer loop
        vertex -21.688786 -35.613503 55.543438
        vertex -18.49401 -37.983387 63.080326
        vertex -21.145191 -33.438652 52.95639
    endloop
endfacet
facet normal -0.46400216 0.3715156 0.8041631
    outer loop
        vertex -62.661602 -74.31382 54.911663
        vertex -64.70165 -75.91748 54.47543
        vertex -58.538864 -84.23196 61.872566
    endloop
endfacet
facet normal -0.46538487 0.37377769 0.80231363
    outer loop
        vertex -62.661602 -74.31382 54.911663
        vertex -66.87076 -68.996864 49.99309
        vertex -64.70165 -75.91748 54.47543
    endloop
endfacet
facet normal -0.40607196 0.40371302 0.81983012
    outer loop
        vertex -66.87076 -68.996864 49.99309
        vertex -69.41253 -67.710754 48.100796
        vertex -64.70165 -75.91748 54.47543
    endloop
endfacet
facet normal -0.38216776 0.43701538 0.81422687
    outer loop
        vertex -66.87076 -68.996864 49.99309
        vertex -66.44093 -63.461334 47.22378
        vertex -73.0185 -57.028244 40.68372
    endloop
endfacet
facet normal -0.29933101 0.42586523 0.85383832
    outer loop
        vertex -76.89217 -62.8318 42.515144
        vertex -80.55836 -65.47377 42.54761
        vertex -77.03606 -66.10357 44.09655
    endloop
endfacet
facet normal -0.27740651 0.45259461 0.84746903
    outer loop
        vertex -76.89217 -62.8318 42.515144
        vertex -73.0185 -57.028244 40.68372
        vertex -84.76118 -63.939327 40.530823
    endloop
endfacet
facet normal -0.30882582 0.39770281 0.86397868
    outer loop
        vertex -80.55836 -65.47377 42.54761
        vertex -78.0062 -68.798065 44.990093
        vertex -77.03606 -66.10357 44.09655
    endloop
endfacet
facet normal -0.28234544 0.3827965 0.87962943
    outer loop
        vertex -80.55836 -65.47377 42.54761
        vertex -84.76118 -63.939327 40.530823
        vertex -80.20789 -73.357864 46.0911
    endloop
endfacet
facet normal -0.49917972 0.77997494 0.37743708
    outer loop
        vertex -19.973902 -27.391224 44.400978
        vertex -16.092148 -25.122635 44.84675
        vertex -14.413381 -22.285288 41.203617
    endloop
endfacet
facet normal -0.4936246 0.76242387 0.41838324
    outer loop
        vertex -19.973902 -27.391224 44.400978
        vertex -17.821003 -27.599182 47.320015
        vertex -16.092148 -25.122635 44.84675
    endloop
endfacet
facet normal -0.55528462 0.73385024 0.39130929
    outer loop
        vertex -16.092148 -25.122635 44.84675
        vertex -15.588541 -27.091078 49.25295
        vertex -12.5038 -29.854328 58.812447
    endloop
endfacet
facet normal -0.51689595 0.75804323 0.39772981
    outer loop
        vertex -16.092148 -25.122635 44.84675
        vertex -17.821003 -27.599182 47.320015
        vertex -15.588541 -27.091078 49.25295
    endloop
endfacet
facet normal -0.30753869 0.25981915 0.91537637
    outer loop
        vertex -91.66855 -76.419136 43.388763
        vertex -88.76428 -81.11145 45.69637
        vertex -87.58469 -80.77078 45.995983
    endloop
endfacet
facet normal -0.25611585 0.27929771 0.92541742
    outer loop
        vertex -91.66855 -76.419136 43.388763
        vertex -96.51216 -70.83604 40.36324
        vertex -87.11922 -87.10509 47.87292
    endloop
endfacet
facet normal -0.62554687 0.73204088 0.26982817
    outer loop
        vertex -2.8306646 -17.903439 48.805866
        vertex -2.1430652 -19.432404 54.548004
        vertex -0.041452497 -19.928202 60.7653
    endloop
endfacet
facet normal -0.59436637 0.75657344 0.27262673
    outer loop
        vertex -2.8306646 -17.903439 48.805866
        vertex -3.04271 -20.257954 54.87765
        vertex -2.1430652 -19.432404 54.548004
    endloop
endfacet
facet normal -0.67782182 0.68931532 0.25573829
    outer loop
        vertex -0.041452497 -19.928202 60.7653
        vertex 0.19022204 -22.16081 67.3971
        vertex 2.624995 -24.546625 80.28106
    endloop
endfacet
facet normal -0.67887938 0.68827128 0.25574479
    outer loop
        vertex 0.19022204 -22.16081 67.3971
        vertex -0.56533134 -22.92564 67.449814
        vertex 2.624995 -24.546625 80.28106
    endloop
endfacet
facet normal -0.67597425 0.68627894 0.26847723
    outer loop
        vertex 0.19022204 -22.16081 67.3971
        vertex -2.1430652 -19.432404 54.548004
        vertex -0.56533134 -22.92564 67.449814
    endloop
endfacet
facet normal -0.39600146 0.20135564 0.89590114
    outer loop
        vertex -83.14882 -92.15068 50.659576
        vertex -82.242096 -91.64768 50.94731
        vertex -88.76428 -81.11145 45.69637
    endloop
endfacet
facet normal -0.39114702 0.18996908 0.90050864
    outer loop
        vertex -83.14882 -92.15068 50.659576
        vertex -77.72627 -103.37414 55.3826
        vertex -82.242096 -91.64768 50.94731
    endloop
endfacet
facet normal -0.25592327 0.30868474 0.91608787
    outer loop
        vertex -91.66855 -76.419136 43.388763
        vertex -87.58469 -80.77078 45.995983
        vertex -89.171684 -71.89563 42.56206
    endloop
endfacet
facet normal -0.30845803 0.26443887 0.91374266
    outer loop
        vertex -88.76428 -81.11145 45.69637
        vertex -82.242096 -91.64768 50.94731
        vertex -87.58469 -80.77078 45.995983
    endloop
endfacet
facet normal -0.5924868 0.75636929 0.27724507
    outer loop
        vertex -2.1430652 -19.432404 54.548004
        vertex -3.04271 -20.257954 54.87765
        vertex -0.56533134 -22.92564 67.449814
    endloop
endfacet
facet normal -0.52739638 0.80619317 0.268152
    outer loop
        vertex -2.8306646 -17.903439 48.805866
        vertex -2.7079 -15.30978 41.24954
        vertex -6.9199185 -19.668823 46.07079
    endloop
endfacet
facet normal -0.74385422 0.1486434 0.65160263
    outer loop
        vertex -39.315544 -105.10997 85.71563
        vertex -36.523094 -110.0214 90.02382
        vertex -35.41232 -108.53907 90.953705
    endloop
endfacet
facet normal -0.71675181 0.16895638 0.67655051
    outer loop
        vertex -39.315544 -105.10997 85.71563
        vertex -43.99061 -100.32532 79.56789
        vertex -37.640778 -111.49175 89.08365
    endloop
endfacet
facet normal -0.84553802 0.32495391 0.42363921
    outer loop
        vertex -11.520254 -64.83984 104.3653
        vertex -9.667733 -67.97375 110.466606
        vertex -8.7013645 -66.241295 111.06649
    endloop
endfacet
facet normal -0.84559745 0.32484737 0.42360255
    outer loop
        vertex -11.520254 -64.83984 104.3653
        vertex -10.638401 -69.69875 109.85181
        vertex -9.667733 -67.97375 110.466606
    endloop
endfacet
facet normal -0.62761724 0.70194191 0.33671087
    outer loop
        vertex -5.712945 -25.487156 62.055298
        vertex -8.267819 -26.262064 58.908554
        vertex -5.879993 -28.88221 68.8216
    endloop
endfacet
facet normal -0.62305957 0.71870047 0.30865228
    outer loop
        vertex -5.712945 -25.487156 62.055298
        vertex -4.7972784 -22.08873 55.99043
        vertex -6.9199185 -19.668823 46.07079
    endloop
endfacet
facet normal -0.67228627 0.65506959 0.34484044
    outer loop
        vertex -5.879993 -28.88221 68.8216
        vertex -7.740293 -30.47922 68.22857
        vertex -5.2418585 -33.6906 79.19985
    endloop
endfacet
facet normal -0.67286366 0.65893501 0.33624244
    outer loop
        vertex -5.879993 -28.88221 68.8216
        vertex -8.267819 -26.262064 58.908554
        vertex -7.740293 -30.47922 68.22857
    endloop
endfacet
facet normal -0.38403609 0.28371593 0.87864751
    outer loop
        vertex -79.938416 -84.160324 49.97713
        vertex -79.21846 -80.207245 49.015354
        vertex -83.017426 -74.79953 45.60876
    endloop
endfacet
facet normal -0.38626298 0.28387165 0.87762052
    outer loop
        vertex -79.938416 -84.160324 49.97713
        vertex -75.14552 -88.77748 53.58005
        vertex -79.21846 -80.207245 49.015354
    endloop
endfacet
facet normal -0.43774024 0.25170088 0.86315131
    outer loop
        vertex -75.14552 -88.77748 53.58005
        vertex -73.38165 -87.01344 53.96018
        vertex -79.21846 -80.207245 49.015354
    endloop
endfacet
facet normal -0.50210416 0.19526117 0.8424753
    outer loop
        vertex -75.14552 -88.77748 53.58005
        vertex -71.47249 -97.85984 57.874157
        vertex -68.64231 -96.338264 59.20825
    endloop
endfacet
facet normal -0.41967705 0.55397302 0.71901667
    outer loop
        vertex -56.399757 -49.72634 42.93401
        vertex -55.237755 -52.053967 45.40559
        vertex -50.732822 -50.894936 47.14205
    endloop
endfacet
facet normal -0.35842526 0.58962297 0.72379285
    outer loop
        vertex -56.399757 -49.72634 42.93401
        vertex -61.284115 -50.10279 40.821922
        vertex -55.237755 -52.053967 45.40559
    endloop
endfacet
facet normal -0.41212258 0.68269557 0.60339177
    outer loop
        vertex -40.73219 -40.03617 43.402023
        vertex -39.515194 -41.829098 46.261814
        vertex -37.838444 -36.211884 41.051567
    endloop
endfacet
facet normal -0.42133039 0.64931339 0.63314527
    outer loop
        vertex -40.73219 -40.03617 43.402023
        vertex -43.856117 -43.540524 44.917027
        vertex -42.600483 -45.44702 47.70778
    endloop
endfacet
facet normal -0.66511333 0.51559448 0.54017264
    outer loop
        vertex -25.46498 -54.586323 73.39073
        vertex -28.31378 -56.457912 71.66944
        vertex -22.585108 -60.941555 83.00278
    endloop
endfacet
facet normal -0.59078014 0.58701319 0.55352896
    outer loop
        vertex -25.46498 -54.586323 73.39073
        vertex -27.548796 -47.908436 64.08483
        vertex -31.978134 -46.31392 57.666435
    endloop
endfacet
facet normal -0.70712966 0.43591654 0.55672652
    outer loop
        vertex -28.162457 -60.891182 75.70182
        vertex -30.814909 -56.92122 69.22431
        vertex -27.263088 -66.46406 81.20772
    endloop
endfacet
facet normal -0.65157533 0.49813545 0.57211071
    outer loop
        vertex -28.162457 -60.891182 75.70182
        vertex -28.31378 -56.457912 71.66944
        vertex -30.814909 -56.92122 69.22431
    endloop
endfacet
facet normal -0.72936589 0.4176349 0.54185468
    outer loop
        vertex -20.095402 -72.68831 95.65316
        vertex -28.162457 -60.891182 75.70182
        vertex -27.263088 -66.46406 81.20772
    endloop
endfacet
facet normal -0.64560288 0.51649266 0.56252313
    outer loop
        vertex -28.31378 -56.457912 71.66944
        vertex -31.700611 -51.235077 62.986946
        vertex -30.814909 -56.92122 69.22431
    endloop
endfacet
facet normal -0.65367842 0.49101076 0.57585847
    outer loop
        vertex -30.814909 -56.92122 69.22431
        vertex -33.34649 -53.29755 63.260868
        vertex -32.69288 -61.523712 71.016914
    endloop
endfacet
facet normal -0.59313816 0.55126131 0.58676922
    outer loop
        vertex -30.814909 -56.92122 69.22431
        vertex -31.700611 -51.235077 62.986946
        vertex -33.34649 -53.29755 63.260868
    endloop
endfacet
facet normal -0.59587717 0.55287492 0.58246005
    outer loop
        vertex -33.34649 -53.29755 63.260868
        vertex -31.700611 -51.235077 62.986946
        vertex -35.48186 -47.41812 55.495514
    endloop
endfacet
facet normal -0.6472435 0.49115205 0.58296263
    outer loop
        vertex -30.814909 -56.92122 69.22431
        vertex -32.69288 -61.523712 71.016914
        vertex -27.263088 -66.46406 81.20772
    endloop
endfacet
facet normal -0.64374745 0.46760809 0.60574913
    outer loop
        vertex -32.69288 -61.523712 71.016914
        vertex -34.33711 -62.55819 70.06811
        vertex -28.875269 -71.03865 82.41906
    endloop
endfacet
facet normal -0.64456952 0.47509208 0.59901404
    outer loop
        vertex -32.69288 -61.523712 71.016914
        vertex -36.58844 -55.35836 61.935207
        vertex -34.33711 -62.55819 70.06811
    endloop
endfacet
facet normal -0.55841899 0.74876499 0.35709813
    outer loop
        vertex -11.579154 -25.6623 52.198017
        vertex -10.5411215 -24.156378 50.663635
        vertex -11.572051 -23.184887 47.014473
    endloop
endfacet
facet normal -0.61627871 0.70129538 0.35830903
    outer loop
        vertex -11.579154 -25.6623 52.198017
        vertex -12.5038 -29.854328 58.812447
        vertex -7.740293 -30.47922 68.22857
    endloop
endfacet
facet normal -0.56340957 0.74484199 0.35746363
    outer loop
        vertex -11.572051 -23.184887 47.014473
        vertex -10.5411215 -24.156378 50.663635
        vertex -9.079875 -23.683264 51.98093
    endloop
endfacet
facet normal -0.50978982 0.77667809 0.36998028
    outer loop
        vertex -11.579154 -25.6623 52.198017
        vertex -14.413381 -22.285288 41.203617
        vertex -16.092148 -25.122635 44.84675
    endloop
endfacet
facet normal -0.32870889 0.33027035 0.88480055
    outer loop
        vertex -80.20789 -73.357864 46.0911
        vertex -82.35449 -72.943695 45.139027
        vertex -79.21846 -80.207245 49.015354
    endloop
endfacet
facet normal -0.32453763 0.34367609 0.88122755
    outer loop
        vertex -80.20789 -73.357864 46.0911
        vertex -83.73837 -69.73261 43.37706
        vertex -82.35449 -72.943695 45.139027
    endloop
endfacet
facet normal -0.34481767 0.36932287 0.86296088
    outer loop
        vertex -78.0062 -68.798065 44.990093
        vertex -80.55836 -65.47377 42.54761
        vertex -74.59585 -77.28465 49.984806
    endloop
endfacet
facet normal -0.33014295 0.34074268 0.88028407
    outer loop
        vertex -83.73837 -69.73261 43.37706
        vertex -83.017426 -74.79953 45.60876
        vertex -82.35449 -72.943695 45.139027
    endloop
endfacet
facet normal -0.55009645 0.08310195 0.83095604
    outer loop
        vertex -72.64957 -108.34982 59.00661
        vertex -69.54798 -114.97417 61.72236
        vertex -68.39669 -111.58554 62.14563
    endloop
endfacet
facet normal -0.49593124 0.12036144 0.85997987
    outer loop
        vertex -72.64957 -108.34982 59.00661
        vertex -77.72627 -103.37414 55.3826
        vertex -69.54798 -114.97417 61.72236
    endloop
endfacet
facet normal -0.76701009 0.58986527 0.25249654
    outer loop
        vertex 2.3850832 -27.948515 87.49954
        vertex 3.8633842 -29.256779 95.04646
        vertex 2.624995 -24.546625 80.28106
    endloop
endfacet
facet normal -0.80906099 0.53160411 0.2506339
    outer loop
        vertex 2.3850832 -27.948515 87.49954
        vertex 1.8774681 -31.199787 92.757
        vertex 3.8633842 -29.256779 95.04646
    endloop
endfacet
facet normal -0.50008303 0.56207198 0.65878063
    outer loop
        vertex -41.95107 -50.473278 52.95559
        vertex -45.21188 -49.996006 50.073086
        vertex -38.367325 -62.96897 66.33736
    endloop
endfacet
facet normal -0.47920105 0.59923756 0.64131176
    outer loop
        vertex -41.95107 -50.473278 52.95559
        vertex -44.155884 -45.887047 47.022762
        vertex -45.21188 -49.996006 50.073086
    endloop
endfacet
facet normal -0.85744298 0.3447161 0.38205034
    outer loop
        vertex -7.5934696 -57.854256 105.9768
        vertex -5.8280635 -60.99925 112.776596
        vertex -4.878897 -59.237 113.31679
    endloop
endfacet
facet normal -0.83370173 0.37658963 0.40388313
    outer loop
        vertex -7.5934696 -57.854256 105.9768
        vertex -10.859246 -55.494987 97.0357
        vertex -6.78153 -62.754044 112.22149
    endloop
endfacet
facet normal -0.72465593 0.11518189 0.67941666
    outer loop
        vertex -44.246716 -110.35591 81.847946
        vertex -41.03528 -115.83106 86.20142
        vertex -39.89687 -114.39659 87.17245
    endloop
endfacet
facet normal -0.72481525 0.11498038 0.67928076
    outer loop
        vertex -44.246716 -110.35591 81.847946
        vertex -42.180595 -117.25356 85.220116
        vertex -41.03528 -115.83106 86.20142
    endloop
endfacet
facet normal -0.72644067 0.51570708 0.45423576
    outer loop
        vertex -18.390818 -50.256073 78.64821
        vertex -14.257127 -49.81499 84.75828
        vertex -19.687788 -44.310623 69.823975
    endloop
endfacet
facet normal -0.75384283 0.47066158 0.45847419
    outer loop
        vertex -18.390818 -50.256073 78.64821
        vertex -17.993172 -56.54406 85.75717
        vertex -12.773709 -59.35599 97.225914
    endloop
endfacet
facet normal -0.7443611 0.45372677 0.48995784
    outer loop
        vertex -17.993172 -56.54406 85.75717
        vertex -19.650866 -59.76578 86.22223
        vertex -11.613369 -71.416306 109.22208
    endloop
endfacet
facet normal -0.75158352 0.45557871 0.47704321
    outer loop
        vertex -17.993172 -56.54406 85.75717
        vertex -21.691254 -50.274292 73.94317
        vertex -19.650866 -59.76578 86.22223
    endloop
endfacet
facet normal -0.61582053 0.28013355 0.7364037
    outer loop
        vertex -52.341953 -85.23116 66.84211
        vertex -52.689598 -92.22987 69.21375
        vertex -43.99061 -100.32532 79.56789
    endloop
endfacet
facet normal -0.59304798 0.28468075 0.75316066
    outer loop
        vertex -52.341953 -85.23116 66.84211
        vertex -57.997177 -79.13506 60.084904
        vertex -52.689598 -92.22987 69.21375
    endloop
endfacet
facet normal -0.64702451 0.27452365 0.71133405
    outer loop
        vertex -46.70824 -89.3898 73.251465
        vertex -43.952847 -88.06935 75.24815
        vertex -52.106255 -79.90467 64.68089
    endloop
endfacet
facet normal -0.67710084 0.2346061 0.69749141
    outer loop
        vertex -46.70824 -89.3898 73.251465
        vertex -43.99061 -100.32532 79.56789
        vertex -39.315544 -105.10997 85.71563
    endloop
endfacet
facet normal -0.33804324 0.47006977 0.81532896
    outer loop
        vertex -68.27809 -59.958298 44.338432
        vertex -64.131165 -56.769043 44.219055
        vertex -73.0185 -57.028244 40.68372
    endloop
endfacet
facet normal -0.35371441 0.48975629 0.79688448
    outer loop
        vertex -68.27809 -59.958298 44.338432
        vertex -64.63483 -63.581028 48.182064
        vertex -64.131165 -56.769043 44.219055
    endloop
endfacet
facet normal -0.47117582 0.64308262 0.60368705
    outer loop
        vertex -40.73219 -40.03617 43.402023
        vertex -42.600483 -45.44702 47.70778
        vertex -39.515194 -41.829098 46.261814
    endloop
endfacet
facet normal -0.41161388 0.63725191 0.65152448
    outer loop
        vertex -43.856117 -43.540524 44.917027
        vertex -49.55803 -43.162964 40.94544
        vertex -44.155884 -45.887047 47.022762
    endloop
endfacet
facet normal -0.48316032 0.71391535 0.50683421
    outer loop
        vertex -26.870998 -33.238636 46.43336
        vertex -31.379257 -35.802048 45.746445
        vertex -26.405432 -36.73261 51.798714
    endloop
endfacet
facet normal -0.48775035 0.72917962 0.47999653
    outer loop
        vertex -26.870998 -33.238636 46.43336
        vertex -26.123564 -29.252655 41.137627
        vertex -31.379257 -35.802048 45.746445
    endloop
endfacet
facet normal -0.46403101 0.55642319 0.6892522
    outer loop
        vertex -51.874043 -48.649967 44.56141
        vertex -50.732822 -50.894936 47.14205
        vertex -47.662918 -53.24538 51.106308
    endloop
endfacet
facet normal -0.39319295 0.60050309 0.69627231
    outer loop
        vertex -51.874043 -48.649967 44.56141
        vertex -56.399757 -49.72634 42.93401
        vertex -50.732822 -50.894936 47.14205
    endloop
endfacet
facet normal -0.52958155 0.12464406 0.83905143
    outer loop
        vertex -74.65459 -99.4898 56.398987
        vertex -68.39669 -111.58554 62.14563
        vertex -69.57154 -104.96145 60.42007
    endloop
endfacet
facet normal -0.40843892 0.22056684 0.88573587
    outer loop
        vertex -74.65459 -99.4898 56.398987
        vertex -81.35711 -90.89897 51.16896
        vertex -82.242096 -91.64768 50.94731
    endloop
endfacet
facet normal -0.53317207 0.15541185 0.83160967
    outer loop
        vertex -69.57154 -104.96145 60.42007
        vertex -66.49582 -107.16833 62.80444
        vertex -71.47249 -97.85984 57.874157
    endloop
endfacet
facet normal -0.55634093 0.11568087 0.82286263
    outer loop
        vertex -69.57154 -104.96145 60.42007
        vertex -68.39669 -111.58554 62.14563
        vertex -62.078175 -119.08122 67.471375
    endloop
endfacet
facet normal -0.44306463 0.25801447 0.8585583
    outer loop
        vertex -75.14552 -88.77748 53.58005
        vertex -68.64231 -96.338264 59.20825
        vertex -73.38165 -87.01344 53.96018
    endloop
endfacet
facet normal -0.49789885 0.18281738 0.84774679
    outer loop
        vertex -71.47249 -97.85984 57.874157
        vertex -66.49582 -107.16833 62.80444
        vertex -68.64231 -96.338264 59.20825
    endloop
endfacet
facet normal -0.77591443 0.56730121 0.27590972
    outer loop
        vertex -0.7506306 -27.904522 78.59082
        vertex 1.8774681 -31.199787 92.757
        vertex 2.3850832 -27.948515 87.49954
    endloop
endfacet
facet normal -0.78116363 0.56036568 0.27527025
    outer loop
        vertex -0.7506306 -27.904522 78.59082
        vertex -0.6078108 -31.484343 86.28353
        vertex 1.8774681 -31.199787 92.757
    endloop
endfacet
facet normal -0.79601926 0.53508073 0.28291667
    outer loop
        vertex -0.6078108 -31.484343 86.28353
        vertex -0.96926206 -33.97872 89.98417
        vertex 2.4839709 -35.69858 102.95302
    endloop
endfacet
facet normal -0.76842773 0.56291664 0.30437413
    outer loop
        vertex -0.6078108 -31.484343 86.28353
        vertex -3.118944 -30.94401 78.94458
        vertex -0.96926206 -33.97872 89.98417
    endloop
endfacet
facet normal -0.73849922 0.5994876 0.30859938
    outer loop
        vertex -3.118944 -30.94401 78.94458
        vertex -5.2418585 -33.6906 79.19985
        vertex -0.96926206 -33.97872 89.98417
    endloop
endfacet
facet normal -0.63785452 0.70892584 0.30094135
    outer loop
        vertex -5.712945 -25.487156 62.055298
        vertex -3.016474 -25.386553 67.53356
        vertex -4.7972784 -22.08873 55.99043
    endloop
endfacet
facet normal -0.56076759 0.69038445 0.45706552
    outer loop
        vertex -22.029364 -31.922966 49.58221
        vertex -21.145191 -33.438652 52.95639
        vertex -18.94543 -32.859203 54.780006
    endloop
endfacet
facet normal -0.50888264 0.718611 0.47395846
    outer loop
        vertex -22.029364 -31.922966 49.58221
        vertex -26.123564 -29.252655 41.137627
        vertex -21.688786 -35.613503 55.543438
    endloop
endfacet
facet normal -0.40577182 0.40418333 0.81974691
    outer loop
        vertex -70.982544 -64.97567 45.975086
        vertex -69.41253 -67.710754 48.100796
        vertex -66.87076 -68.996864 49.99309
    endloop
endfacet
facet normal -0.39846605 0.40921992 0.82083118
    outer loop
        vertex -70.982544 -64.97567 45.975086
        vertex -70.438995 -70.32242 48.904533
        vertex -69.41253 -67.710754 48.100796
    endloop
endfacet
facet normal -0.5223496 0.73200446 0.43740189
    outer loop
        vertex -19.973902 -27.391224 44.400978
        vertex -18.94543 -32.859203 54.780006
        vertex -17.821003 -27.599182 47.320015
    endloop
endfacet
facet normal -0.56064981 0.69062477 0.45684704
    outer loop
        vertex -21.145191 -33.438652 52.95639
        vertex -18.49401 -37.983387 63.080326
        vertex -18.94543 -32.859203 54.780006
    endloop
endfacet
facet normal -0.52564138 0.36443093 0.76869452
    outer loop
        vertex -57.02254 -75.29717 58.93186
        vertex -57.997177 -79.13506 60.084904
        vertex -52.341953 -85.23116 66.84211
    endloop
endfacet
facet normal -0.51913404 0.36414379 0.77323937
    outer loop
        vertex -57.02254 -75.29717 58.93186
        vertex -61.76668 -69.60634 53.06676
        vertex -57.997177 -79.13506 60.084904
    endloop
endfacet
facet normal -0.39817399 0.40915823 0.82100362
    outer loop
        vertex -69.41253 -67.710754 48.100796
        vertex -70.438995 -70.32242 48.904533
        vertex -64.70165 -75.91748 54.47543
    endloop
endfacet
facet normal -0.31304562 0.46947718 0.82558686
    outer loop
        vertex -70.982544 -64.97567 45.975086
        vertex -73.0185 -57.028244 40.68372
        vertex -76.89217 -62.8318 42.515144
    endloop
endfacet
facet normal -0.64837307 0.58798575 0.48361662
    outer loop
        vertex -22.491077 -44.981194 66.88096
        vertex -19.687788 -44.310623 69.823975
        vertex -23.898045 -40.01799 58.96036
    endloop
endfacet
facet normal -0.69048637 0.53911734 0.48226663
    outer loop
        vertex -22.491077 -44.981194 66.88096
        vertex -21.691254 -50.274292 73.94317
        vertex -18.390818 -50.256073 78.64821
    endloop
endfacet
facet normal -0.79144454 0.29980096 0.53266764
    outer loop
        vertex -24.243256 -75.61323 91.47996
        vertex -19.567932 -84.888596 103.647064
        vertex -20.881914 -77.69257 97.6446
    endloop
endfacet
facet normal -0.77088642 0.31547874 0.55335993
    outer loop
        vertex -24.243256 -75.61323 91.47996
        vertex -28.875269 -71.03865 82.41906
        vertex -24.424454 -82.91088 95.38803
    endloop
endfacet
facet normal -0.78970379 0.21732615 0.5737049
    outer loop
        vertex -31.692465 -85.50326 87.178825
        vertex -25.726206 -94.659645 98.85992
        vertex -24.684513 -93.05767 99.68696
    endloop
endfacet
facet normal -0.76551735 0.25487185 0.59078211
    outer loop
        vertex -31.692465 -85.50326 87.178825
        vertex -30.44623 -91.404465 91.33952
        vertex -25.726206 -94.659645 98.85992
    endloop
endfacet
facet normal -0.60307872 0.46184596 0.65038037
    outer loop
        vertex -38.1933 -67.1538 69.47044
        vertex -38.367325 -62.96897 66.33736
        vertex -41.759453 -61.219067 61.9493
    endloop
endfacet
facet normal -0.70883161 0.35375389 0.610259
    outer loop
        vertex -38.1933 -67.1538 69.47044
        vertex -34.346413 -77.45818 79.91193
        vertex -30.874296 -76.00737 83.103874
    endloop
endfacet
facet normal -0.64116091 0.03254238 0.76671618
    outer loop
        vertex -62.078175 -119.08122 67.471375
        vertex -55.23502 -132.11139 73.74696
        vertex -57.52976 -123.21664 71.45048
    endloop
endfacet
facet normal -0.61605388 0.03965554 0.78670526
    outer loop
        vertex -62.078175 -119.08122 67.471375
        vertex -68.39669 -111.58554 62.14563
        vertex -61.707314 -127.33507 68.17784
    endloop
endfacet
facet normal -0.88897383 0.38151774 0.25331792
    outer loop
        vertex 2.4839709 -35.69858 102.95302
        vertex 5.278106 -39.3607 118.27399
        vertex 6.175668 -37.509068 118.63511
    endloop
endfacet
facet normal -0.86743355 0.4244318 0.25964713
    outer loop
        vertex 2.4839709 -35.69858 102.95302
        vertex 2.5091028 -39.48478 109.22608
        vertex 5.278106 -39.3607 118.27399
    endloop
endfacet
facet normal -0.52201736 0.78205335 0.34042701
    outer loop
        vertex -11.572051 -23.184887 47.014473
        vertex -9.079875 -23.683264 51.98093
        vertex -6.9199185 -19.668823 46.07079
    endloop
endfacet
facet normal -0.55669123 0.75508142 0.34633356
    outer loop
        vertex -10.5411215 -24.156378 50.663635
        vertex -8.267819 -26.262064 58.908554
        vertex -9.079875 -23.683264 51.98093
    endloop
endfacet
facet normal -0.31542572 0.33719105 0.88702244
    outer loop
        vertex -82.35449 -72.943695 45.139027
        vertex -83.017426 -74.79953 45.60876
        vertex -79.21846 -80.207245 49.015354
    endloop
endfacet
facet normal -0.28397608 0.38194853 0.87947309
    outer loop
        vertex -83.73837 -69.73261 43.37706
        vertex -84.76118 -63.939327 40.530823
        vertex -89.171684 -71.89563 42.56206
    endloop
endfacet
facet normal -0.52317727 0.12951285 0.84232533
    outer loop
        vertex -72.64957 -108.34982 59.00661
        vertex -68.39669 -111.58554 62.14563
        vertex -74.65459 -99.4898 56.398987
    endloop
endfacet
facet normal -0.55144668 0.08367973 0.83000255
    outer loop
        vertex -69.54798 -114.97417 61.72236
        vertex -61.707314 -127.33507 68.17784
        vertex -68.39669 -111.58554 62.14563
    endloop
endfacet
facet normal -0.80941403 0.53046286 0.25190869
    outer loop
        vertex 3.8633842 -29.256779 95.04646
        vertex 1.8774681 -31.199787 92.757
        vertex 5.713971 -33.681614 110.31033
    endloop
endfacet
facet normal -0.74711025 0.610506 0.26288533
    outer loop
        vertex 2.3850832 -27.948515 87.49954
        vertex 2.624995 -24.546625 80.28106
        vertex -0.56533134 -22.92564 67.449814
    endloop
endfacet
facet normal -0.67320287 0.67921555 0.29234251
    outer loop
        vertex -0.56533134 -22.92564 67.449814
        vertex -1.4310956 -23.707655 67.27304
        vertex -0.7506306 -27.904522 78.59082
    endloop
endfacet
facet normal -0.67451638 0.68390453 0.27803296
    outer loop
        vertex -0.56533134 -22.92564 67.449814
        vertex -3.04271 -20.257954 54.87765
        vertex -1.4310956 -23.707655 67.27304
    endloop
endfacet
facet normal -0.40052497 0.20934251 0.89205122
    outer loop
        vertex -82.242096 -91.64768 50.94731
        vertex -81.35711 -90.89897 51.16896
        vertex -87.58469 -80.77078 45.995983
    endloop
endfacet
facet normal -0.47769472 0.14384125 0.86667037
    outer loop
        vertex -82.242096 -91.64768 50.94731
        vertex -77.72627 -103.37414 55.3826
        vertex -72.64957 -108.34982 59.00661
    endloop
endfacet
facet normal -0.51456481 0.2068053 0.83213848
    outer loop
        vertex -68.64231 -96.338264 59.20825
        vertex -65.98031 -94.95279 60.510014
        vertex -73.38165 -87.01344 53.96018
    endloop
endfacet
facet normal -0.56075042 0.15870072 0.81263334
    outer loop
        vertex -68.64231 -96.338264 59.20825
        vertex -66.49582 -107.16833 62.80444
        vertex -56.855614 -117.90354 71.55308
    endloop
endfacet
facet normal -0.52828723 0.2467552 0.81241894
    outer loop
        vertex -65.98031 -94.95279 60.510014
        vertex -63.33498 -95.17104 62.296467
        vertex -66.61924 -86.152596 57.421665
    endloop
endfacet
facet normal -0.53457111 0.2136303 0.81767714
    outer loop
        vertex -65.98031 -94.95279 60.510014
        vertex -61.307045 -102.53054 65.545044
        vertex -63.33498 -95.17104 62.296467
    endloop
endfacet
facet normal -0.72722495 0.58450276 0.35986155
    outer loop
        vertex -5.2418585 -33.6906 79.19985
        vertex -7.197685 -36.299206 79.484436
        vertex -5.4240737 -39.887764 88.89732
    endloop
endfacet
facet normal -0.73449391 0.58770847 0.33928952
    outer loop
        vertex -5.2418585 -33.6906 79.19985
        vertex -7.740293 -30.47922 68.22857
        vertex -7.197685 -36.299206 79.484436
    endloop
endfacet
facet normal -0.74026072 0.56986958 0.35673907
    outer loop
        vertex -7.197685 -36.299206 79.484436
        vertex -8.284311 -38.78071 81.19366
        vertex -5.4240737 -39.887764 88.89732
    endloop
endfacet
facet normal -0.65096122 0.66104734 0.37318346
    outer loop
        vertex -7.197685 -36.299206 79.484436
        vertex -7.740293 -30.47922 68.22857
        vertex -12.5038 -29.854328 58.812447
    endloop
endfacet
facet normal -0.75272256 0.49870479 0.42977014
    outer loop
        vertex -14.257127 -49.81499 84.75828
        vertex -12.371301 -49.38483 87.56206
        vertex -16.422882 -43.93047 74.136665
    endloop
endfacet
facet normal -0.75758463 0.48677868 0.43487009
    outer loop
        vertex -14.257127 -49.81499 84.75828
        vertex -10.859246 -55.494987 97.0357
        vertex -12.371301 -49.38483 87.56206
    endloop
endfacet
facet normal -0.61879158 0.24635611 0.74592608
    outer loop
        vertex -52.689598 -92.22987 69.21375
        vertex -52.927853 -95.51371 70.100655
        vertex -47.05412 -102.19611 77.18027
    endloop
endfacet
facet normal -0.52918488 0.3303594 0.78155357
    outer loop
        vertex -52.689598 -92.22987 69.21375
        vertex -57.997177 -79.13506 60.084904
        vertex -58.538864 -84.23196 61.872566
    endloop
endfacet
facet normal -0.7120561 0.40315911 0.57483798
    outer loop
        vertex -32.69288 -61.523712 71.016914
        vertex -28.875269 -71.03865 82.41906
        vertex -27.263088 -66.46406 81.20772
    endloop
endfacet
facet normal -0.68127072 0.42709479 0.59452528
    outer loop
        vertex -34.33711 -62.55819 70.06811
        vertex -33.36034 -67.79533 74.949646
        vertex -28.875269 -71.03865 82.41906
    endloop
endfacet
facet normal -0.35790801 0.59189624 0.72219151
    outer loop
        vertex -61.284115 -50.10279 40.821922
        vertex -56.399757 -49.72634 42.93401
        vertex -49.55803 -43.162964 40.94544
    endloop
endfacet
facet normal -0.46150529 0.52479762 0.71526241
    outer loop
        vertex -55.237755 -52.053967 45.40559
        vertex -53.806675 -54.973045 48.470726
        vertex -48.67123 -54.830303 51.679512
    endloop
endfacet
facet normal -0.4474436 0.63375604 0.63098925
    outer loop
        vertex -39.515194 -41.829098 46.261814
        vertex -42.600483 -45.44702 47.70778
        vertex -40.440094 -48.824337 52.631866
    endloop
endfacet
facet normal -0.40822205 0.64373499 0.64727128
    outer loop
        vertex -43.856117 -43.540524 44.917027
        vertex -40.73219 -40.03617 43.402023
        vertex -49.55803 -43.162964 40.94544
    endloop
endfacet
facet normal -0.45028418 0.49936789 0.74018633
    outer loop
        vertex -53.712673 -63.265236 54.30799
        vertex -54.072712 -58.754417 51.045734
        vertex -61.284115 -50.10279 40.821922
    endloop
endfacet
facet normal -0.49327096 0.48356661 0.72308165
    outer loop
        vertex -53.712673 -63.265236 54.30799
        vertex -49.398052 -66.29791 59.27946
        vertex -54.072712 -58.754417 51.045734
    endloop
endfacet
facet normal -0.55745775 0.59477514 0.57920933
    outer loop
        vertex -31.978134 -46.31392 57.666435
        vertex -35.0491 -44.882057 53.240456
        vertex -31.700611 -51.235077 62.986946
    endloop
endfacet
facet normal -0.52327198 0.63363224 0.5698216
    outer loop
        vertex -31.978134 -46.31392 57.666435
        vertex -31.394426 -41.912663 53.308334
        vertex -37.838444 -36.211884 41.051567
    endloop
endfacet
facet normal -0.45891958 0.5219205 0.71902138
    outer loop
        vertex -54.072712 -58.754417 51.045734
        vertex -51.643337 -59.676582 53.265675
        vertex -53.806675 -54.973045 48.470726
    endloop
endfacet
facet normal -0.47403023 0.49847871 0.72581971
    outer loop
        vertex -54.072712 -58.754417 51.045734
        vertex -49.398052 -66.29791 59.27946
        vertex -51.643337 -59.676582 53.265675
    endloop
endfacet
facet normal -0.53814578 0.60949177 0.58216727
    outer loop
        vertex -35.0491 -44.882057 53.240456
        vertex -35.48186 -47.41812 55.495514
        vertex -31.700611 -51.235077 62.986946
    endloop
endfacet
facet normal -0.45013028 0.67577732 0.58370173
    outer loop
        vertex -35.0491 -44.882057 53.240456
        vertex -37.838444 -36.211884 41.051567
        vertex -39.515194 -41.829098 46.261814
    endloop
endfacet
facet normal -0.77678108 0.51503754 0.36241877
    outer loop
        vertex -8.284311 -38.78071 81.19366
        vertex -6.89973 -43.24723 90.50869
        vertex -5.4240737 -39.887764 88.89732
    endloop
endfacet
facet normal -0.72389603 0.57396007 0.3828111
    outer loop
        vertex -8.284311 -38.78071 81.19366
        vertex -11.611636 -36.347546 71.25357
        vertex -6.89973 -43.24723 90.50869
    endloop
endfacet
facet normal -0.53323376 0.24370323 0.81010526
    outer loop
        vertex -63.33498 -95.17104 62.296467
        vertex -58.07125 -102.21972 67.881645
        vertex -66.61924 -86.152596 57.421665
    endloop
endfacet
facet normal -0.58689064 0.18610781 0.78798681
    outer loop
        vertex -63.33498 -95.17104 62.296467
        vertex -61.307045 -102.53054 65.545044
        vertex -58.07125 -102.21972 67.881645
    endloop
endfacet
facet normal -0.57299113 0.5059796 0.64472151
    outer loop
        vertex -38.367325 -62.96897 66.33736
        vertex -45.21188 -49.996006 50.073086
        vertex -41.759453 -61.219067 61.9493
    endloop
endfacet
facet normal -0.62618738 0.46591428 0.62515062
    outer loop
        vertex -38.367325 -62.96897 66.33736
        vertex -33.36034 -67.79533 74.949646
        vertex -34.33711 -62.55819 70.06811
    endloop
endfacet
facet normal -0.60999221 0.22189371 0.76070541
    outer loop
        vertex -53.03674 -100.18395 71.375626
        vertex -52.927853 -95.51371 70.100655
        vertex -57.477592 -91.515335 65.28602
    endloop
endfacet
facet normal -0.67924601 0.14385904 0.7196731
    outer loop
        vertex -53.03674 -100.18395 71.375626
        vertex -48.57987 -113.73914 78.29175
        vertex -43.332817 -118.6641 84.22852
    endloop
endfacet
facet normal -0.57198268 0.2782844 0.77161759
    outer loop
        vertex -52.927853 -95.51371 70.100655
        vertex -58.538864 -84.23196 61.872566
        vertex -57.477592 -91.515335 65.28602
    endloop
endfacet
facet normal -0.67319363 0.19048287 0.71451151
    outer loop
        vertex -52.689598 -92.22987 69.21375
        vertex -47.05412 -102.19611 77.18027
        vertex -43.99061 -100.32532 79.56789
    endloop
endfacet
facet normal -0.80350626 0.43358958 0.40789446
    outer loop
        vertex -7.5934696 -57.854256 105.9768
        vertex -12.371301 -49.38483 87.56206
        vertex -10.859246 -55.494987 97.0357
    endloop
endfacet
facet normal -0.76748788 0.49465662 0.40777093
    outer loop
        vertex -9.861356 -48.87335 91.665695
        vertex -12.758203 -44.832695 81.31177
        vertex -12.371301 -49.38483 87.56206
    endloop
endfacet
facet normal -0.67329806 0.57996577 0.45859513
    outer loop
        vertex -14.257127 -49.81499 84.75828
        vertex -16.422882 -43.93047 74.136665
        vertex -19.687788 -44.310623 69.823975
    endloop
endfacet
facet normal -0.72165215 0.53755647 0.43617797
    outer loop
        vertex -12.371301 -49.38483 87.56206
        vertex -12.758203 -44.832695 81.31177
        vertex -16.422882 -43.93047 74.136665
    endloop
endfacet
facet normal -0.61799341 0.63823462 0.45906499
    outer loop
        vertex -16.422882 -43.93047 74.136665
        vertex -18.49401 -37.983387 63.080326
        vertex -20.479397 -39.681732 62.768795
    endloop
endfacet
facet normal -0.69083446 0.5839836 0.4262757
    outer loop
        vertex -16.422882 -43.93047 74.136665
        vertex -12.758203 -44.832695 81.31177
        vertex -16.659319 -37.108555 64.40769
    endloop
endfacet
facet normal -0.39451098 0.45204496 0.80001032
    outer loop
        vertex -66.44093 -63.461334 47.22378
        vertex -64.63483 -63.581028 48.182064
        vertex -68.27809 -59.958298 44.338432
    endloop
endfacet
facet normal -0.39239481 0.45927811 0.79692531
    outer loop
        vertex -66.44093 -63.461334 47.22378
        vertex -61.76668 -69.60634 53.06676
        vertex -64.63483 -63.581028 48.182064
    endloop
endfacet
facet normal -0.47543287 0.36125827 0.80215716
    outer loop
        vertex -58.538864 -84.23196 61.872566
        vertex -64.70165 -75.91748 54.47543
        vertex -65.804085 -78.06062 54.78721
    endloop
endfacet
facet normal -0.52674985 0.33063599 0.7830801
    outer loop
        vertex -58.538864 -84.23196 61.872566
        vertex -57.997177 -79.13506 60.084904
        vertex -62.661602 -74.31382 54.911663
    endloop
endfacet
facet normal -0.52496284 0.68890202 0.49982783
    outer loop
        vertex -25.522617 -35.25312 50.686775
        vertex -26.405432 -36.73261 51.798714
        vertex -23.898045 -40.01799 58.96036
    endloop
endfacet
facet normal -0.45205677 0.74216533 0.49480844
    outer loop
        vertex -25.522617 -35.25312 50.686775
        vertex -26.123564 -29.252655 41.137627
        vertex -26.870998 -33.238636 46.43336
    endloop
endfacet
facet normal -0.39885238 0.34077322 0.85134625
    outer loop
        vertex -74.59585 -77.28465 49.984806
        vertex -72.30525 -76.20601 50.626186
        vertex -78.0062 -68.798065 44.990093
    endloop
endfacet
facet normal -0.43826136 0.29258636 0.84989429
    outer loop
        vertex -74.59585 -77.28465 49.984806
        vertex -73.38165 -87.01344 53.96018
        vertex -65.98031 -94.95279 60.510014
    endloop
endfacet
facet normal -0.34282058 0.42098668 0.83978826
    outer loop
        vertex -76.89217 -62.8318 42.515144
        vertex -77.03606 -66.10357 44.09655
        vertex -70.438995 -70.32242 48.904533
    endloop
endfacet
facet normal -0.32535321 0.40110847 0.85630441
    outer loop
        vertex -78.0062 -68.798065 44.990093
        vertex -72.30525 -76.20601 50.626186
        vertex -77.03606 -66.10357 44.09655
    endloop
endfacet
facet normal -0.59909487 0.69139194 0.40380993
    outer loop
        vertex -12.5038 -29.854328 58.812447
        vertex -14.380926 -31.649117 59.100517
        vertex -11.611636 -36.347546 71.25357
    endloop
endfacet
facet normal -0.60252583 0.693551 0.3949047
    outer loop
        vertex -12.5038 -29.854328 58.812447
        vertex -15.588541 -27.091078 49.25295
        vertex -14.380926 -31.649117 59.100517
    endloop
endfacet
facet normal -0.52461362 0.7462514 0.40974319
    outer loop
        vertex -15.588541 -27.091078 49.25295
        vertex -17.821003 -27.599182 47.320015
        vertex -14.380926 -31.649117 59.100517
    endloop
endfacet
facet normal -0.46315914 0.77435696 0.43110892
    outer loop
        vertex -19.973902 -27.391224 44.400978
        vertex -14.413381 -22.285288 41.203617
        vertex -26.123564 -29.252655 41.137627
    endloop
endfacet
facet normal -0.70856482 0.35836953 0.60787094
    outer loop
        vertex -30.874296 -76.00737 83.103874
        vertex -34.346413 -77.45818 79.91193
        vertex -27.42122 -84.0282 91.85762
    endloop
endfacet
facet normal -0.64760119 0.43923089 0.62264663
    outer loop
        vertex -38.1933 -67.1538 69.47044
        vertex -33.36034 -67.79533 74.949646
        vertex -38.367325 -62.96897 66.33736
    endloop
endfacet
facet normal -0.72024399 0.37059593 0.58643609
    outer loop
        vertex -30.874296 -76.00737 83.103874
        vertex -24.424454 -82.91088 95.38803
        vertex -28.875269 -71.03865 82.41906
    endloop
endfacet
facet normal -0.80160427 0.2338426 0.55022573
    outer loop
        vertex -27.42122 -84.0282 91.85762
        vertex -23.649729 -91.44372 100.50372
        vertex -22.62185 -89.81781 101.3102
    endloop
endfacet
facet normal -0.44053444 0.60535079 0.66293269
    outer loop
        vertex -45.21188 -49.996006 50.073086
        vertex -44.155884 -45.887047 47.022762
        vertex -49.55803 -43.162964 40.94544
    endloop
endfacet
facet normal -0.56170708 0.49889073 0.6599949
    outer loop
        vertex -38.1933 -67.1538 69.47044
        vertex -41.759453 -61.219067 61.9493
        vertex -44.538536 -62.125576 60.269314
    endloop
endfacet
facet normal -0.4557704 0.62603313 0.6327368
    outer loop
        vertex -44.155884 -45.887047 47.022762
        vertex -42.600483 -45.44702 47.70778
        vertex -43.856117 -43.540524 44.917027
    endloop
endfacet
facet normal -0.455513 0.62823129 0.63074028
    outer loop
        vertex -44.155884 -45.887047 47.022762
        vertex -40.440094 -48.824337 52.631866
        vertex -42.600483 -45.44702 47.70778
    endloop
endfacet
facet normal -0.80828786 0.24750367 0.53424031
    outer loop
        vertex -24.424454 -82.91088 95.38803
        vertex -21.599577 -88.18218 102.10407
        vertex -20.581604 -86.53911 102.883026
    endloop
endfacet
facet normal -0.80892015 0.24652292 0.53373641
    outer loop
        vertex -24.424454 -82.91088 95.38803
        vertex -22.62185 -89.81781 101.3102
        vertex -21.599577 -88.18218 102.10407
    endloop
endfacet
facet normal -0.64893383 0.10651656 0.75335193
    outer loop
        vertex -56.855614 -117.90354 71.55308
        vertex -52.606968 -118.118164 75.24319
        vertex -61.307045 -102.53054 65.545044
    endloop
endfacet
facet normal -0.68432277 0.03539543 0.7283197
    outer loop
        vertex -56.855614 -117.90354 71.55308
        vertex -51.591824 -128.20282 76.99942
        vertex -50.391243 -126.87605 78.062996
    endloop
endfacet
facet normal -0.85194945 0.42535225 0.305381
    outer loop
        vertex -0.0032641776 -41.613987 105.00842
        vertex -1.3929231 -46.351273 107.72993
        vertex 1.6448561 -46.692722 116.68029
    endloop
endfacet
facet normal -0.77919632 0.53711051 0.32305655
    outer loop
        vertex -0.0032641776 -41.613987 105.00842
        vertex -0.96926206 -33.97872 89.98417
        vertex -5.2418585 -33.6906 79.19985
    endloop
endfacet
facet normal -0.89425325 0.38556609 0.22726597
    outer loop
        vertex 5.713971 -33.681614 110.31033
        vertex 7.068929 -35.649998 118.98131
        vertex 7.9578896 -33.78347 119.31258
    endloop
endfacet
facet normal -0.85508895 0.45365816 0.25103229
    outer loop
        vertex 5.713971 -33.681614 110.31033
        vertex 1.8774681 -31.199787 92.757
        vertex 2.4839709 -35.69858 102.95302
    endloop
endfacet
facet normal -0.65991151 -0.01771319 0.75113451
    outer loop
        vertex -61.707314 -127.33507 68.17784
        vertex -57.698357 -134.65724 71.52725
        vertex -56.463234 -133.39029 72.64225
    endloop
endfacet
facet normal -0.66088837 -0.01865142 0.75025243
    outer loop
        vertex -61.707314 -127.33507 68.17784
        vertex -58.940388 -135.91225 70.40196
        vertex -57.698357 -134.65724 71.52725
    endloop
endfacet
facet normal -0.32178923 0.2910558 0.90096515
    outer loop
        vertex -87.58469 -80.77078 45.995983
        vertex -84.96607 -80.43658 46.823284
        vertex -89.171684 -71.89563 42.56206
    endloop
endfacet
facet normal -0.32112589 0.26667413 0.90871507
    outer loop
        vertex -87.58469 -80.77078 45.995983
        vertex -81.35711 -90.89897 51.16896
        vertex -84.96607 -80.43658 46.823284
    endloop
endfacet
facet normal -0.59900016 0.74792057 0.28603056
    outer loop
        vertex -3.04271 -20.257954 54.87765
        vertex -4.7972784 -22.08873 55.99043
        vertex -1.4310956 -23.707655 67.27304
    endloop
endfacet
facet normal -0.53577423 0.79338247 0.28894675
    outer loop
        vertex -3.04271 -20.257954 54.87765
        vertex -2.8306646 -17.903439 48.805866
        vertex -6.9199185 -19.668823 46.07079
    endloop
endfacet
facet normal -0.53378552 0.65824085 0.53084075
    outer loop
        vertex -31.394426 -41.912663 53.308334
        vertex -28.967716 -41.320305 55.013985
        vertex -31.379257 -35.802048 45.746445
    endloop
endfacet
facet normal -0.54092288 0.63803029 0.54801434
    outer loop
        vertex -31.394426 -41.912663 53.308334
        vertex -27.548796 -47.908436 64.08483
        vertex -28.967716 -41.320305 55.013985
    endloop
endfacet
facet normal -0.44829577 0.47756514 0.7556206
    outer loop
        vertex -58.019417 -61.218002 50.32143
        vertex -59.286068 -63.81964 51.21423
        vertex -53.356617 -69.95927 58.61241
    endloop
endfacet
facet normal -0.36299792 0.54146969 0.75831604
    outer loop
        vertex -58.019417 -61.218002 50.32143
        vertex -61.284115 -50.10279 40.821922
        vertex -64.131165 -56.769043 44.219055
    endloop
endfacet
facet normal -0.525217 0.29717776 0.797391
    outer loop
        vertex -58.538864 -84.23196 61.872566
        vertex -65.804085 -78.06062 54.78721
        vertex -57.477592 -91.515335 65.28602
    endloop
endfacet
facet normal -0.45243356 0.3519384 0.8194164
    outer loop
        vertex -64.70165 -75.91748 54.47543
        vertex -70.438995 -70.32242 48.904533
        vertex -65.804085 -78.06062 54.78721
    endloop
endfacet
facet normal -0.62409902 0.64922965 0.4347426
    outer loop
        vertex -18.49401 -37.983387 63.080326
        vertex -16.659319 -37.108555 64.40769
        vertex -18.94543 -32.859203 54.780006
    endloop
endfacet
facet normal -0.65105891 0.5816859 0.48761049
    outer loop
        vertex -18.390818 -50.256073 78.64821
        vertex -19.687788 -44.310623 69.823975
        vertex -22.491077 -44.981194 66.88096
    endloop
endfacet
facet normal -0.79269701 0.36100632 0.49122897
    outer loop
        vertex -20.095402 -72.68831 95.65316
        vertex -16.687048 -71.33329 100.15742
        vertex -22.585108 -60.941555 83.00278
    endloop
endfacet
facet normal -0.82512599 0.28480595 0.4879064
    outer loop
        vertex -20.095402 -72.68831 95.65316
        vertex -16.55272 -79.89235 105.84961
        vertex -15.556248 -78.212036 106.55395
    endloop
endfacet
facet normal -0.74077547 0.23846625 0.62800115
    outer loop
        vertex -33.96631 -91.67404 87.20406
        vertex -34.898506 -97.3179 88.24757
        vertex -29.962063 -100.94793 95.44888
    endloop
endfacet
facet normal -0.66369724 0.33631587 0.66812998
    outer loop
        vertex -33.96631 -91.67404 87.20406
        vertex -37.956264 -78.57271 76.645775
        vertex -42.819843 -83.77374 74.4325
    endloop
endfacet
facet normal -0.59612048 0.32438076 0.73445046
    outer loop
        vertex -46.70824 -89.3898 73.251465
        vertex -52.106255 -79.90467 64.68089
        vertex -52.341953 -85.23116 66.84211
    endloop
endfacet
facet normal -0.5278247 0.39979538 0.74937618
    outer loop
        vertex -57.02254 -75.29717 58.93186
        vertex -54.532925 -72.225204 59.04652
        vertex -59.286068 -63.81964 51.21423
    endloop
endfacet
facet normal -0.60518318 0.62178743 0.49712548
    outer loop
        vertex -26.405432 -36.73261 51.798714
        vertex -22.491077 -44.981194 66.88096
        vertex -23.898045 -40.01799 58.96036
    endloop
endfacet
facet normal -0.7375623 0.49105257 0.46353978
    outer loop
        vertex -14.257127 -49.81499 84.75828
        vertex -18.390818 -50.256073 78.64821
        vertex -12.773709 -59.35599 97.225914
    endloop
endfacet
facet normal -0.70949763 0.08707891 0.69930714
    outer loop
        vertex -48.57987 -113.73914 78.29175
        vertex -44.491955 -120.06267 83.22665
        vertex -43.332817 -118.6641 84.22852
    endloop
endfacet
facet normal -0.67566645 0.10297082 0.72998071
    outer loop
        vertex -48.57987 -113.73914 78.29175
        vertex -58.07125 -102.21972 67.881645
        vertex -46.830944 -122.82392 81.19204
    endloop
endfacet
facet normal -0.86646348 0.35797384 0.34798834
    outer loop
        vertex -4.6914315 -51.992256 106.32058
        vertex -2.9934657 -55.690166 114.3524
        vertex -2.0572004 -53.90557 114.847824
    endloop
endfacet
facet normal -0.86619532 0.35845986 0.34815544
    outer loop
        vertex -4.6914315 -51.992256 106.32058
        vertex -3.9340312 -57.467308 113.84206
        vertex -2.9934657 -55.690166 114.3524
    endloop
endfacet
facet normal -0.52104485 0.60772818 0.59931523
    outer loop
        vertex -39.515194 -41.829098 46.261814
        vertex -37.985714 -44.037865 49.831318
        vertex -35.0491 -44.882057 53.240456
    endloop
endfacet
facet normal -0.51306331 0.61401969 0.59978825
    outer loop
        vertex -39.515194 -41.829098 46.261814
        vertex -40.440094 -48.824337 52.631866
        vertex -37.985714 -44.037865 49.831318
    endloop
endfacet
facet normal -0.41841823 0.58340973 0.69610292
    outer loop
        vertex -50.732822 -50.894936 47.14205
        vertex -55.237755 -52.053967 45.40559
        vertex -48.67123 -54.830303 51.679512
    endloop
endfacet
facet normal -0.39218411 0.615848 0.68331754
    outer loop
        vertex -56.399757 -49.72634 42.93401
        vertex -51.874043 -48.649967 44.56141
        vertex -49.55803 -43.162964 40.94544
    endloop
endfacet
facet normal -0.49101171 0.2565192 0.8325296
    outer loop
        vertex -74.59585 -77.28465 49.984806
        vertex -65.98031 -94.95279 60.510014
        vertex -66.61924 -86.152596 57.421665
    endloop
endfacet
facet normal -0.58778477 0.16473436 0.79206806
    outer loop
        vertex -61.307045 -102.53054 65.545044
        vertex -52.606968 -118.118164 75.24319
        vertex -58.07125 -102.21972 67.881645
    endloop
endfacet
facet normal -0.78773534 0.51101506 0.34400079
    outer loop
        vertex -5.4240737 -39.887764 88.89732
        vertex -6.89973 -43.24723 90.50869
        vertex -1.3929231 -46.351273 107.72993
    endloop
endfacet
facet normal -0.69727302 0.61373663 0.37032086
    outer loop
        vertex -11.611636 -36.347546 71.25357
        vertex -7.197685 -36.299206 79.484436
        vertex -12.5038 -29.854328 58.812447
    endloop
endfacet
facet normal -0.5112108 0.77570742 0.37005636
    outer loop
        vertex -6.9199185 -19.668823 46.07079
        vertex -14.413381 -22.285288 41.203617
        vertex -11.572051 -23.184887 47.014473
    endloop
endfacet
facet normal -0.48730409 0.81568432 0.3117592
    outer loop
        vertex -6.9199185 -19.668823 46.07079
        vertex -2.7079 -15.30978 41.24954
        vertex -14.413381 -22.285288 41.203617
    endloop
endfacet
facet normal -0.58626187 0.74919862 0.30821821
    outer loop
        vertex -6.9199185 -19.668823 46.07079
        vertex -4.7972784 -22.08873 55.99043
        vertex -3.04271 -20.257954 54.87765
    endloop
endfacet
facet normal -0.62645882 0.70362306 0.33535638
    outer loop
        vertex -9.079875 -23.683264 51.98093
        vertex -8.267819 -26.262064 58.908554
        vertex -5.712945 -25.487156 62.055298
    endloop
endfacet
facet normal -0.47091302 0.54925615 0.69033229
    outer loop
        vertex -50.732822 -50.894936 47.14205
        vertex -48.67123 -54.830303 51.679512
        vertex -47.662918 -53.24538 51.106308
    endloop
endfacet
facet normal -0.46322057 0.51916438 0.71825826
    outer loop
        vertex -53.806675 -54.973045 48.470726
        vertex -51.643337 -59.676582 53.265675
        vertex -48.67123 -54.830303 51.679512
    endloop
endfacet
facet normal -0.22099544 0.35446635 0.9085784
    outer loop
        vertex -89.171684 -71.89563 42.56206
        vertex -84.76118 -63.939327 40.530823
        vertex -96.51216 -70.83604 40.36324
    endloop
endfacet
facet normal -0.27516243 0.35446066 0.89366841
    outer loop
        vertex -89.171684 -71.89563 42.56206
        vertex -83.017426 -74.79953 45.60876
        vertex -83.73837 -69.73261 43.37706
    endloop
endfacet
facet normal -0.29274362 0.32360098 0.89976865
    outer loop
        vertex -83.017426 -74.79953 45.60876
        vertex -89.171684 -71.89563 42.56206
        vertex -79.938416 -84.160324 49.97713
    endloop
endfacet
facet normal -0.23410977 0.29832906 0.92530668
    outer loop
        vertex -91.66855 -76.419136 43.388763
        vertex -89.171684 -71.89563 42.56206
        vertex -96.51216 -70.83604 40.36324
    endloop
endfacet
facet normal -0.51239085 0.61401427 0.60036832
    outer loop
        vertex -37.985714 -44.037865 49.831318
        vertex -40.440094 -48.824337 52.631866
        vertex -33.34649 -53.29755 63.260868
    endloop
endfacet
facet normal -0.41016641 0.68230474 0.60516423
    outer loop
        vertex -49.55803 -43.162964 40.94544
        vertex -40.73219 -40.03617 43.402023
        vertex -37.838444 -36.211884 41.051567
    endloop
endfacet
facet normal -0.63376552 0.26273128 0.72753924
    outer loop
        vertex -52.341953 -85.23116 66.84211
        vertex -43.99061 -100.32532 79.56789
        vertex -46.70824 -89.3898 73.251465
    endloop
endfacet
facet normal -0.72923881 0.12341837 0.67303693
    outer loop
        vertex -47.05412 -102.19611 77.18027
        vertex -39.89687 -114.39659 87.17245
        vertex -38.76537 -112.950165 88.133194
    endloop
endfacet
facet normal -0.74379736 0.14871778 0.65165061
    outer loop
        vertex -39.315544 -105.10997 85.71563
        vertex -37.640778 -111.49175 89.08365
        vertex -36.523094 -110.0214 90.02382
    endloop
endfacet
facet normal -0.60788143 0.24784163 0.75435722
    outer loop
        vertex -52.927853 -95.51371 70.100655
        vertex -52.689598 -92.22987 69.21375
        vertex -58.538864 -84.23196 61.872566
    endloop
endfacet
facet normal -0.8008427 0.41821289 0.4286595
    outer loop
        vertex -10.859246 -55.494987 97.0357
        vertex -12.773709 -59.35599 97.225914
        vertex -7.739297 -64.50139 111.65145
    endloop
endfacet
facet normal -0.77829897 0.4688988 0.41759396
    outer loop
        vertex -12.371301 -49.38483 87.56206
        vertex -7.5934696 -57.854256 105.9768
        vertex -9.861356 -48.87335 91.665695
    endloop
endfacet
facet normal -0.84844029 0.33001396 0.41381133
    outer loop
        vertex -12.773709 -59.35599 97.225914
        vertex -8.7013645 -66.241295 111.06649
        vertex -7.739297 -64.50139 111.65145
    endloop
endfacet
facet normal -0.82909888 0.36352229 0.42479002
    outer loop
        vertex -12.773709 -59.35599 97.225914
        vertex -11.520254 -64.83984 104.3653
        vertex -8.7013645 -66.241295 111.06649
    endloop
endfacet
facet normal -0.3127183 0.50078583 0.80710644
    outer loop
        vertex -68.27809 -59.958298 44.338432
        vertex -73.0185 -57.028244 40.68372
        vertex -66.44093 -63.461334 47.22378
    endloop
endfacet
facet normal -0.32549861 0.53597528 0.77896154
    outer loop
        vertex -64.131165 -56.769043 44.219055
        vertex -61.284115 -50.10279 40.821922
        vertex -73.0185 -57.028244 40.68372
    endloop
endfacet
facet normal -0.42640761 0.47232887 0.77141559
    outer loop
        vertex -64.131165 -56.769043 44.219055
        vertex -59.286068 -63.81964 51.21423
        vertex -58.019417 -61.218002 50.32143
    endloop
endfacet
facet normal -0.47925556 0.40367085 0.77933562
    outer loop
        vertex -64.63483 -63.581028 48.182064
        vertex -61.76668 -69.60634 53.06676
        vertex -57.02254 -75.29717 58.93186
    endloop
endfacet
facet normal -0.43453449 0.72486711 0.53455341
    outer loop
        vertex -31.379257 -35.802048 45.746445
        vertex -26.123564 -29.252655 41.137627
        vertex -37.838444 -36.211884 41.051567
    endloop
endfacet
facet normal -0.53092957 0.68831295 0.49430662
    outer loop
        vertex -26.870998 -33.238636 46.43336
        vertex -26.405432 -36.73261 51.798714
        vertex -25.522617 -35.25312 50.686775
    endloop
endfacet
facet normal -0.55209589 0.66284013 0.50579953
    outer loop
        vertex -26.405432 -36.73261 51.798714
        vertex -28.967716 -41.320305 55.013985
        vertex -22.491077 -44.981194 66.88096
    endloop
endfacet
facet normal -0.4513334 0.6945107 0.56031513
    outer loop
        vertex -31.394426 -41.912663 53.308334
        vertex -31.379257 -35.802048 45.746445
        vertex -37.838444 -36.211884 41.051567
    endloop
endfacet
facet normal -0.66597348 0.30492792 0.68080705
    outer loop
        vertex -42.819843 -83.77374 74.4325
        vertex -43.952847 -88.06935 75.24815
        vertex -34.898506 -97.3179 88.24757
    endloop
endfacet
facet normal -0.52591807 0.4355081 0.73057699
    outer loop
        vertex -42.819843 -83.77374 74.4325
        vertex -49.398052 -66.29791 59.27946
        vertex -53.356617 -69.95927 58.61241
    endloop
endfacet
facet normal -0.76550895 0.18282026 0.61690581
    outer loop
        vertex -34.898506 -97.3179 88.24757
        vertex -31.038298 -102.49009 94.57042
        vertex -29.962063 -100.94793 95.44888
    endloop
endfacet
facet normal -0.72395092 0.21334592 0.65603256
    outer loop
        vertex -34.898506 -97.3179 88.24757
        vertex -43.952847 -88.06935 75.24815
        vertex -33.21149 -105.53851 92.78263
    endloop
endfacet
facet normal -0.66557866 0.53697085 0.51833141
    outer loop
        vertex -25.46498 -54.586323 73.39073
        vertex -19.650866 -59.76578 86.22223
        vertex -25.548992 -47.06883 65.495026
    endloop
endfacet
facet normal -0.73946232 0.43225914 0.51608866
    outer loop
        vertex -22.585108 -60.941555 83.00278
        vertex -16.687048 -71.33329 100.15742
        vertex -19.650866 -59.76578 86.22223
    endloop
endfacet
facet normal -0.8318122 0.29855365 0.46792552
    outer loop
        vertex -16.687048 -71.33329 100.15742
        vertex -14.564077 -76.52427 107.24337
        vertex -13.576208 -74.82906 107.91786
    endloop
endfacet
facet normal -0.83210117 0.29811534 0.46769109
    outer loop
        vertex -16.687048 -71.33329 100.15742
        vertex -15.556248 -78.212036 106.55395
        vertex -14.564077 -76.52427 107.24337
    endloop
endfacet
facet normal -0.87579703 0.3688623 0.31131989
    outer loop
        vertex -1.3929231 -46.351273 107.72993
        vertex 0.72579247 -48.50711 116.24455
        vertex 1.6448561 -46.692722 116.68029
    endloop
endfacet
facet normal -0.84241772 0.41463009 0.34411356
    outer loop
        vertex -1.3929231 -46.351273 107.72993
        vertex -6.89973 -43.24723 90.50869
        vertex -1.1252358 -52.113533 115.32832
    endloop
endfacet
facet normal -0.69413227 0.05568333 0.71769059
    outer loop
        vertex -52.606968 -118.118164 75.24319
        vertex -49.197567 -125.53731 79.1163
        vertex -48.0108 -124.1866 80.15932
    endloop
endfacet
facet normal -0.69470185 0.05515509 0.71717995
    outer loop
        vertex -52.606968 -118.118164 75.24319
        vertex -50.391243 -126.87605 78.062996
        vertex -49.197567 -125.53731 79.1163
    endloop
endfacet
facet normal -0.60677803 0.4425438 0.66028428
    outer loop
        vertex -38.1933 -67.1538 69.47044
        vertex -44.538536 -62.125576 60.269314
        vertex -34.346413 -77.45818 79.91193
    endloop
endfacet
facet normal -0.56247133 0.48959553 0.66627479
    outer loop
        vertex -41.759453 -61.219067 61.9493
        vertex -47.662918 -53.24538 51.106308
        vertex -44.538536 -62.125576 60.269314
    endloop
endfacet
facet normal -0.46927878 0.54876083 0.69183737
    outer loop
        vertex -47.662918 -53.24538 51.106308
        vertex -48.67123 -54.830303 51.679512
        vertex -44.538536 -62.125576 60.269314
    endloop
endfacet
facet normal -0.39104918 0.61581624 0.68399632
    outer loop
        vertex -47.662918 -53.24538 51.106308
        vertex -49.55803 -43.162964 40.94544
        vertex -51.874043 -48.649967 44.56141
    endloop
endfacet
facet normal -0.27650136 0.39446157 0.87632591
    outer loop
        vertex -80.55836 -65.47377 42.54761
        vertex -76.89217 -62.8318 42.515144
        vertex -84.76118 -63.939327 40.530823
    endloop
endfacet
facet normal -0.33714539 0.42577606 0.83967119
    outer loop
        vertex -76.89217 -62.8318 42.515144
        vertex -70.438995 -70.32242 48.904533
        vertex -70.982544 -64.97567 45.975086
    endloop
endfacet
facet normal -0.51608014 0.73566121 0.43870711
    outer loop
        vertex -18.94543 -32.859203 54.780006
        vertex -19.973902 -27.391224 44.400978
        vertex -22.029364 -31.922966 49.58221
    endloop
endfacet
facet normal -0.47349769 0.7474696 0.46592829
    outer loop
        vertex -22.029364 -31.922966 49.58221
        vertex -19.973902 -27.391224 44.400978
        vertex -26.123564 -29.252655 41.137627
    endloop
endfacet
facet normal -0.71614569 0.4032349 0.56968147
    outer loop
        vertex -27.263088 -66.46406 81.20772
        vertex -28.875269 -71.03865 82.41906
        vertex -24.243256 -75.61323 91.47996
    endloop
endfacet
facet normal -0.55754358 0.58084577 0.59309649
    outer loop
        vertex -37.985714 -44.037865 49.831318
        vertex -33.34649 -53.29755 63.260868
        vertex -35.48186 -47.41812 55.495514
    endloop
endfacet
facet normal -0.82550913 0.28420007 0.4876115
    outer loop
        vertex -20.095402 -72.68831 95.65316
        vertex -17.55349 -81.565216 105.130356
        vertex -16.55272 -79.89235 105.84961
    endloop
endfacet
facet normal -0.76832098 0.34889078 0.53661728
    outer loop
        vertex -20.881914 -77.69257 97.6446
        vertex -27.263088 -66.46406 81.20772
        vertex -24.243256 -75.61323 91.47996
    endloop
endfacet
facet normal -0.68482047 0.35794392 0.6347419
    outer loop
        vertex -37.956264 -78.57271 76.645775
        vertex -34.346413 -77.45818 79.91193
        vertex -44.538536 -62.125576 60.269314
    endloop
endfacet
facet normal -0.73061609 0.28361639 0.62109727
    outer loop
        vertex -37.956264 -78.57271 76.645775
        vertex -30.44623 -91.404465 91.33952
        vertex -31.692465 -85.50326 87.178825
    endloop
endfacet
facet normal -0.78409928 0.21094291 0.58368778
    outer loop
        vertex -30.44623 -91.404465 91.33952
        vertex -27.830318 -97.82773 97.174965
        vertex -26.774809 -96.24967 98.02258
    endloop
endfacet
facet normal -0.74409378 0.25714105 0.616606
    outer loop
        vertex -30.44623 -91.404465 91.33952
        vertex -33.96631 -91.67404 87.20406
        vertex -27.830318 -97.82773 97.174965
    endloop
endfacet
facet normal -0.55464977 0.11705148 0.82380986
    outer loop
        vertex -66.49582 -107.16833 62.80444
        vertex -69.57154 -104.96145 60.42007
        vertex -62.078175 -119.08122 67.471375
    endloop
endfacet
facet normal -0.40739506 0.22152774 0.88597661
    outer loop
        vertex -81.35711 -90.89897 51.16896
        vertex -74.65459 -99.4898 56.398987
        vertex -79.35162 -89.94771 51.853283
    endloop
endfacet
facet normal -0.68500072 0.03472873 0.72771412
    outer loop
        vertex -56.855614 -117.90354 71.55308
        vertex -52.799313 -129.51764 75.92555
        vertex -51.591824 -128.20282 76.99942
    endloop
endfacet
facet normal -0.61427355 0.07975761 0.78505206
    outer loop
        vertex -57.52976 -123.21664 71.45048
        vertex -66.49582 -107.16833 62.80444
        vertex -62.078175 -119.08122 67.471375
    endloop
endfacet
facet normal -0.73624742 0.60820252 0.29669732
    outer loop
        vertex -3.118944 -30.94401 78.94458
        vertex -0.6078108 -31.484343 86.28353
        vertex -0.7506306 -27.904522 78.59082
    endloop
endfacet
facet normal -0.83747137 0.46637562 0.28484288
    outer loop
        vertex -0.96926206 -33.97872 89.98417
        vertex 2.5091028 -39.48478 109.22608
        vertex 2.4839709 -35.69858 102.95302
    endloop
endfacet
facet normal -0.88572949 0.38032806 0.26614603
    outer loop
        vertex 2.5091028 -39.48478 109.22608
        vertex 3.470082 -43.04161 117.50699
        vertex 4.376244 -41.204876 117.89795
    endloop
endfacet
facet normal -0.85225731 0.43748814 0.28681317
    outer loop
        vertex 2.5091028 -39.48478 109.22608
        vertex -0.0032641776 -41.613987 105.00842
        vertex 3.470082 -43.04161 117.50699
    endloop
endfacet
facet normal -0.56714189 0.5324561 0.62836331
    outer loop
        vertex -41.95107 -50.473278 52.95559
        vertex -34.33711 -62.55819 70.06811
        vertex -36.58844 -55.35836 61.935207
    endloop
endfacet
facet normal -0.7506417 0.28903878 0.59413266
    outer loop
        vertex -27.42122 -84.0282 91.85762
        vertex -34.346413 -77.45818 79.91193
        vertex -31.692465 -85.50326 87.178825
    endloop
endfacet
facet normal -0.56860566 0.74573326 0.34723115
    outer loop
        vertex -8.267819 -26.262064 58.908554
        vertex -10.5411215 -24.156378 50.663635
        vertex -11.579154 -25.6623 52.198017
    endloop
endfacet
facet normal -0.59399879 0.67433566 0.43867627
    outer loop
        vertex -18.94543 -32.859203 54.780006
        vertex -16.659319 -37.108555 64.40769
        vertex -14.380926 -31.649117 59.100517
    endloop
endfacet
facet normal -0.42137617 0.37524852 0.82560927
    outer loop
        vertex -70.438995 -70.32242 48.904533
        vertex -72.30525 -76.20601 50.626186
        vertex -65.804085 -78.06062 54.78721
    endloop
endfacet
facet normal -0.2838763 0.38197613 0.8794933
    outer loop
        vertex -83.73837 -69.73261 43.37706
        vertex -80.20789 -73.357864 46.0911
        vertex -84.76118 -63.939327 40.530823
    endloop
endfacet
facet normal -0.67081773 0.6693666 0.31929937
    outer loop
        vertex -3.118944 -30.94401 78.94458
        vertex -5.712945 -25.487156 62.055298
        vertex -5.879993 -28.88221 68.8216
    endloop
endfacet
facet normal -0.55060333 0.77019489 0.32192504
    outer loop
        vertex -9.079875 -23.683264 51.98093
        vertex -5.712945 -25.487156 62.055298
        vertex -6.9199185 -19.668823 46.07079
    endloop
endfacet
facet normal -0.67064714 0.67946744 0.29758427
    outer loop
        vertex -4.7972784 -22.08873 55.99043
        vertex -3.016474 -25.386553 67.53356
        vertex -1.4310956 -23.707655 67.27304
    endloop
endfacet
facet normal -0.7343545 0.59752923 0.32199758
    outer loop
        vertex -3.118944 -30.94401 78.94458
        vertex -5.879993 -28.88221 68.8216
        vertex -5.2418585 -33.6906 79.19985
    endloop
endfacet
facet normal -0.36695606 0.31991893 0.87349594
    outer loop
        vertex -80.20789 -73.357864 46.0911
        vertex -79.21846 -80.207245 49.015354
        vertex -73.38165 -87.01344 53.96018
    endloop
endfacet
facet normal -0.42602637 0.23961928 0.87240136
    outer loop
        vertex -79.938416 -84.160324 49.97713
        vertex -79.35162 -89.94771 51.853283
        vertex -71.47249 -97.85984 57.874157
    endloop
endfacet
facet normal -0.42372039 0.24140735 0.8730312
    outer loop
        vertex -75.14552 -88.77748 53.58005
        vertex -79.938416 -84.160324 49.97713
        vertex -71.47249 -97.85984 57.874157
    endloop
endfacet
facet normal -0.36232305 0.26710302 0.89296025
    outer loop
        vertex -84.96607 -80.43658 46.823284
        vertex -79.938416 -84.160324 49.97713
        vertex -89.171684 -71.89563 42.56206
    endloop
endfacet
facet normal -0.42645279 0.44529265 0.78730714
    outer loop
        vertex -59.286068 -63.81964 51.21423
        vertex -64.63483 -63.581028 48.182064
        vertex -57.02254 -75.29717 58.93186
    endloop
endfacet
facet normal -0.41632748 0.48001251 0.77217841
    outer loop
        vertex -64.63483 -63.581028 48.182064
        vertex -59.286068 -63.81964 51.21423
        vertex -64.131165 -56.769043 44.219055
    endloop
endfacet
facet normal -0.51388997 0.41102898 0.75297558
    outer loop
        vertex -59.286068 -63.81964 51.21423
        vertex -54.532925 -72.225204 59.04652
        vertex -53.356617 -69.95927 58.61241
    endloop
endfacet
facet normal -0.51946896 0.39266738 0.75892317
    outer loop
        vertex -54.532925 -72.225204 59.04652
        vertex -57.02254 -75.29717 58.93186
        vertex -52.106255 -79.90467 64.68089
    endloop
endfacet
facet normal -0.60186839 0.63506544 0.48419648
    outer loop
        vertex -20.479397 -39.681732 62.768795
        vertex -23.898045 -40.01799 58.96036
        vertex -19.687788 -44.310623 69.823975
    endloop
endfacet
facet normal -0.62956756 0.5760839 0.52131742
    outer loop
        vertex -28.967716 -41.320305 55.013985
        vertex -25.548992 -47.06883 65.495026
        vertex -22.491077 -44.981194 66.88096
    endloop
endfacet
facet normal -0.63056773 0.58509946 0.50994408
    outer loop
        vertex -22.491077 -44.981194 66.88096
        vertex -25.548992 -47.06883 65.495026
        vertex -21.691254 -50.274292 73.94317
    endloop
endfacet
facet normal -0.52330905 0.66538197 0.53236675
    outer loop
        vertex -28.967716 -41.320305 55.013985
        vertex -26.405432 -36.73261 51.798714
        vertex -31.379257 -35.802048 45.746445
    endloop
endfacet
facet normal -0.51398063 0.61731625 0.5956043
    outer loop
        vertex -37.985714 -44.037865 49.831318
        vertex -35.48186 -47.41812 55.495514
        vertex -35.0491 -44.882057 53.240456
    endloop
endfacet
facet normal -0.58673298 0.52814621 0.61384535
    outer loop
        vertex -40.440094 -48.824337 52.631866
        vertex -36.58844 -55.35836 61.935207
        vertex -33.34649 -53.29755 63.260868
    endloop
endfacet
facet normal -0.49597272 0.5294342 0.68826628
    outer loop
        vertex -48.67123 -54.830303 51.679512
        vertex -51.643337 -59.676582 53.265675
        vertex -44.538536 -62.125576 60.269314
    endloop
endfacet
facet normal -0.38083258 0.55580091 0.73895317
    outer loop
        vertex -54.072712 -58.754417 51.045734
        vertex -55.237755 -52.053967 45.40559
        vertex -61.284115 -50.10279 40.821922
    endloop
endfacet
facet normal -0.5382663 0.4592742 0.70663762
    outer loop
        vertex -51.643337 -59.676582 53.265675
        vertex -49.398052 -66.29791 59.27946
        vertex -44.538536 -62.125576 60.269314
    endloop
endfacet
facet normal -0.44708571 0.50162822 0.74059671
    outer loop
        vertex -53.712673 -63.265236 54.30799
        vertex -61.284115 -50.10279 40.821922
        vertex -58.019417 -61.218002 50.32143
    endloop
endfacet
facet normal -0.56529707 0.59066021 0.57581216
    outer loop
        vertex -31.978134 -46.31392 57.666435
        vertex -31.700611 -51.235077 62.986946
        vertex -28.31378 -56.457912 71.66944
    endloop
endfacet
facet normal -0.58713627 0.53013241 0.61174381
    outer loop
        vertex -33.34649 -53.29755 63.260868
        vertex -36.58844 -55.35836 61.935207
        vertex -32.69288 -61.523712 71.016914
    endloop
endfacet
facet normal -0.48343173 0.57463843 0.66036683
    outer loop
        vertex -49.55803 -43.162964 40.94544
        vertex -47.662918 -53.24538 51.106308
        vertex -45.21188 -49.996006 50.073086
    endloop
endfacet
facet normal -0.71270871 0.43853605 0.54747832
    outer loop
        vertex -20.095402 -72.68831 95.65316
        vertex -22.585108 -60.941555 83.00278
        vertex -28.162457 -60.891182 75.70182
    endloop
endfacet
facet normal -0.54580873 0.47135025 0.69276386
    outer loop
        vertex -44.538536 -62.125576 60.269314
        vertex -49.398052 -66.29791 59.27946
        vertex -37.956264 -78.57271 76.645775
    endloop
endfacet
facet normal -0.46995464 0.51918101 0.71385843
    outer loop
        vertex -54.072712 -58.754417 51.045734
        vertex -53.806675 -54.973045 48.470726
        vertex -55.237755 -52.053967 45.40559
    endloop
endfacet
facet normal -0.33628792 0.23854098 0.91104805
    outer loop
        vertex -88.76428 -81.11145 45.69637
        vertex -87.11922 -87.10509 47.87292
        vertex -83.14882 -92.15068 50.659576
    endloop
endfacet
facet normal -0.40894583 0.2261533 0.88409156
    outer loop
        vertex -81.35711 -90.89897 51.16896
        vertex -79.35162 -89.94771 51.853283
        vertex -84.96607 -80.43658 46.823284
    endloop
endfacet
facet normal -0.48690999 0.17634735 0.85546499
    outer loop
        vertex -71.47249 -97.85984 57.874157
        vertex -74.65459 -99.4898 56.398987
        vertex -69.57154 -104.96145 60.42007
    endloop
endfacet
facet normal -0.55185455 0.79148138 0.26270488
    outer loop
        vertex -2.8306646 -17.903439 48.805866
        vertex -0.041452497 -19.928202 60.7653
        vertex -2.7079 -15.30978 41.24954
    endloop
endfacet
facet normal -0.73827064 0.60899562 0.28996679
    outer loop
        vertex -0.7506306 -27.904522 78.59082
        vertex -3.016474 -25.386553 67.53356
        vertex -3.118944 -30.94401 78.94458
    endloop
endfacet
facet normal -0.62274277 0.73469776 0.2690922
    outer loop
        vertex -2.1430652 -19.432404 54.548004
        vertex 0.19022204 -22.16081 67.3971
        vertex -0.041452497 -19.928202 60.7653
    endloop
endfacet
facet normal -0.56882119 0.61555612 0.54546589
    outer loop
        vertex -31.978134 -46.31392 57.666435
        vertex -27.548796 -47.908436 64.08483
        vertex -31.394426 -41.912663 53.308334
    endloop
endfacet
facet normal -0.78673381 0.33099934 0.52104634
    outer loop
        vertex -17.55349 -81.565216 105.130356
        vertex -20.095402 -72.68831 95.65316
        vertex -20.881914 -77.69257 97.6446
    endloop
endfacet
facet normal -0.61623532 0.58825892 0.52364635
    outer loop
        vertex -27.548796 -47.908436 64.08483
        vertex -25.548992 -47.06883 65.495026
        vertex -28.967716 -41.320305 55.013985
    endloop
endfacet
facet normal -0.62069464 0.56453323 0.54409593
    outer loop
        vertex -27.548796 -47.908436 64.08483
        vertex -25.46498 -54.586323 73.39073
        vertex -25.548992 -47.06883 65.495026
    endloop
endfacet
facet normal -0.64910114 0.30364233 0.69747335
    outer loop
        vertex -42.819843 -83.77374 74.4325
        vertex -53.356617 -69.95927 58.61241
        vertex -43.952847 -88.06935 75.24815
    endloop
endfacet
facet normal -0.47733372 0.45716012 0.75043815
    outer loop
        vertex -53.356617 -69.95927 58.61241
        vertex -53.712673 -63.265236 54.30799
        vertex -58.019417 -61.218002 50.32143
    endloop
endfacet
facet normal -0.52210367 0.41390213 0.74571639
    outer loop
        vertex -53.356617 -69.95927 58.61241
        vertex -54.532925 -72.225204 59.04652
        vertex -43.952847 -88.06935 75.24815
    endloop
endfacet
facet normal -0.52853501 0.43907228 0.72654414
    outer loop
        vertex -53.356617 -69.95927 58.61241
        vertex -49.398052 -66.29791 59.27946
        vertex -53.712673 -63.265236 54.30799
    endloop
endfacet
facet normal -0.39525831 0.43534434 0.80885488
    outer loop
        vertex -62.661602 -74.31382 54.911663
        vertex -66.44093 -63.461334 47.22378
        vertex -66.87076 -68.996864 49.99309
    endloop
endfacet
facet normal -0.44530442 0.31742832 0.83722353
    outer loop
        vertex -72.30525 -76.20601 50.626186
        vertex -66.61924 -86.152596 57.421665
        vertex -65.804085 -78.06062 54.78721
    endloop
endfacet
facet normal -0.64066136 0.65571475 0.3994886
    outer loop
        vertex -14.380926 -31.649117 59.100517
        vertex -16.659319 -37.108555 64.40769
        vertex -11.611636 -36.347546 71.25357
    endloop
endfacet
facet normal -0.5763638 0.70625579 0.41110522
    outer loop
        vertex -18.94543 -32.859203 54.780006
        vertex -14.380926 -31.649117 59.100517
        vertex -17.821003 -27.599182 47.320015
    endloop
endfacet
facet normal -0.38837686 0.30661654 0.86899358
    outer loop
        vertex -80.20789 -73.357864 46.0911
        vertex -73.38165 -87.01344 53.96018
        vertex -74.59585 -77.28465 49.984806
    endloop
endfacet
facet normal -0.48482293 0.17004946 0.85792184
    outer loop
        vertex -71.47249 -97.85984 57.874157
        vertex -79.35162 -89.94771 51.853283
        vertex -74.65459 -99.4898 56.398987
    endloop
endfacet
facet normal -0.67295641 0.66736799 0.31898212
    outer loop
        vertex -3.118944 -30.94401 78.94458
        vertex -3.016474 -25.386553 67.53356
        vertex -5.712945 -25.487156 62.055298
    endloop
endfacet
facet normal -0.51118869 0.77572572 0.37004837
    outer loop
        vertex -14.413381 -22.285288 41.203617
        vertex -11.579154 -25.6623 52.198017
        vertex -11.572051 -23.184887 47.014473
    endloop
endfacet
facet normal -0.72000676 0.57889372 0.38271692
    outer loop
        vertex -7.197685 -36.299206 79.484436
        vertex -11.611636 -36.347546 71.25357
        vertex -8.284311 -38.78071 81.19366
    endloop
endfacet
facet normal -0.67383778 0.60083133 0.43005162
    outer loop
        vertex -16.659319 -37.108555 64.40769
        vertex -12.758203 -44.832695 81.31177
        vertex -11.611636 -36.347546 71.25357
    endloop
endfacet
facet normal -0.50745308 0.31254643 0.80299824
    outer loop
        vertex -65.804085 -78.06062 54.78721
        vertex -66.61924 -86.152596 57.421665
        vertex -57.477592 -91.515335 65.28602
    endloop
endfacet
facet normal -0.38163024 0.36903259 0.84745109
    outer loop
        vertex -72.30525 -76.20601 50.626186
        vertex -70.438995 -70.32242 48.904533
        vertex -77.03606 -66.10357 44.09655
    endloop
endfacet
facet normal -0.54231238 0.69004756 0.47930345
    outer loop
        vertex -21.688786 -35.613503 55.543438
        vertex -25.522617 -35.25312 50.686775
        vertex -20.479397 -39.681732 62.768795
    endloop
endfacet
facet normal -0.69213784 0.51084489 0.50988507
    outer loop
        vertex -25.548992 -47.06883 65.495026
        vertex -19.650866 -59.76578 86.22223
        vertex -21.691254 -50.274292 73.94317
    endloop
endfacet
facet normal -0.62980306 0.62870729 0.45615262
    outer loop
        vertex -18.49401 -37.983387 63.080326
        vertex -16.422882 -43.93047 74.136665
        vertex -16.659319 -37.108555 64.40769
    endloop
endfacet
facet normal -0.83273089 0.33650324 0.43968716
    outer loop
        vertex -11.520254 -64.83984 104.3653
        vertex -17.993172 -56.54406 85.75717
        vertex -11.613369 -71.416306 109.22208
    endloop
endfacet
facet normal -0.78748375 0.52595353 0.32131344
    outer loop
        vertex -5.4240737 -39.887764 88.89732
        vertex -0.0032641776 -41.613987 105.00842
        vertex -5.2418585 -33.6906 79.19985
    endloop
endfacet
facet normal -0.54907203 0.73851776 0.39129448
    outer loop
        vertex -12.5038 -29.854328 58.812447
        vertex -11.579154 -25.6623 52.198017
        vertex -16.092148 -25.122635 44.84675
    endloop
endfacet
facet normal -0.74410748 0.55002403 0.37918001
    outer loop
        vertex -11.611636 -36.347546 71.25357
        vertex -12.758203 -44.832695 81.31177
        vertex -6.89973 -43.24723 90.50869
    endloop
endfacet
facet normal -0.60172182 0.6353218 0.48404238
    outer loop
        vertex -25.522617 -35.25312 50.686775
        vertex -23.898045 -40.01799 58.96036
        vertex -20.479397 -39.681732 62.768795
    endloop
endfacet
facet normal -0.67216194 0.6801272 0.29261798
    outer loop
        vertex -3.016474 -25.386553 67.53356
        vertex -0.7506306 -27.904522 78.59082
        vertex -1.4310956 -23.707655 67.27304
    endloop
endfacet
facet normal -0.8615995 0.35126469 0.36641425
    outer loop
        vertex -3.9340312 -57.467308 113.84206
        vertex -9.861356 -48.87335 91.665695
        vertex -4.878897 -59.237 113.31679
    endloop
endfacet
facet normal -0.59588158 0.34408891 0.72562242
    outer loop
        vertex -54.532925 -72.225204 59.04652
        vertex -52.106255 -79.90467 64.68089
        vertex -43.952847 -88.06935 75.24815
    endloop
endfacet
facet normal -0.35563368 0.45313644 0.81743026
    outer loop
        vertex -70.982544 -64.97567 45.975086
        vertex -66.87076 -68.996864 49.99309
        vertex -73.0185 -57.028244 40.68372
    endloop
endfacet
facet normal -0.63320136 0.21754283 0.74278605
    outer loop
        vertex -44.246716 -110.35591 81.847946
        vertex -52.927853 -95.51371 70.100655
        vertex -53.03674 -100.18395 71.375626
    endloop
endfacet
facet normal -0.46516216 0.39826351 0.79057592
    outer loop
        vertex -62.661602 -74.31382 54.911663
        vertex -57.997177 -79.13506 60.084904
        vertex -61.76668 -69.60634 53.06676
    endloop
endfacet
facet normal -0.40145388 0.34901839 0.84677088
    outer loop
        vertex -74.59585 -77.28465 49.984806
        vertex -66.61924 -86.152596 57.421665
        vertex -72.30525 -76.20601 50.626186
    endloop
endfacet
facet normal -0.6378389 0.06611362 0.76732683
    outer loop
        vertex -52.799313 -129.51764 75.92555
        vertex -56.855614 -117.90354 71.55308
        vertex -57.52976 -123.21664 71.45048
    endloop
endfacet
facet normal -0.61439437 0.21794836 0.75829947
    outer loop
        vertex -53.03674 -100.18395 71.375626
        vertex -57.477592 -91.515335 65.28602
        vertex -58.07125 -102.21972 67.881645
    endloop
endfacet
facet normal -0.55631107 0.22483385 0.79997993
    outer loop
        vertex -66.61924 -86.152596 57.421665
        vertex -58.07125 -102.21972 67.881645
        vertex -57.477592 -91.515335 65.28602
    endloop
endfacet
facet normal -0.61065644 0.19129436 0.76844341
    outer loop
        vertex -53.03674 -100.18395 71.375626
        vertex -58.07125 -102.21972 67.881645
        vertex -48.57987 -113.73914 78.29175
    endloop
endfacet
facet normal -0.33821887 0.3732377 0.86388755
    outer loop
        vertex -80.55836 -65.47377 42.54761
        vertex -80.20789 -73.357864 46.0911
        vertex -74.59585 -77.28465 49.984806
    endloop
endfacet
facet normal -0.84566694 0.32475668 0.42353338
    outer loop
        vertex -11.520254 -64.83984 104.3653
        vertex -11.613369 -71.416306 109.22208
        vertex -10.638401 -69.69875 109.85181
    endloop
endfacet
facet normal -0.66490698 0.51136172 0.54443341
    outer loop
        vertex -28.31378 -56.457912 71.66944
        vertex -25.46498 -54.586323 73.39073
        vertex -31.978134 -46.31392 57.666435
    endloop
endfacet
facet normal -0.75629562 0.16928442 0.63194907
    outer loop
        vertex -43.952847 -88.06935 75.24815
        vertex -34.308453 -107.04477 91.873314
        vertex -33.21149 -105.53851 92.78263
    endloop
endfacet
facet normal -0.64854944 0.28776893 0.70467907
    outer loop
        vertex -43.952847 -88.06935 75.24815
        vertex -46.70824 -89.3898 73.251465
        vertex -34.308453 -107.04477 91.873314
    endloop
endfacet
facet normal -0.70982295 0.08665206 0.6990298
    outer loop
        vertex -48.57987 -113.73914 78.29175
        vertex -45.657997 -121.44928 82.214485
        vertex -44.491955 -120.06267 83.22665
    endloop
endfacet
facet normal -0.37374526 0.25152525 0.89277631
    outer loop
        vertex -79.938416 -84.160324 49.97713
        vertex -84.96607 -80.43658 46.823284
        vertex -79.35162 -89.94771 51.853283
    endloop
endfacet
facet normal -0.84899962 0.40316677 0.34154984
    outer loop
        vertex -6.89973 -43.24723 90.50869
        vertex -4.6914315 -51.992256 106.32058
        vertex -1.1252358 -52.113533 115.32832
    endloop
endfacet
facet normal -0.86670154 0.35744166 0.34794247
    outer loop
        vertex -1.1252358 -52.113533 115.32832
        vertex -4.6914315 -51.992256 106.32058
        vertex -2.0572004 -53.90557 114.847824
    endloop
endfacet
facet normal -0.81974614 0.27112648 0.50448674
    outer loop
        vertex -20.881914 -77.69257 97.6446
        vertex -19.567932 -84.888596 103.647064
        vertex -18.55856 -83.23063 104.396164
    endloop
endfacet
facet normal -0.6539582 0.42409772 0.62648213
    outer loop
        vertex -38.1933 -67.1538 69.47044
        vertex -30.874296 -76.00737 83.103874
        vertex -33.36034 -67.79533 74.949646
    endloop
endfacet
facet normal -0.7507242 0.28798416 0.59454042
    outer loop
        vertex -27.42122 -84.0282 91.85762
        vertex -31.692465 -85.50326 87.178825
        vertex -24.684513 -93.05767 99.68696
    endloop
endfacet
facet normal -0.68557465 0.35029507 0.63818544
    outer loop
        vertex -34.346413 -77.45818 79.91193
        vertex -37.956264 -78.57271 76.645775
        vertex -31.692465 -85.50326 87.178825
    endloop
endfacet
facet normal -0.67639166 0.01561998 0.73637646
    outer loop
        vertex -57.52976 -123.21664 71.45048
        vertex -55.23502 -132.11139 73.74696
        vertex -54.013714 -130.8205 74.8414
    endloop
endfacet
facet normal -0.47035143 0.14952952 0.86971855
    outer loop
        vertex -72.64957 -108.34982 59.00661
        vertex -74.65459 -99.4898 56.398987
        vertex -82.242096 -91.64768 50.94731
    endloop
endfacet
facet normal -0.85730416 0.44804636 0.25354329
    outer loop
        vertex 5.713971 -33.681614 110.31033
        vertex 2.4839709 -35.69858 102.95302
        vertex 6.175668 -37.509068 118.63511
    endloop
endfacet
facet normal -0.79737264 0.53318334 0.28268802
    outer loop
        vertex 1.8774681 -31.199787 92.757
        vertex -0.6078108 -31.484343 86.28353
        vertex 2.4839709 -35.69858 102.95302
    endloop
endfacet
facet normal -0.74075222 0.61782265 0.26378271
    outer loop
        vertex -0.56533134 -22.92564 67.449814
        vertex -0.7506306 -27.904522 78.59082
        vertex 2.3850832 -27.948515 87.49954
    endloop
endfacet
facet normal -0.81825316 0.52424347 0.23586103
    outer loop
        vertex 3.8633842 -29.256779 95.04646
        vertex 7.9578896 -33.78347 119.31258
        vertex 2.624995 -24.546625 80.28106
    endloop
endfacet
facet normal -0.89358121 0.38699278 0.22748487
    outer loop
        vertex 6.175668 -37.509068 118.63511
        vertex 7.068929 -35.649998 118.98131
        vertex 5.713971 -33.681614 110.31033
    endloop
endfacet
facet normal -0.59669775 0.71788228 0.35860404
    outer loop
        vertex -11.579154 -25.6623 52.198017
        vertex -7.740293 -30.47922 68.22857
        vertex -8.267819 -26.262064 58.908554
    endloop
endfacet
facet normal -0.88528585 0.40684372 0.22527146
    outer loop
        vertex 7.9578896 -33.78347 119.31258
        vertex 3.8633842 -29.256779 95.04646
        vertex 5.713971 -33.681614 110.31033
    endloop
endfacet
facet normal -0.88626236 0.37916586 0.26603022
    outer loop
        vertex 2.5091028 -39.48478 109.22608
        vertex 4.376244 -41.204876 117.89795
        vertex 5.278106 -39.3607 118.27399
    endloop
endfacet
facet normal -0.83841819 0.43476841 0.32868102
    outer loop
        vertex -0.0032641776 -41.613987 105.00842
        vertex -5.4240737 -39.887764 88.89732
        vertex -1.3929231 -46.351273 107.72993
    endloop
endfacet
facet normal -0.88132375 0.37480578 0.28773096
    outer loop
        vertex 3.470082 -43.04161 117.50699
        vertex -0.0032641776 -41.613987 105.00842
        vertex 2.5596192 -44.87089 117.1011
    endloop
endfacet
facet normal -0.84983343 0.44577888 0.28118384
    outer loop
        vertex 2.5091028 -39.48478 109.22608
        vertex -0.96926206 -33.97872 89.98417
        vertex -0.0032641776 -41.613987 105.00842
    endloop
endfacet
facet normal -0.88085157 0.37578803 0.28789544
    outer loop
        vertex 2.5596192 -44.87089 117.1011
        vertex -0.0032641776 -41.613987 105.00842
        vertex 1.6448561 -46.692722 116.68029
    endloop
endfacet
facet normal -0.87541473 0.36967543 0.31143063
    outer loop
        vertex -1.3929231 -46.351273 107.72993
        vertex -0.19757144 -50.314045 115.7939
        vertex 0.72579247 -48.50711 116.24455
    endloop
endfacet
facet normal -0.87499279 0.37041873 0.31173337
    outer loop
        vertex -1.3929231 -46.351273 107.72993
        vertex -1.1252358 -52.113533 115.32832
        vertex -0.19757144 -50.314045 115.7939
    endloop
endfacet
facet normal -0.53416884 0.70024067 0.47363135
    outer loop
        vertex -21.688786 -35.613503 55.543438
        vertex -26.123564 -29.252655 41.137627
        vertex -25.522617 -35.25312 50.686775
    endloop
endfacet
facet normal -0.52646208 0.63126671 0.56950849
    outer loop
        vertex -31.978134 -46.31392 57.666435
        vertex -37.838444 -36.211884 41.051567
        vertex -35.0491 -44.882057 53.240456
    endloop
endfacet
facet normal -0.78359306 0.49081871 0.38089249
    outer loop
        vertex -6.89973 -43.24723 90.50869
        vertex -9.861356 -48.87335 91.665695
        vertex -4.6914315 -51.992256 106.32058
    endloop
endfacet
facet normal -0.83094788 0.40665069 0.37968525
    outer loop
        vertex -4.6914315 -51.992256 106.32058
        vertex -9.861356 -48.87335 91.665695
        vertex -3.9340312 -57.467308 113.84206
    endloop
endfacet
facet normal -0.83226579 0.40055758 0.38325867
    outer loop
        vertex -9.861356 -48.87335 91.665695
        vertex -7.5934696 -57.854256 105.9768
        vertex -4.878897 -59.237 113.31679
    endloop
endfacet
facet normal -0.80579579 0.42011273 0.4173708
    outer loop
        vertex -14.257127 -49.81499 84.75828
        vertex -12.773709 -59.35599 97.225914
        vertex -10.859246 -55.494987 97.0357
    endloop
endfacet
facet normal -0.85455441 0.34045374 0.39220896
    outer loop
        vertex -6.78153 -62.754044 112.22149
        vertex -10.859246 -55.494987 97.0357
        vertex -7.739297 -64.50139 111.65145
    endloop
endfacet
facet normal -0.85731882 0.34494361 0.38212335
    outer loop
        vertex -6.78153 -62.754044 112.22149
        vertex -5.8280635 -60.99925 112.776596
        vertex -7.5934696 -57.854256 105.9768
    endloop
endfacet
facet normal -0.70427519 0.5117501 0.49204502
    outer loop
        vertex -18.390818 -50.256073 78.64821
        vertex -21.691254 -50.274292 73.94317
        vertex -17.993172 -56.54406 85.75717
    endloop
endfacet
facet normal -0.51005411 0.59021503 0.62569255
    outer loop
        vertex -36.58844 -55.35836 61.935207
        vertex -40.440094 -48.824337 52.631866
        vertex -41.95107 -50.473278 52.95559
    endloop
endfacet
facet normal -0.78341925 0.41877988 0.45921409
    outer loop
        vertex -11.520254 -64.83984 104.3653
        vertex -12.773709 -59.35599 97.225914
        vertex -17.993172 -56.54406 85.75717
    endloop
endfacet
facet normal -0.83758557 0.31008554 0.44977483
    outer loop
        vertex -19.650866 -59.76578 86.22223
        vertex -12.592638 -73.1264 108.57743
        vertex -11.613369 -71.416306 109.22208
    endloop
endfacet
facet normal -0.80747193 0.35796461 0.46888196
    outer loop
        vertex -19.650866 -59.76578 86.22223
        vertex -16.687048 -71.33329 100.15742
        vertex -12.592638 -73.1264 108.57743
    endloop
endfacet
facet normal -0.83156186 0.29905429 0.46805075
    outer loop
        vertex -12.592638 -73.1264 108.57743
        vertex -16.687048 -71.33329 100.15742
        vertex -13.576208 -74.82906 107.91786
    endloop
endfacet
facet normal -0.73790199 0.43984383 0.51189649
    outer loop
        vertex -22.585108 -60.941555 83.00278
        vertex -19.650866 -59.76578 86.22223
        vertex -25.46498 -54.586323 73.39073
    endloop
endfacet
facet normal -0.77934122 0.33357206 0.53043097
    outer loop
        vertex -20.881914 -77.69257 97.6446
        vertex -20.095402 -72.68831 95.65316
        vertex -27.263088 -66.46406 81.20772
    endloop
endfacet
facet normal -0.70140147 0.46634758 0.53903234
    outer loop
        vertex -28.31378 -56.457912 71.66944
        vertex -28.162457 -60.891182 75.70182
        vertex -22.585108 -60.941555 83.00278
    endloop
endfacet
facet normal -0.50117505 0.58451408 0.63809633
    outer loop
        vertex -41.95107 -50.473278 52.95559
        vertex -40.440094 -48.824337 52.631866
        vertex -44.155884 -45.887047 47.022762
    endloop
endfacet
facet normal -0.81925714 0.27183494 0.50489956
    outer loop
        vertex -17.55349 -81.565216 105.130356
        vertex -20.881914 -77.69257 97.6446
        vertex -18.55856 -83.23063 104.396164
    endloop
endfacet
facet normal -0.77494383 0.31322178 0.54895735
    outer loop
        vertex -24.243256 -75.61323 91.47996
        vertex -24.424454 -82.91088 95.38803
        vertex -20.581604 -86.53911 102.883026
    endloop
endfacet
facet normal -0.77336931 0.285052 0.56625539
    outer loop
        vertex -27.42122 -84.0282 91.85762
        vertex -24.424454 -82.91088 95.38803
        vertex -30.874296 -76.00737 83.103874
    endloop
endfacet
facet normal -0.81622118 0.26321399 0.51429689
    outer loop
        vertex -20.581604 -86.53911 102.883026
        vertex -19.567932 -84.888596 103.647064
        vertex -24.243256 -75.61323 91.47996
    endloop
endfacet
facet normal -0.71684951 0.36986461 0.59103864
    outer loop
        vertex -30.874296 -76.00737 83.103874
        vertex -28.875269 -71.03865 82.41906
        vertex -33.36034 -67.79533 74.949646
    endloop
endfacet
facet normal -0.77345699 0.28400791 0.56666017
    outer loop
        vertex -22.62185 -89.81781 101.3102
        vertex -24.424454 -82.91088 95.38803
        vertex -27.42122 -84.0282 91.85762
    endloop
endfacet
facet normal -0.80095106 0.23480541 0.55076659
    outer loop
        vertex -23.649729 -91.44372 100.50372
        vertex -27.42122 -84.0282 91.85762
        vertex -24.684513 -93.05767 99.68696
    endloop
endfacet
facet normal -0.62077963 0.48315296 0.61741066
    outer loop
        vertex -41.95107 -50.473278 52.95559
        vertex -38.367325 -62.96897 66.33736
        vertex -34.33711 -62.55819 70.06811
    endloop
endfacet
facet normal -0.47018489 0.56915045 0.67453229
    outer loop
        vertex -45.21188 -49.996006 50.073086
        vertex -47.662918 -53.24538 51.106308
        vertex -41.759453 -61.219067 61.9493
    endloop
endfacet
facet normal -0.78453767 0.21017851 0.58337444
    outer loop
        vertex -26.774809 -96.24967 98.02258
        vertex -25.726206 -94.659645 98.85992
        vertex -30.44623 -91.404465 91.33952
    endloop
endfacet
facet normal -0.72238117 0.23926984 0.64877987
    outer loop
        vertex -42.819843 -83.77374 74.4325
        vertex -34.898506 -97.3179 88.24757
        vertex -33.96631 -91.67404 87.20406
    endloop
endfacet
facet normal -0.7756198 0.19782509 0.59939903
    outer loop
        vertex -33.96631 -91.67404 87.20406
        vertex -28.892736 -99.393814 96.31707
        vertex -27.830318 -97.82773 97.174965
    endloop
endfacet
facet normal -0.74202442 0.26890144 0.61407793
    outer loop
        vertex -37.956264 -78.57271 76.645775
        vertex -33.96631 -91.67404 87.20406
        vertex -30.44623 -91.404465 91.33952
    endloop
endfacet
facet normal -0.77524745 0.19840996 0.59968728
    outer loop
        vertex -33.96631 -91.67404 87.20406
        vertex -29.962063 -100.94793 95.44888
        vertex -28.892736 -99.393814 96.31707
    endloop
endfacet
facet normal -0.76524675 0.1832557 0.61710197
    outer loop
        vertex -32.121437 -104.02028 93.68166
        vertex -31.038298 -102.49009 94.57042
        vertex -34.898506 -97.3179 88.24757
    endloop
endfacet
facet normal -0.4648678 0.39827347 0.79074407
    outer loop
        vertex -62.661602 -74.31382 54.911663
        vertex -61.76668 -69.60634 53.06676
        vertex -66.44093 -63.461334 47.22378
    endloop
endfacet
facet normal -0.66185635 0.33314493 0.67153609
    outer loop
        vertex -49.398052 -66.29791 59.27946
        vertex -42.819843 -83.77374 74.4325
        vertex -37.956264 -78.57271 76.645775
    endloop
endfacet
facet normal -0.73736221 0.17131755 0.65341204
    outer loop
        vertex -39.315544 -105.10997 85.71563
        vertex -34.308453 -107.04477 91.873314
        vertex -46.70824 -89.3898 73.251465
    endloop
endfacet
facet normal -0.56999284 0.33045432 0.75226867
    outer loop
        vertex -57.02254 -75.29717 58.93186
        vertex -52.341953 -85.23116 66.84211
        vertex -52.106255 -79.90467 64.68089
    endloop
endfacet
facet normal -0.74389958 0.14854665 0.651573
    outer loop
        vertex -34.308453 -107.04477 91.873314
        vertex -39.315544 -105.10997 85.71563
        vertex -35.41232 -108.53907 90.953705
    endloop
endfacet
facet normal -0.73923206 0.14084086 0.65855879
    outer loop
        vertex -38.76537 -112.950165 88.133194
        vertex -37.640778 -111.49175 89.08365
        vertex -43.99061 -100.32532 79.56789
    endloop
endfacet
facet normal -0.67569166 0.20144665 0.70912617
    outer loop
        vertex -47.05412 -102.19611 77.18027
        vertex -38.76537 -112.950165 88.133194
        vertex -43.99061 -100.32532 79.56789
    endloop
endfacet
facet normal -0.70494574 0.15355942 0.69243854
    outer loop
        vertex -44.246716 -110.35591 81.847946
        vertex -39.89687 -114.39659 87.17245
        vertex -47.05412 -102.19611 77.18027
    endloop
endfacet
facet normal -0.66153604 0.18771529 0.72603935
    outer loop
        vertex -52.927853 -95.51371 70.100655
        vertex -44.246716 -110.35591 81.847946
        vertex -47.05412 -102.19611 77.18027
    endloop
endfacet
facet normal -0.68436503 0.14441086 0.71469581
    outer loop
        vertex -53.03674 -100.18395 71.375626
        vertex -42.180595 -117.25356 85.220116
        vertex -44.246716 -110.35591 81.847946
    endloop
endfacet
facet normal -0.33985856 0.23720618 0.91007113
    outer loop
        vertex -88.76428 -81.11145 45.69637
        vertex -91.66855 -76.419136 43.388763
        vertex -87.11922 -87.10509 47.87292
    endloop
endfacet
facet normal -0.7177639 0.10213011 0.68875557
    outer loop
        vertex -42.180595 -117.25356 85.220116
        vertex -53.03674 -100.18395 71.375626
        vertex -43.332817 -118.6641 84.22852
    endloop
endfacet
facet normal -0.71020627 0.08632902 0.69868046
    outer loop
        vertex -46.830944 -122.82392 81.19204
        vertex -45.657997 -121.44928 82.214485
        vertex -48.57987 -113.73914 78.29175
    endloop
endfacet
facet normal -0.66744125 0.11151762 0.73626494
    outer loop
        vertex -52.606968 -118.118164 75.24319
        vertex -46.830944 -122.82392 81.19204
        vertex -58.07125 -102.21972 67.881645
    endloop
endfacet
facet normal -0.69365597 0.05637345 0.71809703
    outer loop
        vertex -52.606968 -118.118164 75.24319
        vertex -48.0108 -124.1866 80.15932
        vertex -46.830944 -122.82392 81.19204
    endloop
endfacet
facet normal -0.6299606 0.06498697 0.77390331
    outer loop
        vertex -66.49582 -107.16833 62.80444
        vertex -57.52976 -123.21664 71.45048
        vertex -56.855614 -117.90354 71.55308
    endloop
endfacet
facet normal -0.57057726 0.15031688 0.80737019
    outer loop
        vertex -61.307045 -102.53054 65.545044
        vertex -68.64231 -96.338264 59.20825
        vertex -56.855614 -117.90354 71.55308
    endloop
endfacet
facet normal -0.65147829 0.07814901 0.75463164
    outer loop
        vertex -52.606968 -118.118164 75.24319
        vertex -56.855614 -117.90354 71.55308
        vertex -50.391243 -126.87605 78.062996
    endloop
endfacet
facet normal -0.38993135 0.19071211 0.90087879
    outer loop
        vertex -87.11922 -87.10509 47.87292
        vertex -77.72627 -103.37414 55.3826
        vertex -83.14882 -92.15068 50.659576
    endloop
endfacet
facet normal -0.64473867 -0.00978859 0.7643404
    outer loop
        vertex -61.707314 -127.33507 68.17784
        vertex -69.54798 -114.97417 61.72236
        vertex -58.940388 -135.91225 70.40196
    endloop
endfacet
facet normal -0.55274332 0.06439257 0.83086002
    outer loop
        vertex -58.940388 -135.91225 70.40196
        vertex -69.54798 -114.97417 61.72236
        vertex -77.72627 -103.37414 55.3826
    endloop
endfacet
facet normal -0.67127824 0.00443241 0.7411921
    outer loop
        vertex -62.078175 -119.08122 67.471375
        vertex -56.463234 -133.39029 72.64225
        vertex -55.23502 -132.11139 73.74696
    endloop
endfacet
facet normal -0.62119174 0.03908046 0.78268361
    outer loop
        vertex -62.078175 -119.08122 67.471375
        vertex -61.707314 -127.33507 68.17784
        vertex -56.463234 -133.39029 72.64225
    endloop
endfacet
facet normal -0.67557204 0.01632758 0.73711324
    outer loop
        vertex -54.013714 -130.8205 74.8414
        vertex -52.799313 -129.51764 75.92555
        vertex -57.52976 -123.21664 71.45048
    endloop
endfacet
facet normal -0.52039361 0.22619237 0.82342416
    outer loop
        vertex -68.64231 -96.338264 59.20825
        vertex -61.307045 -102.53054 65.545044
        vertex -65.98031 -94.95279 60.510014
    endloop
endfacet
facet normal -0.76493311 0.18361439 0.61738408
    outer loop
        vertex -32.121437 -104.02028 93.68166
        vertex -34.898506 -97.3179 88.24757
        vertex -33.21149 -105.53851 92.78263
    endloop
endfacet
facet normal -0.79697692 0.33583128 0.50204092
    outer loop
        vertex -15.556248 -78.212036 106.55395
        vertex -16.687048 -71.33329 100.15742
        vertex -20.095402 -72.68831 95.65316
    endloop
endfacet
facet normal -0.77119392 0.489629 0.40684575
    outer loop
        vertex -9.861356 -48.87335 91.665695
        vertex -6.89973 -43.24723 90.50869
        vertex -12.758203 -44.832695 81.31177
    endloop
endfacet
facet normal 0.14648783 -0.24008162 0.95963645
    outer loop
        vertex 9.54253 -36.528152 118.38402
        vertex 7.9578896 -33.78347 119.31258
        vertex 7.068929 -35.649998 118.98131
    endloop
endfacet
facet normal 0.13790861 -0.26133019 0.95534694
    outer loop
        vertex 7.068929 -35.649998 118.98131
        vertex 8.646478 -38.382393 118.00615
        vertex 9.54253 -36.528152 118.38402
    endloop
endfacet
facet normal 0.14552745 -0.27311039 0.9509114
    outer loop
        vertex 6.175668 -37.509068 118.63511
        vertex 7.745831 -40.228672 117.613716
        vertex 8.646478 -38.382393 118.00615
    endloop
endfacet
facet normal 0.16164254 -0.26381448 0.95093298
    outer loop
        vertex 6.175668 -37.509068 118.63511
        vertex 5.278106 -39.3607 118.27399
        vertex 7.745831 -40.228672 117.613716
    endloop
endfacet
facet normal 0.16901141 -0.27560684 0.94629598
    outer loop
        vertex 5.278106 -39.3607 118.27399
        vertex 4.376244 -41.204876 117.89795
        vertex 6.840588 -42.066998 117.20672
    endloop
endfacet
facet normal 0.17624871 -0.28735104 0.94146991
    outer loop
        vertex 4.376244 -41.204876 117.89795
        vertex 3.470082 -43.04161 117.50699
        vertex 5.9307504 -43.89736 116.78515
    endloop
endfacet
facet normal 0.18335544 -0.29904556 0.9364574
    outer loop
        vertex 3.470082 -43.04161 117.50699
        vertex 2.5596192 -44.87089 117.1011
        vertex 5.016317 -45.719765 116.34901
    endloop
endfacet
facet normal 0.19034387 -0.31067708 0.93126202
    outer loop
        vertex 2.5596192 -44.87089 117.1011
        vertex 1.6448561 -46.692722 116.68029
        vertex 4.0972886 -47.534214 115.8983
    endloop
endfacet
facet normal 0.1972097 -0.32225233 0.92588425
    outer loop
        vertex 1.6448561 -46.692722 116.68029
        vertex 0.72579247 -48.50711 116.24455
        vertex 3.1736646 -49.3407 115.43304
    endloop
endfacet
facet normal 0.20397003 -0.33376205 0.92032552
    outer loop
        vertex 0.72579247 -48.50711 116.24455
        vertex -0.19757144 -50.314045 115.7939
        vertex 2.2454457 -51.139225 114.9532
    endloop
endfacet
facet normal 0.21062621 -0.34520921 0.91458583
    outer loop
        vertex -0.19757144 -50.314045 115.7939
        vertex -1.1252358 -52.113533 115.32832
        vertex 1.3126312 -52.929794 114.45879
    endloop
endfacet
facet normal 0.201718 -0.36552468 0.90868121
    outer loop
        vertex 1.3126312 -52.929794 114.45879
        vertex -1.1252358 -52.113533 115.32832
        vertex 0.3752216 -54.7124 113.94982
    endloop
endfacet
facet normal 0.20823243 -0.37680221 0.90258485
    outer loop
        vertex 0.3752216 -54.7124 113.94982
        vertex -2.0572004 -53.90557 114.847824
        vertex -0.56678337 -56.48705 113.426285
    endloop
endfacet
facet normal 0.21464954 -0.3880136 0.89630967
    outer loop
        vertex -0.56678337 -56.48705 113.426285
        vertex -2.9934657 -55.690166 114.3524
        vertex -1.5133836 -58.25374 112.888176
    endloop
endfacet
facet normal 0.22098152 -0.39914629 0.88985914
    outer loop
        vertex -1.5133836 -58.25374 112.888176
        vertex -3.9340312 -57.467308 113.84206
        vertex -2.464579 -60.01247 112.33551
    endloop
endfacet
facet normal 0.22722389 -0.41020849 0.88323176
    outer loop
        vertex -2.464579 -60.01247 112.33551
        vertex -4.878897 -59.237 113.31679
        vertex -3.4203699 -61.76324 111.76827
    endloop
endfacet
facet normal 0.23339228 -0.42119056 0.87642831
    outer loop
        vertex -3.4203699 -61.76324 111.76827
        vertex -5.8280635 -60.99925 112.776596
        vertex -4.380756 -63.50605 111.18647
    endloop
endfacet
facet normal 0.2394902 -0.4320904 0.86944944
    outer loop
        vertex -4.380756 -63.50605 111.18647
        vertex -6.78153 -62.754044 112.22149
        vertex -5.3457375 -65.240906 110.5901
    endloop
endfacet
facet normal 0.25475237 -0.42327708 0.86944687
    outer loop
        vertex -5.3457375 -65.240906 110.5901
        vertex -6.78153 -62.754044 112.22149
        vertex -7.739297 -64.50139 111.65145
    endloop
endfacet
facet normal 0.2367298 -0.44790092 0.86217391
    outer loop
        vertex -6.3153143 -66.967804 109.97916
        vertex -7.739297 -64.50139 111.65145
        vertex -7.289486 -68.68673 109.35365
    endloop
endfacet
facet normal 0.24269988 -0.45862803 0.85484338
    outer loop
        vertex -7.289486 -68.68673 109.35365
        vertex -8.7013645 -66.241295 111.06649
        vertex -8.268254 -70.39771 108.713585
    endloop
endfacet
facet normal 0.27266315 -0.45546985 0.84746808
    outer loop
        vertex -8.268254 -70.39771 108.713585
        vertex -9.667733 -67.97375 110.466606
        vertex -10.638401 -69.69875 109.85181
    endloop
endfacet
facet normal 0.27853629 -0.46601504 0.83979017
    outer loop
        vertex -9.251616 -72.10073 108.058945
        vertex -10.638401 -69.69875 109.85181
        vertex -11.613369 -71.416306 109.22208
    endloop
endfacet
facet normal 0.28437608 -0.47645554 0.83193779
    outer loop
        vertex -10.239574 -73.795784 107.38974
        vertex -11.613369 -71.416306 109.22208
        vertex -12.592638 -73.1264 108.57743
    endloop
endfacet
facet normal 0.274863 -0.49562722 0.82389557
    outer loop
        vertex -11.232127 -75.48288 106.70597
        vertex -10.239574 -73.795784 107.38974
        vertex -12.592638 -73.1264 108.57743
    endloop
endfacet
facet normal 0.28061029 -0.50587755 0.8156873
    outer loop
        vertex -12.229276 -77.16202 106.00763
        vertex -11.232127 -75.48288 106.70597
        vertex -13.576208 -74.82906 107.91786
    endloop
endfacet
facet normal 0.28633124 -0.51601934 0.80730319
    outer loop
        vertex -13.231019 -78.8332 105.29472
        vertex -12.229276 -77.16202 106.00763
        vertex -14.564077 -76.52427 107.24337
    endloop
endfacet
facet normal 0.29202735 -0.52605295 0.7987417
    outer loop
        vertex -14.237358 -80.496414 104.56725
        vertex -13.231019 -78.8332 105.29472
        vertex -15.556248 -78.212036 106.55395
    endloop
endfacet
facet normal 0.29770699 -0.5359748 0.79000098
    outer loop
        vertex -15.248293 -82.15167 103.82521
        vertex -14.237358 -80.496414 104.56725
        vertex -16.55272 -79.89235 105.84961
    endloop
endfacet
facet normal 0.30337903 -0.54577857 0.7810806
    outer loop
        vertex -16.263823 -83.79897 103.0686
        vertex -15.248293 -82.15167 103.82521
        vertex -17.55349 -81.565216 105.130356
    endloop
endfacet
facet normal 0.31892863 -0.53681624 0.78109717
    outer loop
        vertex -18.55856 -83.23063 104.396164
        vertex -16.263823 -83.79897 103.0686
        vertex -17.55349 -81.565216 105.130356
    endloop
endfacet
facet normal 0.32465914 -0.54645616 0.7719987
    outer loop
        vertex -19.567932 -84.888596 103.647064
        vertex -17.283949 -85.43832 102.29743
        vertex -18.55856 -83.23063 104.396164
    endloop
endfacet
facet normal 0.33038324 -0.55597591 0.76271731
    outer loop
        vertex -20.581604 -86.53911 102.883026
        vertex -18.308668 -87.0697 101.511696
        vertex -19.567932 -84.888596 103.647064
    endloop
endfacet
facet normal 0.33612636 -0.56535405 0.75325549
    outer loop
        vertex -21.599577 -88.18218 102.10407
        vertex -19.337984 -88.69313 100.71139
        vertex -20.581604 -86.53911 102.883026
    endloop
endfacet
facet normal 0.34188536 -0.57459712 0.74360776
    outer loop
        vertex -22.62185 -89.81781 101.3102
        vertex -20.371893 -90.30859 99.896515
        vertex -21.599577 -88.18218 102.10407
    endloop
endfacet
facet normal 0.34762001 -0.58372653 0.73377359
    outer loop
        vertex -23.649729 -91.44372 100.50372
        vertex -21.4104 -91.91609 99.06708
        vertex -22.62185 -89.81781 101.3102
    endloop
endfacet
facet normal 0.35323077 -0.59275675 0.72378683
    outer loop
        vertex -24.684513 -93.05767 99.68696
        vertex -22.454758 -93.513466 98.22549
        vertex -23.649729 -91.44372 100.50372
    endloop
endfacet
facet normal 0.34292191 -0.61078829 0.71368223
    outer loop
        vertex -24.684513 -93.05767 99.68696
        vertex -23.506224 -95.098526 97.374176
        vertex -22.454758 -93.513466 98.22549
    endloop
endfacet
facet normal 0.35353827 -0.62820262 0.69308883
    outer loop
        vertex -26.774809 -96.24967 98.02258
        vertex -25.630482 -98.231705 95.642395
        vertex -24.564798 -96.671265 96.51315
    endloop
endfacet
facet normal 0.35862404 -0.63673943 0.68260646
    outer loop
        vertex -27.830318 -97.82773 97.174965
        vertex -26.703272 -99.77982 94.76192
        vertex -25.630482 -98.231705 95.642395
    endloop
endfacet
facet normal 0.37904721 -0.63620478 0.67198706
    outer loop
        vertex -29.962063 -100.94793 95.44888
        vertex -27.783173 -101.315636 93.87171
        vertex -28.892736 -99.393814 96.31707
    endloop
endfacet
facet normal 0.38381276 -0.64452994 0.66126305
    outer loop
        vertex -31.038298 -102.49009 94.57042
        vertex -28.870178 -102.83913 92.97179
        vertex -29.962063 -100.94793 95.44888
    endloop
endfacet
facet normal 0.38845012 -0.65273505 0.65041786
    outer loop
        vertex -32.121437 -104.02028 93.68166
        vertex -29.964294 -104.35031 92.06214
        vertex -31.038298 -102.49009 94.57042
    endloop
endfacet
facet normal 0.39297873 -0.6608063 0.63945502
    outer loop
        vertex -33.21149 -105.53851 92.78263
        vertex -31.06552 -105.84919 91.14277
        vertex -32.121437 -104.02028 93.68166
    endloop
endfacet
facet normal 0.39739302 -0.66875255 0.62837005
    outer loop
        vertex -34.308453 -107.04477 91.873314
        vertex -32.173855 -107.335754 90.21367
        vertex -33.21149 -105.53851 92.78263
    endloop
endfacet
facet normal 0.39065486 -0.69305915 0.60585302
    outer loop
        vertex -34.41184 -110.271935 88.3263
        vertex -33.28929 -108.81 89.27485
        vertex -35.41232 -108.53907 90.953705
    endloop
endfacet
facet normal 0.39479226 -0.70057982 0.59441298
    outer loop
        vertex -35.541496 -111.721565 87.36804
        vertex -34.41184 -110.271935 88.3263
        vertex -36.523094 -110.0214 90.02382
    endloop
endfacet
facet normal 0.42277449 -0.69400406 0.58276927
    outer loop
        vertex -36.678265 -113.15888 86.40005
        vertex -36.523094 -110.0214 90.02382
        vertex -37.640778 -111.49175 89.08365
    endloop
endfacet
facet normal 0.4267399 -0.7012462 0.57109267
    outer loop
        vertex -37.82214 -114.58388 85.42234
        vertex -37.640778 -111.49175 89.08365
        vertex -38.76537 -112.950165 88.133194
    endloop
endfacet
facet normal 0.42192039 -0.71349603 0.55938047
    outer loop
        vertex -38.973118 -115.996574 84.4349
        vertex -39.89687 -114.39659 87.17245
        vertex -41.03528 -115.83106 86.20142
    endloop
endfacet
facet normal 0.42573008 -0.72044122 0.54746532
    outer loop
        vertex -40.13121 -117.39695 83.437744
        vertex -41.03528 -115.83106 86.20142
        vertex -42.180595 -117.25356 85.220116
    endloop
endfacet
facet normal 0.42947778 -0.72722876 0.53543168
    outer loop
        vertex -41.296406 -118.78502 82.430855
        vertex -42.180595 -117.25356 85.220116
        vertex -43.332817 -118.6641 84.22852
    endloop
endfacet
facet normal 0.43316227 -0.73386079 0.52327681
    outer loop
        vertex -42.468716 -120.160774 81.414246
        vertex -43.332817 -118.6641 84.22852
        vertex -44.491955 -120.06267 83.22665
    endloop
endfacet
facet normal 0.42496184 -0.75551528 0.49860215
    outer loop
        vertex -43.648132 -121.524216 80.38792
        vertex -45.657997 -121.44928 82.214485
        vertex -44.834656 -122.87535 79.35187
    endloop
endfacet
facet normal 0.42844754 -0.76167923 0.48608381
    outer loop
        vertex -44.834656 -122.87535 79.35187
        vertex -46.830944 -122.82392 81.19204
        vertex -46.028286 -124.214165 78.30608
    endloop
endfacet
facet normal 0.431898 -0.76766771 0.47344518
    outer loop
        vertex -46.028286 -124.214165 78.30608
        vertex -48.0108 -124.1866 80.15932
        vertex -47.229027 -125.54067 77.25059
    endloop
endfacet
facet normal 0.43530038 -0.77348691 0.46068594
    outer loop
        vertex -47.229027 -125.54067 77.25059
        vertex -49.197567 -125.53731 79.1163
        vertex -48.43688 -126.854866 76.18536
    endloop
endfacet
facet normal 0.43867067 -0.77912617 0.44780618
    outer loop
        vertex -48.43688 -126.854866 76.18536
        vertex -50.391243 -126.87605 78.062996
        vertex -49.651833 -128.15675 75.11041
    endloop
endfacet
facet normal 0.45774615 -0.77550626 0.43480876
    outer loop
        vertex -51.591824 -128.20282 76.99942
        vertex -52.799313 -129.51764 75.92555
        vertex -50.873898 -129.44633 74.02574
    endloop
endfacet
facet normal 0.46114403 -0.78072721 0.42167658
    outer loop
        vertex -52.799313 -129.51764 75.92555
        vertex -54.013714 -130.8205 74.8414
        vertex -52.10307 -130.72359 72.93135
    endloop
endfacet
facet normal 0.46453083 -0.78575176 0.408418
    outer loop
        vertex -54.013714 -130.8205 74.8414
        vertex -55.23502 -132.11139 73.74696
        vertex -53.33935 -131.98853 71.827225
    endloop
endfacet
facet normal 0.46789289 -0.79058284 0.39503801
    outer loop
        vertex -55.23502 -132.11139 73.74696
        vertex -56.463234 -133.39029 72.64225
        vertex -54.58274 -133.24117 70.71339
    endloop
endfacet
facet normal 0.46168262 -0.81327534 0.35416448
    outer loop
        vertex -58.35556 -136.9252 67.31352
        vertex -57.090843 -135.70949 68.45653
        vertex -58.940388 -135.91225 70.40196
    endloop
endfacet
facet normal 0.47126213 -0.79519904 0.38153699
    outer loop
        vertex -56.463234 -133.39029 72.64225
        vertex -57.698357 -134.65724 71.52725
        vertex -55.83324 -134.48149 69.58982
    endloop
endfacet
facet normal 0.47463492 -0.79960555 0.36790302
    outer loop
        vertex -57.698357 -134.65724 71.52725
        vertex -58.940388 -135.91225 70.40196
        vertex -57.090843 -135.70949 68.45653
    endloop
endfacet
facet normal 0.45841414 -0.80900824 0.36791593
    outer loop
        vertex -55.83324 -134.48149 69.58982
        vertex -57.698357 -134.65724 71.52725
        vertex -57.090843 -135.70949 68.45653
    endloop
endfacet
facet normal 0.4551588 -0.80452049 0.38154569
    outer loop
        vertex -54.58274 -133.24117 70.71339
        vertex -56.463234 -133.39029 72.64225
        vertex -55.83324 -134.48149 69.58982
    endloop
endfacet
facet normal 0.45189849 -0.7998305 0.39504299
    outer loop
        vertex -53.33935 -131.98853 71.827225
        vertex -55.23502 -132.11139 73.74696
        vertex -54.58274 -133.24117 70.71339
    endloop
endfacet
facet normal 0.44861248 -0.79494667 0.40841973
    outer loop
        vertex -52.10307 -130.72359 72.93135
        vertex -54.013714 -130.8205 74.8414
        vertex -53.33935 -131.98853 71.827225
    endloop
endfacet
facet normal 0.44531927 -0.78986108 0.42167562
    outer loop
        vertex -50.873898 -129.44633 74.02574
        vertex -52.799313 -129.51764 75.92555
        vertex -52.10307 -130.72359 72.93135
    endloop
endfacet
facet normal 0.44200912 -0.78458399 0.43480554
    outer loop
        vertex -49.651833 -128.15675 75.11041
        vertex -51.591824 -128.20282 76.99942
        vertex -50.873898 -129.44633 74.02574
    endloop
endfacet
facet normal 0.4543291 -0.77009743 0.44781125
    outer loop
        vertex -49.651833 -128.15675 75.11041
        vertex -50.391243 -126.87605 78.062996
        vertex -51.591824 -128.20282 76.99942
    endloop
endfacet
facet normal 0.45089227 -0.76449913 0.46069232
    outer loop
        vertex -48.43688 -126.854866 76.18536
        vertex -49.197567 -125.53731 79.1163
        vertex -50.391243 -126.87605 78.062996
    endloop
endfacet
facet normal 0.44742507 -0.75871855 0.47345224
    outer loop
        vertex -47.229027 -125.54067 77.25059
        vertex -48.0108 -124.1866 80.15932
        vertex -49.197567 -125.53731 79.1163
    endloop
endfacet
facet normal 0.44392675 -0.75275773 0.48609129
    outer loop
        vertex -46.028286 -124.214165 78.30608
        vertex -46.830944 -122.82392 81.19204
        vertex -48.0108 -124.1866 80.15932
    endloop
endfacet
facet normal 0.44038144 -0.74662757 0.49860948
    outer loop
        vertex -44.834656 -122.87535 79.35187
        vertex -45.657997 -121.44928 82.214485
        vertex -46.830944 -122.82392 81.19204
    endloop
endfacet
facet normal 0.43679881 -0.74032551 0.51100379
    outer loop
        vertex -43.648132 -121.524216 80.38792
        vertex -44.491955 -120.06267 83.22665
        vertex -45.657997 -121.44928 82.214485
    endloop
endfacet
facet normal 0.4214187 -0.74919188 0.510997
    outer loop
        vertex -43.648132 -121.524216 80.38792
        vertex -42.468716 -120.160774 81.414246
        vertex -44.491955 -120.06267 83.22665
    endloop
endfacet
facet normal 0.41782367 -0.74270529 0.52327085
    outer loop
        vertex -42.468716 -120.160774 81.414246
        vertex -41.296406 -118.78502 82.430855
        vertex -43.332817 -118.6641 84.22852
    endloop
endfacet
facet normal 0.41416728 -0.73605943 0.5354268
    outer loop
        vertex -41.296406 -118.78502 82.430855
        vertex -40.13121 -117.39695 83.437744
        vertex -42.180595 -117.25356 85.220116
    endloop
endfacet
facet normal 0.41044527 -0.72925991 0.54746199
    outer loop
        vertex -40.13121 -117.39695 83.437744
        vertex -38.973118 -115.996574 84.4349
        vertex -41.03528 -115.83106 86.20142
    endloop
endfacet
facet normal 0.40665257 -0.7223081 0.5593788
    outer loop
        vertex -38.973118 -115.996574 84.4349
        vertex -37.82214 -114.58388 85.42234
        vertex -39.89687 -114.39659 87.17245
    endloop
endfacet
facet normal 0.41803694 -0.70640403 0.57117289
    outer loop
        vertex -39.89687 -114.39659 87.17245
        vertex -37.82214 -114.58388 85.42234
        vertex -38.76537 -112.950165 88.133194
    endloop
endfacet
facet normal 0.39001739 -0.712924 0.58277416
    outer loop
        vertex -37.82214 -114.58388 85.42234
        vertex -36.678265 -113.15888 86.40005
        vertex -37.640778 -111.49175 89.08365
    endloop
endfacet
facet normal 0.3859832 -0.70553958 0.59433222
    outer loop
        vertex -36.678265 -113.15888 86.40005
        vertex -35.541496 -111.721565 87.36804
        vertex -36.523094 -110.0214 90.02382
    endloop
endfacet
facet normal 0.40592501 -0.68423313 0.60584658
    outer loop
        vertex -36.523094 -110.0214 90.02382
        vertex -34.41184 -110.271935 88.3263
        vertex -35.41232 -108.53907 90.953705
    endloop
endfacet
facet normal 0.40170798 -0.6765607 0.61716795
    outer loop
        vertex -35.41232 -108.53907 90.953705
        vertex -33.28929 -108.81 89.27485
        vertex -34.308453 -107.04477 91.873314
    endloop
endfacet
facet normal 0.3864207 -0.68539935 0.61717641
    outer loop
        vertex -34.308453 -107.04477 91.873314
        vertex -33.28929 -108.81 89.27485
        vertex -32.173855 -107.335754 90.21367
    endloop
endfacet
facet normal 0.3820838 -0.67760617 0.62838042
    outer loop
        vertex -33.21149 -105.53851 92.78263
        vertex -32.173855 -107.335754 90.21367
        vertex -31.06552 -105.84919 91.14277
    endloop
endfacet
facet normal 0.37763602 -0.66968119 0.63946712
    outer loop
        vertex -32.121437 -104.02028 93.68166
        vertex -31.06552 -105.84919 91.14277
        vertex -29.964294 -104.35031 92.06214
    endloop
endfacet
facet normal 0.37307301 -0.66163111 0.65043122
    outer loop
        vertex -31.038298 -102.49009 94.57042
        vertex -29.964294 -104.35031 92.06214
        vertex -28.870178 -102.83913 92.97179
    endloop
endfacet
facet normal 0.36838368 -0.65345675 0.66127741
    outer loop
        vertex -29.962063 -100.94793 95.44888
        vertex -28.870178 -102.83913 92.97179
        vertex -27.783173 -101.315636 93.87171
    endloop
endfacet
facet normal 0.3635723 -0.64515805 0.67200184
    outer loop
        vertex -28.892736 -99.393814 96.31707
        vertex -27.783173 -101.315636 93.87171
        vertex -26.703272 -99.77982 94.76192
    endloop
endfacet
facet normal 0.37416342 -0.6277498 0.68259192
    outer loop
        vertex -27.830318 -97.82773 97.174965
        vertex -28.892736 -99.393814 96.31707
        vertex -26.703272 -99.77982 94.76192
    endloop
endfacet
facet normal 0.36914253 -0.61917722 0.69307524
    outer loop
        vertex -26.774809 -96.24967 98.02258
        vertex -27.830318 -97.82773 97.174965
        vertex -25.630482 -98.231705 95.642395
    endloop
endfacet
facet normal 0.34830558 -0.61955142 0.70344812
    outer loop
        vertex -23.506224 -95.098526 97.374176
        vertex -25.726206 -94.659645 98.85992
        vertex -24.564798 -96.671265 96.51315
    endloop
endfacet
facet normal 0.36398557 -0.61048484 0.70343637
    outer loop
        vertex -24.564798 -96.671265 96.51315
        vertex -25.726206 -94.659645 98.85992
        vertex -26.774809 -96.24967 98.02258
    endloop
endfacet
facet normal 0.35868227 -0.60167891 0.71367329
    outer loop
        vertex -23.506224 -95.098526 97.374176
        vertex -24.684513 -93.05767 99.68696
        vertex -25.726206 -94.659645 98.85992
    endloop
endfacet
facet normal 0.33737966 -0.60191387 0.72379184
    outer loop
        vertex -21.4104 -91.91609 99.06708
        vertex -23.649729 -91.44372 100.50372
        vertex -22.454758 -93.513466 98.22549
    endloop
endfacet
facet normal 0.33171144 -0.59291136 0.73377359
    outer loop
        vertex -20.371893 -90.30859 99.896515
        vertex -22.62185 -89.81781 101.3102
        vertex -21.4104 -91.91609 99.06708
    endloop
endfacet
facet normal 0.32602656 -0.58374792 0.74360269
    outer loop
        vertex -19.337984 -88.69313 100.71139
        vertex -21.599577 -88.18218 102.10407
        vertex -20.371893 -90.30859 99.896515
    endloop
endfacet
facet normal 0.32035658 -0.57444924 0.75324613
    outer loop
        vertex -18.308668 -87.0697 101.511696
        vertex -20.581604 -86.53911 102.883026
        vertex -19.337984 -88.69313 100.71139
    endloop
endfacet
facet normal 0.31469953 -0.56501853 0.76270467
    outer loop
        vertex -17.283949 -85.43832 102.29743
        vertex -19.567932 -84.888596 103.647064
        vertex -18.308668 -87.0697 101.511696
    endloop
endfacet
facet normal 0.30903864 -0.55546045 0.77198374
    outer loop
        vertex -16.263823 -83.79897 103.0686
        vertex -18.55856 -83.23063 104.396164
        vertex -17.283949 -85.43832 102.29743
    endloop
endfacet
facet normal 0.31320605 -0.52704185 0.79001826
    outer loop
        vertex -16.55272 -79.89235 105.84961
        vertex -17.55349 -81.565216 105.130356
        vertex -15.248293 -82.15167 103.82521
    endloop
endfacet
facet normal 0.30746797 -0.5171532 0.79875892
    outer loop
        vertex -15.556248 -78.212036 106.55395
        vertex -16.55272 -79.89235 105.84961
        vertex -14.237358 -80.496414 104.56725
    endloop
endfacet
facet normal 0.30172339 -0.50714672 0.80731982
    outer loop
        vertex -14.564077 -76.52427 107.24337
        vertex -15.556248 -78.212036 106.55395
        vertex -13.231019 -78.8332 105.29472
    endloop
endfacet
facet normal 0.29596514 -0.49702504 0.81570262
    outer loop
        vertex -13.576208 -74.82906 107.91786
        vertex -14.564077 -76.52427 107.24337
        vertex -12.229276 -77.16202 106.00763
    endloop
endfacet
facet normal 0.29018438 -0.48679224 0.82390916
    outer loop
        vertex -12.592638 -73.1264 108.57743
        vertex -13.576208 -74.82906 107.91786
        vertex -11.232127 -75.48288 106.70597
    endloop
endfacet
facet normal 0.26908141 -0.48527712 0.83192635
    outer loop
        vertex -11.613369 -71.416306 109.22208
        vertex -10.239574 -73.795784 107.38974
        vertex -9.251616 -72.10073 108.058945
    endloop
endfacet
facet normal 0.26326346 -0.47482616 0.83978122
    outer loop
        vertex -10.638401 -69.69875 109.85181
        vertex -9.251616 -72.10073 108.058945
        vertex -8.268254 -70.39771 108.713585
    endloop
endfacet
facet normal 0.28137311 -0.45035791 0.84735292
    outer loop
        vertex -9.667733 -67.97375 110.466606
        vertex -8.268254 -70.39771 108.713585
        vertex -8.7013645 -66.241295 111.06649
    endloop
endfacet
facet normal 0.27546212 -0.43971747 0.85485035
    outer loop
        vertex -8.7013645 -66.241295 111.06649
        vertex -7.289486 -68.68673 109.35365
        vertex -7.739297 -64.50139 111.65145
    endloop
endfacet
facet normal 0.245515 -0.44291079 0.86229491
    outer loop
        vertex -7.739297 -64.50139 111.65145
        vertex -6.3153143 -66.967804 109.97916
        vertex -5.3457375 -65.240906 110.5901
    endloop
endfacet
facet normal 0.24867588 -0.41236308 0.87642282
    outer loop
        vertex -6.78153 -62.754044 112.22149
        vertex -4.380756 -63.50605 111.18647
        vertex -5.8280635 -60.99925 112.776596
    endloop
endfacet
facet normal 0.2425282 -0.4013676 0.88322371
    outer loop
        vertex -5.8280635 -60.99925 112.776596
        vertex -3.4203699 -61.76324 111.76827
        vertex -4.878897 -59.237 113.31679
    endloop
endfacet
facet normal 0.23631123 -0.39028955 0.88984889
    outer loop
        vertex -4.878897 -59.237 113.31679
        vertex -2.464579 -60.01247 112.33551
        vertex -3.9340312 -57.467308 113.84206
    endloop
endfacet
facet normal 0.23002097 -0.379132 0.89629757
    outer loop
        vertex -3.9340312 -57.467308 113.84206
        vertex -1.5133836 -58.25374 112.888176
        vertex -2.9934657 -55.690166 114.3524
    endloop
endfacet
facet normal 0.2236456 -0.36789611 0.9025715
    outer loop
        vertex -2.9934657 -55.690166 114.3524
        vertex -0.56678337 -56.48705 113.426285
        vertex -2.0572004 -53.90557 114.847824
    endloop
endfacet
facet normal 0.2171827 -0.35658875 0.90866727
    outer loop
        vertex -2.0572004 -53.90557 114.847824
        vertex 0.3752216 -54.7124 113.94982
        vertex -1.1252358 -52.113533 115.32832
    endloop
endfacet
facet normal 0.19510365 -0.35417816 0.9145996
    outer loop
        vertex 1.3126312 -52.929794 114.45879
        vertex 2.2454457 -51.139225 114.9532
        vertex -0.19757144 -50.314045 115.7939
    endloop
endfacet
facet normal 0.18838541 -0.34276602 0.92033821
    outer loop
        vertex 2.2454457 -51.139225 114.9532
        vertex 3.1736646 -49.3407 115.43304
        vertex 0.72579247 -48.50711 116.24455
    endloop
endfacet
facet normal 0.18155839 -0.33129358 0.9258948
    outer loop
        vertex 3.1736646 -49.3407 115.43304
        vertex 4.0972886 -47.534214 115.8983
        vertex 1.6448561 -46.692722 116.68029
    endloop
endfacet
facet normal 0.17460765 -0.31976557 0.93126917
    outer loop
        vertex 4.0972886 -47.534214 115.8983
        vertex 5.016317 -45.719765 116.34901
        vertex 2.5596192 -44.87089 117.1011
    endloop
endfacet
facet normal 0.16753507 -0.30818048 0.93645966
    outer loop
        vertex 5.016317 -45.719765 116.34901
        vertex 5.9307504 -43.89736 116.78515
        vertex 3.470082 -43.04161 117.50699
    endloop
endfacet
facet normal 0.16033427 -0.29653761 0.94146609
    outer loop
        vertex 5.9307504 -43.89736 116.78515
        vertex 6.840588 -42.066998 117.20672
        vertex 4.376244 -41.204876 117.89795
    endloop
endfacet
facet normal 0.15300137 -0.28484553 0.94628406
    outer loop
        vertex 6.840588 -42.066998 117.20672
        vertex 7.745831 -40.228672 117.613716
        vertex 5.278106 -39.3607 118.27399
    endloop
endfacet
facet normal 0.15413617 -0.25197315 0.95538032
    outer loop
        vertex 7.068929 -35.649998 118.98131
        vertex 6.175668 -37.509068 118.63511
        vertex 8.646478 -38.382393 118.00615
    endloop
endfacet
facet normal 0.45054886 -0.34808913 -0.82209468
    outer loop
        vertex -62.311142 -74.92084 53.87918
        vertex -64.361885 -76.50598 53.42645
        vertex -66.60886 -69.45049 49.20758
    endloop
endfacet
facet normal 0.5122782 -0.30555138 -0.80262661
    outer loop
        vertex -62.311142 -74.92084 53.87918
        vertex -57.552803 -79.90474 58.81352
        vertex -58.06628 -85.05051 60.44473
    endloop
endfacet
facet normal 0.39063185 -0.37793556 -0.8393876
    outer loop
        vertex -66.60886 -69.45049 49.20758
        vertex -69.185974 -68.10318 47.40162
        vertex -70.79373 -65.302704 45.392487
    endloop
endfacet
facet normal 0.39093238 -0.37745997 -0.83946168
    outer loop
        vertex -66.60886 -69.45049 49.20758
        vertex -64.361885 -76.50598 53.42645
        vertex -69.185974 -68.10318 47.40162
    endloop
endfacet
facet normal 0.60932344 -0.62322062 -0.49022529
    outer loop
        vertex -19.937723 -40.61994 62.149387
        vertex -17.944937 -38.93442 62.48352
        vertex -15.674722 -45.226334 73.304146
    endloop
endfacet
facet normal 0.6085611 -0.62176722 -0.49301013
    outer loop
        vertex -19.937723 -40.61994 62.149387
        vertex -21.277046 -36.326664 55.081623
        vertex -17.944937 -38.93442 62.48352
    endloop
endfacet
facet normal 0.55970228 -0.66981071 -0.48794153
    outer loop
        vertex -21.277046 -36.326664 55.081623
        vertex -20.779211 -34.07256 52.558403
        vertex -17.944937 -38.93442 62.48352
    endloop
endfacet
facet normal 0.52521169 -0.68477315 -0.50521135
    outer loop
        vertex -21.277046 -36.326664 55.081623
        vertex -25.200754 -35.81061 50.303116
        vertex -25.972658 -29.51404 40.96616
    endloop
endfacet
facet normal 0.48569432 -0.7486546 -0.45123976
    outer loop
        vertex -19.760239 -27.761309 44.187103
        vertex -15.867911 -25.511028 44.643177
        vertex -17.553495 -28.062527 47.062096
    endloop
endfacet
facet normal 0.45496938 -0.76014304 -0.46388087
    outer loop
        vertex -19.760239 -27.761309 44.187103
        vertex -25.972658 -29.51404 40.96616
        vertex -14.253662 -22.561935 41.06789
    endloop
endfacet
facet normal 0.50930995 -0.74494946 -0.43087551
    outer loop
        vertex -15.867911 -25.511028 44.643177
        vertex -15.2848 -27.617178 48.9738
        vertex -17.553495 -28.062527 47.062096
    endloop
endfacet
facet normal 0.50269938 -0.76446098 -0.40359959
    outer loop
        vertex -15.867911 -25.511028 44.643177
        vertex -14.253662 -22.561935 41.06789
        vertex -11.219781 -26.284756 51.898132
    endloop
endfacet
facet normal 0.26039487 -0.36638734 -0.89328319
    outer loop
        vertex -76.76912 -63.044945 42.105534
        vertex -80.43963 -65.67943 42.116123
        vertex -84.68123 -64.07782 40.22277
    endloop
endfacet
facet normal 0.28354821 -0.39856112 -0.87220955
    outer loop
        vertex -76.76912 -63.044945 42.105534
        vertex -76.886894 -66.36192 43.58296
        vertex -80.43963 -65.67943 42.116123
    endloop
endfacet
facet normal 0.32890293 -0.34174708 -0.88035887
    outer loop
        vertex -80.43963 -65.67943 42.116123
        vertex -77.84367 -69.079575 44.40588
        vertex -74.34653 -77.716484 49.065186
    endloop
endfacet
facet normal 0.29290387 -0.37007922 -0.88161713
    outer loop
        vertex -80.43963 -65.67943 42.116123
        vertex -76.886894 -66.36192 43.58296
        vertex -77.84367 -69.079575 44.40588
    endloop
endfacet
facet normal 0.58905399 -0.74741536 -0.30722243
    outer loop
        vertex -2.5274224 -18.428667 48.620144
        vertex -1.7356104 -20.138136 54.29715
        vertex -2.6297956 -20.973143 54.614098
    endloop
endfacet
facet normal 0.54671907 -0.7826317 -0.29763392
    outer loop
        vertex -2.5274224 -18.428667 48.620144
        vertex -2.54135 -15.598249 41.151947
        vertex 0.47962 -20.830725 60.45997
    endloop
endfacet
facet normal 0.3231149 -0.208213 -0.92317069
    outer loop
        vertex -91.55262 -76.61992 42.798367
        vertex -88.60787 -81.38236 44.90317
        vertex -86.92691 -87.43818 46.857353
    endloop
endfacet
facet normal 0.29071879 -0.23064129 -0.92859423
    outer loop
        vertex -91.55262 -76.61992 42.798367
        vertex -87.42153 -81.05339 45.192875
        vertex -88.60787 -81.38236 44.90317
    endloop
endfacet
facet normal 0.37337849 -0.16200639 -0.91342342
    outer loop
        vertex -86.92691 -87.43818 46.857353
        vertex -82.906685 -92.570076 49.410896
        vertex -77.40313 -103.93385 53.676075
    endloop
endfacet
facet normal 0.37461412 -0.16126721 -0.91304833
    outer loop
        vertex -82.906685 -92.570076 49.410896
        vertex -81.993515 -92.078255 49.698692
        vertex -77.40313 -103.93385 53.676075
    endloop
endfacet
facet normal 0.37952304 -0.17280912 -0.90890002
    outer loop
        vertex -82.906685 -92.570076 49.410896
        vertex -88.60787 -81.38236 44.90317
        vertex -81.993515 -92.078255 49.698692
    endloop
endfacet
facet normal 0.67075956 -0.67725295 -0.30234119
    outer loop
        vertex 0.83134085 -23.271261 67.01035
        vertex 0.07625247 -24.036896 67.05019
        vertex -1.7356104 -20.138136 54.29715
    endloop
endfacet
facet normal 0.67387348 -0.67966795 -0.28973448
    outer loop
        vertex 0.83134085 -23.271261 67.01035
        vertex 3.50059 -26.0632 79.76799
        vertex 0.07625247 -24.036896 67.05019
    endloop
endfacet
facet normal 0.53017128 -0.78369755 -0.32363012
    outer loop
        vertex -2.5274224 -18.428667 48.620144
        vertex -2.6297956 -20.973143 54.614098
        vertex -6.6682415 -20.104742 45.895405
    endloop
endfacet
facet normal 0.58709997 -0.74705893 -0.31179595
    outer loop
        vertex -1.7356104 -20.138136 54.29715
        vertex 0.07625247 -24.036896 67.05019
        vertex -2.6297956 -20.973143 54.614098
    endloop
endfacet
facet normal 0.29165679 -0.2353173 -0.92712575
    outer loop
        vertex -88.60787 -81.38236 44.90317
        vertex -87.42153 -81.05339 45.192875
        vertex -81.993515 -92.078255 49.698692
    endloop
endfacet
facet normal 0.21714008 -0.26881325 -0.93839735
    outer loop
        vertex -91.55262 -76.61992 42.798367
        vertex -96.45068 -70.94251 40.03863
        vertex -89.06489 -72.08061 42.073685
    endloop
endfacet
facet normal 0.83762378 -0.31105423 -0.44903409
    outer loop
        vertex -10.230979 -67.07293 102.7492
        vertex -8.268254 -70.39771 108.713585
        vertex -9.251616 -72.10073 108.058945
    endloop
endfacet
facet normal 0.82109302 -0.34968033 -0.45114303
    outer loop
        vertex -10.230979 -67.07293 102.7492
        vertex -11.611907 -61.368294 95.81422
        vertex -7.289486 -68.68673 109.35365
    endloop
endfacet
facet normal 0.73172826 -0.12782876 -0.66950262
    outer loop
        vertex -38.410683 -106.67723 83.269066
        vertex -35.541496 -111.721565 87.36804
        vertex -36.678265 -113.15888 86.40005
    endloop
endfacet
facet normal 0.7317968 -0.12774205 -0.66944402
    outer loop
        vertex -38.410683 -106.67723 83.269066
        vertex -34.41184 -110.271935 88.3263
        vertex -35.541496 -111.721565 87.36804
    endloop
endfacet
facet normal 0.3700785 -0.25587481 -0.89306766
    outer loop
        vertex -79.69922 -84.57463 48.929195
        vertex -78.9929 -80.597946 48.08252
        vertex -74.840614 -89.3056 52.298035
    endloop
endfacet
facet normal 0.34588796 -0.23862514 -0.90742469
    outer loop
        vertex -79.69922 -84.57463 48.929195
        vertex -84.785355 -80.74959 45.984615
        vertex -89.06489 -72.08061 42.073685
    endloop
endfacet
facet normal 0.42722806 -0.2306173 -0.8742379
    outer loop
        vertex -74.840614 -89.3056 52.298035
        vertex -73.06692 -87.55858 52.703964
        vertex -68.23586 -97.04225 57.566555
    endloop
endfacet
facet normal 0.42184073 -0.22415152 -0.87852526
    outer loop
        vertex -74.840614 -89.3056 52.298035
        vertex -78.9929 -80.597946 48.08252
        vertex -73.06692 -87.55858 52.703964
    endloop
endfacet
facet normal 0.62003499 -0.6924808 -0.36881828
    outer loop
        vertex -5.1721287 -26.423882 61.658943
        vertex -7.785432 -27.097584 58.530537
        vertex -8.722815 -24.301712 51.70523
    endloop
endfacet
facet normal 0.62117374 -0.69075185 -0.37014186
    outer loop
        vertex -5.1721287 -26.423882 61.658943
        vertex -5.217427 -30.02981 68.31224
        vertex -7.785432 -27.097584 58.530537
    endloop
endfacet
facet normal 0.66641694 -0.64778435 -0.3691394
    outer loop
        vertex -5.217427 -30.02981 68.31224
        vertex -7.089836 -31.605846 67.69764
        vertex -7.785432 -27.097584 58.530537
    endloop
endfacet
facet normal 0.72817916 -0.5868389 -0.35408366
    outer loop
        vertex -5.217427 -30.02981 68.31224
        vertex -2.272001 -32.41096 78.31595
        vertex -4.392175 -35.162296 78.515686
    endloop
endfacet
facet normal 0.45985284 -0.62356037 -0.63222438
    outer loop
        vertex -40.553116 -40.34635 43.119156
        vertex -39.284504 -42.228672 45.898415
        vertex -42.347466 -45.885277 47.277042
    endloop
endfacet
facet normal 0.40086794 -0.66313612 -0.63210398
    outer loop
        vertex -40.553116 -40.34635 43.119156
        vertex -37.69834 -36.454567 40.846752
        vertex -39.284504 -42.228672 45.898415
    endloop
endfacet
facet normal 0.34495154 -0.56635183 -0.74850118
    outer loop
        vertex -56.24497 -49.994453 42.598675
        vertex -55.03885 -52.398487 44.97353
        vertex -61.171234 -50.298313 40.55829
    endloop
endfacet
facet normal 0.38020912 -0.57809079 -0.72197789
    outer loop
        vertex -56.24497 -49.994453 42.598675
        vertex -51.686005 -48.975662 44.183773
        vertex -50.498627 -51.30058 46.670643
    endloop
endfacet
facet normal 0.57483464 -0.35922691 -0.73520142
    outer loop
        vertex -47.223545 -77.51345 65.08056
        vertex -45.142174 -74.312645 65.14398
        vertex -42.10692 -85.00856 72.7433
    endloop
endfacet
facet normal 0.49576706 -0.42244646 -0.75878447
    outer loop
        vertex -47.223545 -77.51345 65.08056
        vertex -52.928867 -70.70016 57.55963
        vertex -53.35866 -63.878403 53.480865
    endloop
endfacet
facet normal 0.64725316 -0.33221132 -0.68607509
    outer loop
        vertex -41.47641 -76.49075 69.357635
        vertex -44.251972 -71.05912 64.109024
        vertex -37.196003 -79.88951 75.04158
    endloop
endfacet
facet normal 0.58732092 -0.38684359 -0.71091914
    outer loop
        vertex -41.47641 -76.49075 69.357635
        vertex -45.142174 -74.312645 65.14398
        vertex -44.251972 -71.05912 64.109024
    endloop
endfacet
facet normal 0.664253 -0.30485427 -0.68251884
    outer loop
        vertex -33.020535 -93.31217 85.10068
        vertex -41.47641 -76.49075 69.357635
        vertex -37.196003 -79.88951 75.04158
    endloop
endfacet
facet normal 0.57060814 -0.386601 -0.72453153
    outer loop
        vertex -45.142174 -74.312645 65.14398
        vertex -48.95282 -67.069084 58.277817
        vertex -44.251972 -71.05912 64.109024
    endloop
endfacet
facet normal 0.59365529 -0.38704512 -0.7055279
    outer loop
        vertex -44.251972 -71.05912 64.109024
        vertex -46.72583 -66.013115 59.25925
        vertex -40.074135 -70.44012 67.28482
    endloop
endfacet
facet normal 0.5284403 -0.43920538 -0.72653264
    outer loop
        vertex -44.251972 -71.05912 64.109024
        vertex -48.95282 -67.069084 58.277817
        vertex -46.72583 -66.013115 59.25925
    endloop
endfacet
facet normal 0.52775425 -0.43488672 -0.72962254
    outer loop
        vertex -46.72583 -66.013115 59.25925
        vertex -48.95282 -67.069084 58.277817
        vertex -51.304367 -60.263714 52.520588
    endloop
endfacet
facet normal 0.59219021 -0.39579564 -0.70189494
    outer loop
        vertex -44.251972 -71.05912 64.109024
        vertex -40.074135 -70.44012 67.28482
        vertex -37.196003 -79.88951 75.04158
    endloop
endfacet
facet normal 0.61027247 -0.40962064 -0.67806971
    outer loop
        vertex -40.074135 -70.44012 67.28482
        vertex -38.86886 -68.64535 67.28537
        vertex -33.523537 -78.883446 78.28105
    endloop
endfacet
facet normal 0.60455644 -0.40577981 -0.68545908
    outer loop
        vertex -40.074135 -70.44012 67.28482
        vertex -44.06917 -62.93854 59.320503
        vertex -38.86886 -68.64535 67.28537
    endloop
endfacet
facet normal 0.30829641 -0.31554469 -0.89743233
    outer loop
        vertex -80.03074 -73.6647 45.39755
        vertex -82.19606 -73.21811 44.496666
        vertex -83.610504 -69.95409 42.863102
    endloop
endfacet
facet normal 0.37238434 -0.27885532 -0.88519466
    outer loop
        vertex -80.03074 -73.6647 45.39755
        vertex -74.34653 -77.716484 49.065186
        vertex -73.06692 -87.55858 52.703964
    endloop
endfacet
facet normal 0.31388885 -0.31265667 -0.89650404
    outer loop
        vertex -83.610504 -69.95409 42.863102
        vertex -82.19606 -73.21811 44.496666
        vertex -82.852516 -75.085175 44.917965
    endloop
endfacet
facet normal 0.26615766 -0.35469192 -0.89630002
    outer loop
        vertex -80.03074 -73.6647 45.39755
        vertex -84.68123 -64.07782 40.22277
        vertex -80.43963 -65.67943 42.116123
    endloop
endfacet
facet normal 0.56193548 -0.73423237 -0.38096097
    outer loop
        vertex -11.219781 -26.284756 51.898132
        vertex -10.208706 -24.732143 50.39714
        vertex -7.785432 -27.097584 58.530537
    endloop
endfacet
facet normal 0.5515871 -0.73693967 -0.39073214
    outer loop
        vertex -11.219781 -26.284756 51.898132
        vertex -11.305999 -23.645704 46.79904
        vertex -10.208706 -24.732143 50.39714
    endloop
endfacet
facet normal 0.54783046 -0.72095311 -0.42439184
    outer loop
        vertex -15.2848 -27.617178 48.9738
        vertex -15.867911 -25.511028 44.643177
        vertex -12.026173 -30.681606 58.386055
    endloop
endfacet
facet normal 0.55660081 -0.7329821 -0.39106616
    outer loop
        vertex -11.305999 -23.645704 46.79904
        vertex -8.722815 -24.301712 51.70523
        vertex -10.208706 -24.732143 50.39714
    endloop
endfacet
facet normal 0.80418569 -0.52319556 -0.28204945
    outer loop
        vertex 3.3907912 -29.690453 86.87395
        vertex 5.006497 -31.236708 94.34895
        vertex 2.977479 -33.10506 92.029526
    endloop
endfacet
facet normal 0.76209742 -0.58136964 -0.28498581
    outer loop
        vertex 3.3907912 -29.690453 86.87395
        vertex 3.50059 -26.0632 79.76799
        vertex 5.006497 -31.236708 94.34895
    endloop
endfacet
facet normal 0.48012096 -0.09295594 -0.87226325
    outer loop
        vertex -72.26032 -109.024025 57.04929
        vertex -69.112305 -115.72878 59.496574
        vertex -77.40313 -103.93385 53.676075
    endloop
endfacet
facet normal 0.53482562 -0.05661298 -0.84306377
    outer loop
        vertex -72.26032 -109.024025 57.04929
        vertex -67.949394 -112.36029 60.008106
        vertex -69.112305 -115.72878 59.496574
    endloop
endfacet
facet normal 0.48843819 -0.5419035 -0.68393612
    outer loop
        vertex -46.37309 -54.544792 51.738144
        vertex -45.492496 -50.899403 49.478672
        vertex -37.46433 -63.686752 65.34386
    endloop
endfacet
facet normal 0.44881222 -0.54660237 -0.70696074
    outer loop
        vertex -46.37309 -54.544792 51.738144
        vertex -49.467773 -49.95201 46.22248
        vertex -45.492496 -50.899403 49.478672
    endloop
endfacet
facet normal 0.71225518 -0.09323993 -0.69570017
    outer loop
        vertex -43.420055 -111.78773 79.31887
        vertex -40.13121 -117.39695 83.437744
        vertex -41.296406 -118.78502 82.430855
    endloop
endfacet
facet normal 0.69213581 -0.13138959 -0.70970744
    outer loop
        vertex -43.420055 -111.78773 79.31887
        vertex -46.30818 -103.48812 74.96573
        vertex -38.973118 -115.996574 84.4349
    endloop
endfacet
facet normal 0.85009503 -0.33244911 -0.40843126
    outer loop
        vertex -6.269079 -60.148163 104.52297
        vertex -4.380756 -63.50605 111.18647
        vertex -5.3457375 -65.240906 110.5901
    endloop
endfacet
facet normal 0.85023034 -0.33220619 -0.40834722
    outer loop
        vertex -6.269079 -60.148163 104.52297
        vertex -3.4203699 -61.76324 111.76827
        vertex -4.380756 -63.50605 111.18647
    endloop
endfacet
facet normal 0.57912517 -0.26054534 -0.77248323
    outer loop
        vertex -51.775078 -86.21302 65.27271
        vertex -52.085182 -93.27676 67.42271
        vertex -57.552803 -79.90474 58.81352
    endloop
endfacet
facet normal 0.62031943 -0.23939274 -0.74692363
    outer loop
        vertex -51.775078 -86.21302 65.27271
        vertex -46.023746 -90.575386 71.44735
        vertex -43.197456 -101.6991 77.35979
    endloop
endfacet
facet normal 0.63548857 -0.26515773 -0.72515213
    outer loop
        vertex -46.023746 -90.575386 71.44735
        vertex -43.22904 -89.32302 73.43856
        vertex -33.28929 -108.81 89.27485
    endloop
endfacet
facet normal 0.63386595 -0.25168982 -0.73134542
    outer loop
        vertex -46.023746 -90.575386 71.44735
        vertex -51.574528 -80.825645 63.281082
        vertex -43.22904 -89.32302 73.43856
    endloop
endfacet
facet normal 0.72885293 -0.47591394 -0.4922187
    outer loop
        vertex -17.564829 -51.68673 77.638565
        vertex -13.317754 -51.442036 83.690834
        vertex -11.611907 -61.368294 95.81422
    endloop
endfacet
facet normal 0.71787184 -0.50088358 -0.48350343
    outer loop
        vertex -17.564829 -51.68673 77.638565
        vertex -19.019794 -45.467632 69.03568
        vertex -13.317754 -51.442036 83.690834
    endloop
endfacet
facet normal 0.74260181 -0.44006804 -0.50485915
    outer loop
        vertex -17.04112 -58.193058 84.53105
        vertex -18.693064 -61.424747 84.918144
        vertex -20.952513 -51.553833 72.99057
    endloop
endfacet
facet normal 0.7747916 -0.40381131 -0.48645082
    outer loop
        vertex -17.04112 -58.193058 84.53105
        vertex -11.611907 -61.368294 95.81422
        vertex -10.230979 -67.07293 102.7492
    endloop
endfacet
facet normal 0.47860643 -0.71353245 -0.51167101
    outer loop
        vertex -26.626085 -33.662846 46.140526
        vertex -31.150293 -36.198635 45.44487
        vertex -25.972658 -29.51404 40.96616
    endloop
endfacet
facet normal 0.47359791 -0.69740087 -0.53790063
    outer loop
        vertex -26.626085 -33.662846 46.140526
        vertex -26.064514 -37.323105 51.380577
        vertex -31.150293 -36.198635 45.44487
    endloop
endfacet
facet normal 0.40635708 -0.53081471 -0.74371344
    outer loop
        vertex -56.24497 -49.994453 42.598675
        vertex -50.498627 -51.30058 46.670643
        vertex -55.03885 -52.398487 44.97353
    endloop
endfacet
facet normal 0.38671938 -0.59413123 -0.70530581
    outer loop
        vertex -51.686005 -48.975662 44.183773
        vertex -49.430706 -43.38351 40.70967
        vertex -49.467773 -49.95201 46.22248
    endloop
endfacet
facet normal 0.33898145 -0.46419242 -0.81830126
    outer loop
        vertex -68.113266 -60.24379 43.872585
        vertex -63.963203 -57.05996 43.78568
        vertex -64.400154 -63.9875 47.534412
    endloop
endfacet
facet normal 0.32303235 -0.44388163 -0.83583444
    outer loop
        vertex -68.113266 -60.24379 43.872585
        vertex -72.92141 -57.196415 40.39599
        vertex -63.963203 -57.05996 43.78568
    endloop
endfacet
facet normal 0.47815436 -0.58088613 -0.65874106
    outer loop
        vertex -43.653397 -43.89166 44.57112
        vertex -42.347466 -45.885277 47.277042
        vertex -41.793236 -49.812016 51.141983
    endloop
endfacet
facet normal 0.40954468 -0.62882489 -0.66094816
    outer loop
        vertex -43.653397 -43.89166 44.57112
        vertex -40.553116 -40.34635 43.119156
        vertex -42.347466 -45.885277 47.277042
    endloop
endfacet
facet normal 0.7758345 -0.55117041 -0.30707014
    outer loop
        vertex 0.09187713 -29.363789 78.02351
        vertex 2.977479 -33.10506 92.029526
        vertex 0.37338096 -33.183815 85.591446
    endloop
endfacet
facet normal 0.66758245 -0.66941428 -0.32591128
    outer loop
        vertex 0.09187713 -29.363789 78.02351
        vertex -0.79327446 -24.812393 66.861946
        vertex 0.07625247 -24.036896 67.05019
    endloop
endfacet
facet normal 0.76259202 -0.55277306 -0.33599904
    outer loop
        vertex 0.37338096 -33.183815 85.591446
        vertex 0.07815044 -35.7929 89.21375
        vertex -2.272001 -32.41096 78.31595
    endloop
endfacet
facet normal 0.79193139 -0.52373761 -0.31391665
    outer loop
        vertex 0.37338096 -33.183815 85.591446
        vertex 2.977479 -33.10506 92.029526
        vertex 3.7680109 -37.922607 102.06142
    endloop
endfacet
facet normal 0.66569942 -0.64363313 -0.3775987
    outer loop
        vertex -5.217427 -30.02981 68.31224
        vertex -4.392175 -35.162296 78.515686
        vertex -7.089836 -31.605846 67.69764
    endloop
endfacet
facet normal 0.73254591 -0.58924228 -0.34083706
    outer loop
        vertex -2.272001 -32.41096 78.31595
        vertex 0.07815044 -35.7929 89.21375
        vertex -4.392175 -35.162296 78.515686
    endloop
endfacet
facet normal 0.50765979 -0.10267171 -0.85541809
    outer loop
        vertex -74.30695 -100.09193 54.76261
        vertex -67.949394 -112.36029 60.008106
        vertex -72.26032 -109.024025 57.04929
    endloop
endfacet
facet normal 0.51414984 -0.09788815 -0.85209608
    outer loop
        vertex -74.30695 -100.09193 54.76261
        vertex -69.151024 -105.68981 58.51675
        vertex -67.949394 -112.36029 60.008106
    endloop
endfacet
facet normal 0.53949684 -0.09077141 -0.8370806
    outer loop
        vertex -69.151024 -105.68981 58.51675
        vertex -66.03116 -107.97314 60.775097
        vertex -61.534897 -120.02222 64.97951
    endloop
endfacet
facet normal 0.5178442 -0.12889123 -0.84570938
    outer loop
        vertex -69.151024 -105.68981 58.51675
        vertex -71.09394 -98.51551 56.233658
        vertex -66.03116 -107.97314 60.775097
    endloop
endfacet
facet normal 0.4823108 -0.15575552 -0.86204213
    outer loop
        vertex -71.09394 -98.51551 56.233658
        vertex -68.23586 -97.04225 57.566555
        vertex -66.03116 -107.97314 60.775097
    endloop
endfacet
facet normal 0.3573316 -0.22304586 -0.90695345
    outer loop
        vertex -79.69922 -84.57463 48.929195
        vertex -79.08265 -90.413605 50.60809
        vertex -84.785355 -80.74959 45.984615
    endloop
endfacet
facet normal 0.38327655 -0.3829574 -0.84050149
    outer loop
        vertex -70.79373 -65.302704 45.392487
        vertex -69.185974 -68.10318 47.40162
        vertex -70.20061 -70.73533 48.13822
    endloop
endfacet
facet normal 0.34050295 -0.42696843 -0.83770865
    outer loop
        vertex -70.79373 -65.302704 45.392487
        vertex -72.92141 -57.196415 40.39599
        vertex -66.60886 -69.45049 49.20758
    endloop
endfacet
facet normal 0.55924058 -0.67000413 -0.48820549
    outer loop
        vertex -21.724407 -32.45118 49.250526
        vertex -20.779211 -34.07256 52.558403
        vertex -21.277046 -36.326664 55.081623
    endloop
endfacet
facet normal 0.55215013 -0.67540872 -0.48882848
    outer loop
        vertex -21.724407 -32.45118 49.250526
        vertex -18.545073 -33.55265 54.363594
        vertex -20.779211 -34.07256 52.558403
    endloop
endfacet
facet normal 0.32728481 -0.39414126 -0.85879993
    outer loop
        vertex -76.76912 -63.044945 42.105534
        vertex -70.20061 -70.73533 48.13822
        vertex -76.886894 -66.36192 43.58296
    endloop
endfacet
facet normal 0.3829805 -0.38288966 -0.84066731
    outer loop
        vertex -69.185974 -68.10318 47.40162
        vertex -64.361885 -76.50598 53.42645
        vertex -70.20061 -70.73533 48.13822
    endloop
endfacet
facet normal 0.6418885 -0.56577832 -0.51756549
    outer loop
        vertex -21.878315 -46.042534 66.11898
        vertex -19.019794 -45.467632 69.03568
        vertex -17.564829 -51.68673 77.638565
    endloop
endfacet
facet normal 0.63926309 -0.5722155 -0.51372373
    outer loop
        vertex -21.878315 -46.042534 66.11898
        vertex -23.4274 -40.83318 58.38886
        vertex -19.019794 -45.467632 69.03568
    endloop
endfacet
facet normal 0.55203569 -0.67565614 -0.4886156
    outer loop
        vertex -20.779211 -34.07256 52.558403
        vertex -18.545073 -33.55265 54.363594
        vertex -17.944937 -38.93442 62.48352
    endloop
endfacet
facet normal 0.46472743 -0.73219955 -0.49790785
    outer loop
        vertex -21.724407 -32.45118 49.250526
        vertex -25.972658 -29.51404 40.96616
        vertex -19.760239 -27.761309 44.187103
    endloop
endfacet
facet normal 0.50482756 -0.33936039 -0.79371512
    outer loop
        vertex -56.595535 -76.03677 57.768585
        vertex -57.552803 -79.90474 58.81352
        vertex -61.445564 -70.16254 52.17223
    endloop
endfacet
facet normal 0.55608261 -0.30632538 -0.77261698
    outer loop
        vertex -56.595535 -76.03677 57.768585
        vertex -51.574528 -80.825645 63.281082
        vertex -51.775078 -86.21302 65.27271
    endloop
endfacet
facet normal 0.75452381 -0.23585072 -0.61242819
    outer loop
        vertex -30.7412 -87.150894 85.237335
        vertex -24.564798 -96.671265 96.51315
        vertex -29.42258 -93.17748 89.182785
    endloop
endfacet
facet normal 0.74275774 -0.26676032 -0.61412531
    outer loop
        vertex -30.7412 -87.150894 85.237335
        vertex -33.523537 -78.883446 78.28105
        vertex -25.736738 -88.20738 91.748924
    endloop
endfacet
facet normal 0.80660826 -0.24660066 -0.53718823
    outer loop
        vertex -23.202196 -77.4164 89.73245
        vertex -18.308668 -87.0697 101.511696
        vertex -19.337984 -88.69313 100.71139
    endloop
endfacet
facet normal 0.78150898 -0.28256774 -0.55623674
    outer loop
        vertex -23.202196 -77.4164 89.73245
        vertex -19.727982 -79.69124 95.76932
        vertex -18.308668 -87.0697 101.511696
    endloop
endfacet
facet normal 0.60353959 -0.46264255 -0.64938575
    outer loop
        vertex -34.363644 -65.17389 69.28512
        vertex -37.46433 -63.686752 65.34386
        vertex -37.74193 -59.080494 61.804214
    endloop
endfacet
facet normal 0.70809102 -0.35246894 -0.6118601
    outer loop
        vertex -34.363644 -65.17389 69.28512
        vertex -27.998938 -72.5565 80.90368
        vertex -29.658451 -77.14683 81.62747
    endloop
endfacet
facet normal 0.86241883 -0.41577175 -0.28873438
    outer loop
        vertex 3.7680109 -37.922607 102.06142
        vertex 6.840588 -42.066998 117.20672
        vertex 3.9057617 -41.90387 108.2058
    endloop
endfacet
facet normal 0.8502273 -0.4452557 -0.28082165
    outer loop
        vertex 3.7680109 -37.922607 102.06142
        vertex 2.977479 -33.10506 92.029526
        vertex 7.1339335 -36.14106 109.4275
    endloop
endfacet
facet normal 0.65762258 0.01919167 -0.75310302
    outer loop
        vertex -61.534897 -120.02222 64.97951
        vertex -54.58274 -133.24117 70.71339
        vertex -55.83324 -134.48149 69.58982
    endloop
endfacet
facet normal 0.6270557 -0.008088 -0.77893239
    outer loop
        vertex -61.534897 -120.02222 64.97951
        vertex -56.91367 -124.28374 68.743935
        vertex -54.58274 -133.24117 70.71339
    endloop
endfacet
facet normal 0.25868142 -0.325941 -0.909311
    outer loop
        vertex -83.610504 -69.95409 42.863102
        vertex -82.852516 -75.085175 44.917965
        vertex -89.06489 -72.08061 42.073685
    endloop
endfacet
facet normal 0.29907894 -0.30888218 -0.90285301
    outer loop
        vertex -82.19606 -73.21811 44.496666
        vertex -78.9929 -80.597946 48.08252
        vertex -82.852516 -75.085175 44.917965
    endloop
endfacet
facet normal 0.55005836 -0.74359018 -0.38014379
    outer loop
        vertex -10.208706 -24.732143 50.39714
        vertex -8.722815 -24.301712 51.70523
        vertex -7.785432 -27.097584 58.530537
    endloop
endfacet
facet normal 0.50421506 -0.76341349 -0.40369198
    outer loop
        vertex -11.305999 -23.645704 46.79904
        vertex -14.253662 -22.561935 41.06789
        vertex -6.6682415 -20.104742 45.895405
    endloop
endfacet
facet normal 0.77059525 -0.55805379 -0.30782938
    outer loop
        vertex 3.3907912 -29.690453 86.87395
        vertex 2.977479 -33.10506 92.029526
        vertex 0.09187713 -29.363789 78.02351
    endloop
endfacet
facet normal 0.80451816 -0.52200991 -0.28329536
    outer loop
        vertex 5.006497 -31.236708 94.34895
        vertex 7.1339335 -36.14106 109.4275
        vertex 2.977479 -33.10506 92.029526
    endloop
endfacet
facet normal 0.53618902 -0.05722149 -0.84215617
    outer loop
        vertex -69.112305 -115.72878 59.496574
        vertex -67.949394 -112.36029 60.008106
        vertex -61.157948 -128.2866 65.41426
    endloop
endfacet
facet normal 0.46174172 -0.11623224 -0.8793661
    outer loop
        vertex -72.26032 -109.024025 57.04929
        vertex -77.40313 -103.93385 53.676075
        vertex -81.993515 -92.078255 49.698692
    endloop
endfacet
facet normal 0.39211032 -0.1923511 -0.89958364
    outer loop
        vertex -81.993515 -92.078255 49.698692
        vertex -81.10309 -91.33894 49.92873
        vertex -74.30695 -100.09193 54.76261
    endloop
endfacet
facet normal 0.38411295 -0.18091303 -0.90538806
    outer loop
        vertex -81.993515 -92.078255 49.698692
        vertex -87.42153 -81.05339 45.192875
        vertex -81.10309 -91.33894 49.92873
    endloop
endfacet
facet normal 0.66912937 -0.67457676 -0.31178862
    outer loop
        vertex 0.07625247 -24.036896 67.05019
        vertex -0.79327446 -24.812393 66.861946
        vertex -2.6297956 -20.973143 54.614098
    endloop
endfacet
facet normal 0.74201846 -0.60166192 -0.29565436
    outer loop
        vertex 0.07625247 -24.036896 67.05019
        vertex 3.50059 -26.0632 79.76799
        vertex 3.3907912 -29.690453 86.87395
    endloop
endfacet
facet normal 0.72799939 -0.57648283 -0.37105846
    outer loop
        vertex -4.392175 -35.162296 78.515686
        vertex -6.3446965 -37.77663 78.746605
        vertex -7.089836 -31.605846 67.69764
    endloop
endfacet
facet normal 0.77302915 -0.52638 -0.35404795
    outer loop
        vertex -4.392175 -35.162296 78.515686
        vertex 0.07815044 -35.7929 89.21375
        vertex 1.3147193 -43.8968 103.962135
    endloop
endfacet
facet normal 0.71275622 -0.56626493 -0.41391128
    outer loop
        vertex -6.3446965 -37.77663 78.746605
        vertex -7.4017677 -40.309322 80.39126
        vertex -10.91019 -37.56249 70.59185
    endloop
endfacet
facet normal 0.73345011 -0.55810106 -0.38803867
    outer loop
        vertex -6.3446965 -37.77663 78.746605
        vertex -4.4006953 -41.66031 88.0068
        vertex -7.4017677 -40.309322 80.39126
    endloop
endfacet
facet normal 0.5051825 -0.1999135 -0.83953875
    outer loop
        vertex -68.23586 -97.04225 57.566555
        vertex -65.54685 -95.70355 58.86586
        vertex -60.78436 -103.43587 63.572876
    endloop
endfacet
facet normal 0.49923745 -0.18023242 -0.84751296
    outer loop
        vertex -68.23586 -97.04225 57.566555
        vertex -73.06692 -87.55858 52.703964
        vertex -65.54685 -95.70355 58.86586
    endloop
endfacet
facet normal 0.51950163 -0.18750484 -0.8336426
    outer loop
        vertex -65.54685 -95.70355 58.86586
        vertex -62.86706 -95.9815 60.598343
        vertex -60.78436 -103.43587 63.572876
    endloop
endfacet
facet normal 0.42256603 -0.26545158 -0.86658722
    outer loop
        vertex -65.54685 -95.70355 58.86586
        vertex -73.06692 -87.55858 52.703964
        vertex -74.34653 -77.716484 49.065186
    endloop
endfacet
facet normal 0.59393907 -0.22368516 -0.77278805
    outer loop
        vertex -52.085182 -93.27676 67.42271
        vertex -52.31003 -96.58382 68.20713
        vertex -58.06628 -85.05051 60.44473
    endloop
endfacet
facet normal 0.60498899 -0.22247563 -0.76452136
    outer loop
        vertex -52.085182 -93.27676 67.42271
        vertex -46.30818 -103.48812 74.96573
        vertex -52.31003 -96.58382 68.20713
    endloop
endfacet
facet normal 0.74938852 -0.47255236 -0.46380085
    outer loop
        vertex -13.317754 -51.442036 83.690834
        vertex -11.37981 -51.102142 86.47577
        vertex -9.697866 -57.506554 95.718636
    endloop
endfacet
facet normal 0.66464341 -0.56498063 -0.48892328
    outer loop
        vertex -13.317754 -51.442036 83.690834
        vertex -19.019794 -45.467632 69.03568
        vertex -15.674722 -45.226334 73.304146
    endloop
endfacet
facet normal 0.67316443 -0.33580047 -0.65885335
    outer loop
        vertex -40.074135 -70.44012 67.28482
        vertex -33.523537 -78.883446 78.28105
        vertex -37.196003 -79.88951 75.04158
    endloop
endfacet
facet normal 0.64973181 -0.37246752 -0.66265875
    outer loop
        vertex -38.86886 -68.64535 67.28537
        vertex -35.093433 -71.63925 72.66996
        vertex -33.523537 -78.883446 78.28105
    endloop
endfacet
facet normal 0.39876288 -0.66265965 -0.63393247
    outer loop
        vertex -37.69834 -36.454567 40.846752
        vertex -40.553116 -40.34635 43.119156
        vertex -49.430706 -43.38351 40.70967
    endloop
endfacet
facet normal 0.50181842 -0.59462273 -0.62817359
    outer loop
        vertex -39.284504 -42.228672 45.898415
        vertex -37.69058 -44.54906 49.368183
        vertex -40.098362 -49.41624 52.05194
    endloop
endfacet
facet normal 0.40543982 -0.56100398 -0.72172922
    outer loop
        vertex -55.03885 -52.398487 44.97353
        vertex -50.498627 -51.30058 46.670643
        vertex -48.355835 -55.37659 51.042686
    endloop
endfacet
facet normal 0.37939748 -0.59380925 -0.70954072
    outer loop
        vertex -51.686005 -48.975662 44.183773
        vertex -56.24497 -49.994453 42.598675
        vertex -49.430706 -43.38351 40.70967
    endloop
endfacet
facet normal 0.51577723 -0.61280268 -0.59870422
    outer loop
        vertex -31.538565 -47.075283 57.024147
        vertex -34.69085 -45.50258 52.69875
        vertex -37.69834 -36.454567 40.846752
    endloop
endfacet
facet normal 0.54663241 -0.57599026 -0.60780615
    outer loop
        vertex -31.538565 -47.075283 57.024147
        vertex -31.167017 -52.15929 62.17618
        vertex -34.69085 -45.50258 52.69875
    endloop
endfacet
facet normal 0.4798356 -0.46032652 -0.74689841
    outer loop
        vertex -53.35866 -63.878403 53.480865
        vertex -53.7751 -59.269905 50.37303
        vertex -48.95282 -67.069084 58.277817
    endloop
endfacet
facet normal 0.43332514 -0.47784305 -0.76413047
    outer loop
        vertex -53.35866 -63.878403 53.480865
        vertex -57.73942 -61.702976 49.636227
        vertex -61.171234 -50.298313 40.55829
    endloop
endfacet
facet normal 0.50285327 -0.59801674 -0.624111
    outer loop
        vertex -34.69085 -45.50258 52.69875
        vertex -35.084347 -48.10665 54.8769
        vertex -37.69058 -44.54906 49.368183
    endloop
endfacet
facet normal 0.52723593 -0.59063393 -0.61087966
    outer loop
        vertex -34.69085 -45.50258 52.69875
        vertex -31.167017 -52.15929 62.17618
        vertex -35.084347 -48.10665 54.8769
    endloop
endfacet
facet normal 0.46056935 -0.4751305 -0.74975121
    outer loop
        vertex -53.7751 -59.269905 50.37303
        vertex -51.304367 -60.263714 52.520588
        vertex -48.95282 -67.069084 58.277817
    endloop
endfacet
facet normal 0.36713797 -0.53202963 -0.76299036
    outer loop
        vertex -53.7751 -59.269905 50.37303
        vertex -61.171234 -50.298313 40.55829
        vertex -55.03885 -52.398487 44.97353
    endloop
endfacet
facet normal 0.57234216 -0.16093972 -0.80406654
    outer loop
        vertex -62.86706 -95.9815 60.598343
        vertex -57.503174 -103.20366 65.86198
        vertex -60.78436 -103.43587 63.572876
    endloop
endfacet
facet normal 0.51827496 -0.21781754 -0.82701069
    outer loop
        vertex -62.86706 -95.9815 60.598343
        vertex -66.23539 -86.817444 56.07384
        vertex -57.503174 -103.20366 65.86198
    endloop
endfacet
facet normal 0.71663028 -0.56134778 -0.41391999
    outer loop
        vertex -7.4017677 -40.309322 80.39126
        vertex -5.8491836 -45.066833 89.5313
        vertex -10.91019 -37.56249 70.59185
    endloop
endfacet
facet normal 0.76989573 -0.50308406 -0.39264095
    outer loop
        vertex -7.4017677 -40.309322 80.39126
        vertex -4.4006953 -41.66031 88.0068
        vertex -5.8491836 -45.066833 89.5313
    endloop
endfacet
facet normal 0.55993235 -0.48336339 -0.67293066
    outer loop
        vertex -37.46433 -63.686752 65.34386
        vertex -45.492496 -50.899403 49.478672
        vertex -37.74193 -59.080494 61.804214
    endloop
endfacet
facet normal 0.60710937 -0.43287504 -0.66636127
    outer loop
        vertex -37.46433 -63.686752 65.34386
        vertex -35.093433 -71.63925 72.66996
        vertex -38.86886 -68.64535 67.28537
    endloop
endfacet
facet normal 0.75976336 -0.48130524 -0.43715549
    outer loop
        vertex -8.793789 -50.72243 90.55214
        vertex -11.37981 -51.102142 86.47577
        vertex -11.878303 -46.356735 80.38474
    endloop
endfacet
facet normal 0.82377106 -0.39418256 -0.40745717
    outer loop
        vertex -8.793789 -50.72243 90.55214
        vertex -3.3564274 -54.30455 105.01047
        vertex -2.464579 -60.01247 112.33551
    endloop
endfacet
facet normal 0.71342593 -0.52327138 -0.46605831
    outer loop
        vertex -11.37981 -51.102142 86.47577
        vertex -15.674722 -45.226334 73.304146
        vertex -11.878303 -46.356735 80.38474
    endloop
endfacet
facet normal 0.7979064 -0.40649238 -0.44509473
    outer loop
        vertex -13.317754 -51.442036 83.690834
        vertex -9.697866 -57.506554 95.718636
        vertex -11.611907 -61.368294 95.81422
    endloop
endfacet
facet normal 0.64812523 -0.16446185 -0.74356306
    outer loop
        vertex -43.420055 -111.78773 79.31887
        vertex -52.31003 -96.58382 68.20713
        vertex -46.30818 -103.48812 74.96573
    endloop
endfacet
facet normal 0.59594852 -0.19754268 -0.77834588
    outer loop
        vertex -52.399467 -101.28773 69.3325
        vertex -56.947754 -92.433044 63.602753
        vertex -52.31003 -96.58382 68.20713
    endloop
endfacet
facet normal 0.51473218 -0.3053253 -0.80114114
    outer loop
        vertex -52.085182 -93.27676 67.42271
        vertex -58.06628 -85.05051 60.44473
        vertex -57.552803 -79.90474 58.81352
    endloop
endfacet
facet normal 0.5577054 -0.25359058 -0.79035211
    outer loop
        vertex -52.31003 -96.58382 68.20713
        vertex -56.947754 -92.433044 63.602753
        vertex -58.06628 -85.05051 60.44473
    endloop
endfacet
facet normal 0.44913816 -0.34576374 -0.8238461
    outer loop
        vertex -58.06628 -85.05051 60.44473
        vertex -64.361885 -76.50598 53.42645
        vertex -62.311142 -74.92084 53.87918
    endloop
endfacet
facet normal 0.51050711 -0.27164385 -0.81583822
    outer loop
        vertex -58.06628 -85.05051 60.44473
        vertex -56.947754 -92.433044 63.602753
        vertex -65.46115 -78.65462 53.687828
    endloop
endfacet
facet normal 0.52161032 -0.67219025 -0.52543598
    outer loop
        vertex -25.200754 -35.81061 50.303116
        vertex -26.064514 -37.323105 51.380577
        vertex -26.626085 -33.662846 46.140526
    endloop
endfacet
facet normal 0.51555371 -0.672598 -0.53086382
    outer loop
        vertex -25.200754 -35.81061 50.303116
        vertex -23.4274 -40.83318 58.38886
        vertex -26.064514 -37.323105 51.380577
    endloop
endfacet
facet normal 0.62121826 -0.61376196 -0.48722094
    outer loop
        vertex -15.674722 -45.226334 73.304146
        vertex -17.944937 -38.93442 62.48352
        vertex -16.084877 -38.103523 63.80844
    endloop
endfacet
facet normal 0.66342056 -0.56735748 -0.48783067
    outer loop
        vertex -15.674722 -45.226334 73.304146
        vertex -19.019794 -45.467632 69.03568
        vertex -19.937723 -40.61994 62.149387
    endloop
endfacet
facet normal 0.37764755 -0.43373337 -0.81808174
    outer loop
        vertex -66.2249 -63.835503 46.611477
        vertex -64.400154 -63.9875 47.534412
        vertex -61.445564 -70.16254 52.17223
    endloop
endfacet
facet normal 0.29777181 -0.47493029 -0.82811427
    outer loop
        vertex -66.2249 -63.835503 46.611477
        vertex -72.92141 -57.196415 40.39599
        vertex -68.113266 -60.24379 43.872585
    endloop
endfacet
facet normal 0.59501988 -0.68053943 -0.42757156
    outer loop
        vertex -12.026173 -30.681606 58.386055
        vertex -13.899568 -32.48286 58.645935
        vertex -15.2848 -27.617178 48.9738
    endloop
endfacet
facet normal 0.64386904 -0.64870811 -0.40572217
    outer loop
        vertex -12.026173 -30.681606 58.386055
        vertex -7.089836 -31.605846 67.69764
        vertex -6.3446965 -37.77663 78.746605
    endloop
endfacet
facet normal 0.51409411 -0.71763903 -0.46978894
    outer loop
        vertex -19.760239 -27.761309 44.187103
        vertex -17.553495 -28.062527 47.062096
        vertex -18.545073 -33.55265 54.363594
    endloop
endfacet
facet normal 0.51683682 -0.73276436 -0.44264662
    outer loop
        vertex -15.2848 -27.617178 48.9738
        vertex -13.899568 -32.48286 58.645935
        vertex -17.553495 -28.062527 47.062096
    endloop
endfacet
facet normal 0.38580701 -0.3219642 -0.86457616
    outer loop
        vertex -74.34653 -77.716484 49.065186
        vertex -72.0416 -76.66267 49.701294
        vertex -66.23539 -86.817444 56.07384
    endloop
endfacet
facet normal 0.38314393 -0.31356829 -0.86883575
    outer loop
        vertex -74.34653 -77.716484 49.065186
        vertex -77.84367 -69.079575 44.40588
        vertex -72.0416 -76.66267 49.701294
    endloop
endfacet
facet normal 0.30954298 -0.37373915 -0.87435812
    outer loop
        vertex -77.84367 -69.079575 44.40588
        vertex -76.886894 -66.36192 43.58296
        vertex -72.0416 -76.66267 49.701294
    endloop
endfacet
facet normal 0.26168844 -0.42539895 -0.8663457
    outer loop
        vertex -76.76912 -63.044945 42.105534
        vertex -84.68123 -64.07782 40.22277
        vertex -72.92141 -57.196415 40.39599
    endloop
endfacet
facet normal 0.70485044 -0.35193381 -0.61589652
    outer loop
        vertex -29.658451 -77.14683 81.62747
        vertex -27.998938 -72.5565 80.90368
        vertex -24.744902 -83.61742 90.94809
    endloop
endfacet
facet normal 0.63300145 -0.41394132 -0.65418792
    outer loop
        vertex -34.363644 -65.17389 69.28512
        vertex -35.093433 -71.63925 72.66996
        vertex -37.46433 -63.686752 65.34386
    endloop
endfacet
facet normal 0.69826156 -0.33252048 -0.63392502
    outer loop
        vertex -29.658451 -77.14683 81.62747
        vertex -25.736738 -88.20738 91.748924
        vertex -33.523537 -78.883446 78.28105
    endloop
endfacet
facet normal 0.79745436 -0.22665608 -0.55919009
    outer loop
        vertex -24.744902 -83.61742 90.94809
        vertex -20.371893 -90.30859 99.896515
        vertex -21.4104 -91.91609 99.06708
    endloop
endfacet
facet normal 0.42740399 -0.58260614 -0.69130009
    outer loop
        vertex -45.492496 -50.899403 49.478672
        vertex -49.467773 -49.95201 46.22248
        vertex -49.430706 -43.38351 40.70967
    endloop
endfacet
facet normal 0.56170201 -0.49887908 -0.66000801
    outer loop
        vertex -34.363644 -65.17389 69.28512
        vertex -37.74193 -59.080494 61.804214
        vertex -36.07933 -56.240173 61.072266
    endloop
endfacet
facet normal 0.41580313 -0.55680907 -0.71907681
    outer loop
        vertex -49.467773 -49.95201 46.22248
        vertex -50.498627 -51.30058 46.670643
        vertex -51.686005 -48.975662 44.183773
    endloop
endfacet
facet normal 0.41373038 -0.55586416 -0.72100073
    outer loop
        vertex -49.467773 -49.95201 46.22248
        vertex -48.355835 -55.37659 51.042686
        vertex -50.498627 -51.30058 46.670643
    endloop
endfacet
facet normal 0.78916675 -0.21438433 -0.57554775
    outer loop
        vertex -25.736738 -88.20738 91.748924
        vertex -22.454758 -93.513466 98.22549
        vertex -23.506224 -95.098526 97.374176
    endloop
endfacet
facet normal 0.78979522 -0.21339287 -0.57505387
    outer loop
        vertex -25.736738 -88.20738 91.748924
        vertex -21.4104 -91.91609 99.06708
        vertex -22.454758 -93.513466 98.22549
    endloop
endfacet
facet normal 0.83216828 -0.42388892 -0.35751113
    outer loop
        vertex 1.3147193 -43.8968 103.962135
        vertex -0.02812356 -48.715176 106.54942
        vertex -4.4006953 -41.66031 88.0068
    endloop
endfacet
facet normal 0.87533885 -0.36624455 -0.31566873
    outer loop
        vertex 1.3147193 -43.8968 103.962135
        vertex 4.0972886 -47.534214 115.8983
        vertex 3.1736646 -49.3407 115.43304
    endloop
endfacet
facet normal 0.63757765 -0.05404807 -0.76848781
    outer loop
        vertex -56.232613 -118.98261 69.00543
        vertex -51.913452 -119.319374 72.61252
        vertex -49.651833 -128.15675 75.11041
    endloop
endfacet
facet normal 0.5457558 -0.13277797 -0.82735753
    outer loop
        vertex -56.232613 -118.98261 69.00543
        vertex -66.03116 -107.97314 60.775097
        vertex -68.23586 -97.04225 57.566555
    endloop
endfacet
facet normal 0.64707667 0.04255 -0.76123673
    outer loop
        vertex -61.157948 -128.2866 65.41426
        vertex -57.090843 -135.70949 68.45653
        vertex -58.35556 -136.9252 67.31352
    endloop
endfacet
facet normal 0.60158432 -0.01457584 -0.79867625
    outer loop
        vertex -61.157948 -128.2866 65.41426
        vertex -67.949394 -112.36029 60.008106
        vertex -61.534897 -120.02222 64.97951
    endloop
endfacet
facet normal 0.88916188 -0.37935871 -0.25588706
    outer loop
        vertex 7.1339335 -36.14106 109.4275
        vertex 8.646478 -38.382393 118.00615
        vertex 7.745831 -40.228672 117.613716
    endloop
endfacet
facet normal 0.88984752 -0.37792 -0.25563207
    outer loop
        vertex 7.1339335 -36.14106 109.4275
        vertex 9.54253 -36.528152 118.38402
        vertex 8.646478 -38.382393 118.00615
    endloop
endfacet
facet normal 0.58034593 -0.73888803 -0.34240758
    outer loop
        vertex -2.6297956 -20.973143 54.614098
        vertex -4.3652835 -22.836967 55.694607
        vertex -6.6682415 -20.104742 45.895405
    endloop
endfacet
facet normal 0.59344435 -0.73834252 -0.32042813
    outer loop
        vertex -2.6297956 -20.973143 54.614098
        vertex -0.79327446 -24.812393 66.861946
        vertex -4.3652835 -22.836967 55.694607
    endloop
endfacet
facet normal 0.30442429 -0.23769966 -0.92240155
    outer loop
        vertex -87.42153 -81.05339 45.192875
        vertex -84.785355 -80.74959 45.984615
        vertex -81.10309 -91.33894 49.92873
    endloop
endfacet
facet normal 0.23907143 -0.27947792 -0.92991227
    outer loop
        vertex -87.42153 -81.05339 45.192875
        vertex -91.55262 -76.61992 42.798367
        vertex -89.06489 -72.08061 42.073685
    endloop
endfacet
facet normal 0.41214547 -0.44755438 -0.79361904
    outer loop
        vertex -57.73942 -61.702976 49.636227
        vertex -58.9926 -64.32795 50.46575
        vertex -63.963203 -57.05996 43.78568
    endloop
endfacet
facet normal 0.43427417 -0.45331109 -0.77840549
    outer loop
        vertex -57.73942 -61.702976 49.636227
        vertex -52.928867 -70.70016 57.55963
        vertex -58.9926 -64.32795 50.46575
    endloop
endfacet
facet normal 0.53065443 -0.62021708 -0.57769948
    outer loop
        vertex -31.0313 -42.541626 52.802715
        vertex -28.57201 -42.005703 54.486366
        vertex -26.99106 -48.87447 63.312866
    endloop
endfacet
facet normal 0.44084281 -0.67630017 -0.59014875
    outer loop
        vertex -31.0313 -42.541626 52.802715
        vertex -37.69834 -36.454567 40.846752
        vertex -31.150293 -36.198635 45.44487
    endloop
endfacet
facet normal 0.68274963 -0.57003069 -0.45707548
    outer loop
        vertex -15.674722 -45.226334 73.304146
        vertex -16.084877 -38.103523 63.80844
        vertex -11.878303 -46.356735 80.38474
    endloop
endfacet
facet normal 0.61585546 -0.63498998 -0.46637955
    outer loop
        vertex -17.944937 -38.93442 62.48352
        vertex -18.545073 -33.55265 54.363594
        vertex -16.084877 -38.103523 63.80844
    endloop
endfacet
facet normal 0.43731248 -0.32570684 -0.83825582
    outer loop
        vertex -64.361885 -76.50598 53.42645
        vertex -65.46115 -78.65462 53.687828
        vertex -70.20061 -70.73533 48.13822
    endloop
endfacet
facet normal 0.5114035 -0.33979681 -0.78930634
    outer loop
        vertex -51.775078 -86.21302 65.27271
        vertex -57.552803 -79.90474 58.81352
        vertex -56.595535 -76.03677 57.768585
    endloop
endfacet
facet normal 0.71036559 -0.21840347 -0.66908956
    outer loop
        vertex -33.020535 -93.31217 85.10068
        vertex -33.938507 -98.98067 85.97638
        vertex -42.10692 -85.00856 72.7433
    endloop
endfacet
facet normal 0.76411152 -0.17912513 -0.61971587
    outer loop
        vertex -33.020535 -93.31217 85.10068
        vertex -27.783173 -101.315636 93.87171
        vertex -28.870178 -102.83913 92.97179
    endloop
endfacet
facet normal 0.78758734 -0.31954661 -0.52687395
    outer loop
        vertex -18.974058 -74.63054 93.92906
        vertex -15.480955 -73.4223 98.41787
        vertex -14.237358 -80.496414 104.56725
    endloop
endfacet
facet normal 0.70919138 -0.41511276 -0.56984985
    outer loop
        vertex -18.974058 -74.63054 93.92906
        vertex -26.404871 -67.95053 79.815125
        vertex -21.688162 -62.495117 81.71113
    endloop
endfacet
facet normal 0.6950413 -0.49571526 -0.52075326
    outer loop
        vertex -17.04112 -58.193058 84.53105
        vertex -20.952513 -51.553833 72.99057
        vertex -17.564829 -51.68673 77.638565
    endloop
endfacet
facet normal 0.61980361 -0.55910653 -0.55067545
    outer loop
        vertex -21.878315 -46.042534 66.11898
        vertex -24.964102 -48.081894 64.71641
        vertex -28.57201 -42.005703 54.486366
    endloop
endfacet
facet normal 0.46482977 -0.37868693 -0.80033094
    outer loop
        vertex -64.400154 -63.9875 47.534412
        vertex -56.595535 -76.03677 57.768585
        vertex -61.445564 -70.16254 52.17223
    endloop
endfacet
facet normal 0.60217214 -0.25654736 -0.75602382
    outer loop
        vertex -52.085182 -93.27676 67.42271
        vertex -51.775078 -86.21302 65.27271
        vertex -43.197456 -101.6991 77.35979
    endloop
endfacet
facet normal 0.85958362 -0.34703392 -0.37507772
    outer loop
        vertex -3.3564274 -54.30455 105.01047
        vertex -1.5133836 -58.25374 112.888176
        vertex -2.464579 -60.01247 112.33551
    endloop
endfacet
facet normal 0.84249842 -0.39193252 -0.36957452
    outer loop
        vertex -3.3564274 -54.30455 105.01047
        vertex -5.8491836 -45.066833 89.5313
        vertex 0.3752216 -54.7124 113.94982
    endloop
endfacet
facet normal 0.69691163 -0.06430556 -0.71426803
    outer loop
        vertex -47.82403 -115.04829 75.73046
        vertex -43.648132 -121.524216 80.38792
        vertex -44.834656 -122.87535 79.35187
    endloop
endfacet
facet normal 0.69659519 -0.06470561 -0.71454054
    outer loop
        vertex -47.82403 -115.04829 75.73046
        vertex -42.468716 -120.160774 81.414246
        vertex -43.648132 -121.524216 80.38792
    endloop
endfacet
facet normal 0.45666921 -0.49622816 -0.73838389
    outer loop
        vertex -55.03885 -52.398487 44.97353
        vertex -53.55309 -55.412277 47.917835
        vertex -53.7751 -59.269905 50.37303
    endloop
endfacet
facet normal 0.44825095 -0.50176251 -0.73980099
    outer loop
        vertex -55.03885 -52.398487 44.97353
        vertex -48.355835 -55.37659 51.042686
        vertex -53.55309 -55.412277 47.917835
    endloop
endfacet
facet normal 0.43569607 -0.61333644 -0.65877724
    outer loop
        vertex -42.347466 -45.885277 47.277042
        vertex -39.284504 -42.228672 45.898415
        vertex -40.098362 -49.41624 52.05194
    endloop
endfacet
facet normal 0.39617652 -0.62276363 -0.67469227
    outer loop
        vertex -40.553116 -40.34635 43.119156
        vertex -43.653397 -43.89166 44.57112
        vertex -49.430706 -43.38351 40.70967
    endloop
endfacet
facet normal 0.69020635 -0.60153139 -0.40221265
    outer loop
        vertex -12.026173 -30.681606 58.386055
        vertex -6.3446965 -37.77663 78.746605
        vertex -10.91019 -37.56249 70.59185
    endloop
endfacet
facet normal 0.78116137 -0.49967375 -0.37431681
    outer loop
        vertex -4.4006953 -41.66031 88.0068
        vertex -0.02812356 -48.715176 106.54942
        vertex -5.8491836 -45.066833 89.5313
    endloop
endfacet
facet normal 0.57319462 -0.13942105 -0.80747128
    outer loop
        vertex -60.78436 -103.43587 63.572876
        vertex -57.503174 -103.20366 65.86198
        vertex -51.913452 -119.319374 72.61252
    endloop
endfacet
facet normal 0.47567108 -0.22991295 -0.8490448
    outer loop
        vertex -66.23539 -86.817444 56.07384
        vertex -65.54685 -95.70355 58.86586
        vertex -74.34653 -77.716484 49.065186
    endloop
endfacet
facet normal 0.26767597 -0.35389182 -0.89616412
    outer loop
        vertex -89.06489 -72.08061 42.073685
        vertex -84.68123 -64.07782 40.22277
        vertex -83.610504 -69.95409 42.863102
    endloop
endfacet
facet normal 0.20424519 -0.32541126 -0.92325044
    outer loop
        vertex -89.06489 -72.08061 42.073685
        vertex -96.45068 -70.94251 40.03863
        vertex -84.68123 -64.07782 40.22277
    endloop
endfacet
facet normal 0.30517575 -0.26234266 -0.91544747
    outer loop
        vertex -89.06489 -72.08061 42.073685
        vertex -84.785355 -80.74959 45.984615
        vertex -87.42153 -81.05339 45.192875
    endloop
endfacet
facet normal 0.36783996 -0.25568557 -0.89404631
    outer loop
        vertex -82.852516 -75.085175 44.917965
        vertex -78.9929 -80.597946 48.08252
        vertex -79.69922 -84.57463 48.929195
    endloop
endfacet
facet normal 0.48685038 -0.57686311 -0.65590078
    outer loop
        vertex -42.347466 -45.885277 47.277042
        vertex -40.098362 -49.41624 52.05194
        vertex -41.793236 -49.812016 51.141983
    endloop
endfacet
facet normal 0.50688308 -0.59479058 -0.62393415
    outer loop
        vertex -37.69058 -44.54906 49.368183
        vertex -35.084347 -48.10665 54.8769
        vertex -40.098362 -49.41624 52.05194
    endloop
endfacet
facet normal 0.48126224 -0.80526066 -0.34632632
    outer loop
        vertex -6.6682415 -20.104742 45.895405
        vertex -14.253662 -22.561935 41.06789
        vertex -2.54135 -15.598249 41.151947
    endloop
endfacet
facet normal 0.51549798 -0.77073455 -0.3744728
    outer loop
        vertex -6.6682415 -20.104742 45.895405
        vertex -8.722815 -24.301712 51.70523
        vertex -11.305999 -23.645704 46.79904
    endloop
endfacet
facet normal 0.54439837 -0.75947881 -0.35612145
    outer loop
        vertex -8.722815 -24.301712 51.70523
        vertex -6.6682415 -20.104742 45.895405
        vertex -5.1721287 -26.423882 61.658943
    endloop
endfacet
facet normal 0.52212673 -0.7971893 -0.30310535
    outer loop
        vertex -2.5274224 -18.428667 48.620144
        vertex -6.6682415 -20.104742 45.895405
        vertex -2.54135 -15.598249 41.151947
    endloop
endfacet
facet normal 0.44802499 -0.50253057 -0.73941636
    outer loop
        vertex -53.55309 -55.412277 47.917835
        vertex -48.355835 -55.37659 51.042686
        vertex -46.72583 -66.013115 59.25925
    endloop
endfacet
facet normal 0.34448668 -0.56854331 -0.74705243
    outer loop
        vertex -49.430706 -43.38351 40.70967
        vertex -56.24497 -49.994453 42.598675
        vertex -61.171234 -50.298313 40.55829
    endloop
endfacet
facet normal 0.74519449 -0.45573139 -0.48682037
    outer loop
        vertex -17.564829 -51.68673 77.638565
        vertex -11.611907 -61.368294 95.81422
        vertex -17.04112 -58.193058 84.53105
    endloop
endfacet
facet normal 0.84714848 -0.32764253 -0.41831797
    outer loop
        vertex -9.697866 -57.506554 95.718636
        vertex -5.3457375 -65.240906 110.5901
        vertex -6.3153143 -66.967804 109.97916
    endloop
endfacet
facet normal 0.83757401 -0.31114146 -0.44906643
    outer loop
        vertex -10.230979 -67.07293 102.7492
        vertex -7.289486 -68.68673 109.35365
        vertex -8.268254 -70.39771 108.713585
    endloop
endfacet
facet normal 0.74460554 -0.48464969 -0.45899612
    outer loop
        vertex -11.37981 -51.102142 86.47577
        vertex -13.317754 -51.442036 83.690834
        vertex -15.674722 -45.226334 73.304146
    endloop
endfacet
facet normal 0.66257411 -0.17872518 -0.72736013
    outer loop
        vertex -46.30818 -103.48812 74.96573
        vertex -43.197456 -101.6991 77.35979
        vertex -37.82214 -114.58388 85.42234
    endloop
endfacet
facet normal 0.61945701 -0.19377731 -0.76073873
    outer loop
        vertex -52.31003 -96.58382 68.20713
        vertex -43.420055 -111.78773 79.31887
        vertex -52.399467 -101.28773 69.3325
    endloop
endfacet
facet normal 0.72703582 -0.11974286 -0.67607719
    outer loop
        vertex -43.197456 -101.6991 77.35979
        vertex -36.678265 -113.15888 86.40005
        vertex -37.82214 -114.58388 85.42234
    endloop
endfacet
facet normal 0.70423967 -0.14726144 -0.69452178
    outer loop
        vertex -43.197456 -101.6991 77.35979
        vertex -38.410683 -106.67723 83.269066
        vertex -36.678265 -113.15888 86.40005
    endloop
endfacet
facet normal 0.4427501 -0.72600645 -0.52620059
    outer loop
        vertex -26.626085 -33.662846 46.140526
        vertex -25.972658 -29.51404 40.96616
        vertex -25.200754 -35.81061 50.303116
    endloop
endfacet
facet normal 0.42448521 -0.70742458 -0.56512189
    outer loop
        vertex -31.150293 -36.198635 45.44487
        vertex -37.69834 -36.454567 40.846752
        vertex -25.972658 -29.51404 40.96616
    endloop
endfacet
facet normal 0.52378452 -0.64099193 -0.56105191
    outer loop
        vertex -31.150293 -36.198635 45.44487
        vertex -28.57201 -42.005703 54.486366
        vertex -31.0313 -42.541626 52.802715
    endloop
endfacet
facet normal 0.59582788 -0.60558081 -0.52750438
    outer loop
        vertex -26.064514 -37.323105 51.380577
        vertex -23.4274 -40.83318 58.38886
        vertex -21.878315 -46.042534 66.11898
    endloop
endfacet
facet normal 0.3110182 -0.5109309 -0.80138463
    outer loop
        vertex -63.963203 -57.05996 43.78568
        vertex -72.92141 -57.196415 40.39599
        vertex -61.171234 -50.298313 40.55829
    endloop
endfacet
facet normal 0.37972072 -0.42639905 -0.8209725
    outer loop
        vertex -68.113266 -60.24379 43.872585
        vertex -64.400154 -63.9875 47.534412
        vertex -66.2249 -63.835503 46.611477
    endloop
endfacet
facet normal 0.41190824 -0.42002809 -0.80864573
    outer loop
        vertex -64.400154 -63.9875 47.534412
        vertex -58.9926 -64.32795 50.46575
        vertex -56.595535 -76.03677 57.768585
    endloop
endfacet
facet normal 0.34891751 -0.51711988 -0.78156495
    outer loop
        vertex -57.73942 -61.702976 49.636227
        vertex -63.963203 -57.05996 43.78568
        vertex -61.171234 -50.298313 40.55829
    endloop
endfacet
facet normal 0.72980678 -0.4154917 -0.54290754
    outer loop
        vertex -21.688162 -62.495117 81.71113
        vertex -18.693064 -61.424747 84.918144
        vertex -15.480955 -73.4223 98.41787
    endloop
endfacet
facet normal 0.59469098 -0.55462515 -0.58200818
    outer loop
        vertex -21.688162 -62.495117 81.71113
        vertex -31.167017 -52.15929 62.17618
        vertex -26.99106 -48.87447 63.312866
    endloop
endfacet
facet normal 0.82332331 -0.28295776 -0.49200988
    outer loop
        vertex -15.480955 -73.4223 98.41787
        vertex -13.231019 -78.8332 105.29472
        vertex -14.237358 -80.496414 104.56725
    endloop
endfacet
facet normal 0.79865944 -0.34274608 -0.49463943
    outer loop
        vertex -15.480955 -73.4223 98.41787
        vertex -18.693064 -61.424747 84.918144
        vertex -11.232127 -75.48288 106.70597
    endloop
endfacet
facet normal 0.55576074 -0.3467592 -0.75557142
    outer loop
        vertex -47.223545 -77.51345 65.08056
        vertex -43.22904 -89.32302 73.43856
        vertex -54.099766 -72.97547 57.94011
    endloop
endfacet
facet normal 0.65332961 -0.28307095 -0.70216179
    outer loop
        vertex -42.10692 -85.00856 72.7433
        vertex -33.938507 -98.98067 85.97638
        vertex -43.22904 -89.32302 73.43856
    endloop
endfacet
facet normal 0.75379944 -0.16343029 -0.63645643
    outer loop
        vertex -33.938507 -98.98067 85.97638
        vertex -29.964294 -104.35031 92.06214
        vertex -31.06552 -105.84919 91.14277
    endloop
endfacet
facet normal 0.75407791 -0.16298111 -0.63624191
    outer loop
        vertex -33.938507 -98.98067 85.97638
        vertex -28.870178 -102.83913 92.97179
        vertex -29.964294 -104.35031 92.06214
    endloop
endfacet
facet normal 0.68146122 -0.03226198 -0.73114282
    outer loop
        vertex -51.913452 -119.319374 72.61252
        vertex -48.43688 -126.854866 76.18536
        vertex -49.651833 -128.15675 75.11041
    endloop
endfacet
facet normal 0.65383822 -0.0880043 -0.75149912
    outer loop
        vertex -51.913452 -119.319374 72.61252
        vertex -57.503174 -103.20366 65.86198
        vertex -46.028286 -124.214165 78.30608
    endloop
endfacet
facet normal 0.86947739 -0.35938805 -0.33889416
    outer loop
        vertex -0.02812356 -48.715176 106.54942
        vertex 2.2454457 -51.139225 114.9532
        vertex 1.3126312 -52.929794 114.45879
    endloop
endfacet
facet normal 0.8698706 -0.35856032 -0.33876178
    outer loop
        vertex -0.02812356 -48.715176 106.54942
        vertex 3.1736646 -49.3407 115.43304
        vertex 2.2454457 -51.139225 114.9532
    endloop
endfacet
facet normal 0.61903608 -0.46377701 -0.63380218
    outer loop
        vertex -34.363644 -65.17389 69.28512
        vertex -36.07933 -56.240173 61.072266
        vertex -27.998938 -72.5565 80.90368
    endloop
endfacet
facet normal 0.56913483 -0.50113559 -0.65188086
    outer loop
        vertex -37.74193 -59.080494 61.804214
        vertex -41.793236 -49.812016 51.141983
        vertex -36.07933 -56.240173 61.072266
    endloop
endfacet
facet normal 0.48654157 -0.57866341 -0.65454257
    outer loop
        vertex -41.793236 -49.812016 51.141983
        vertex -40.098362 -49.41624 52.05194
        vertex -36.07933 -56.240173 61.072266
    endloop
endfacet
facet normal 0.39565411 -0.62379432 -0.67404634
    outer loop
        vertex -41.793236 -49.812016 51.141983
        vertex -49.430706 -43.38351 40.70967
        vertex -43.653397 -43.89166 44.57112
    endloop
endfacet
facet normal 0.49189541 -0.76753366 -0.4110122
    outer loop
        vertex -15.867911 -25.511028 44.643177
        vertex -19.760239 -27.761309 44.187103
        vertex -14.253662 -22.561935 41.06789
    endloop
endfacet
facet normal 0.50775379 -0.72128117 -0.47110456
    outer loop
        vertex -19.760239 -27.761309 44.187103
        vertex -18.545073 -33.55265 54.363594
        vertex -21.724407 -32.45118 49.250526
    endloop
endfacet
facet normal 0.32165137 -0.39889926 -0.85873151
    outer loop
        vertex -70.20061 -70.73533 48.13822
        vertex -76.76912 -63.044945 42.105534
        vertex -70.79373 -65.302704 45.392487
    endloop
endfacet
facet normal 0.2977455 -0.44305792 -0.84560466
    outer loop
        vertex -70.79373 -65.302704 45.392487
        vertex -76.76912 -63.044945 42.105534
        vertex -72.92141 -57.196415 40.39599
    endloop
endfacet
facet normal 0.67370933 -0.32973668 -0.66135424
    outer loop
        vertex -37.196003 -79.88951 75.04158
        vertex -33.523537 -78.883446 78.28105
        vertex -30.7412 -87.150894 85.237335
    endloop
endfacet
facet normal 0.49239272 -0.46799633 -0.73384523
    outer loop
        vertex -53.55309 -55.412277 47.917835
        vertex -46.72583 -66.013115 59.25925
        vertex -51.304367 -60.263714 52.520588
    endloop
endfacet
facet normal 0.76450211 -0.17852972 -0.61940587
    outer loop
        vertex -33.020535 -93.31217 85.10068
        vertex -26.703272 -99.77982 94.76192
        vertex -27.783173 -101.315636 93.87171
    endloop
endfacet
facet normal 0.71908349 -0.2636095 -0.64298451
    outer loop
        vertex -29.42258 -93.17748 89.182785
        vertex -37.196003 -79.88951 75.04158
        vertex -30.7412 -87.150894 85.237335
    endloop
endfacet
facet normal 0.70014924 -0.38449773 -0.60162491
    outer loop
        vertex -26.404871 -67.95053 79.815125
        vertex -27.998938 -72.5565 80.90368
        vertex -36.07933 -56.240173 61.072266
    endloop
endfacet
facet normal 0.75828493 -0.33153912 -0.56132507
    outer loop
        vertex -26.404871 -67.95053 79.815125
        vertex -19.727982 -79.69124 95.76932
        vertex -23.202196 -77.4164 89.73245
    endloop
endfacet
facet normal 0.8098222 -0.25549984 -0.52811724
    outer loop
        vertex -19.727982 -79.69124 95.76932
        vertex -16.263823 -83.79897 103.0686
        vertex -17.283949 -85.43832 102.29743
    endloop
endfacet
facet normal 0.77699363 -0.31412855 -0.54553097
    outer loop
        vertex -19.727982 -79.69124 95.76932
        vertex -18.974058 -74.63054 93.92906
        vertex -16.263823 -83.79897 103.0686
    endloop
endfacet
facet normal 0.79055703 -0.5256502 -0.31418365
    outer loop
        vertex 0.07815044 -35.7929 89.21375
        vertex 0.37338096 -33.183815 85.591446
        vertex 3.7680109 -37.922607 102.06142
    endloop
endfacet
facet normal 0.66651481 -0.67033583 -0.32620236
    outer loop
        vertex -0.79327446 -24.812393 66.861946
        vertex 0.09187713 -29.363789 78.02351
        vertex -2.3750296 -26.497566 67.092995
    endloop
endfacet
facet normal 0.87582493 -0.36524576 -0.3154777
    outer loop
        vertex 1.3147193 -43.8968 103.962135
        vertex 5.016317 -45.719765 116.34901
        vertex 4.0972886 -47.534214 115.8983
    endloop
endfacet
facet normal 0.8320058 -0.45687866 -0.31468776
    outer loop
        vertex 3.9057617 -41.90387 108.2058
        vertex 0.07815044 -35.7929 89.21375
        vertex 3.7680109 -37.922607 102.06142
    endloop
endfacet
facet normal 0.47116211 -0.14905997 -0.86936027
    outer loop
        vertex -71.09394 -98.51551 56.233658
        vertex -69.151024 -105.68981 58.51675
        vertex -74.30695 -100.09193 54.76261
    endloop
endfacet
facet normal 0.59980333 -0.05472603 -0.7982738
    outer loop
        vertex -66.03116 -107.97314 60.775097
        vertex -56.91367 -124.28374 68.743935
        vertex -61.534897 -120.02222 64.97951
    endloop
endfacet
facet normal 0.66199994 0.00718597 -0.7494694
    outer loop
        vertex -56.91367 -124.28374 68.743935
        vertex -52.10307 -130.72359 72.93135
        vertex -53.33935 -131.98853 71.827225
    endloop
endfacet
facet normal 0.62370801 -0.04162687 -0.78054827
    outer loop
        vertex -56.91367 -124.28374 68.743935
        vertex -56.232613 -118.98261 69.00543
        vertex -52.10307 -130.72359 72.93135
    endloop
endfacet
facet normal 0.53669941 -0.47972116 -0.69413352
    outer loop
        vertex -46.37309 -54.544792 51.738144
        vertex -38.86886 -68.64535 67.28537
        vertex -44.06917 -62.93854 59.320503
    endloop
endfacet
facet normal 0.75807947 -0.30191997 -0.57806563
    outer loop
        vertex -24.744902 -83.61742 90.94809
        vertex -27.998938 -72.5565 80.90368
        vertex -23.202196 -77.4164 89.73245
    endloop
endfacet
facet normal 0.31242549 -0.30201977 -0.90065211
    outer loop
        vertex -78.9929 -80.597946 48.08252
        vertex -82.19606 -73.21811 44.496666
        vertex -80.03074 -73.6647 45.39755
    endloop
endfacet
facet normal 0.40608415 -0.34885985 -0.84462565
    outer loop
        vertex -70.20061 -70.73533 48.13822
        vertex -65.46115 -78.65462 53.687828
        vertex -72.0416 -76.66267 49.701294
    endloop
endfacet
facet normal 0.58573353 -0.65992492 -0.47054797
    outer loop
        vertex -18.545073 -33.55265 54.363594
        vertex -13.899568 -32.48286 58.645935
        vertex -16.084877 -38.103523 63.80844
    endloop
endfacet
facet normal 0.50413865 -0.76347816 -0.40366495
    outer loop
        vertex -11.305999 -23.645704 46.79904
        vertex -11.219781 -26.284756 51.898132
        vertex -14.253662 -22.561935 41.06789
    endloop
endfacet
facet normal 0.40764979 -0.21355034 -0.88781637
    outer loop
        vertex -71.09394 -98.51551 56.233658
        vertex -79.69922 -84.57463 48.929195
        vertex -74.840614 -89.3056 52.298035
    endloop
endfacet
facet normal 0.27618667 -0.29489124 -0.91474587
    outer loop
        vertex -82.852516 -75.085175 44.917965
        vertex -79.69922 -84.57463 48.929195
        vertex -89.06489 -72.08061 42.073685
    endloop
endfacet
facet normal 0.39265844 -0.19797508 -0.8981232
    outer loop
        vertex -84.785355 -80.74959 45.984615
        vertex -79.08265 -90.413605 50.60809
        vertex -81.10309 -91.33894 49.92873
    endloop
endfacet
facet normal 0.4865846 -0.16837887 -0.85725373
    outer loop
        vertex -71.09394 -98.51551 56.233658
        vertex -74.840614 -89.3056 52.298035
        vertex -68.23586 -97.04225 57.566555
    endloop
endfacet
facet normal 0.589858 -0.70599943 -0.39195958
    outer loop
        vertex -11.219781 -26.284756 51.898132
        vertex -7.785432 -27.097584 58.530537
        vertex -7.089836 -31.605846 67.69764
    endloop
endfacet
facet normal 0.66684878 -0.65673357 -0.35215586
    outer loop
        vertex -5.1721287 -26.423882 61.658943
        vertex -2.3750296 -26.497566 67.092995
        vertex -2.272001 -32.41096 78.31595
    endloop
endfacet
facet normal 0.66467208 -0.65875137 -0.35250217
    outer loop
        vertex -5.217427 -30.02981 68.31224
        vertex -5.1721287 -26.423882 61.658943
        vertex -2.272001 -32.41096 78.31595
    endloop
endfacet
facet normal 0.61710995 -0.70840394 -0.34254804
    outer loop
        vertex -4.3652835 -22.836967 55.694607
        vertex -5.1721287 -26.423882 61.658943
        vertex -6.6682415 -20.104742 45.895405
    endloop
endfacet
facet normal 0.54254961 -0.64637536 -0.53650618
    outer loop
        vertex -28.57201 -42.005703 54.486366
        vertex -26.064514 -37.323105 51.380577
        vertex -21.878315 -46.042534 66.11898
    endloop
endfacet
facet normal 0.51334089 -0.64804298 -0.5626024
    outer loop
        vertex -26.064514 -37.323105 51.380577
        vertex -28.57201 -42.005703 54.486366
        vertex -31.150293 -36.198635 45.44487
    endloop
endfacet
facet normal 0.60638809 -0.57124144 -0.55315167
    outer loop
        vertex -28.57201 -42.005703 54.486366
        vertex -24.964102 -48.081894 64.71641
        vertex -26.99106 -48.87447 63.312866
    endloop
endfacet
facet normal 0.62098432 -0.56849545 -0.53962141
    outer loop
        vertex -24.964102 -48.081894 64.71641
        vertex -21.878315 -46.042534 66.11898
        vertex -20.952513 -51.553833 72.99057
    endloop
endfacet
facet normal 0.45052621 -0.37293538 -0.81113821
    outer loop
        vertex -62.311142 -74.92084 53.87918
        vertex -61.445564 -70.16254 52.17223
        vertex -57.552803 -79.90474 58.81352
    endloop
endfacet
facet normal 0.51391345 -0.37576702 -0.77116281
    outer loop
        vertex -58.9926 -64.32795 50.46575
        vertex -54.099766 -72.97547 57.94011
        vertex -56.595535 -76.03677 57.768585
    endloop
endfacet
facet normal 0.50541025 -0.3683216 -0.78032029
    outer loop
        vertex -56.595535 -76.03677 57.768585
        vertex -54.099766 -72.97547 57.94011
        vertex -51.574528 -80.825645 63.281082
    endloop
endfacet
facet normal 0.40199232 -0.45525742 -0.79444504
    outer loop
        vertex -58.9926 -64.32795 50.46575
        vertex -64.400154 -63.9875 47.534412
        vertex -63.963203 -57.05996 43.78568
    endloop
endfacet
facet normal 0.44555241 -0.49879795 -0.74342698
    outer loop
        vertex -53.55309 -55.412277 47.917835
        vertex -51.304367 -60.263714 52.520588
        vertex -53.7751 -59.269905 50.37303
    endloop
endfacet
facet normal 0.54625195 -0.45803061 -0.70129651
    outer loop
        vertex -48.355835 -55.37659 51.042686
        vertex -44.06917 -62.93854 59.320503
        vertex -46.72583 -66.013115 59.25925
    endloop
endfacet
facet normal 0.51302087 -0.55896294 -0.65143692
    outer loop
        vertex -40.098362 -49.41624 52.05194
        vertex -35.084347 -48.10665 54.8769
        vertex -36.07933 -56.240173 61.072266
    endloop
endfacet
facet normal 0.43918067 -0.65686297 -0.61290401
    outer loop
        vertex -34.69085 -45.50258 52.69875
        vertex -39.284504 -42.228672 45.898415
        vertex -37.69834 -36.454567 40.846752
    endloop
endfacet
facet normal 0.58275598 -0.53633231 -0.61052698
    outer loop
        vertex -35.084347 -48.10665 54.8769
        vertex -31.167017 -52.15929 62.17618
        vertex -36.07933 -56.240173 61.072266
    endloop
endfacet
facet normal 0.51261663 -0.61513186 -0.59903002
    outer loop
        vertex -31.538565 -47.075283 57.024147
        vertex -37.69834 -36.454567 40.846752
        vertex -31.0313 -42.541626 52.802715
    endloop
endfacet
facet normal 0.48581788 -0.45299271 -0.74751496
    outer loop
        vertex -53.35866 -63.878403 53.480865
        vertex -48.95282 -67.069084 58.277817
        vertex -45.142174 -74.312645 65.14398
    endloop
endfacet
facet normal 0.54472089 -0.45666611 -0.70337421
    outer loop
        vertex -46.72583 -66.013115 59.25925
        vertex -44.06917 -62.93854 59.320503
        vertex -40.074135 -70.44012 67.28482
    endloop
endfacet
facet normal 0.47139838 -0.55379444 -0.68636376
    outer loop
        vertex -49.430706 -43.38351 40.70967
        vertex -41.793236 -49.812016 51.141983
        vertex -45.492496 -50.899403 49.478672
    endloop
endfacet
facet normal 0.6458891 -0.32279924 -0.69182938
    outer loop
        vertex -33.020535 -93.31217 85.10068
        vertex -42.10692 -85.00856 72.7433
        vertex -41.47641 -76.49075 69.357635
    endloop
endfacet
facet normal 0.57681477 -0.52505404 -0.62578189
    outer loop
        vertex -36.07933 -56.240173 61.072266
        vertex -31.167017 -52.15929 62.17618
        vertex -26.404871 -67.95053 79.815125
    endloop
endfacet
facet normal 0.50986314 -0.58830482 -0.62764406
    outer loop
        vertex -34.69085 -45.50258 52.69875
        vertex -37.69058 -44.54906 49.368183
        vertex -39.284504 -42.228672 45.898415
    endloop
endfacet
facet normal 0.6175161 -0.72563922 -0.30351534
    outer loop
        vertex -1.7356104 -20.138136 54.29715
        vertex 0.47962 -20.830725 60.45997
        vertex 0.83134085 -23.271261 67.01035
    endloop
endfacet
facet normal 0.66491914 -0.66951156 -0.33111447
    outer loop
        vertex -0.79327446 -24.812393 66.861946
        vertex -2.3750296 -26.497566 67.092995
        vertex -4.3652835 -22.836967 55.694607
    endloop
endfacet
facet normal 0.7305283 -0.59830642 -0.32917744
    outer loop
        vertex -2.272001 -32.41096 78.31595
        vertex 0.09187713 -29.363789 78.02351
        vertex 0.37338096 -33.183815 85.591446
    endloop
endfacet
facet normal 0.23911923 -0.24980697 -0.93830615
    outer loop
        vertex -91.55262 -76.61992 42.798367
        vertex -86.92691 -87.43818 46.857353
        vertex -96.45068 -70.94251 40.03863
    endloop
endfacet
facet normal 0.46904624 -0.14268392 -0.87157154
    outer loop
        vertex -74.30695 -100.09193 54.76261
        vertex -79.08265 -90.413605 50.60809
        vertex -71.09394 -98.51551 56.233658
    endloop
endfacet
facet normal 0.31952795 -0.20951615 -0.92412382
    outer loop
        vertex -88.60787 -81.38236 44.90317
        vertex -82.906685 -92.570076 49.410896
        vertex -86.92691 -87.43818 46.857353
    endloop
endfacet
facet normal 0.46344671 -0.43304446 -0.77310389
    outer loop
        vertex -53.35866 -63.878403 53.480865
        vertex -52.928867 -70.70016 57.55963
        vertex -57.73942 -61.702976 49.636227
    endloop
endfacet
facet normal 0.73263615 -0.23730016 -0.63791293
    outer loop
        vertex -26.703272 -99.77982 94.76192
        vertex -33.020535 -93.31217 85.10068
        vertex -29.42258 -93.17748 89.182785
    endloop
endfacet
facet normal 0.4999544 -0.38685155 -0.7748493
    outer loop
        vertex -52.928867 -70.70016 57.55963
        vertex -54.099766 -72.97547 57.94011
        vertex -58.9926 -64.32795 50.46575
    endloop
endfacet
facet normal 0.52306253 -0.39542609 -0.75501251
    outer loop
        vertex -52.928867 -70.70016 57.55963
        vertex -47.223545 -77.51345 65.08056
        vertex -54.099766 -72.97547 57.94011
    endloop
endfacet
facet normal 0.72565025 -0.43623033 -0.53210402
    outer loop
        vertex -21.688162 -62.495117 81.71113
        vertex -26.99106 -48.87447 63.312866
        vertex -18.693064 -61.424747 84.918144
    endloop
endfacet
facet normal 0.55856496 -0.59785599 -0.57495511
    outer loop
        vertex -26.99106 -48.87447 63.312866
        vertex -31.538565 -47.075283 57.024147
        vertex -31.0313 -42.541626 52.802715
    endloop
endfacet
facet normal 0.60793906 -0.56257397 -0.56028616
    outer loop
        vertex -26.99106 -48.87447 63.312866
        vertex -24.964102 -48.081894 64.71641
        vertex -18.693064 -61.424747 84.918144
    endloop
endfacet
facet normal 0.59326905 -0.55119377 -0.58670038
    outer loop
        vertex -26.99106 -48.87447 63.312866
        vertex -31.167017 -52.15929 62.17618
        vertex -31.538565 -47.075283 57.024147
    endloop
endfacet
facet normal 0.5332709 -0.67438859 -0.51070744
    outer loop
        vertex -19.937723 -40.61994 62.149387
        vertex -25.200754 -35.81061 50.303116
        vertex -21.277046 -36.326664 55.081623
    endloop
endfacet
facet normal 0.63303965 -0.64259785 -0.4316583
    outer loop
        vertex -13.899568 -32.48286 58.645935
        vertex -10.91019 -37.56249 70.59185
        vertex -16.084877 -38.103523 63.80844
    endloop
endfacet
facet normal 0.42988601 -0.2906417 -0.85482478
    outer loop
        vertex -72.0416 -76.66267 49.701294
        vertex -65.46115 -78.65462 53.687828
        vertex -66.23539 -86.817444 56.07384
    endloop
endfacet
facet normal 0.36601579 -0.3419241 -0.86551732
    outer loop
        vertex -70.20061 -70.73533 48.13822
        vertex -72.0416 -76.66267 49.701294
        vertex -76.886894 -66.36192 43.58296
    endloop
endfacet
facet normal 0.60940915 -0.68945587 -0.39149851
    outer loop
        vertex -11.219781 -26.284756 51.898132
        vertex -7.089836 -31.605846 67.69764
        vertex -12.026173 -30.681606 58.386055
    endloop
endfacet
facet normal 0.7326647 -0.59932393 -0.32251087
    outer loop
        vertex -2.272001 -32.41096 78.31595
        vertex -2.3750296 -26.497566 67.092995
        vertex 0.09187713 -29.363789 78.02351
    endloop
endfacet
facet normal 0.40993699 -0.21180578 -0.88718098
    outer loop
        vertex -71.09394 -98.51551 56.233658
        vertex -79.08265 -90.413605 50.60809
        vertex -79.69922 -84.57463 48.929195
    endloop
endfacet
facet normal 0.26764536 -0.3539001 -0.89617008
    outer loop
        vertex -84.68123 -64.07782 40.22277
        vertex -80.03074 -73.6647 45.39755
        vertex -83.610504 -69.95409 42.863102
    endloop
endfacet
facet normal 0.51326483 -0.22080839 -0.82933873
    outer loop
        vertex -65.54685 -95.70355 58.86586
        vertex -66.23539 -86.817444 56.07384
        vertex -62.86706 -95.9815 60.598343
    endloop
endfacet
facet normal 0.49257979 -0.28688297 -0.82162237
    outer loop
        vertex -65.46115 -78.65462 53.687828
        vertex -56.947754 -92.433044 63.602753
        vertex -66.23539 -86.817444 56.07384
    endloop
endfacet
facet normal 0.66573638 -0.58670264 -0.46105886
    outer loop
        vertex -16.084877 -38.103523 63.80844
        vertex -10.91019 -37.56249 70.59185
        vertex -11.878303 -46.356735 80.38474
    endloop
endfacet
facet normal 0.56853294 -0.69275713 -0.44368678
    outer loop
        vertex -13.899568 -32.48286 58.645935
        vertex -18.545073 -33.55265 54.363594
        vertex -17.553495 -28.062527 47.062096
    endloop
endfacet
facet normal 0.38029811 -0.40943354 -0.82929939
    outer loop
        vertex -66.60886 -69.45049 49.20758
        vertex -66.2249 -63.835503 46.611477
        vertex -62.311142 -74.92084 53.87918
    endloop
endfacet
facet normal 0.58242047 -0.32081342 -0.74690366
    outer loop
        vertex -54.099766 -72.97547 57.94011
        vertex -43.22904 -89.32302 73.43856
        vertex -51.574528 -80.825645 63.281082
    endloop
endfacet
facet normal 0.46057662 -0.33559886 -0.82173145
    outer loop
        vertex -64.361885 -76.50598 53.42645
        vertex -58.06628 -85.05051 60.44473
        vertex -65.46115 -78.65462 53.687828
    endloop
endfacet
facet normal 0.72526032 -0.15035759 -0.67185569
    outer loop
        vertex -38.410683 -106.67723 83.269066
        vertex -46.023746 -90.575386 71.44735
        vertex -33.28929 -108.81 89.27485
    endloop
endfacet
facet normal 0.55572009 -0.1245284 -0.82199025
    outer loop
        vertex -60.78436 -103.43587 63.572876
        vertex -56.232613 -118.98261 69.00543
        vertex -68.23586 -97.04225 57.566555
    endloop
endfacet
facet normal 0.32225293 -0.34565261 -0.88129294
    outer loop
        vertex -74.34653 -77.716484 49.065186
        vertex -80.03074 -73.6647 45.39755
        vertex -80.43963 -65.67943 42.116123
    endloop
endfacet
facet normal 0.54158098 -0.19923723 -0.81669742
    outer loop
        vertex -66.23539 -86.817444 56.07384
        vertex -56.947754 -92.433044 63.602753
        vertex -57.503174 -103.20366 65.86198
    endloop
endfacet
facet normal 0.45023522 -0.37293968 -0.81129789
    outer loop
        vertex -66.2249 -63.835503 46.611477
        vertex -61.445564 -70.16254 52.17223
        vertex -62.311142 -74.92084 53.87918
    endloop
endfacet
facet normal 0.39108402 -0.19328414 -0.89983022
    outer loop
        vertex -79.08265 -90.413605 50.60809
        vertex -74.30695 -100.09193 54.76261
        vertex -81.10309 -91.33894 49.92873
    endloop
endfacet
facet normal 0.70503885 -0.0800937 -0.70463127
    outer loop
        vertex -42.468716 -120.160774 81.414246
        vertex -52.399467 -101.28773 69.3325
        vertex -41.296406 -118.78502 82.430855
    endloop
endfacet
facet normal 0.68257785 -0.49425378 -0.53833145
    outer loop
        vertex -24.964102 -48.081894 64.71641
        vertex -20.952513 -51.553833 72.99057
        vertex -18.693064 -61.424747 84.918144
    endloop
endfacet
facet normal 0.49995357 -0.70310557 -0.50565696
    outer loop
        vertex -21.724407 -32.45118 49.250526
        vertex -21.277046 -36.326664 55.081623
        vertex -25.972658 -29.51404 40.96616
    endloop
endfacet
facet normal 0.77042264 -0.45521718 -0.44634765
    outer loop
        vertex -6.269079 -60.148163 104.52297
        vertex -11.37981 -51.102142 86.47577
        vertex -8.793789 -50.72243 90.55214
    endloop
endfacet
facet normal 0.59275192 -0.61925519 -0.51494473
    outer loop
        vertex -19.937723 -40.61994 62.149387
        vertex -19.019794 -45.467632 69.03568
        vertex -23.4274 -40.83318 58.38886
    endloop
endfacet
facet normal 0.59144473 -0.67808616 -0.43633971
    outer loop
        vertex -12.026173 -30.681606 58.386055
        vertex -10.91019 -37.56249 70.59185
        vertex -13.899568 -32.48286 58.645935
    endloop
endfacet
facet normal 0.84674984 -0.42795682 -0.31601822
    outer loop
        vertex 5.016317 -45.719765 116.34901
        vertex 1.3147193 -43.8968 103.962135
        vertex 3.9057617 -41.90387 108.2058
    endloop
endfacet
facet normal 0.76352721 -0.47625417 -0.43612844
    outer loop
        vertex -8.793789 -50.72243 90.55214
        vertex -11.878303 -46.356735 80.38474
        vertex -5.8491836 -45.066833 89.5313
    endloop
endfacet
facet normal 0.73687381 -0.53757787 -0.4099111
    outer loop
        vertex -10.91019 -37.56249 70.59185
        vertex -5.8491836 -45.066833 89.5313
        vertex -11.878303 -46.356735 80.38474
    endloop
endfacet
facet normal 0.77636224 -0.47830543 -0.41046995
    outer loop
        vertex -8.793789 -50.72243 90.55214
        vertex -5.8491836 -45.066833 89.5313
        vertex -3.3564274 -54.30455 105.01047
    endloop
endfacet
facet normal 0.54165262 -0.72559464 -0.42441124
    outer loop
        vertex -15.867911 -25.511028 44.643177
        vertex -11.219781 -26.284756 51.898132
        vertex -12.026173 -30.681606 58.386055
    endloop
endfacet
facet normal 0.73185349 -0.12762387 -0.66940475
    outer loop
        vertex -38.410683 -106.67723 83.269066
        vertex -33.28929 -108.81 89.27485
        vertex -34.41184 -110.271935 88.3263
    endloop
endfacet
facet normal 0.57849187 -0.36168602 -0.731116
    outer loop
        vertex -45.142174 -74.312645 65.14398
        vertex -47.223545 -77.51345 65.08056
        vertex -53.35866 -63.878403 53.480865
    endloop
endfacet
facet normal 0.8291465 -0.29546306 -0.47457102
    outer loop
        vertex -18.693064 -61.424747 84.918144
        vertex -10.239574 -73.795784 107.38974
        vertex -11.232127 -75.48288 106.70597
    endloop
endfacet
facet normal 0.73516315 -0.43778789 -0.51756823
    outer loop
        vertex -18.693064 -61.424747 84.918144
        vertex -17.04112 -58.193058 84.53105
        vertex -10.239574 -73.795784 107.38974
    endloop
endfacet
facet normal 0.85986632 -0.34653321 -0.37489286
    outer loop
        vertex -3.3564274 -54.30455 105.01047
        vertex -0.56678337 -56.48705 113.426285
        vertex -1.5133836 -58.25374 112.888176
    endloop
endfacet
facet normal 0.63203114 -0.69888622 -0.33480561
    outer loop
        vertex -5.1721287 -26.423882 61.658943
        vertex -4.3652835 -22.836967 55.694607
        vertex -2.3750296 -26.497566 67.092995
    endloop
endfacet
facet normal 0.66220695 -0.07963057 -0.74507791
    outer loop
        vertex -57.503174 -103.20366 65.86198
        vertex -47.82403 -115.04829 75.73046
        vertex -46.028286 -124.214165 78.30608
    endloop
endfacet
facet normal 0.69728804 -0.06400435 -0.71392769
    outer loop
        vertex -46.028286 -124.214165 78.30608
        vertex -47.82403 -115.04829 75.73046
        vertex -44.834656 -122.87535 79.35187
    endloop
endfacet
facet normal 0.77370763 -0.1913799 -0.60394549
    outer loop
        vertex -29.42258 -93.17748 89.182785
        vertex -24.564798 -96.671265 96.51315
        vertex -25.630482 -98.231705 95.642395
    endloop
endfacet
facet normal 0.64585084 -0.41005591 -0.643996
    outer loop
        vertex -34.363644 -65.17389 69.28512
        vertex -29.658451 -77.14683 81.62747
        vertex -35.093433 -71.63925 72.66996
    endloop
endfacet
facet normal 0.7587679 -0.30191451 -0.57716435
    outer loop
        vertex -24.744902 -83.61742 90.94809
        vertex -23.202196 -77.4164 89.73245
        vertex -19.337984 -88.69313 100.71139
    endloop
endfacet
facet normal 0.70550328 -0.38481614 -0.59513164
    outer loop
        vertex -27.998938 -72.5565 80.90368
        vertex -26.404871 -67.95053 79.815125
        vertex -23.202196 -77.4164 89.73245
    endloop
endfacet
facet normal 0.88115799 -0.37028742 -0.29402006
    outer loop
        vertex 3.9057617 -41.90387 108.2058
        vertex 6.840588 -42.066998 117.20672
        vertex 5.9307504 -43.89736 116.78515
    endloop
endfacet
facet normal 0.73561567 -0.60897958 -0.29667071
    outer loop
        vertex 3.3907912 -29.690453 86.87395
        vertex 0.09187713 -29.363789 78.02351
        vertex 0.07625247 -24.036896 67.05019
    endloop
endfacet
facet normal 0.60678381 -0.01413169 -0.79474133
    outer loop
        vertex -61.157948 -128.2866 65.41426
        vertex -61.534897 -120.02222 64.97951
        vertex -55.83324 -134.48149 69.58982
    endloop
endfacet
facet normal 0.54118061 -0.08945032 -0.83613521
    outer loop
        vertex -67.949394 -112.36029 60.008106
        vertex -69.151024 -105.68981 58.51675
        vertex -61.534897 -120.02222 64.97951
    endloop
endfacet
facet normal 0.88409781 -0.3730447 -0.2814405
    outer loop
        vertex 6.840588 -42.066998 117.20672
        vertex 3.7680109 -37.922607 102.06142
        vertex 7.745831 -40.228672 117.613716
    endloop
endfacet
facet normal 0.78131676 -0.51532602 -0.35211241
    outer loop
        vertex -4.392175 -35.162296 78.515686
        vertex 1.3147193 -43.8968 103.962135
        vertex -4.4006953 -41.66031 88.0068
    endloop
endfacet
facet normal 0.86011535 -0.34598055 -0.37483203
    outer loop
        vertex -0.56678337 -56.48705 113.426285
        vertex -3.3564274 -54.30455 105.01047
        vertex 0.3752216 -54.7124 113.94982
    endloop
endfacet
facet normal 0.8260864 -0.36337903 -0.43073997
    outer loop
        vertex -6.269079 -60.148163 104.52297
        vertex -5.3457375 -65.240906 110.5901
        vertex -9.697866 -57.506554 95.718636
    endloop
endfacet
facet normal 0.82446843 -0.32219014 -0.46523693
    outer loop
        vertex -17.04112 -58.193058 84.53105
        vertex -10.230979 -67.07293 102.7492
        vertex -10.239574 -73.795784 107.38974
    endloop
endfacet
facet normal 0.81599975 -0.2689949 -0.51165056
    outer loop
        vertex -15.248293 -82.15167 103.82521
        vertex -18.974058 -74.63054 93.92906
        vertex -14.237358 -80.496414 104.56725
    endloop
endfacet
facet normal 0.47046369 -0.56963181 -0.67393148
    outer loop
        vertex -41.793236 -49.812016 51.141983
        vertex -37.74193 -59.080494 61.804214
        vertex -45.492496 -50.899403 49.478672
    endloop
endfacet
facet normal 0.76325786 -0.26753944 -0.5880987
    outer loop
        vertex -24.744902 -83.61742 90.94809
        vertex -25.736738 -88.20738 91.748924
        vertex -29.658451 -77.14683 81.62747
    endloop
endfacet
facet normal 0.45437247 -0.12180083 -0.88244551
    outer loop
        vertex -81.993515 -92.078255 49.698692
        vertex -74.30695 -100.09193 54.76261
        vertex -72.26032 -109.024025 57.04929
    endloop
endfacet
facet normal 0.53747296 -0.03791946 -0.84242797
    outer loop
        vertex -77.40313 -103.93385 53.676075
        vertex -69.112305 -115.72878 59.496574
        vertex -58.35556 -136.9252 67.31352
    endloop
endfacet
facet normal 0.6461032 0.04165769 -0.76211244
    outer loop
        vertex -61.157948 -128.2866 65.41426
        vertex -55.83324 -134.48149 69.58982
        vertex -57.090843 -135.70949 68.45653
    endloop
endfacet
facet normal 0.35083821 -0.29204112 -0.88973278
    outer loop
        vertex -78.9929 -80.597946 48.08252
        vertex -80.03074 -73.6647 45.39755
        vertex -73.06692 -87.55858 52.703964
    endloop
endfacet
facet normal 0.63068181 0.03414169 -0.77529013
    outer loop
        vertex -61.157948 -128.2866 65.41426
        vertex -58.35556 -136.9252 67.31352
        vertex -69.112305 -115.72878 59.496574
    endloop
endfacet
facet normal 0.66281521 0.00785539 -0.74874181
    outer loop
        vertex -54.58274 -133.24117 70.71339
        vertex -56.91367 -124.28374 68.743935
        vertex -53.33935 -131.98853 71.827225
    endloop
endfacet
facet normal 0.63502085 -0.08247282 -0.76808
    outer loop
        vertex -51.913452 -119.319374 72.61252
        vertex -56.232613 -118.98261 69.00543
        vertex -60.78436 -103.43587 63.572876
    endloop
endfacet
facet normal 0.67157632 -0.01151502 -0.74084598
    outer loop
        vertex -50.873898 -129.44633 74.02574
        vertex -52.10307 -130.72359 72.93135
        vertex -56.232613 -118.98261 69.00543
    endloop
endfacet
facet normal 0.61572278 -0.04028607 -0.78693229
    outer loop
        vertex -56.232613 -118.98261 69.00543
        vertex -56.91367 -124.28374 68.743935
        vertex -66.03116 -107.97314 60.775097
    endloop
endfacet
facet normal 0.6709038 -0.01214678 -0.74144489
    outer loop
        vertex -49.651833 -128.15675 75.11041
        vertex -50.873898 -129.44633 74.02574
        vertex -56.232613 -118.98261 69.00543
    endloop
endfacet
facet normal 0.68089658 -0.03276131 -0.73164654
    outer loop
        vertex -48.43688 -126.854866 76.18536
        vertex -51.913452 -119.319374 72.61252
        vertex -47.229027 -125.54067 77.25059
    endloop
endfacet
facet normal 0.68042517 -0.03342083 -0.73205501
    outer loop
        vertex -47.229027 -125.54067 77.25059
        vertex -51.913452 -119.319374 72.61252
        vertex -46.028286 -124.214165 78.30608
    endloop
endfacet
facet normal 0.36713195 -0.41092736 -0.8344776
    outer loop
        vertex -66.2249 -63.835503 46.611477
        vertex -66.60886 -69.45049 49.20758
        vertex -72.92141 -57.196415 40.39599
    endloop
endfacet
facet normal 0.43657106 -0.47556803 -0.76370209
    outer loop
        vertex -53.7751 -59.269905 50.37303
        vertex -53.35866 -63.878403 53.480865
        vertex -61.171234 -50.298313 40.55829
    endloop
endfacet
facet normal 0.60034823 -0.19371499 -0.77592301
    outer loop
        vertex -52.399467 -101.28773 69.3325
        vertex -57.503174 -103.20366 65.86198
        vertex -56.947754 -92.433044 63.602753
    endloop
endfacet
facet normal 0.59647238 -0.1667158 -0.78512836
    outer loop
        vertex -52.399467 -101.28773 69.3325
        vertex -47.82403 -115.04829 75.73046
        vertex -57.503174 -103.20366 65.86198
    endloop
endfacet
facet normal 0.66593796 -0.12084757 -0.7361539
    outer loop
        vertex -52.399467 -101.28773 69.3325
        vertex -42.468716 -120.160774 81.414246
        vertex -47.82403 -115.04829 75.73046
    endloop
endfacet
facet normal 0.67116934 -0.12153063 -0.73127425
    outer loop
        vertex -43.420055 -111.78773 79.31887
        vertex -41.296406 -118.78502 82.430855
        vertex -52.399467 -101.28773 69.3325
    endloop
endfacet
facet normal 0.65999717 -0.16758217 -0.73233861
    outer loop
        vertex -43.197456 -101.6991 77.35979
        vertex -46.30818 -103.48812 74.96573
        vertex -52.085182 -93.27676 67.42271
    endloop
endfacet
facet normal 0.7168017 -0.10185336 -0.689798
    outer loop
        vertex -46.30818 -103.48812 74.96573
        vertex -37.82214 -114.58388 85.42234
        vertex -38.973118 -115.996574 84.4349
    endloop
endfacet
facet normal 0.71210319 -0.09342529 -0.69583106
    outer loop
        vertex -40.13121 -117.39695 83.437744
        vertex -43.420055 -111.78773 79.31887
        vertex -38.973118 -115.996574 84.4349
    endloop
endfacet
facet normal 0.58250213 -0.30083632 -0.75510848
    outer loop
        vertex -51.574528 -80.825645 63.281082
        vertex -46.023746 -90.575386 71.44735
        vertex -51.775078 -86.21302 65.27271
    endloop
endfacet
facet normal 0.4683668 -0.51800638 -0.71575266
    outer loop
        vertex -48.355835 -55.37659 51.042686
        vertex -46.37309 -54.544792 51.738144
        vertex -44.06917 -62.93854 59.320503
    endloop
endfacet
facet normal 0.66417652 -0.21224557 -0.71681327
    outer loop
        vertex -43.197456 -101.6991 77.35979
        vertex -46.023746 -90.575386 71.44735
        vertex -38.410683 -106.67723 83.269066
    endloop
endfacet
facet normal 0.74458414 -0.14899696 -0.65068769
    outer loop
        vertex -32.173855 -107.335754 90.21367
        vertex -33.28929 -108.81 89.27485
        vertex -43.22904 -89.32302 73.43856
    endloop
endfacet
facet normal 0.71180642 -0.19226633 -0.67554814
    outer loop
        vertex -33.938507 -98.98067 85.97638
        vertex -32.173855 -107.335754 90.21367
        vertex -43.22904 -89.32302 73.43856
    endloop
endfacet
facet normal 0.75346929 -0.16379258 -0.63675433
    outer loop
        vertex -33.938507 -98.98067 85.97638
        vertex -31.06552 -105.84919 91.14277
        vertex -32.173855 -107.335754 90.21367
    endloop
endfacet
facet normal 0.64700776 -0.28240877 -0.70825583
    outer loop
        vertex -43.22904 -89.32302 73.43856
        vertex -47.223545 -77.51345 65.08056
        vertex -42.10692 -85.00856 72.7433
    endloop
endfacet
facet normal 0.7305997 -0.24914914 -0.63572699
    outer loop
        vertex -33.020535 -93.31217 85.10068
        vertex -37.196003 -79.88951 75.04158
        vertex -29.42258 -93.17748 89.182785
    endloop
endfacet
facet normal 0.62186515 -0.32858375 -0.71085626
    outer loop
        vertex -41.47641 -76.49075 69.357635
        vertex -42.10692 -85.00856 72.7433
        vertex -45.142174 -74.312645 65.14398
    endloop
endfacet
facet normal 0.72910959 -0.21828191 -0.64865404
    outer loop
        vertex -28.870178 -102.83913 92.97179
        vertex -33.938507 -98.98067 85.97638
        vertex -33.020535 -93.31217 85.10068
    endloop
endfacet
facet normal 0.46999896 -0.53051138 -0.70544934
    outer loop
        vertex -46.37309 -54.544792 51.738144
        vertex -48.355835 -55.37659 51.042686
        vertex -49.467773 -49.95201 46.22248
    endloop
endfacet
facet normal 0.77325141 -0.19215453 -0.60428381
    outer loop
        vertex -26.703272 -99.77982 94.76192
        vertex -29.42258 -93.17748 89.182785
        vertex -25.630482 -98.231705 95.642395
    endloop
endfacet
facet normal 0.74458641 -0.26064175 -0.61453795
    outer loop
        vertex -30.7412 -87.150894 85.237335
        vertex -25.736738 -88.20738 91.748924
        vertex -23.506224 -95.098526 97.374176
    endloop
endfacet
facet normal 0.77904552 -0.19883156 -0.59460407
    outer loop
        vertex -24.564798 -96.671265 96.51315
        vertex -30.7412 -87.150894 85.237335
        vertex -23.506224 -95.098526 97.374176
    endloop
endfacet
facet normal 0.69823724 -0.33762586 -0.63124752
    outer loop
        vertex -33.523537 -78.883446 78.28105
        vertex -35.093433 -71.63925 72.66996
        vertex -29.658451 -77.14683 81.62747
    endloop
endfacet
facet normal 0.76394498 -0.26753268 -0.58720899
    outer loop
        vertex -25.736738 -88.20738 91.748924
        vertex -24.744902 -83.61742 90.94809
        vertex -21.4104 -91.91609 99.06708
    endloop
endfacet
facet normal 0.79683667 -0.22768041 -0.55965436
    outer loop
        vertex -24.744902 -83.61742 90.94809
        vertex -19.337984 -88.69313 100.71139
        vertex -20.371893 -90.30859 99.896515
    endloop
endfacet
facet normal 0.59220105 -0.43365791 -0.67914563
    outer loop
        vertex -37.46433 -63.686752 65.34386
        vertex -38.86886 -68.64535 67.28537
        vertex -46.37309 -54.544792 51.738144
    endloop
endfacet
facet normal 0.81030911 -0.25481829 -0.52769953
    outer loop
        vertex -19.727982 -79.69124 95.76932
        vertex -17.283949 -85.43832 102.29743
        vertex -18.308668 -87.0697 101.511696
    endloop
endfacet
facet normal 0.78347516 -0.34508765 -0.51679903
    outer loop
        vertex -18.974058 -74.63054 93.92906
        vertex -21.688162 -62.495117 81.71113
        vertex -15.480955 -73.4223 98.41787
    endloop
endfacet
facet normal 0.81637692 -0.26841602 -0.5113526
    outer loop
        vertex -16.263823 -83.79897 103.0686
        vertex -18.974058 -74.63054 93.92906
        vertex -15.248293 -82.15167 103.82521
    endloop
endfacet
facet normal 0.7694422 -0.31639123 -0.55484706
    outer loop
        vertex -19.727982 -79.69124 95.76932
        vertex -26.404871 -67.95053 79.815125
        vertex -18.974058 -74.63054 93.92906
    endloop
endfacet
facet normal 0.8230443 -0.28336719 -0.49224073
    outer loop
        vertex -12.229276 -77.16202 106.00763
        vertex -13.231019 -78.8332 105.29472
        vertex -15.480955 -73.4223 98.41787
    endloop
endfacet
facet normal 0.82280201 -0.28384346 -0.49237156
    outer loop
        vertex -11.232127 -75.48288 106.70597
        vertex -12.229276 -77.16202 106.00763
        vertex -15.480955 -73.4223 98.41787
    endloop
endfacet
facet normal 0.59260517 -0.6195215 -0.5147934
    outer loop
        vertex -25.200754 -35.81061 50.303116
        vertex -19.937723 -40.61994 62.149387
        vertex -23.4274 -40.83318 58.38886
    endloop
endfacet
facet normal 0.71074063 -0.41781375 -0.56593233
    outer loop
        vertex -26.404871 -67.95053 79.815125
        vertex -31.167017 -52.15929 62.17618
        vertex -21.688162 -62.495117 81.71113
    endloop
endfacet
facet normal 0.68139857 -0.52341145 -0.51160181
    outer loop
        vertex -21.878315 -46.042534 66.11898
        vertex -17.564829 -51.68673 77.638565
        vertex -20.952513 -51.553833 72.99057
    endloop
endfacet
facet normal 0.83767974 -0.31098425 -0.44897819
    outer loop
        vertex -10.239574 -73.795784 107.38974
        vertex -10.230979 -67.07293 102.7492
        vertex -9.251616 -72.10073 108.058945
    endloop
endfacet
facet normal 0.84065306 -0.31651035 -0.43945822
    outer loop
        vertex -6.3153143 -66.967804 109.97916
        vertex -7.289486 -68.68673 109.35365
        vertex -11.611907 -61.368294 95.81422
    endloop
endfacet
facet normal 0.79276109 -0.40421748 -0.45622164
    outer loop
        vertex -9.697866 -57.506554 95.718636
        vertex -6.3153143 -66.967804 109.97916
        vertex -11.611907 -61.368294 95.81422
    endloop
endfacet
facet normal 0.79579282 -0.42025256 -0.43600643
    outer loop
        vertex -6.269079 -60.148163 104.52297
        vertex -9.697866 -57.506554 95.718636
        vertex -11.37981 -51.102142 86.47577
    endloop
endfacet
facet normal 0.82500589 -0.38801029 -0.41086894
    outer loop
        vertex -3.4203699 -61.76324 111.76827
        vertex -6.269079 -60.148163 104.52297
        vertex -8.793789 -50.72243 90.55214
    endloop
endfacet
facet normal 0.62030691 -0.72295994 -0.3042174
    outer loop
        vertex -2.5274224 -18.428667 48.620144
        vertex 0.47962 -20.830725 60.45997
        vertex -1.7356104 -20.138136 54.29715
    endloop
endfacet
facet normal 0.85466552 -0.33925223 -0.39300734
    outer loop
        vertex -8.793789 -50.72243 90.55214
        vertex -2.464579 -60.01247 112.33551
        vertex -3.4203699 -61.76324 111.76827
    endloop
endfacet
facet normal 0.83588797 -0.40327629 -0.37237039
    outer loop
        vertex -5.8491836 -45.066833 89.5313
        vertex -0.02812356 -48.715176 106.54942
        vertex 0.3752216 -54.7124 113.94982
    endloop
endfacet
facet normal 0.86903787 -0.36014184 -0.33922133
    outer loop
        vertex 0.3752216 -54.7124 113.94982
        vertex -0.02812356 -48.715176 106.54942
        vertex 1.3126312 -52.929794 114.45879
    endloop
endfacet
facet normal 0.72038966 -0.57259411 -0.39137521
    outer loop
        vertex -4.4006953 -41.66031 88.0068
        vertex -6.3446965 -37.77663 78.746605
        vertex -4.392175 -35.162296 78.515686
    endloop
endfacet
facet normal 0.84441853 -0.43643737 -0.31061211
    outer loop
        vertex 3.9057617 -41.90387 108.2058
        vertex 1.3147193 -43.8968 103.962135
        vertex 0.07815044 -35.7929 89.21375
    endloop
endfacet
facet normal 0.84610188 -0.41524777 -0.33418676
    outer loop
        vertex 3.1736646 -49.3407 115.43304
        vertex -0.02812356 -48.715176 106.54942
        vertex 1.3147193 -43.8968 103.962135
    endloop
endfacet
facet normal 0.67282885 -0.68069905 -0.28974161
    outer loop
        vertex 0.83134085 -23.271261 67.01035
        vertex 0.47962 -20.830725 60.45997
        vertex 3.50059 -26.0632 79.76799
    endloop
endfacet
facet normal 0.88061255 -0.37146759 -0.29416558
    outer loop
        vertex 5.016317 -45.719765 116.34901
        vertex 3.9057617 -41.90387 108.2058
        vertex 5.9307504 -43.89736 116.78515
    endloop
endfacet
facet normal 0.85240471 -0.43955249 -0.283196
    outer loop
        vertex 3.7680109 -37.922607 102.06142
        vertex 7.1339335 -36.14106 109.4275
        vertex 7.745831 -40.228672 117.613716
    endloop
endfacet
facet normal 0.81364936 -0.51630092 -0.26722285
    outer loop
        vertex 9.54253 -36.528152 118.38402
        vertex 5.006497 -31.236708 94.34895
        vertex 3.50059 -26.0632 79.76799
    endloop
endfacet
facet normal 0.88090551 -0.39926594 -0.25414991
    outer loop
        vertex 5.006497 -31.236708 94.34895
        vertex 9.54253 -36.528152 118.38402
        vertex 7.1339335 -36.14106 109.4275
    endloop
endfacet
facet normal 0.86602211 0.50000578 -0.00000221
    outer loop
        vertex -2.85677 -15.051941 39.6161
        vertex -2.7079 -15.30978 41.24954
        vertex -2.54135 -15.598249 41.151947
    endloop
endfacet
facet normal 0.86602521 0.50000042 0.00000018
    outer loop
        vertex -0.041452497 -19.928202 60.7653
        vertex 0.47962 -20.830725 60.45997
        vertex -2.54135 -15.598249 41.151947
    endloop
endfacet
facet normal 0.86602539 0.50000006 0.00000006
    outer loop
        vertex 2.624995 -24.546625 80.28106
        vertex 3.50059 -26.0632 79.76799
        vertex 0.47962 -20.830725 60.45997
    endloop
endfacet
facet normal 0.86602569 0.49999943 -0.00000017
    outer loop
        vertex 7.9578896 -33.78347 119.31258
        vertex 9.54253 -36.528152 118.38402
        vertex 2.624995 -24.546625 80.28106
    endloop
endfacet
facet normal 0.86602521 0.50000018 0.0000001
    outer loop
        vertex 9.54253 -36.528152 118.38402
        vertex 3.50059 -26.0632 79.76799
        vertex 2.624995 -24.546625 80.28106
    endloop
endfacet
facet normal 0.86602521 0.50000042 0.00000015
    outer loop
        vertex 0.47962 -20.830725 60.45997
        vertex -0.041452497 -19.928202 60.7653
        vertex 2.624995 -24.546625 80.28106
    endloop
endfacet
facet normal 0.86602265 0.50000483 0.00000149
    outer loop
        vertex -2.7079 -15.30978 41.24954
        vertex -0.041452497 -19.928202 60.7653
        vertex -2.54135 -15.598249 41.151947
    endloop
endfacet
facet normal -0.86602366 -0.50000292 -0.00000894
    outer loop
        vertex -97.25353 -69.55194 39.6161
        vertex -96.45068 -70.94251 40.03863
        vertex -96.51216 -70.83604 40.36324
    endloop
endfacet
facet normal -0.86602598 -0.49999911 0.00000308
    outer loop
        vertex -87.11922 -87.10509 47.87292
        vertex -86.92691 -87.43818 46.857353
        vertex -77.72627 -103.37414 55.3826
    endloop
endfacet
facet normal -0.86602616 -0.49999866 0.00000385
    outer loop
        vertex -77.72627 -103.37414 55.3826
        vertex -77.40313 -103.93385 53.676075
        vertex -58.940388 -135.91225 70.40196
    endloop
endfacet
facet normal -0.86602545 -0.49999988 0.0000006
    outer loop
        vertex -58.940388 -135.91225 70.40196
        vertex -77.40313 -103.93385 53.676075
        vertex -58.35556 -136.9252 67.31352
    endloop
endfacet
facet normal -0.86602354 -0.50000322 -0.00000879
    outer loop
        vertex -96.45068 -70.94251 40.03863
        vertex -87.11922 -87.10509 47.87292
        vertex -96.51216 -70.83604 40.36324
    endloop
endfacet
facet normal -0.8660261 -0.49999875 0.00000389
    outer loop
        vertex -77.72627 -103.37414 55.3826
        vertex -86.92691 -87.43818 46.857353
        vertex -77.40313 -103.93385 53.676075
    endloop
endfacet
facet normal -0.86602604 -0.49999893 0.000003
    outer loop
        vertex -86.92691 -87.43818 46.857353
        vertex -87.11922 -87.10509 47.87292
        vertex -96.45068 -70.94251 40.03863
    endloop
endfacet
facet normal 0.43722528 0.75729662 -0.48511419
    outer loop
        vertex 26.263336 -1.7605599 39.6161
        vertex 26.666042 -1.063065 41.06789
        vertex 38.062935 -8.57306 39.6161
    endloop
endfacet
facet normal 0.35840133 0.64890337 -0.67117286
    outer loop
        vertex 49.86253 -15.38556 39.6161
        vertex 50.419746 -14.420435 40.846752
        vertex 62.286575 -21.11649 40.70967
    endloop
endfacet
facet normal 0.37062043 0.64193338 -0.67123914
    outer loop
        vertex 38.062935 -8.57306 39.6161
        vertex 50.419746 -14.420435 40.846752
        vertex 49.86253 -15.38556 39.6161
    endloop
endfacet
facet normal 0.39444625 0.71104556 -0.58208799
    outer loop
        vertex 38.062935 -8.57306 39.6161
        vertex 38.546238 -7.73596 40.96616
        vertex 50.419746 -14.420435 40.846752
    endloop
endfacet
facet normal 0.32938689 0.57051462 -0.75234127
    outer loop
        vertex 73.461716 -29.010561 39.6161
        vertex 61.662125 -22.198061 39.6161
        vertex 62.286575 -21.11649 40.70967
    endloop
endfacet
facet normal 0.18270645 0.31645688 -0.9308455
    outer loop
        vertex 97.06091 -42.63556 39.6161
        vertex 85.261314 -35.82306 39.6161
        vertex 97.833626 -41.297188 40.22277
    endloop
endfacet
facet normal 0.23484716 0.4067674 -0.88282907
    outer loop
        vertex 85.261314 -35.82306 39.6161
        vertex 73.461716 -29.010561 39.6161
        vertex 85.99425 -34.553585 40.39599
    endloop
endfacet
facet normal 0.46250644 0.80108452 -0.37993601
    outer loop
        vertex 14.46374 5.0519404 39.6161
        vertex 14.77916 5.59825 41.151947
        vertex 26.263336 -1.7605599 39.6161
    endloop
endfacet
facet normal 0.42488775 0.76431805 -0.48506525
    outer loop
        vertex 26.263336 -1.7605599 39.6161
        vertex 14.77916 5.59825 41.151947
        vertex 26.666042 -1.063065 41.06789
    endloop
endfacet
facet normal 0.12724057 0.22038689 -0.96707779
    outer loop
        vertex 108.860504 -49.448063 39.6161
        vertex 97.06091 -42.63556 39.6161
        vertex 109.66336 -48.057487 40.03863
    endloop
endfacet
facet normal 0.17039455 0.32352269 -0.93075168
    outer loop
        vertex 97.833626 -41.297188 40.22277
        vertex 109.66336 -48.057487 40.03863
        vertex 97.06091 -42.63556 39.6161
    endloop
endfacet
facet normal 0.22273046 0.41371015 -0.882743
    outer loop
        vertex 85.99425 -34.553585 40.39599
        vertex 97.833626 -41.297188 40.22277
        vertex 85.261314 -35.82306 39.6161
    endloop
endfacet
facet normal 0.27166089 0.49837747 -0.82329839
    outer loop
        vertex 74.14523 -27.826685 40.55829
        vertex 85.99425 -34.553585 40.39599
        vertex 73.461716 -29.010561 39.6161
    endloop
endfacet
facet normal 0.27153599 0.49844825 -0.82329679
    outer loop
        vertex 62.286575 -21.11649 40.70967
        vertex 74.14523 -27.826685 40.55829
        vertex 73.461716 -29.010561 39.6161
    endloop
endfacet
facet normal 0.32938683 0.57051456 -0.75234127
    outer loop
        vertex 49.86253 -15.38556 39.6161
        vertex 62.286575 -21.11649 40.70967
        vertex 61.662125 -22.198061 39.6161
    endloop
endfacet
facet normal 0.39440909 0.7110666 -0.58208746
    outer loop
        vertex 26.666042 -1.063065 41.06789
        vertex 38.546238 -7.73596 40.96616
        vertex 38.062935 -8.57306 39.6161
    endloop
endfacet
facet normal -0.49189559 -0.85198808 0.17931814
    outer loop
        vertex 14.612611 5.30978 41.24954
        vertex 14.46374 5.0519404 39.6161
        vertex 26.263336 -1.7605599 39.6161
    endloop
endfacet
facet normal -0.47810128 -0.82809597 0.29270479
    outer loop
        vertex 26.506319 -1.339711 41.203617
        vertex 26.263336 -1.7605599 39.6161
        vertex 38.062935 -8.57306 39.6161
    endloop
endfacet
facet normal -0.45817664 -0.79358506 0.40037102
    outer loop
        vertex 38.39533 -7.9973435 41.137627
        vertex 38.062935 -8.57306 39.6161
        vertex 49.86253 -15.38556 39.6161
    endloop
endfacet
facet normal -0.42007661 -0.75572813 0.50240487
    outer loop
        vertex 50.279636 -14.663119 41.051567
        vertex 49.86253 -15.38556 39.6161
        vertex 62.159245 -21.337034 40.94544
    endloop
endfacet
facet normal -0.35092384 -0.63595212 0.68732631
    outer loop
        vertex 74.03235 -28.02221 40.821922
        vertex 62.159245 -21.337034 40.94544
        vertex 73.461716 -29.010561 39.6161
    endloop
endfacet
facet normal -0.30940315 -0.56374675 0.76580638
    outer loop
        vertex 85.89716 -34.721756 40.68372
        vertex 74.03235 -28.02221 40.821922
        vertex 85.261314 -35.82306 39.6161
    endloop
endfacet
facet normal -0.27547997 -0.47714543 0.83453155
    outer loop
        vertex 97.75368 -41.43567 40.530823
        vertex 85.261314 -35.82306 39.6161
        vertex 97.06091 -42.63556 39.6161
    endloop
endfacet
facet normal -0.22499375 -0.3897002 0.89303499
    outer loop
        vertex 109.60189 -48.163963 40.36324
        vertex 97.06091 -42.63556 39.6161
        vertex 108.860504 -49.448063 39.6161
    endloop
endfacet
facet normal -0.26315919 -0.48419487 0.83444756
    outer loop
        vertex 97.06091 -42.63556 39.6161
        vertex 109.60189 -48.163963 40.36324
        vertex 97.75368 -41.43567 40.530823
    endloop
endfacet
facet normal -0.30936572 -0.56376791 0.76580596
    outer loop
        vertex 85.261314 -35.82306 39.6161
        vertex 97.75368 -41.43567 40.530823
        vertex 85.89716 -34.721756 40.68372
    endloop
endfacet
facet normal -0.36314204 -0.62898082 0.68739432
    outer loop
        vertex 73.461716 -29.010561 39.6161
        vertex 85.261314 -35.82306 39.6161
        vertex 74.03235 -28.02221 40.821922
    endloop
endfacet
facet normal -0.40040064 -0.69351393 0.59893048
    outer loop
        vertex 61.662125 -22.198061 39.6161
        vertex 73.461716 -29.010561 39.6161
        vertex 62.159245 -21.337034 40.94544
    endloop
endfacet
facet normal -0.40040061 -0.69351399 0.59893048
    outer loop
        vertex 49.86253 -15.38556 39.6161
        vertex 61.662125 -22.198061 39.6161
        vertex 62.159245 -21.337034 40.94544
    endloop
endfacet
facet normal -0.42020187 -0.75565773 0.502406
    outer loop
        vertex 38.39533 -7.9973435 41.137627
        vertex 49.86253 -15.38556 39.6161
        vertex 50.279636 -14.663119 41.051567
    endloop
endfacet
facet normal -0.44603816 -0.8004902 0.40033174
    outer loop
        vertex 26.506319 -1.339711 41.203617
        vertex 38.062935 -8.57306 39.6161
        vertex 38.39533 -7.9973435 41.137627
    endloop
endfacet
facet normal -0.4657602 -0.83510995 0.29267526
    outer loop
        vertex 26.263336 -1.7605599 39.6161
        vertex 26.506319 -1.339711 41.203617
        vertex 14.612611 5.30978 41.24954
    endloop
endfacet
facet normal -0.2429108 -0.85301363 0.46191126
    outer loop
        vertex 44.605087 2.1051857 62.768795
        vertex 42.141586 2.9754071 63.080326
        vertex 41.686596 -0.9762899 55.543438
    endloop
endfacet
facet normal -0.16825618 -0.87317067 0.45745242
    outer loop
        vertex 44.605087 2.1051857 62.768795
        vertex 48.21802 5.1051836 69.823975
        vertex 46.256348 7.7426 74.136665
    endloop
endfacet
facet normal -0.30923337 -0.83426553 0.45648193
    outer loop
        vertex 41.686596 -0.9762899 55.543438
        vertex 39.531322 -1.5929495 52.95639
        vertex 38.660786 -3.1165087 49.58221
    endloop
endfacet
facet normal -0.30882931 -0.83456087 0.45621565
    outer loop
        vertex 41.686596 -0.9762899 55.543438
        vertex 42.141586 2.9754071 63.080326
        vertex 39.531322 -1.5929495 52.95639
    endloop
endfacet
facet normal -0.0897394 -0.58759612 0.80416274
    outer loop
        vertex 95.68846 -17.109634 54.911663
        vertex 98.097305 -18.074533 54.47543
        vertex 102.21645 -8.580169 61.872566
    endloop
endfacet
facet normal -0.09100703 -0.58992463 0.80231333
    outer loop
        vertex 95.68846 -17.109634 54.911663
        vertex 93.18842 -23.413345 49.99309
        vertex 98.097305 -18.074533 54.47543
    endloop
endfacet
facet normal -0.14658938 -0.55352509 0.81983024
    outer loop
        vertex 93.18842 -23.413345 49.99309
        vertex 93.345505 -26.257639 48.100796
        vertex 98.097305 -18.074533 54.47543
    endloop
endfacet
facet normal -0.18738234 -0.54947484 0.81422693
    outer loop
        vertex 93.18842 -23.413345 49.99309
        vertex 88.179596 -25.80887 47.22378
        vertex 85.89716 -34.721756 40.68372
    endloop
endfacet
facet normal -0.21914375 -0.47216007 0.85383898
    outer loop
        vertex 92.86002 -35.174686 42.515144
        vertex 96.98113 -37.028706 42.54761
        vertex 95.765396 -33.663395 44.09655
    endloop
endfacet
facet normal -0.25325575 -0.46653947 0.84746826
    outer loop
        vertex 92.86002 -35.174686 42.515144
        vertex 85.89716 -34.721756 40.68372
        vertex 97.75368 -41.43567 40.530823
    endloop
endfacet
facet normal -0.19000772 -0.46630168 0.8639791
    outer loop
        vertex 96.98113 -37.028706 42.54761
        vertex 98.58398 -33.15632 44.990093
        vertex 95.765396 -33.663395 44.09655
    endloop
endfacet
facet normal -0.19033796 -0.43591711 0.87962925
    outer loop
        vertex 96.98113 -37.028706 42.54761
        vertex 97.75368 -41.43567 40.530823
        vertex 103.63372 -32.78314 46.0911
    endloop
endfacet
facet normal -0.42588839 -0.82228965 0.37743732
    outer loop
        vertex 33.70845 -3.6022966 44.400978
        vertex 29.802917 -1.3748925 44.84675
        vertex 26.506319 -1.339711 41.203617
    endloop
endfacet
facet normal -0.41346651 -0.80870348 0.4183827
    outer loop
        vertex 33.70845 -3.6022966 44.400978
        vertex 32.812096 -1.6338532 47.320015
        vertex 29.802917 -1.3748925 44.84675
    endloop
endfacet
facet normal -0.35788918 -0.84781623 0.3913092
    outer loop
        vertex 29.802917 -1.3748925 44.84675
        vertex 31.255838 0.045465156 49.25295
        vertex 32.106506 4.098554 58.812447
    endloop
endfacet
facet normal -0.39803785 -0.826666 0.39773017
    outer loop
        vertex 29.802917 -1.3748925 44.84675
        vertex 32.812096 -1.6338532 47.320015
        vertex 31.255838 0.045465156 49.25295
    endloop
endfacet
facet normal -0.0712396 -0.39624652 0.91537625
    outer loop
        vertex 112.01519 -41.17772 43.388763
        vertex 114.626724 -36.316395 45.69637
        vertex 113.7419 -35.46517 45.995983
    endloop
endfacet
facet normal -0.11382155 -0.36145139 0.92541742
    outer loop
        vertex 112.01519 -41.17772 43.388763
        vertex 109.60189 -48.163963 40.36324
        vertex 118.994835 -31.89491 47.87292
    endloop
endfacet
facet normal -0.32119268 -0.9077599 0.2698282
    outer loop
        vertex 16.920166 6.500292 48.805866
        vertex 17.90049 7.860253 54.548004
        vertex 17.279057 9.928203 60.7653
    endloop
endfacet
facet normal -0.35802847 -0.89302319 0.27262682
    outer loop
        vertex 16.920166 6.500292 48.805866
        vertex 19.06526 7.4939127 54.87765
        vertex 17.90049 7.860253 54.548004
    endloop
endfacet
facet normal -0.25805318 -0.93166864 0.25573817
    outer loop
        vertex 17.279057 9.928203 60.7653
        vertex 19.096716 11.245143 67.3971
        vertex 19.945503 14.546625 80.28106
    endloop
endfacet
facet normal -0.25662073 -0.93206245 0.25574473
    outer loop
        vertex 19.096716 11.245143 67.3971
        vertex 20.136854 10.973229 67.449814
        vertex 19.945503 14.546625 80.28106
    endloop
endfacet
facet normal -0.25634789 -0.92855036 0.26847729
    outer loop
        vertex 19.096716 11.245143 67.3971
        vertex 17.90049 7.860253 54.548004
        vertex 20.136854 10.973229 67.449814
    endloop
endfacet
facet normal 0.02362064 -0.44362479 0.89590126
    outer loop
        vertex 121.37924 -25.933651 50.659576
        vertex 120.49027 -25.399902 50.94731
        vertex 114.626724 -36.316395 45.69637
    endloop
endfacet
facet normal 0.03105456 -0.43372729 0.90050888
    outer loop
        vertex 121.37924 -25.933651 50.659576
        vertex 128.38777 -15.62586 55.3826
        vertex 120.49027 -25.399902 50.94731
    endloop
endfacet
facet normal -0.13936685 -0.37597874 0.91608781
    outer loop
        vertex 112.01519 -41.17772 43.388763
        vertex 113.7419 -35.46517 45.995983
        vertex 106.84929 -41.27713 42.56206
    endloop
endfacet
facet normal -0.07478078 -0.39935249 0.91374254
    outer loop
        vertex 114.626724 -36.316395 45.69637
        vertex 120.49027 -25.399902 50.94731
        vertex 113.7419 -35.46517 45.995983
    endloop
endfacet
facet normal -0.35879147 -0.89129329 0.27724513
    outer loop
        vertex 17.90049 7.860253 54.548004
        vertex 19.06526 7.4939127 54.87765
        vertex 20.136854 10.973229 67.449814
    endloop
endfacet
facet normal -0.43448582 -0.85983527 0.26815194
    outer loop
        vertex 16.920166 6.500292 48.805866
        vertex 14.612611 5.30978 41.24954
        vertex 20.493662 3.8415854 46.07079
    endloop
endfacet
facet normal 0.24319766 -0.71851832 0.65160286
    outer loop
        vertex 110.68568 18.506723 85.71563
        vertex 113.54287 23.38077 90.02382
        vertex 111.70374 23.601564 90.953705
    endloop
endfacet
facet normal 0.21205589 -0.70520353 0.67655021
    outer loop
        vertex 110.68568 18.506723 85.71563
        vertex 108.87958 12.065674 79.56789
        vertex 115.375084 23.148008 89.08365
    endloop
endfacet
facet normal 0.14135119 -0.89473438 0.42363909
    outer loop
        vertex 61.91308 22.443089 104.3653
        vertex 63.700855 25.61437 110.466606
        vertex 61.717323 25.585043 111.06649
    endloop
endfacet
facet normal 0.14147176 -0.89473265 0.42360285
    outer loop
        vertex 61.91308 22.443089 104.3653
        vertex 65.680084 25.636248 109.85181
        vertex 63.700855 25.61437 110.466606
    endloop
endfacet
facet normal -0.2940917 -0.89450306 0.33671096
    outer loop
        vertex 24.929 7.7960224 62.055298
        vertex 26.877523 5.970889 58.908554
        vertex 27.952724 9.348881 68.8216
    endloop
endfacet
facet normal -0.31088391 -0.89893544 0.30865252
    outer loop
        vertex 24.929 7.7960224 62.055298
        vertex 21.528046 6.8898005 55.99043
        vertex 20.493662 3.8415854 46.07079
    endloop
endfacet
facet normal -0.23116362 -0.90975189 0.34484035
    outer loop
        vertex 27.952724 9.348881 68.8216
        vertex 30.265926 8.536319 68.22857
        vertex 31.797848 12.3057165 79.19985
    endloop
endfacet
facet normal -0.2342224 -0.91218466 0.3362425
    outer loop
        vertex 27.952724 9.348881 68.8216
        vertex 26.877523 5.970889 58.908554
        vertex 30.265926 8.536319 68.22857
    endloop
endfacet
facet normal -0.05368695 -0.47444338 0.87864739
    outer loop
        vertex 112.85419 -27.14854 49.97713
        vertex 109.07075 -28.501581 49.015354
        vertex 106.28701 -34.495434 45.60876
    endloop
endfacet
facet normal -0.05270872 -0.47644901 0.8776207
    outer loop
        vertex 112.85419 -27.14854 49.97713
        vertex 114.45632 -20.68919 53.58005
        vertex 109.07075 -28.501581 49.015354
    endloop
endfacet
facet normal 0.00089071 -0.50494426 0.86315149
    outer loop
        vertex 114.45632 -20.68919 53.58005
        vertex 112.046684 -20.043652 53.96018
        vertex 109.07075 -28.501581 49.015354
    endloop
endfacet
facet normal 0.08195029 -0.53246528 0.84247535
    outer loop
        vertex 114.45632 -20.68919 53.58005
        vertex 120.48535 -12.967073 57.874157
        vertex 117.75254 -11.276852 59.20825
    endloop
endfacet
facet normal -0.26991639 -0.64043742 0.71901673
    outer loop
        vertex 71.26415 -23.980457 42.93401
        vertex 72.69894 -21.810322 45.40559
        vertex 69.44272 -18.48845 47.14205
    endloop
endfacet
facet normal -0.3314155 -0.60521704 0.72379297
    outer loop
        vertex 71.26415 -23.980457 42.93401
        vertex 74.03235 -28.02221 40.821922
        vertex 72.69894 -21.810322 45.40559
    endloop
endfacet
facet normal -0.3851701 -0.69825613 0.6033923
    outer loop
        vertex 55.03844 -15.2570305 43.402023
        vertex 55.982666 -13.306617 46.261814
        vertex 50.279636 -14.663119 41.051567
    endloop
endfacet
facet normal -0.35165671 -0.68953925 0.63314533
    outer loop
        vertex 55.03844 -15.2570305 43.402023
        vertex 59.63526 -16.210255 44.917027
        vertex 60.658524 -14.169595 47.70778
    endloop
endfacet
facet normal -0.11396091 -0.8338024 0.54017264
    outer loop
        vertex 60.005634 5.2398386 73.39073
        vertex 63.05088 3.7085009 71.66944
        vertex 64.06949 10.911498 83.00278
    endloop
endfacet
facet normal -0.21297878 -0.80513704 0.55352902
    outer loop
        vertex 60.005634 5.2398386 73.39073
        vertex 55.264324 0.096257694 64.08483
        vertex 56.0981 -4.5369215 57.666435
    endloop
endfacet
facet normal -0.02395064 -0.83035034 0.55672675
    outer loop
        vertex 66.814545 6.0561852 75.70182
        vertex 64.702675 1.7741113 69.22431
        vertex 71.19111 9.621498 81.20772
    endloop
endfacet
facet normal -0.10561065 -0.81334835 0.57211095
    outer loop
        vertex 66.814545 6.0561852 75.70182
        vertex 63.05088 3.7085009 71.66944
        vertex 64.702675 1.7741113 69.22431
    endloop
endfacet
facet normal 0.00299989 -0.84046668 0.54185486
    outer loop
        vertex 72.99763 18.941027 95.65316
        vertex 66.814545 6.0561852 75.70182
        vertex 71.19111 9.621498 81.20772
    endloop
endfacet
facet normal -0.12449498 -0.81735462 0.56252325
    outer loop
        vertex 63.05088 3.7085009 71.66944
        vertex 60.221184 -1.8359991 62.986946
        vertex 64.702675 1.7741113 69.22431
    endloop
endfacet
facet normal -0.09838826 -0.81160742 0.57585853
    outer loop
        vertex 64.702675 1.7741113 69.22431
        vertex 62.830276 -2.230137 63.260868
        vertex 69.62754 2.4489899 71.016914
    endloop
endfacet
facet normal -0.18083817 -0.78930295 0.58676946
    outer loop
        vertex 64.702675 1.7741113 69.22431
        vertex 60.221184 -1.8359991 62.986946
        vertex 62.830276 -2.230137 63.260868
    endloop
endfacet
facet normal -0.18086591 -0.79248196 0.58246028
    outer loop
        vertex 62.830276 -2.230137 63.260868
        vertex 60.221184 -1.8359991 62.986946
        vertex 58.806232 -7.0191393 55.495514
    endloop
endfacet
facet normal -0.10172802 -0.80610549 0.58296257
    outer loop
        vertex 64.702675 1.7741113 69.22431
        vertex 69.62754 2.4489899 71.016914
        vertex 71.19111 9.621498 81.20772
    endloop
endfacet
facet normal -0.08308624 -0.79130584 0.60574883
    outer loop
        vertex 69.62754 2.4489899 71.016914
        vertex 71.345535 1.5422857 70.06811
        vertex 75.95891 10.512607 82.41906
    endloop
endfacet
facet normal -0.08915631 -0.79575962 0.59901392
    outer loop
        vertex 69.62754 2.4489899 71.016914
        vertex 66.23598 -4.0073442 61.935207
        vertex 71.345535 1.5422857 70.06811
    endloop
endfacet
facet normal -0.36924121 -0.85798693 0.35709837
    outer loop
        vertex 28.013783 2.8033063 52.198017
        vertex 26.190601 2.9493089 50.663635
        vertex 25.864727 1.5707523 47.014473
    endloop
endfacet
facet normal -0.29920027 -0.88436067 0.35830912
    outer loop
        vertex 28.013783 2.8033063 52.198017
        vertex 32.106506 4.098554 58.812447
        vertex 30.265926 8.536319 68.22857
    endloop
endfacet
facet normal -0.36334595 -0.86034828 0.35746396
    outer loop
        vertex 25.864727 1.5707523 47.014473
        vertex 26.190601 2.9493089 50.663635
        vertex 25.050247 3.9782276 51.98093
    endloop
endfacet
facet normal -0.41772786 -0.82983011 0.36998016
    outer loop
        vertex 28.013783 2.8033063 52.198017
        vertex 26.506319 -1.339711 41.203617
        vertex 29.802917 -1.3748925 44.84675
    endloop
endfacet
facet normal -0.12166878 -0.4498052 0.88480055
    outer loop
        vertex 103.63372 -32.78314 46.0911
        vertex 104.34834 -34.849236 45.139027
        vertex 109.07075 -28.501581 49.015354
    endloop
endfacet
facet normal -0.1353641 -0.45289564 0.88122755
    outer loop
        vertex 103.63372 -32.78314 46.0911
        vertex 102.25941 -37.65325 43.37706
        vertex 104.34834 -34.849236 45.139027
    endloop
endfacet
facet normal -0.14743669 -0.48328057 0.86296129
    outer loop
        vertex 98.58398 -33.15632 44.990093
        vertex 96.98113 -37.028706 42.54761
        vertex 104.2284 -25.95957 49.984806
    endloop
endfacet
facet normal -0.1300199 -0.45628405 0.88028389
    outer loop
        vertex 102.25941 -37.65325 43.37706
        vertex 106.28701 -34.495434 45.60876
        vertex 104.34834 -34.849236 45.139027
    endloop
endfacet
facet normal 0.20307952 -0.51794809 0.8309564
    outer loop
        vertex 130.15848 -8.741465 59.00661
        vertex 134.34453 -2.7432394 61.72236
        vertex 130.83426 -3.4404986 62.14563
    endloop
endfacet
facet normal 0.14373016 -0.48966986 0.85997969
    outer loop
        vertex 130.15848 -8.741465 59.00661
        vertex 128.38777 -15.62586 55.3826
        vertex 134.34453 -2.7432394 61.72236
    endloop
endfacet
facet normal -0.12733299 -0.95918292 0.25249651
    outer loop
        vertex 23.011583 16.0398 87.49954
        vertex 23.405424 17.974178 95.04646
        vertex 19.945503 14.546625 80.28106
    endloop
endfacet
facet normal -0.05585237 -0.96646941 0.25063384
    outer loop
        vertex 23.011583 16.0398 87.49954
        vertex 26.081076 17.225828 92.757
        vertex 23.405424 17.974178 95.04646
    endloop
endfacet
facet normal -0.23672764 -0.71412057 0.65878069
    outer loop
        vertex 64.686676 -11.094054 52.95559
        vertex 65.903755 -14.156638 50.073086
        vertex 73.716385 -1.7425953 66.33736
    endloop
endfacet
facet normal -0.2793543 -0.71461886 0.64131194
    outer loop
        vertex 64.686676 -11.094054 52.95559
        vertex 61.817295 -15.2966 47.022762
        vertex 65.903755 -14.156638 50.073086
    endloop
endfacet
facet normal 0.13018787 -0.91492528 0.38205075
    outer loop
        vertex 53.89999 22.350986 105.9768
        vertex 55.74093 25.452372 112.776596
        vertex 53.740196 25.393251 113.31679
    endloop
endfacet
facet normal 0.09071547 -0.91030169 0.40388301
    outer loop
        vertex 53.89999 22.350986 105.9768
        vertex 53.489693 18.343107 97.0357
        vertex 57.737362 25.504044 112.22149
    endloop
endfacet
facet normal 0.26257586 -0.68516135 0.67941731
    outer loop
        vertex 117.69438 16.859175 81.847946
        vertex 120.830284 22.377934 86.20142
        vertex 119.01878 22.646591 87.17245
    endloop
endfacet
facet normal 0.26283261 -0.68519896 0.67927998
    outer loop
        vertex 117.69438 16.859175 81.847946
        vertex 122.63486 22.097311 85.220116
        vertex 120.830284 22.377934 86.20142
    endloop
endfacet
facet normal -0.08339489 -0.88696963 0.45423591
    outer loop
        vertex 52.71845 9.20112 78.64821
        vertex 50.269615 12.560461 84.75828
        vertex 48.21802 5.1051836 69.823975
    endloop
endfacet
facet normal -0.0306839 -0.88817775 0.45847434
    outer loop
        vertex 52.71845 9.20112 78.64821
        vertex 57.96518 12.689484 85.75717
        vertex 57.790657 18.615639 97.225914
    endloop
endfacet
facet normal -0.02075789 -0.87149906 0.48995766
    outer loop
        vertex 57.96518 12.689484 85.75717
        vertex 61.584118 12.864741 86.22223
        vertex 67.65502 25.650679 109.22208
    endloop
endfacet
facet normal -0.01875054 -0.87867987 0.47704318
    outer loop
        vertex 57.96518 12.689484 85.75717
        vertex 54.384445 6.351966 73.94317
        vertex 61.584118 12.864741 86.22223
    endloop
endfacet
facet normal 0.06530748 -0.67338288 0.73640376
    outer loop
        vertex 99.98334 -2.7138832 66.84211
        vertex 106.21821 0.48440227 69.21375
        vertex 108.87958 12.065674 79.56789
    endloop
endfacet
facet normal 0.04998324 -0.65593499 0.75316072
    outer loop
        vertex 99.98334 -2.7138832 66.84211
        vertex 97.53156 -10.659502 60.084904
        vertex 106.21821 0.48440227 69.21375
    endloop
endfacet
facet normal 0.08576868 -0.69760144 0.71133393
    outer loop
        vertex 100.76796 4.2443786 73.251465
        vertex 98.24672 5.9703913 75.24815
        vertex 95.2526 -5.1730094 64.68089
    endloop
endfacet
facet normal 0.13537571 -0.70368969 0.69749141
    outer loop
        vertex 100.76796 4.2443786 73.251465
        vertex 108.87958 12.065674 79.56789
        vertex 110.68568 18.506723 85.71563
    endloop
endfacet
facet normal -0.2380708 -0.52778876 0.81532896
    outer loop
        vertex 86.06446 -29.151413 44.338432
        vertex 81.22903 -27.154697 44.219055
        vertex 85.89716 -34.721756 40.68372
    endloop
endfacet
facet normal -0.24728447 -0.55120414 0.79688418
    outer loop
        vertex 86.06446 -29.151413 44.338432
        vertex 87.3802 -24.184893 48.182064
        vertex 81.22903 -27.154697 44.219055
    endloop
endfacet
facet normal -0.32133824 -0.72959101 0.60368752
    outer loop
        vertex 55.03844 -15.2570305 43.402023
        vertex 60.658524 -14.169595 47.70778
        vertex 55.982666 -13.306617 46.261814
    endloop
endfacet
facet normal -0.3460694 -0.67509419 0.65152419
    outer loop
        vertex 59.63526 -16.210255 44.917027
        vertex 62.159245 -21.337034 40.94544
        vertex 61.817295 -15.2966 47.022762
    endloop
endfacet
facet normal -0.37668845 -0.77538675 0.50683433
    outer loop
        vertex 42.221004 -6.651653 46.43336
        vertex 46.695114 -9.274213 45.746445
        vertex 45.01409 -4.5014725 51.798714
    endloop
endfacet
facet normal -0.38761285 -0.78699428 0.47999614
    outer loop
        vertex 42.221004 -6.651653 46.43336
        vertex 38.39533 -7.9973435 41.137627
        vertex 46.695114 -9.274213 45.746445
    endloop
endfacet
facet normal -0.24986294 -0.68007374 0.68925208
    outer loop
        vertex 68.06913 -20.599257 44.56141
        vertex 69.44272 -18.48845 47.14205
        vertex 69.94331 -14.654612 51.106308
    endloop
endfacet
facet normal -0.32345542 -0.6407665 0.69627208
    outer loop
        vertex 68.06913 -20.599257 44.56141
        vertex 71.26415 -23.980457 42.93401
        vertex 69.44272 -18.48845 47.14205
    endloop
endfacet
facet normal 0.15684679 -0.52095336 0.83905113
    outer loop
        vertex 123.48799 -14.90787 56.398987
        vertex 130.83426 -3.4404986 62.14563
        vertex 125.68505 -7.7700014 60.42007
    endloop
endfacet
facet normal 0.01320488 -0.46400231 0.88573551
    outer loop
        vertex 123.48799 -14.90787 56.398987
        vertex 119.39937 -25.007841 51.16896
        vertex 120.49027 -25.399902 50.94731
    endloop
endfacet
facet normal 0.13199542 -0.53944659 0.83160961
    outer loop
        vertex 125.68505 -7.7700014 60.42007
        vertex 126.0584 -4.0029097 62.80444
        vertex 120.48535 -12.967073 57.874157
    endloop
endfacet
facet normal 0.17798901 -0.53964621 0.82286203
    outer loop
        vertex 125.68505 -7.7700014 60.42007
        vertex 130.83426 -3.4404986 62.14563
        vertex 134.16644 5.7793307 67.471375
    endloop
endfacet
facet normal -0.00191496 -0.51271242 0.85855824
    outer loop
        vertex 114.45632 -20.68919 53.58005
        vertex 117.75254 -11.276852 59.20825
        vertex 112.046684 -20.043652 53.96018
    endloop
endfacet
facet normal 0.09062433 -0.52260154 0.84774697
    outer loop
        vertex 120.48535 -12.967073 57.874157
        vertex 126.0584 -4.0029097 62.80444
        vertex 117.75254 -11.276852 59.20825
    endloop
endfacet
facet normal -0.10334053 -0.95561212 0.27590981
    outer loop
        vertex 24.54134 13.302195 78.59082
        vertex 26.081076 17.225828 92.757
        vertex 23.011583 16.0398 87.49954
    endloop
endfacet
facet normal -0.09470867 -0.95669037 0.27527022
    outer loop
        vertex 24.54134 13.302195 78.59082
        vertex 27.570148 15.215792 86.28353
        vertex 26.081076 17.225828 92.757
    endloop
endfacet
facet normal -0.06538271 -0.95691335 0.28291658
    outer loop
        vertex 27.570148 15.215792 86.28353
        vertex 29.911072 16.149958 89.98417
        vertex 29.673895 20.000473 102.95302
    endloop
endfacet
facet normal -0.10328539 -0.94693637 0.30437425
    outer loop
        vertex 27.570148 15.215792 86.28353
        vertex 28.357775 12.77092 78.94458
        vertex 29.911072 16.149958 89.98417
    endloop
endfacet
facet normal -0.14992227 -0.93930268 0.30859965
    outer loop
        vertex 28.357775 12.77092 78.94458
        vertex 31.797848 12.3057165 79.19985
        vertex 29.911072 16.149958 89.98417
    endloop
endfacet
facet normal -0.29502049 -0.90686125 0.3009412
    outer loop
        vertex 24.929 7.7960224 62.055298
        vertex 23.493639 10.080933 67.53356
        vertex 21.528046 6.8898005 55.99043
    endloop
endfacet
facet normal -0.31750545 -0.83083171 0.45706558
    outer loop
        vertex 38.660786 -3.1165087 49.58221
        vertex 39.531322 -1.5929495 52.95639
        vertex 37.92962 0.022373652 54.780006
    endloop
endfacet
facet normal -0.36789328 -0.80001116 0.47395849
    outer loop
        vertex 38.660786 -3.1165087 49.58221
        vertex 38.39533 -7.9973435 41.137627
        vertex 41.686596 -0.9762899 55.543438
    endloop
endfacet
facet normal -0.14714639 -0.55350053 0.81974703
    outer loop
        vertex 91.761856 -28.984856 45.975086
        vertex 93.345505 -26.257639 48.100796
        vertex 93.18842 -23.413345 49.99309
    endloop
endfacet
facet normal -0.15516298 -0.54969084 0.82083154
    outer loop
        vertex 91.761856 -28.984856 45.975086
        vertex 96.1205 -25.840755 48.904533
        vertex 93.345505 -26.257639 48.100796
    endloop
endfacet
facet normal -0.3727594 -0.81837052 0.43740159
    outer loop
        vertex 33.70845 -3.6022966 44.400978
        vertex 37.92962 0.022373652 54.780006
        vertex 32.812096 -1.6338532 47.320015
    endloop
endfacet
facet normal -0.31777272 -0.83084983 0.45684695
    outer loop
        vertex 39.531322 -1.5929495 52.95639
        vertex 42.141586 2.9754071 63.080326
        vertex 37.92962 0.022373652 54.780006
    endloop
endfacet
facet normal -0.05278632 -0.63743407 0.76869464
    outer loop
        vertex 93.72054 -11.7343855 58.93186
        vertex 97.53156 -10.659502 60.084904
        vertex 99.98334 -2.7138832 66.84211
    endloop
endfacet
facet normal -0.05579122 -0.63165528 0.77323925
    outer loop
        vertex 93.72054 -11.7343855 58.93186
        vertex 91.16421 -18.688345 53.06676
        vertex 97.53156 -10.659502 60.084904
    endloop
endfacet
facet normal -0.15525548 -0.54940712 0.82100397
    outer loop
        vertex 93.345505 -26.257639 48.100796
        vertex 96.1205 -25.840755 48.904533
        vertex 98.097305 -18.074533 54.47543
    endloop
endfacet
facet normal -0.25005701 -0.50584376 0.82558686
    outer loop
        vertex 91.761856 -28.984856 45.975086
        vertex 85.89716 -34.721756 40.68372
        vertex 92.86002 -35.174686 42.515144
    endloop
endfacet
facet normal -0.18502469 -0.85550034 0.48361659
    outer loop
        vertex 50.200394 3.0127482 66.88096
        vertex 48.21802 5.1051836 69.823975
        vertex 46.60562 -0.6873209 58.96036
    endloop
endfacet
facet normal -0.12164637 -0.86753714 0.4822669
    outer loop
        vertex 50.200394 3.0127482 66.88096
        vertex 54.384445 6.351966 73.94317
        vertex 52.71845 9.20112 78.64821
    endloop
endfacet
facet normal 0.13608669 -0.83531147 0.53266782
    outer loop
        vertex 77.60461 16.811337 91.47996
        vertex 83.299644 25.49797 103.647064
        vertex 77.7247 20.762018 97.6446
    endloop
endfacet
facet normal 0.11223091 -0.82534665 0.55335987
    outer loop
        vertex 77.60461 16.811337 91.47996
        vertex 75.95891 10.512607 82.41906
        vertex 84.01515 20.303242 95.38803
    endloop
endfacet
facet normal 0.20664215 -0.79256648 0.57370484
    outer loop
        vertex 89.894226 15.305149 87.178825
        vertex 94.84077 25.050278 98.85992
        vertex 92.932556 25.151419 99.68696
    endloop
endfacet
facet normal 0.16203342 -0.79039335 0.59078211
    outer loop
        vertex 89.894226 15.305149 87.178825
        vertex 94.38171 19.335026 91.33952
        vertex 94.84077 25.050278 98.85992
    endloop
endfacet
facet normal -0.0984306 -0.75320411 0.65038061
    outer loop
        vertex 77.25355 0.50053394 69.47044
        vertex 73.716385 -1.7425953 66.33736
        vertex 73.896996 -5.5552206 61.9493
    endloop
endfacet
facet normal 0.04805621 -0.79074305 0.61025894
    outer loop
        vertex 77.25355 0.50053394 69.47044
        vertex 84.25396 8.984226 79.91193
        vertex 81.26147 11.265759 83.103874
    endloop
endfacet
facet normal 0.2923978 -0.57153302 0.766716
    outer loop
        vertex 134.16644 5.7793307 67.471375
        vertex 142.02933 18.220757 73.74696
        vertex 135.47362 11.786083 71.45048
    endloop
endfacet
facet normal 0.27368379 -0.5533461 0.78670526
    outer loop
        vertex 134.16644 5.7793307 67.471375
        vertex 130.83426 -3.4404986 62.14563
        vertex 141.12906 10.227427 68.17784
    endloop
endfacet
facet normal 0.11408287 -0.96063268 0.25331786
    outer loop
        vertex 29.673895 20.000473 102.95302
        vertex 31.448313 24.251324 118.27399
        vertex 29.395975 24.10282 118.63511
    endloop
endfacet
facet normal 0.06614783 -0.96343541 0.25964719
    outer loop
        vertex 29.673895 20.000473 102.95302
        vertex 32.940277 21.915337 109.22608
        vertex 31.448313 24.251324 118.27399
    endloop
endfacet
facet normal -0.41626942 -0.84310687 0.34042698
    outer loop
        vertex 25.864727 1.5707523 47.014473
        vertex 25.050247 3.9782276 51.98093
        vertex 20.493662 3.8415854 46.07079
    endloop
endfacet
facet normal -0.37557328 -0.85964978 0.34633335
    outer loop
        vertex 26.190601 2.9493089 50.663635
        vertex 26.877523 5.970889 58.908554
        vertex 25.050247 3.9782276 51.98093
    endloop
endfacet
facet normal -0.13430268 -0.44176269 0.8870222
    outer loop
        vertex 104.34834 -34.849236 45.139027
        vertex 106.28701 -34.495434 45.60876
        vertex 109.07075 -28.501581 49.015354
    endloop
endfacet
facet normal -0.18878923 -0.43690473 0.87947315
    outer loop
        vertex 102.25941 -37.65325 43.37706
        vertex 97.75368 -41.43567 40.530823
        vertex 106.84929 -41.27713 42.56206
    endloop
endfacet
facet normal 0.14942643 -0.51784068 0.84232581
    outer loop
        vertex 130.15848 -8.741465 59.00661
        vertex 130.83426 -3.4404986 62.14563
        vertex 123.48799 -14.90787 56.398987
    endloop
endfacet
facet normal 0.2032543 -0.5194068 0.83000255
    outer loop
        vertex 134.34453 -2.7432394 61.72236
        vertex 141.12906 10.227427 68.17784
        vertex 130.83426 -3.4404986 62.14563
    endloop
endfacet
facet normal -0.05468755 -0.96620458 0.25190863
    outer loop
        vertex 23.405424 17.974178 95.04646
        vertex 26.081076 17.225828 92.757
        vertex 26.312147 21.78925 110.31033
    endloop
endfacet
facet normal -0.15515833 -0.95226949 0.26288533
    outer loop
        vertex 23.011583 16.0398 87.49954
        vertex 19.945503 14.546625 80.28106
        vertex 20.136854 10.973229 67.449814
    endloop
endfacet
facet normal -0.2516174 -0.92261821 0.2923426
    outer loop
        vertex 20.136854 10.973229 67.449814
        vertex 21.24698 10.614462 67.27304
        vertex 24.54134 13.302195 78.59082
    endloop
endfacet
facet normal -0.25502136 -0.92610037 0.27803299
    outer loop
        vertex 20.136854 10.973229 67.449814
        vertex 19.06526 7.4939127 54.87765
        vertex 21.24698 10.614462 67.27304
    endloop
endfacet
facet normal 0.01896799 -0.45153683 0.8920508
    outer loop
        vertex 120.49027 -25.399902 50.94731
        vertex 119.39937 -25.007841 51.16896
        vertex 113.7419 -35.46517 45.995983
    endloop
endfacet
facet normal 0.11427688 -0.4856163 0.86667043
    outer loop
        vertex 120.49027 -25.399902 50.94731
        vertex 128.38777 -15.62586 55.3826
        vertex 130.15848 -8.741465 59.00661
    endloop
endfacet
facet normal 0.07818368 -0.54902887 0.8321386
    outer loop
        vertex 117.75254 -11.276852 59.20825
        vertex 115.22168 -9.6642275 60.510014
        vertex 112.046684 -20.043652 53.96018
    endloop
endfacet
facet normal 0.14293583 -0.56497443 0.81263357
    outer loop
        vertex 117.75254 -11.276852 59.20825
        vertex 126.0584 -4.0029097 62.80444
        vertex 130.53528 9.713362 71.55308
    endloop
endfacet
facet normal 0.05044767 -0.58088756 0.812419
    outer loop
        vertex 115.22168 -9.6642275 60.510014
        vertex 114.08803 -7.2641788 62.296467
        vertex 107.91996 -14.6176605 57.421665
    endloop
endfacet
facet normal 0.08227577 -0.56976748 0.81767696
    outer loop
        vertex 115.22168 -9.6642275 60.510014
        vertex 119.44757 -1.8281939 65.545044
        vertex 114.08803 -7.2641788 62.296467
    endloop
endfacet
facet normal -0.14258134 -0.92204684 0.35986122
    outer loop
        vertex 31.797848 12.3057165 79.19985
        vertex 35.03488 11.9162245 79.484436
        vertex 37.25585 15.246494 88.89732
    endloop
endfacet
facet normal -0.14172307 -0.92994475 0.33928937
    outer loop
        vertex 31.797848 12.3057165 79.19985
        vertex 30.265926 8.536319 68.22857
        vertex 35.03488 11.9162245 79.484436
    endloop
endfacet
facet normal -0.12339168 -0.92601937 0.35673898
    outer loop
        vertex 35.03488 11.9162245 79.484436
        vertex 37.727238 12.215928 81.19366
        vertex 37.25585 15.246494 88.89732
    endloop
endfacet
facet normal -0.24700321 -0.89427251 0.37318352
    outer loop
        vertex 35.03488 11.9162245 79.484436
        vertex 30.265926 8.536319 68.22857
        vertex 32.106506 4.098554 58.812447
    endloop
endfacet
facet normal -0.0555291 -0.90122932 0.42977002
    outer loop
        vertex 50.269615 12.560461 84.75828
        vertex 48.95417 13.978553 87.56206
        vertex 46.256348 7.7426 74.136665
    endloop
endfacet
facet normal -0.04277011 -0.89947701 0.43486989
    outer loop
        vertex 50.269615 12.560461 84.75828
        vertex 53.489693 18.343107 97.0357
        vertex 48.95417 13.978553 87.56206
    endloop
endfacet
facet normal 0.09604558 -0.65906739 0.7459259
    outer loop
        vertex 106.21821 0.48440227 69.21375
        vertex 109.18124 1.9199896 70.100655
        vertex 112.03149 10.347991 77.18027
    endloop
endfacet
facet normal -0.02150688 -0.6234675 0.78155351
    outer loop
        vertex 106.21821 0.48440227 69.21375
        vertex 97.53156 -10.659502 60.084904
        vertex 102.21645 -8.580169 61.872566
    endloop
endfacet
facet normal 0.00688243 -0.81823838 0.57483798
    outer loop
        vertex 69.62754 2.4489899 71.016914
        vertex 75.95891 10.512607 82.41906
        vertex 71.19111 9.621498 81.20772
    endloop
endfacet
facet normal -0.02923864 -0.80354542 0.59452492
    outer loop
        vertex 71.345535 1.5422857 70.06811
        vertex 75.39265 5.006762 74.949646
        vertex 75.95891 10.512607 82.41906
    endloop
endfacet
facet normal -0.33364356 -0.60590589 0.72219104
    outer loop
        vertex 74.03235 -28.02221 40.821922
        vertex 71.26415 -23.980457 42.93401
        vertex 62.159245 -21.337034 40.94544
    endloop
endfacet
facet normal -0.22373566 -0.66207391 0.71526259
    outer loop
        vertex 72.69894 -21.810322 45.40559
        vertex 74.51139 -19.11143 48.470726
        vertex 71.82006 -14.735375 51.679512
    endloop
endfacet
facet normal -0.32512727 -0.70437568 0.63098913
    outer loop
        vertex 55.982666 -13.306617 46.261814
        vertex 60.658524 -14.169595 47.70778
        vertex 62.503166 -10.609985 52.631866
    endloop
endfacet
facet normal -0.35337985 -0.67539841 0.64727104
    outer loop
        vertex 59.63526 -16.210255 44.917027
        vertex 55.03844 -15.2570305 43.402023
        vertex 62.159245 -21.337034 40.94544
    endloop
endfacet
facet normal -0.20732383 -0.63964134 0.74018633
    outer loop
        vertex 81.64564 -14.883928 54.30799
        vertex 77.919174 -17.451138 51.045734
        vertex 74.03235 -28.02221 40.821922
    endloop
endfacet
facet normal -0.17214626 -0.66896826 0.72308171
    outer loop
        vertex 81.64564 -14.883928 54.30799
        vertex 82.1147 -9.631016 59.27946
        vertex 77.919174 -17.451138 51.045734
    endloop
endfacet
facet normal -0.236361 -0.78016031 0.57920921
    outer loop
        vertex 56.0981 -4.5369215 57.666435
        vertex 56.393555 -7.9123845 53.240456
        vertex 60.221184 -1.8359991 62.986946
    endloop
endfacet
facet normal -0.2871069 -0.76998234 0.56982177
    outer loop
        vertex 56.0981 -4.5369215 57.666435
        vertex 51.994648 -6.232041 53.308334
        vertex 50.279636 -14.663119 41.051567
    endloop
endfacet
facet normal -0.22253688 -0.65839595 0.71902168
    outer loop
        vertex 77.919174 -17.451138 51.045734
        vertex 77.50311 -14.886155 53.265675
        vertex 74.51139 -19.11143 48.470726
    endloop
endfacet
facet normal -0.19468099 -0.65976125 0.72581989
    outer loop
        vertex 77.919174 -17.451138 51.045734
        vertex 82.1147 -9.631016 59.27946
        vertex 77.50311 -14.886155 53.265675
    endloop
endfacet
facet normal -0.258764 -0.7707932 0.58216751
    outer loop
        vertex 56.393555 -7.9123845 53.240456
        vertex 58.806232 -7.0191393 55.495514
        vertex 60.221184 -1.8359991 62.986946
    endloop
endfacet
facet normal -0.36017448 -0.72771317 0.58370185
    outer loop
        vertex 56.393555 -7.9123845 53.240456
        vertex 50.279636 -14.663119 41.051567
        vertex 55.982666 -13.306617 46.261814
    endloop
endfacet
facet normal -0.05764452 -0.93023103 0.36241883
    outer loop
        vertex 37.727238 12.215928 81.19366
        vertex 40.90307 15.648273 90.50869
        vertex 37.25585 15.246494 88.89732
    endloop
endfacet
facet normal -0.13511522 -0.91389251 0.38281104
    outer loop
        vertex 37.727238 12.215928 81.19366
        vertex 37.28372 8.1178 71.25357
        vertex 40.90307 15.648273 90.50869
    endloop
endfacet
facet normal 0.05556588 -0.58364642 0.81010449
    outer loop
        vertex 114.08803 -7.2641788 62.296467
        vertex 117.5605 0.8186765 67.881645
        vertex 107.91996 -14.6176605 57.421665
    endloop
endfacet
facet normal 0.13227075 -0.60131633 0.7879867
    outer loop
        vertex 114.08803 -7.2641788 62.296467
        vertex 119.44757 -1.8281939 65.545044
        vertex 117.5605 0.8186765 67.881645
    endloop
endfacet
facet normal -0.15169647 -0.74921435 0.64472169
    outer loop
        vertex 73.716385 -1.7425953 66.33736
        vertex 65.903755 -14.156638 50.073086
        vertex 73.896996 -5.5552206 61.9493
    endloop
endfacet
facet normal -0.0904001 -0.77525103 0.62515092
    outer loop
        vertex 73.716385 -1.7425953 66.33736
        vertex 75.39265 5.006762 74.949646
        vertex 71.345535 1.5422857 70.06811
    endloop
endfacet
facet normal 0.1128303 -0.63921559 0.76070553
    outer loop
        vertex 113.28021 4.1608086 71.375626
        vertex 109.18124 1.9199896 70.100655
        vertex 107.9934 -4.019391 65.28602
    endloop
endfacet
facet normal 0.2150384 -0.66017401 0.71967268
    outer loop
        vertex 113.28021 4.1608086 71.375626
        vertex 122.79092 14.798171 78.29175
        vertex 124.43253 21.804726 84.22852
    endloop
endfacet
facet normal 0.04498995 -0.63449353 0.77161765
    outer loop
        vertex 109.18124 1.9199896 70.100655
        vertex 102.21645 -8.580169 61.872566
        vertex 107.9934 -4.019391 65.28602
    endloop
endfacet
facet normal 0.17163356 -0.67824417 0.71451157
    outer loop
        vertex 106.21821 0.48440227 69.21375
        vertex 112.03149 10.347991 77.18027
        vertex 108.87958 12.065674 79.56789
    endloop
endfacet
facet normal 0.02625306 -0.91265166 0.40789443
    outer loop
        vertex 53.89999 22.350986 105.9768
        vertex 48.95417 13.978553 87.56206
        vertex 53.489693 18.343107 97.0357
    endloop
endfacet
facet normal -0.04464188 -0.91199213 0.40777111
    outer loop
        vertex 47.25624 15.89649 91.665695
        vertex 45.205357 11.367419 81.31177
        vertex 48.95417 13.978553 87.56206
    endloop
endfacet
facet normal -0.1656162 -0.8730759 0.45859525
    outer loop
        vertex 50.269615 12.560461 84.75828
        vertex 46.256348 7.7426 74.136665
        vertex 48.21802 5.1051836 69.823975
    endloop
endfacet
facet normal -0.10471179 -0.89374733 0.43617797
    outer loop
        vertex 48.95417 13.978553 87.56206
        vertex 45.205357 11.367419 81.31177
        vertex 46.256348 7.7426 74.136665
    endloop
endfacet
facet normal -0.24373053 -0.85431534 0.45906505
    outer loop
        vertex 46.256348 7.7426 74.136665
        vertex 42.141586 2.9754071 63.080326
        vertex 44.605087 2.1051857 62.768795
    endloop
endfacet
facet normal -0.16032752 -0.8902719 0.42627573
    outer loop
        vertex 46.256348 7.7426 74.136665
        vertex 45.205357 11.367419 81.31177
        vertex 40.466614 4.1268826 64.40769
    endloop
endfacet
facet normal -0.19422655 -0.56767952 0.80001003
    outer loop
        vertex 88.179596 -25.80887 47.22378
        vertex 87.3802 -24.184893 48.182064
        vertex 86.06446 -29.151413 44.338432
    endloop
endfacet
facet normal -0.2015478 -0.56946325 0.79692549
    outer loop
        vertex 88.179596 -25.80887 47.22378
        vertex 91.16421 -18.688345 53.06676
        vertex 87.3802 -24.184893 48.182064
    endloop
endfacet
facet normal -0.07514273 -0.59236622 0.8021571
    outer loop
        vertex 102.21645 -8.580169 61.872566
        vertex 98.097305 -18.074533 54.47543
        vertex 100.50453 -17.957697 54.78721
    endloop
endfacet
facet normal -0.02296399 -0.62149686 0.78307998
    outer loop
        vertex 102.21645 -8.580169 61.872566
        vertex 97.53156 -10.659502 60.084904
        vertex 95.68846 -17.109634 54.911663
    endloop
endfacet
facet normal -0.33412415 -0.7990827 0.49982786
    outer loop
        vertex 43.29141 -4.476679 50.686775
        vertex 45.01409 -4.5014725 51.798714
        vertex 46.60562 -0.6873209 58.96036
    endloop
endfacet
facet normal -0.41670638 -0.76257491 0.49480832
    outer loop
        vertex 43.29141 -4.476679 50.686775
        vertex 38.39533 -7.9973435 41.137627
        vertex 42.221004 -6.651653 46.43336
    endloop
endfacet
facet normal -0.09568978 -0.51580429 0.85134566
    outer loop
        vertex 104.2284 -25.95957 49.984806
        vertex 102.148964 -24.51519 50.626186
        vertex 98.58398 -33.15632 44.990093
    endloop
endfacet
facet normal -0.03425649 -0.52583873 0.84989417
    outer loop
        vertex 104.2284 -25.95957 49.984806
        vertex 112.046684 -20.043652 53.96018
        vertex 115.22168 -9.6642275 60.510014
    endloop
endfacet
facet normal -0.1931728 -0.50738537 0.83978838
    outer loop
        vertex 92.86002 -35.174686 42.515144
        vertex 95.765396 -33.663395 44.09655
        vertex 96.1205 -25.840755 48.904533
    endloop
endfacet
facet normal -0.18469302 -0.48231918 0.85630417
    outer loop
        vertex 98.58398 -33.15632 44.990093
        vertex 102.148964 -24.51519 50.626186
        vertex 95.765396 -33.663395 44.09655
    endloop
endfacet
facet normal -0.29921567 -0.86452729 0.40381002
    outer loop
        vertex 32.106506 4.098554 58.812447
        vertex 34.599403 3.3703086 59.100517
        vertex 37.28372 8.1178 71.25357
    endloop
endfacet
facet normal -0.29937002 -0.8685782 0.39490461
    outer loop
        vertex 32.106506 4.098554 58.812447
        vertex 31.255838 0.045465156 49.25295
        vertex 34.599403 3.3703086 59.100517
    endloop
endfacet
facet normal -0.38396734 -0.82745379 0.40974319
    outer loop
        vertex 31.255838 0.045465156 49.25295
        vertex 32.812096 -1.6338532 47.320015
        vertex 34.599403 3.3703086 59.100517
    endloop
endfacet
facet normal -0.4390333 -0.78828621 0.43110877
    outer loop
        vertex 33.70845 -3.6022966 44.400978
        vertex 26.506319 -1.339711 41.203617
        vertex 38.39533 -7.9973435 41.137627
    endloop
endfacet
facet normal 0.0439255 -0.79282004 0.60787082
    outer loop
        vertex 81.26147 11.265759 83.103874
        vertex 84.25396 8.984226 79.91193
        vertex 86.48116 18.266623 91.85762
    endloop
endfacet
facet normal -0.05658403 -0.78045446 0.62264693
    outer loop
        vertex 77.25355 0.50053394 69.47044
        vertex 75.39265 5.006762 74.949646
        vertex 73.716385 -1.7425953 66.33736
    endloop
endfacet
facet normal 0.03917665 -0.80904746 0.58643603
    outer loop
        vertex 81.26147 11.265759 83.103874
        vertex 84.01515 20.303242 95.38803
        vertex 75.95891 10.512607 82.41906
    endloop
endfacet
facet normal 0.19829078 -0.81113082 0.5502249
    outer loop
        vertex 86.48116 18.266623 91.85762
        vertex 91.01745 25.240595 100.50372
        vertex 89.09543 25.317804 101.3102
    endloop
endfacet
facet normal -0.30398157 -0.68418968 0.66293263
    outer loop
        vertex 65.903755 -14.156638 50.073086
        vertex 61.817295 -15.2966 47.022762
        vertex 62.159245 -21.337034 40.94544
    endloop
endfacet
facet normal -0.15119731 -0.73589802 0.6599952
    outer loop
        vertex 77.25355 0.50053394 69.47044
        vertex 73.896996 -5.5552206 61.9493
        vertex 76.071594 -7.5087185 60.269314
    endloop
endfacet
facet normal -0.31427619 -0.70772475 0.63273704
    outer loop
        vertex 61.817295 -15.2966 47.022762
        vertex 60.658524 -14.169595 47.70778
        vertex 59.63526 -16.210255 44.917027
    endloop
endfacet
facet normal -0.31630895 -0.708601 0.63074017
    outer loop
        vertex 61.817295 -15.2966 47.022762
        vertex 62.503166 -10.609985 52.631866
        vertex 60.658524 -14.169595 47.70778
    endloop
endfacet
facet normal 0.18979913 -0.8237496 0.53424054
    outer loop
        vertex 84.01515 20.303242 95.38803
        vertex 87.1678 25.38531 102.10407
        vertex 85.23587 25.445364 102.883026
    endloop
endfacet
facet normal 0.19096337 -0.8238067 0.53373712
    outer loop
        vertex 84.01515 20.303242 95.38803
        vertex 89.09543 25.317804 101.3102
        vertex 87.1678 25.38531 102.10407
    endloop
endfacet
facet normal 0.23222013 -0.61525118 0.7533524
    outer loop
        vertex 130.53528 9.713362 71.55308
        vertex 128.59682 13.500113 75.24319
        vertex 119.44757 -1.8281939 65.545044
    endloop
endfacet
facet normal 0.31151021 -0.61033887 0.72831857
    outer loop
        vertex 130.53528 9.713362 71.55308
        vertex 136.82281 19.421583 76.99942
        vertex 135.07352 19.797928 78.062996
    endloop
endfacet
facet normal 0.05760887 -0.950486 0.30538103
    outer loop
        vertex 36.0404 20.804167 105.00842
        vertex 40.837845 21.96933 107.72993
        vertex 39.61466 24.77085 116.68029
    endloop
endfacet
facet normal -0.0755541 -0.9433589 0.32305667
    outer loop
        vertex 36.0404 20.804167 105.00842
        vertex 29.911072 16.149958 89.98417
        vertex 31.797848 12.3057165 79.19985
    endloop
endfacet
facet normal 0.11321633 -0.96722901 0.22726616
    outer loop
        vertex 26.312147 21.78925 110.31033
        vertex 27.339338 23.94687 118.98131
        vertex 25.2784 23.78347 119.31258
    endloop
endfacet
facet normal 0.03466537 -0.96735787 0.25103223
    outer loop
        vertex 26.312147 21.78925 110.31033
        vertex 26.081076 17.225828 92.757
        vertex 29.673895 20.000473 102.95302
    endloop
endfacet
facet normal 0.34529659 -0.56264365 0.75113404
    outer loop
        vertex 141.12906 10.227427 68.17784
        vertex 145.46577 17.360378 71.52725
        vertex 143.751 17.79655 72.64225
    endloop
endfacet
facet normal 0.34659636 -0.56302005 0.75025284
    outer loop
        vertex 141.12906 10.227427 68.17784
        vertex 147.17365 16.912241 70.40196
        vertex 145.46577 17.360378 71.52725
    endloop
endfacet
facet normal -0.09116719 -0.42420545 0.90096521
    outer loop
        vertex 113.7419 -35.46517 45.995983
        vertex 112.14316 -33.364487 46.823284
        vertex 106.84929 -41.27713 42.56206
    endloop
endfacet
facet normal -0.07038394 -0.41144028 0.90871507
    outer loop
        vertex 113.7419 -35.46517 45.995983
        vertex 119.39937 -25.007841 51.16896
        vertex 112.14316 -33.364487 46.823284
    endloop
endfacet
facet normal -0.34821758 -0.89271003 0.28603047
    outer loop
        vertex 19.06526 7.4939127 54.87765
        vertex 21.528046 6.8898005 55.99043
        vertex 21.24698 10.614462 67.27304
    endloop
endfacet
facet normal -0.41920227 -0.86068529 0.28894684
    outer loop
        vertex 19.06526 7.4939127 54.87765
        vertex 16.920166 6.500292 48.805866
        vertex 20.493662 3.8415854 46.07079
    endloop
endfacet
facet normal -0.30316016 -0.79139245 0.53084075
    outer loop
        vertex 51.994648 -6.232041 53.308334
        vertex 50.268295 -4.426628 55.013985
        vertex 46.695114 -9.274213 45.746445
    endloop
endfacet
facet normal -0.28208873 -0.78746825 0.54801422
    outer loop
        vertex 51.994648 -6.232041 53.308334
        vertex 55.264324 0.096257694 64.08483
        vertex 50.268295 -4.426628 55.013985
    endloop
endfacet
facet normal -0.18943517 -0.62701803 0.75562078
    outer loop
        vertex 82.026054 -19.637295 50.32143
        vertex 84.91247 -19.433426 51.21423
        vertex 87.26482 -11.228556 58.61241
    endloop
endfacet
facet normal -0.28742668 -0.58510095 0.75831568
    outer loop
        vertex 82.026054 -19.637295 50.32143
        vertex 74.03235 -28.02221 40.821922
        vertex 81.22903 -27.154697 44.219055
    endloop
endfacet
facet normal 0.00524528 -0.60344034 0.79739088
    outer loop
        vertex 102.21645 -8.580169 61.872566
        vertex 100.50453 -17.957697 54.78721
        vertex 107.9934 -4.019391 65.28602
    endloop
endfacet
facet normal -0.07857116 -0.56778771 0.8194167
    outer loop
        vertex 98.097305 -18.074533 54.47543
        vertex 96.1205 -25.840755 48.904533
        vertex 100.50453 -17.957697 54.78721
    endloop
endfacet
facet normal -0.2502003 -0.86510015 0.4347429
    outer loop
        vertex 42.141586 2.9754071 63.080326
        vertex 40.466614 4.1268826 64.40769
        vertex 37.92962 0.022373652 54.780006
    endloop
endfacet
facet normal -0.17822529 -0.85467637 0.4876107
    outer loop
        vertex 52.71845 9.20112 78.64821
        vertex 48.21802 5.1051836 69.823975
        vertex 50.200394 3.0127482 66.88096
    endloop
endfacet
facet normal 0.08370829 -0.86699897 0.49122888
    outer loop
        vertex 72.99763 18.941027 95.65316
        vertex 70.11997 21.215237 100.15742
        vertex 64.06949 10.911498 83.00278
    endloop
endfacet
facet normal 0.16591351 -0.85698301 0.48790663
    outer loop
        vertex 72.99763 18.941027 95.65316
        vertex 77.465164 25.6111 105.84961
        vertex 75.511734 25.633913 106.55395
    endloop
endfacet
facet normal 0.16387035 -0.76076353 0.62800115
    outer loop
        vertex 96.37521 16.421335 87.20406
        vertex 101.72903 18.435959 88.24757
        vertex 102.4045 24.526058 95.44888
    endloop
endfacet
facet normal 0.04059117 -0.74293661 0.6681298
    outer loop
        vertex 96.37521 16.421335 87.20406
        vertex 87.02409 6.415259 76.645775
        vertex 93.96011 4.8037987 74.4325
    endloop
endfacet
facet normal 0.01713823 -0.67844564 0.7344507
    outer loop
        vertex 100.76796 4.2443786 73.251465
        vertex 95.2526 -5.1730094 64.68089
        vertex 99.98334 -2.7138832 66.84211
    endloop
endfacet
facet normal -0.08232055 -0.65700734 0.74937636
    outer loop
        vertex 93.72054 -11.7343855 58.93186
        vertex 89.81533 -11.114299 59.04652
        vertex 84.91247 -19.433426 51.21423
    endloop
endfacet
facet normal -0.23589331 -0.83499742 0.49712545
    outer loop
        vertex 45.01409 -4.5014725 51.798714
        vertex 50.200394 3.0127482 66.88096
        vertex 46.60562 -0.6873209 58.96036
    endloop
endfacet
facet normal -0.05648286 -0.88427401 0.46353984
    outer loop
        vertex 50.269615 12.560461 84.75828
        vertex 52.71845 9.20112 78.64821
        vertex 57.790657 18.615639 97.225914
    endloop
endfacet
facet normal 0.27933779 -0.65798247 0.69930643
    outer loop
        vertex 122.79092 14.798171 78.29175
        vertex 126.2233 21.500172 83.22665
        vertex 124.43253 21.804726 84.22852
    endloop
endfacet
facet normal 0.24865739 -0.63662958 0.72998106
    outer loop
        vertex 122.79092 14.798171 78.29175
        vertex 117.5605 0.8186765 67.881645
        vertex 129.7841 20.855171 81.19204
    endloop
endfacet
facet normal 0.12321689 -0.92936635 0.34798852
    outer loop
        vertex 47.37233 21.933228 106.32058
        vertex 49.72583 25.252665 114.3524
        vertex 47.712196 25.171198 114.847824
    endloop
endfacet
facet normal 0.12266298 -0.92937702 0.34815523
    outer loop
        vertex 47.37233 21.933228 106.32058
        vertex 51.73516 25.326683 113.84206
        vertex 49.72583 25.252665 114.3524
    endloop
endfacet
facet normal -0.26578748 -0.7551018 0.59931487
    outer loop
        vertex 55.982666 -13.306617 46.261814
        vertex 57.130768 -10.8776655 49.831318
        vertex 56.393555 -7.9123845 53.240456
    endloop
endfacet
facet normal -0.27522478 -0.7513361 0.59978783
    outer loop
        vertex 55.982666 -13.306617 46.261814
        vertex 62.503166 -10.609985 52.631866
        vertex 57.130768 -10.8776655 49.831318
    endloop
endfacet
facet normal -0.29603848 -0.65406543 0.69610316
    outer loop
        vertex 69.44272 -18.48845 47.14205
        vertex 72.69894 -21.810322 45.40559
        vertex 71.82006 -14.735375 51.679512
    endloop
endfacet
facet normal -0.33724824 -0.64756489 0.6833179
    outer loop
        vertex 71.26415 -23.980457 42.93401
        vertex 68.06913 -20.599257 44.56141
        vertex 62.159245 -21.337034 40.94544
    endloop
endfacet
facet normal 0.02335437 -0.55348855 0.83252925
    outer loop
        vertex 104.2284 -25.95957 49.984806
        vertex 115.22168 -9.6642275 60.510014
        vertex 107.91996 -14.6176605 57.421665
    endloop
endfacet
facet normal 0.1512284 -0.59140354 0.792068
    outer loop
        vertex 119.44757 -1.8281939 65.545044
        vertex 128.59682 13.500113 75.24319
        vertex 117.5605 0.8186765 67.881645
    endloop
endfacet
facet normal -0.04868381 -0.93770635 0.34400082
    outer loop
        vertex 37.25585 15.246494 88.89732
        vertex 40.90307 15.648273 90.50869
        vertex 40.837845 21.96933 107.72993
    endloop
endfacet
facet normal -0.18287516 -0.91072452 0.37032098
    outer loop
        vertex 37.28372 8.1178 71.25357
        vertex 35.03488 11.9162245 79.484436
        vertex 32.106506 4.098554 58.812447
    endloop
endfacet
facet normal -0.41617694 -0.83057517 0.37005615
    outer loop
        vertex 20.493662 3.8415854 46.07079
        vertex 26.506319 -1.339711 41.203617
        vertex 25.864727 1.5707523 47.014473
    endloop
endfacet
facet normal -0.46275139 -0.82985997 0.31175902
    outer loop
        vertex 20.493662 3.8415854 46.07079
        vertex 14.612611 5.30978 41.24954
        vertex 26.506319 -1.339711 41.203617
    endloop
endfacet
facet normal -0.35569364 -0.88231713 0.30821848
    outer loop
        vertex 20.493662 3.8415854 46.07079
        vertex 21.528046 6.8898005 55.99043
        vertex 19.06526 7.4939127 54.87765
    endloop
endfacet
facet normal -0.29612681 -0.89434052 0.33535644
    outer loop
        vertex 25.050247 3.9782276 51.98093
        vertex 26.877523 5.970889 58.908554
        vertex 24.929 7.7960224 62.055298
    endloop
endfacet
facet normal -0.24021275 -0.68245071 0.69033241
    outer loop
        vertex 69.44272 -18.48845 47.14205
        vertex 71.82006 -14.735375 51.679512
        vertex 69.94331 -14.654612 51.106308
    endloop
endfacet
facet normal -0.21799928 -0.66074282 0.7182585
    outer loop
        vertex 74.51139 -19.11143 48.470726
        vertex 77.50311 -14.886155 53.265675
        vertex 71.82006 -14.735375 51.679512
    endloop
endfacet
facet normal -0.19647922 -0.36862096 0.90857834
    outer loop
        vertex 106.84929 -41.27713 42.56206
        vertex 97.75368 -41.43567 40.530823
        vertex 109.60189 -48.163963 40.36324
    endloop
endfacet
facet normal -0.16939087 -0.41552788 0.89366847
    outer loop
        vertex 106.84929 -41.27713 42.56206
        vertex 106.28701 -34.495434 45.60876
        vertex 102.25941 -37.65325 43.37706
    endloop
endfacet
facet normal -0.13387533 -0.41532382 0.89976859
    outer loop
        vertex 106.28701 -34.495434 45.60876
        vertex 106.84929 -41.27713 42.56206
        vertex 112.85419 -27.14854 49.97713
    endloop
endfacet
facet normal -0.14130533 -0.35190952 0.92530674
    outer loop
        vertex 112.01519 -41.17772 43.388763
        vertex 106.84929 -41.27713 42.56206
        vertex 109.60189 -48.163963 40.36324
    endloop
endfacet
facet normal -0.27555647 -0.75075072 0.6003682
    outer loop
        vertex 57.130768 -10.8776655 49.831318
        vertex 62.503166 -10.609985 52.631866
        vertex 62.830276 -2.230137 63.260868
    endloop
endfacet
facet normal -0.38580969 -0.69636685 0.60516459
    outer loop
        vertex 62.159245 -21.337034 40.94544
        vertex 55.03844 -15.2570305 43.402023
        vertex 50.279636 -14.663119 41.051567
    endloop
endfacet
facet normal 0.08935021 -0.68022245 0.7275396
    outer loop
        vertex 99.98334 -2.7138832 66.84211
        vertex 108.87958 12.065674 79.56789
        vertex 100.76796 4.2443786 73.251465
    endloop
endfacet
facet normal 0.25773668 -0.69324845 0.67303681
    outer loop
        vertex 112.03149 10.347991 77.18027
        vertex 119.01878 22.646591 87.17245
        vertex 117.200386 22.903282 88.133194
    endloop
endfacet
facet normal 0.2431058 -0.71850628 0.65165031
    outer loop
        vertex 110.68568 18.506723 85.71563
        vertex 115.375084 23.148008 89.08365
        vertex 113.54287 23.38077 90.02382
    endloop
endfacet
facet normal 0.08930396 -0.65036154 0.75435704
    outer loop
        vertex 109.18124 1.9199896 70.100655
        vertex 106.21821 0.48440227 69.21375
        vertex 102.21645 -8.580169 61.872566
    endloop
endfacet
facet normal 0.03823897 -0.9026565 0.42865953
    outer loop
        vertex 53.489693 18.343107 97.0357
        vertex 57.790657 18.615639 97.225914
        vertex 59.729496 25.548267 111.65145
    endloop
endfacet
facet normal -0.01692966 -0.90847605 0.41759405
    outer loop
        vertex 48.95417 13.978553 87.56206
        vertex 53.89999 22.350986 105.9768
        vertex 47.25624 15.89649 91.665695
    endloop
endfacet
facet normal 0.13841914 -0.89977783 0.4138115
    outer loop
        vertex 57.790657 18.615639 97.225914
        vertex 61.717323 25.585043 111.06649
        vertex 59.729496 25.548267 111.65145
    endloop
endfacet
facet normal 0.09973013 -0.89978194 0.42478991
    outer loop
        vertex 57.790657 18.615639 97.225914
        vertex 61.91308 22.443089 104.3653
        vertex 61.717323 25.585043 111.06649
    endloop
endfacet
facet normal -0.27733526 -0.52121454 0.8071062
    outer loop
        vertex 86.06446 -29.151413 44.338432
        vertex 85.89716 -34.721756 40.68372
        vertex 88.179596 -25.80887 47.22378
    endloop
endfacet
facet normal -0.30141851 -0.54987741 0.7789619
    outer loop
        vertex 81.22903 -27.154697 44.219055
        vertex 74.03235 -28.02221 40.821922
        vertex 85.89716 -34.721756 40.68372
    endloop
endfacet
facet normal -0.19584423 -0.60544479 0.77141529
    outer loop
        vertex 81.22903 -27.154697 44.219055
        vertex 84.91247 -19.433426 51.21423
        vertex 82.026054 -19.637295 50.32143
    endloop
endfacet
facet normal -0.10995774 -0.61688447 0.7793349
    outer loop
        vertex 87.3802 -24.184893 48.182064
        vertex 91.16421 -18.688345 53.06676
        vertex 93.72054 -11.7343855 58.93186
    endloop
endfacet
facet normal -0.41048637 -0.73875117 0.53455359
    outer loop
        vertex 46.695114 -9.274213 45.746445
        vertex 38.39533 -7.9973435 41.137627
        vertex 50.279636 -14.663119 41.051567
    endloop
endfacet
facet normal -0.33063042 -0.8039555 0.49430656
    outer loop
        vertex 42.221004 -6.651653 46.43336
        vertex 45.01409 -4.5014725 51.798714
        vertex 43.29141 -4.476679 50.686775
    endloop
endfacet
facet normal -0.29798838 -0.80954915 0.50579935
    outer loop
        vertex 45.01409 -4.5014725 51.798714
        vertex 50.268295 -4.426628 55.013985
        vertex 50.200394 3.0127482 66.88096
    endloop
endfacet
facet normal -0.37579742 -0.73812127 0.56031531
    outer loop
        vertex 51.994648 -6.232041 53.308334
        vertex 46.695114 -9.274213 45.746445
        vertex 50.279636 -14.663119 41.051567
    endloop
endfacet
facet normal 0.068911 -0.72921377 0.68080723
    outer loop
        vertex 93.96011 4.8037987 74.4325
        vertex 98.24672 5.9703913 75.24815
        vertex 101.72903 18.435959 88.24757
    endloop
endfacet
facet normal -0.11420187 -0.67321253 0.73057711
    outer loop
        vertex 93.96011 4.8037987 74.4325
        vertex 82.1147 -9.631016 59.27946
        vertex 87.26482 -11.228556 58.61241
    endloop
endfacet
facet normal 0.22442709 -0.75436038 0.61690587
    outer loop
        vertex 101.72903 18.435959 88.24757
        vertex 104.27817 24.36509 94.57042
        vertex 102.4045 24.526058 95.44888
    endloop
endfacet
facet normal 0.17721175 -0.73363268 0.65603286
    outer loop
        vertex 101.72903 18.435959 88.24757
        vertex 98.24672 5.9703913 75.24815
        vertex 108.00477 24.007257 92.78263
    endloop
endfacet
facet normal -0.13224137 -0.84489322 0.51833153
    outer loop
        vertex 60.005634 5.2398386 73.39073
        vertex 61.584118 12.864741 86.22223
        vertex 53.5373 1.4083343 65.495026
    endloop
endfacet
facet normal -0.00461663 -0.85652262 0.51608884
    outer loop
        vertex 64.06949 10.911498 83.00278
        vertex 70.11997 21.215237 100.15742
        vertex 61.584118 12.864741 86.22223
    endloop
endfacet
facet normal 0.15735082 -0.86964709 0.46792591
    outer loop
        vertex 70.11997 21.215237 100.15742
        vertex 73.554 25.649275 107.24337
        vertex 71.59197 25.657192 107.91786
    endloop
endfacet
facet normal 0.15787502 -0.86967826 0.46769145
    outer loop
        vertex 70.11997 21.215237 100.15742
        vertex 75.511734 25.633913 106.55395
        vertex 73.554 25.649275 107.24337
    endloop
endfacet
facet normal 0.11845358 -0.94289374 0.31131989
    outer loop
        vertex 40.837845 21.96933 107.72993
        vertex 41.645493 24.882109 116.24455
        vertex 39.61466 24.77085 116.68029
    endloop
endfacet
facet normal 0.06212844 -0.93687028 0.34411362
    outer loop
        vertex 40.837845 21.96933 107.72993
        vertex 40.90307 15.648273 90.50869
        vertex 45.694263 25.082283 115.32832
    endloop
endfacet
facet normal 0.29884425 -0.62897843 0.71768951
    outer loop
        vertex 128.59682 13.500113 75.24319
        vertex 133.31728 20.162308 79.1163
        vertex 131.55415 20.514723 80.15932
    endloop
endfacet
facet normal 0.2995837 -0.6292066 0.71718103
    outer loop
        vertex 128.59682 13.500113 75.24319
        vertex 135.07352 19.797928 78.062996
        vertex 133.31728 20.162308 79.1163
    endloop
endfacet
facet normal -0.07986555 -0.74675697 0.6602844
    outer loop
        vertex 77.25355 0.50053394 69.47044
        vertex 76.071594 -7.5087185 60.269314
        vertex 84.25396 8.984226 79.91193
    endloop
endfacet
facet normal -0.14276581 -0.73191261 0.66627467
    outer loop
        vertex 73.896996 -5.5552206 61.9493
        vertex 69.94331 -14.654612 51.106308
        vertex 76.071594 -7.5087185 60.269314
    endloop
endfacet
facet normal -0.24060087 -0.68078816 0.69183731
    outer loop
        vertex 69.94331 -14.654612 51.106308
        vertex 71.82006 -14.735375 51.679512
        vertex 76.071594 -7.5087185 60.269314
    endloop
endfacet
facet normal -0.3377879 -0.64656681 0.68399626
    outer loop
        vertex 69.94331 -14.654612 51.106308
        vertex 62.159245 -21.337034 40.94544
        vertex 68.06913 -20.599257 44.56141
    endloop
endfacet
facet normal -0.20336285 -0.43668854 0.87632561
    outer loop
        vertex 96.98113 -37.028706 42.54761
        vertex 92.86002 -35.174686 42.515144
        vertex 97.75368 -41.43567 40.530823
    endloop
endfacet
facet normal -0.20016076 -0.50486416 0.83967131
    outer loop
        vertex 92.86002 -35.174686 42.515144
        vertex 96.1205 -25.840755 48.904533
        vertex 91.761856 -28.984856 45.975086
    endloop
endfacet
facet normal -0.37906092 -0.81476939 0.43870682
    outer loop
        vertex 37.92962 0.022373652 54.780006
        vertex 33.70845 -3.6022966 44.400978
        vertex 38.660786 -3.1165087 49.58221
    endloop
endfacet
facet normal -0.41057876 -0.78379595 0.4659282
    outer loop
        vertex 38.660786 -3.1165087 49.58221
        vertex 33.70845 -3.6022966 44.400978
        vertex 38.39533 -7.9973435 41.137627
    endloop
endfacet
facet normal 0.0088615 -0.82181782 0.56968147
    outer loop
        vertex 71.19111 9.621498 81.20772
        vertex 75.95891 10.512607 82.41906
        vertex 77.60461 16.811337 91.47996
    endloop
endfacet
facet normal -0.22425465 -0.77327019 0.59309626
    outer loop
        vertex 57.130768 -10.8776655 49.831318
        vertex 62.830276 -2.230137 63.260868
        vertex 58.806232 -7.0191393 55.495514
    endloop
endfacet
facet normal 0.16663006 -0.85701197 0.48761147
    outer loop
        vertex 72.99763 18.941027 95.65316
        vertex 79.41429 25.58084 105.130356
        vertex 77.465164 25.6111 105.84961
    endloop
endfacet
facet normal 0.08201204 -0.83983076 0.53661746
    outer loop
        vertex 77.7247 20.762018 97.6446
        vertex 71.19111 9.621498 81.20772
        vertex 77.60461 16.811337 91.47996
    endloop
endfacet
facet normal 0.03242057 -0.77204365 0.6347422
    outer loop
        vertex 87.02409 6.415259 76.645775
        vertex 84.25396 8.984226 79.91193
        vertex 76.071594 -7.5087185 60.269314
    endloop
endfacet
facet normal 0.11968863 -0.77454007 0.62109768
    outer loop
        vertex 87.02409 6.415259 76.645775
        vertex 94.38171 19.335026 91.33952
        vertex 89.894226 15.305149 87.178825
    endloop
endfacet
facet normal 0.2093672 -0.78452134 0.58368796
    outer loop
        vertex 94.38171 19.335026 91.33952
        vertex 98.63645 24.8121 97.174965
        vertex 96.742065 24.937172 98.02258
    endloop
endfacet
facet normal 0.14935553 -0.77297467 0.61660618
    outer loop
        vertex 94.38171 19.335026 91.33952
        vertex 96.37521 16.421335 87.20406
        vertex 98.63645 24.8121 97.174965
    endloop
endfacet
facet normal 0.17595565 -0.53886658 0.82380974
    outer loop
        vertex 126.0584 -4.0029097 62.80444
        vertex 125.68505 -7.7700014 60.42007
        vertex 134.16644 5.7793307 67.471375
    endloop
endfacet
facet normal 0.01184939 -0.46357849 0.88597667
    outer loop
        vertex 119.39937 -25.007841 51.16896
        vertex 123.48799 -14.90787 56.398987
        vertex 117.572815 -23.746674 51.853283
    endloop
endfacet
facet normal 0.31242287 -0.61059165 0.72771543
    outer loop
        vertex 130.53528 9.713362 71.55308
        vertex 138.56523 19.033272 75.92555
        vertex 136.82281 19.421583 76.99942
    endloop
endfacet
facet normal 0.23806529 -0.57185555 0.78505176
    outer loop
        vertex 135.47362 11.786083 71.45048
        vertex 126.0584 -4.0029097 62.80444
        vertex 134.16644 5.7793307 67.471375
    endloop
endfacet
facet normal -0.15859476 -0.94171035 0.29669741
    outer loop
        vertex 28.357775 12.77092 78.94458
        vertex 27.570148 15.215792 86.28353
        vertex 24.54134 13.302195 78.59082
    endloop
endfacet
facet normal 0.01484288 -0.95845944 0.28484276
    outer loop
        vertex 29.911072 16.149958 89.98417
        vertex 32.940277 21.915337 109.22608
        vertex 29.673895 20.000473 102.95302
    endloop
endfacet
facet normal 0.1134903 -0.9572283 0.26614627
    outer loop
        vertex 32.940277 21.915337 109.22608
        vertex 35.540085 24.525984 117.50699
        vertex 33.49635 24.392378 117.89795
    endloop
endfacet
facet normal 0.04725286 -0.95682055 0.28681308
    outer loop
        vertex 32.940277 21.915337 109.22608
        vertex 36.0404 20.804167 105.00842
        vertex 35.540085 24.525984 117.50699
    endloop
endfacet
facet normal -0.17754869 -0.75738764 0.62836331
    outer loop
        vertex 64.686676 -11.094054 52.95559
        vertex 71.345535 1.5422857 70.06811
        vertex 66.23598 -4.0073442 61.935207
    endloop
endfacet
facet normal 0.12500623 -0.79459429 0.59413242
    outer loop
        vertex 86.48116 18.266623 91.85762
        vertex 84.25396 8.984226 79.91193
        vertex 89.894226 15.305149 87.178825
    endloop
endfacet
facet normal -0.36152187 -0.86529344 0.34723094
    outer loop
        vertex 26.877523 5.970889 58.908554
        vertex 26.190601 2.9493089 50.663635
        vertex 28.013783 2.8033063 52.198017
    endloop
endfacet
facet normal -0.28699246 -0.85158563 0.43867654
    outer loop
        vertex 37.92962 0.022373652 54.780006
        vertex 40.466614 4.1268826 64.40769
        vertex 34.599403 3.3703086 59.100517
    endloop
endfacet
facet normal -0.11428732 -0.5525462 0.82560956
    outer loop
        vertex 96.1205 -25.840755 48.904533
        vertex 102.148964 -24.51519 50.626186
        vertex 100.50453 -17.957697 54.78721
    endloop
endfacet
facet normal -0.18886283 -0.43683216 0.8794933
    outer loop
        vertex 102.25941 -37.65325 43.37706
        vertex 103.63372 -32.78314 46.0911
        vertex 97.75368 -41.43567 40.530823
    endloop
endfacet
facet normal -0.24428031 -0.91562819 0.31929946
    outer loop
        vertex 28.357775 12.77092 78.94458
        vertex 24.929 7.7960224 62.055298
        vertex 27.952724 9.348881 68.8216
    endloop
endfacet
facet normal -0.39170709 -0.86193371 0.32192522
    outer loop
        vertex 25.050247 3.9782276 51.98093
        vertex 24.929 7.7960224 62.055298
        vertex 20.493662 3.8415854 46.07079
    endloop
endfacet
facet normal -0.25311247 -0.92053121 0.29758409
    outer loop
        vertex 21.528046 6.8898005 55.99043
        vertex 23.493639 10.080933 67.53356
        vertex 21.24698 10.614462 67.27304
    endloop
endfacet
facet normal -0.15029864 -0.93473405 0.32199761
    outer loop
        vertex 28.357775 12.77092 78.94458
        vertex 27.952724 9.348881 68.8216
        vertex 31.797848 12.3057165 79.19985
    endloop
endfacet
facet normal -0.09358114 -0.47775212 0.87349617
    outer loop
        vertex 103.63372 -32.78314 46.0911
        vertex 109.07075 -28.501581 49.015354
        vertex 112.046684 -20.043652 53.96018
    endloop
endfacet
facet normal 0.00549645 -0.48875907 0.87240148
    outer loop
        vertex 112.85419 -27.14854 49.97713
        vertex 117.572815 -23.746674 51.853283
        vertex 120.48535 -12.967073 57.874157
    endloop
endfacet
facet normal 0.00279401 -0.48765576 0.87303156
    outer loop
        vertex 114.45632 -20.68919 53.58005
        vertex 112.85419 -27.14854 49.97713
        vertex 120.48535 -12.967073 57.874157
    endloop
endfacet
facet normal -0.05015538 -0.44733289 0.89296019
    outer loop
        vertex 112.14316 -33.364487 46.823284
        vertex 112.85419 -27.14854 49.97713
        vertex 106.84929 -41.27713 42.56206
    endloop
endfacet
facet normal -0.17240807 -0.59196526 0.7873072
    outer loop
        vertex 84.91247 -19.433426 51.21423
        vertex 87.3802 -24.184893 48.182064
        vertex 93.72054 -11.7343855 58.93186
    endloop
endfacet
facet normal -0.20753962 -0.60055661 0.77217811
    outer loop
        vertex 87.3802 -24.184893 48.182064
        vertex 84.91247 -19.433426 51.21423
        vertex 81.22903 -27.154697 44.219055
    endloop
endfacet
facet normal -0.09901648 -0.65055621 0.75297564
    outer loop
        vertex 84.91247 -19.433426 51.21423
        vertex 89.81533 -11.114299 59.04652
        vertex 87.26482 -11.228556 58.61241
    endloop
endfacet
facet normal -0.08032537 -0.64620721 0.75892299
    outer loop
        vertex 89.81533 -11.114299 59.04652
        vertex 93.72054 -11.7343855 58.93186
        vertex 95.2526 -5.1730094 64.68089
    endloop
endfacet
facet normal -0.24904856 -0.8387661 0.48419639
    outer loop
        vertex 44.605087 2.1051857 62.768795
        vertex 46.60562 -0.6873209 58.96036
        vertex 48.21802 5.1051836 69.823975
    endloop
endfacet
facet normal -0.18411921 -0.83326364 0.52131742
    outer loop
        vertex 50.268295 -4.426628 55.013985
        vertex 53.5373 1.4083343 65.495026
        vertex 50.200394 3.0127482 66.88096
    endloop
endfacet
facet normal -0.1914268 -0.83863747 0.50994414
    outer loop
        vertex 50.200394 3.0127482 66.88096
        vertex 53.5373 1.4083343 65.495026
        vertex 54.384445 6.351966 73.94317
    endloop
endfacet
facet normal -0.31458318 -0.78588992 0.53236681
    outer loop
        vertex 50.268295 -4.426628 55.013985
        vertex 45.01409 -4.5014725 51.798714
        vertex 46.695114 -9.274213 45.746445
    endloop
endfacet
facet normal -0.27762249 -0.7537781 0.5956043
    outer loop
        vertex 57.130768 -10.8776655 49.831318
        vertex 58.806232 -7.0191393 55.495514
        vertex 56.393555 -7.9123845 53.240456
    endloop
endfacet
facet normal -0.16402116 -0.7721988 0.61384523
    outer loop
        vertex 62.503166 -10.609985 52.631866
        vertex 66.23598 -4.0073442 61.935207
        vertex 62.830276 -2.230137 63.260868
    endloop
endfacet
facet normal -0.21051709 -0.69424218 0.68826616
    outer loop
        vertex 71.82006 -14.735375 51.679512
        vertex 77.50311 -14.886155 53.265675
        vertex 76.071594 -7.5087185 60.269314
    endloop
endfacet
facet normal -0.29092115 -0.60771132 0.73895323
    outer loop
        vertex 77.919174 -17.451138 51.045734
        vertex 72.69894 -21.810322 45.40559
        vertex 74.03235 -28.02221 40.821922
    endloop
endfacet
facet normal -0.12861018 -0.69578934 0.70663756
    outer loop
        vertex 77.50311 -14.886155 53.265675
        vertex 82.1147 -9.631016 59.27946
        vertex 76.071594 -7.5087185 60.269314
    endloop
endfacet
facet normal -0.21088013 -0.63800174 0.74059665
    outer loop
        vertex 81.64564 -14.883928 54.30799
        vertex 74.03235 -28.02221 40.821922
        vertex 82.026054 -19.637295 50.32143
    endloop
endfacet
facet normal -0.22887813 -0.78489172 0.5758124
    outer loop
        vertex 56.0981 -4.5369215 57.666435
        vertex 60.221184 -1.8359991 62.986946
        vertex 63.05088 3.7085009 71.66944
    endloop
endfacet
facet normal -0.16553958 -0.77354127 0.61174387
    outer loop
        vertex 62.830276 -2.230137 63.260868
        vertex 66.23598 -4.0073442 61.935207
        vertex 69.62754 2.4489899 71.016914
    endloop
endfacet
facet normal -0.25593558 -0.70598358 0.66036683
    outer loop
        vertex 62.159245 -21.337034 40.94544
        vertex 69.94331 -14.654612 51.106308
        vertex 65.903755 -14.156638 50.073086
    endloop
endfacet
facet normal -0.02342885 -0.83649176 0.54747838
    outer loop
        vertex 72.99763 18.941027 95.65316
        vertex 64.06949 10.911498 83.00278
        vertex 66.814545 6.0561852 75.70182
    endloop
endfacet
facet normal -0.13529712 -0.70835936 0.69276386
    outer loop
        vertex 76.071594 -7.5087185 60.269314
        vertex 82.1147 -9.631016 59.27946
        vertex 87.02409 6.415259 76.645775
    endloop
endfacet
facet normal -0.2146467 -0.666583 0.71385843
    outer loop
        vertex 77.919174 -17.451138 51.045734
        vertex 74.51139 -19.11143 48.470726
        vertex 72.69894 -21.810322 45.40559
    endloop
endfacet
facet normal -0.03843866 -0.41050443 0.91104811
    outer loop
        vertex 114.626724 -36.316395 45.69637
        vertex 118.994835 -31.89491 47.87292
        vertex 121.37924 -25.933651 50.659576
    endloop
endfacet
facet normal 0.00861864 -0.46723461 0.88409144
    outer loop
        vertex 119.39937 -25.007841 51.16896
        vertex 117.572815 -23.746674 51.853283
        vertex 112.14316 -33.364487 46.823284
    endloop
endfacet
facet normal 0.09073374 -0.50985014 0.85546494
    outer loop
        vertex 120.48535 -12.967073 57.874157
        vertex 123.48799 -14.90787 56.398987
        vertex 125.68505 -7.7700014 60.42007
    endloop
endfacet
facet normal -0.40951613 -0.87366045 0.26270485
    outer loop
        vertex 16.920166 6.500292 48.805866
        vertex 17.279057 9.928203 60.7653
        vertex 14.612611 5.30978 41.24954
    endloop
endfacet
facet normal -0.15826997 -0.94385904 0.2899667
    outer loop
        vertex 24.54134 13.302195 78.59082
        vertex 23.493639 10.080933 67.53356
        vertex 28.357775 12.77092 78.94458
    endloop
endfacet
facet normal -0.32489556 -0.90666002 0.26909226
    outer loop
        vertex 17.90049 7.860253 54.548004
        vertex 19.096716 11.245143 67.3971
        vertex 17.279057 9.928203 60.7653
    endloop
endfacet
facet normal -0.2486776 -0.8003915 0.54546589
    outer loop
        vertex 56.0981 -4.5369215 57.666435
        vertex 55.264324 0.096257694 64.08483
        vertex 51.994648 -6.232041 53.308334
    endloop
endfacet
facet normal 0.1067128 -0.84683114 0.5210464
    outer loop
        vertex 79.41429 25.58084 105.130356
        vertex 72.99763 18.941027 95.65316
        vertex 77.7247 20.762018 97.6446
    endloop
endfacet
facet normal -0.20132934 -0.82780498 0.52364624
    outer loop
        vertex 55.264324 0.096257694 64.08483
        vertex 53.5373 1.4083343 65.495026
        vertex 50.268295 -4.426628 55.013985
    endloop
endfacet
facet normal -0.17855267 -0.81980401 0.54409587
    outer loop
        vertex 55.264324 0.096257694 64.08483
        vertex 60.005634 5.2398386 73.39073
        vertex 53.5373 1.4083343 65.495026
    endloop
endfacet
facet normal 0.06158824 -0.71395916 0.69747347
    outer loop
        vertex 93.96011 4.8037987 74.4325
        vertex 87.26482 -11.228556 58.61241
        vertex 98.24672 5.9703913 75.24815
    endloop
endfacet
facet normal -0.15724486 -0.64196312 0.75043821
    outer loop
        vertex 87.26482 -11.228556 58.61241
        vertex 81.64564 -14.883928 54.30799
        vertex 82.026054 -19.637295 50.32143
    endloop
endfacet
facet normal -0.09739784 -0.65910602 0.74571633
    outer loop
        vertex 87.26482 -11.228556 58.61241
        vertex 89.81533 -11.114299 59.04652
        vertex 98.24672 5.9703913 75.24815
    endloop
endfacet
facet normal -0.11597992 -0.6772607 0.72654426
    outer loop
        vertex 87.26482 -11.228556 58.61241
        vertex 82.1147 -9.631016 59.27946
        vertex 81.64564 -14.883928 54.30799
    endloop
endfacet
facet normal -0.17938966 -0.55997622 0.80885464
    outer loop
        vertex 95.68846 -17.109634 54.911663
        vertex 88.179596 -25.80887 47.22378
        vertex 93.18842 -23.413345 49.99309
    endloop
endfacet
facet normal -0.05224947 -0.54435855 0.83722383
    outer loop
        vertex 102.148964 -24.51519 50.626186
        vertex 107.91996 -14.6176605 57.421665
        vertex 100.50453 -17.957697 54.78721
    endloop
endfacet
facet normal -0.24753477 -0.88268644 0.39948869
    outer loop
        vertex 34.599403 3.3703086 59.100517
        vertex 40.466614 4.1268826 64.40769
        vertex 37.28372 8.1178 71.25357
    endloop
endfacet
facet normal -0.32345396 -0.8522734 0.41110519
    outer loop
        vertex 37.92962 0.022373652 54.780006
        vertex 34.599403 3.3703086 59.100517
        vertex 32.812096 -1.6338532 47.320015
    endloop
endfacet
facet normal -0.07134935 -0.48965237 0.86899352
    outer loop
        vertex 103.63372 -32.78314 46.0911
        vertex 112.046684 -20.043652 53.96018
        vertex 104.2284 -25.95957 49.984806
    endloop
endfacet
facet normal 0.09514453 -0.5048936 0.85792184
    outer loop
        vertex 120.48535 -12.967073 57.874157
        vertex 117.572815 -23.746674 51.853283
        vertex 123.48799 -14.90787 56.398987
    endloop
endfacet
facet normal -0.24147904 -0.91648144 0.31898203
    outer loop
        vertex 28.357775 12.77092 78.94458
        vertex 23.493639 10.080933 67.53356
        vertex 24.929 7.7960224 62.055298
    endloop
endfacet
facet normal -0.41620368 -0.83056527 0.37004822
    outer loop
        vertex 26.506319 -1.339711 41.203617
        vertex 28.013783 2.8033063 52.198017
        vertex 25.864727 1.5707523 47.014473
    endloop
endfacet
facet normal -0.1413338 -0.91299093 0.38271686
    outer loop
        vertex 35.03488 11.9162245 79.484436
        vertex 37.28372 8.1178 71.25357
        vertex 37.727238 12.215928 81.19366
    endloop
endfacet
facet normal -0.18341629 -0.88397628 0.43005162
    outer loop
        vertex 40.466614 4.1268826 64.40769
        vertex 45.205357 11.367419 81.31177
        vertex 37.28372 8.1178 71.25357
    endloop
endfacet
facet normal -0.01694705 -0.59574044 0.80299824
    outer loop
        vertex 100.50453 -17.957697 54.78721
        vertex 107.91996 -14.6176605 57.421665
        vertex 107.9934 -4.019391 65.28602
    endloop
endfacet
facet normal -0.12877676 -0.51501805 0.84745085
    outer loop
        vertex 102.148964 -24.51519 50.626186
        vertex 96.1205 -25.840755 48.904533
        vertex 95.765396 -33.663395 44.09655
    endloop
endfacet
facet normal -0.32644346 -0.81467968 0.47930336
    outer loop
        vertex 41.686596 -0.9762899 55.543438
        vertex 43.29141 -4.476679 50.686775
        vertex 44.605087 2.1051857 62.768795
    endloop
endfacet
facet normal -0.09633545 -0.85483134 0.50988501
    outer loop
        vertex 53.5373 1.4083343 65.495026
        vertex 61.584118 12.864741 86.22223
        vertex 54.384445 6.351966 73.94317
    endloop
endfacet
facet normal -0.22957547 -0.85977888 0.4561528
    outer loop
        vertex 42.141586 2.9754071 63.080326
        vertex 46.256348 7.7426 74.136665
        vertex 40.466614 4.1268826 64.40769
    endloop
endfacet
facet normal 0.12494478 -0.88941777 0.43968734
    outer loop
        vertex 61.91308 22.443089 104.3653
        vertex 57.96518 12.689484 85.75717
        vertex 67.65502 25.650679 109.22208
    endloop
endfacet
facet normal -0.06174754 -0.94495755 0.3213135
    outer loop
        vertex 37.25585 15.246494 88.89732
        vertex 36.0404 20.804167 105.00842
        vertex 31.797848 12.3057165 79.19985
    endloop
endfacet
facet normal -0.36503896 -0.8447693 0.39129442
    outer loop
        vertex 32.106506 4.098554 58.812447
        vertex 28.013783 2.8033063 52.198017
        vertex 29.802917 -1.3748925 44.84675
    endloop
endfacet
facet normal -0.10428111 -0.91942811 0.37918016
    outer loop
        vertex 37.28372 8.1178 71.25357
        vertex 45.205357 11.367419 81.31177
        vertex 40.90307 15.648273 90.50869
    endloop
endfacet
facet normal -0.24934345 -0.83876747 0.4840425
    outer loop
        vertex 43.29141 -4.476679 50.686775
        vertex 46.60562 -0.6873209 58.96036
        vertex 44.605087 2.1051857 62.768795
    endloop
endfacet
facet normal -0.25292647 -0.92217296 0.29261789
    outer loop
        vertex 23.493639 10.080933 67.53356
        vertex 24.54134 13.302195 78.59082
        vertex 21.24698 10.614462 67.27304
    endloop
endfacet
facet normal 0.12659556 -0.92179936 0.36641425
    outer loop
        vertex 51.73516 25.326683 113.84206
        vertex 47.25624 15.89649 91.665695
        vertex 53.740196 25.393251 113.31679
    endloop
endfacet
facet normal -0.00004954 -0.68809295 0.72562253
    outer loop
        vertex 89.81533 -11.114299 59.04652
        vertex 95.2526 -5.1730094 64.68089
        vertex 98.24672 5.9703913 75.24815
    endloop
endfacet
facet normal -0.21461178 -0.53455544 0.81743032
    outer loop
        vertex 91.761856 -28.984856 45.975086
        vertex 93.18842 -23.413345 49.99309
        vertex 85.89716 -34.721756 40.68372
    endloop
endfacet
facet normal 0.12820287 -0.65713996 0.74278605
    outer loop
        vertex 117.69438 16.859175 81.847946
        vertex 109.18124 1.9199896 70.100655
        vertex 113.28021 4.1608086 71.375626
    endloop
endfacet
facet normal -0.11232632 -0.60197383 0.79057592
    outer loop
        vertex 95.68846 -17.109634 54.911663
        vertex 97.53156 -10.659502 60.084904
        vertex 91.16421 -18.688345 53.06676
    endloop
endfacet
facet normal -0.10152918 -0.52217954 0.84677052
    outer loop
        vertex 104.2284 -25.95957 49.984806
        vertex 107.91996 -14.6176605 57.421665
        vertex 102.148964 -24.51519 50.626186
    endloop
endfacet
facet normal 0.261664 -0.58544183 0.76732647
    outer loop
        vertex 138.56523 19.033272 75.92555
        vertex 130.53528 9.713362 71.55308
        vertex 135.47362 11.786083 71.45048
    endloop
endfacet
facet normal 0.11844821 -0.64105523 0.75829959
    outer loop
        vertex 113.28021 4.1608086 71.375626
        vertex 107.9934 -4.019391 65.28602
        vertex 117.5605 0.8186765 67.881645
    endloop
endfacet
facet normal 0.0834435 -0.59419632 0.79997993
    outer loop
        vertex 107.91996 -14.6176605 57.421665
        vertex 117.5605 0.8186765 67.881645
        vertex 107.9934 -4.019391 65.28602
    endloop
endfacet
facet normal 0.13966236 -0.62449092 0.76844352
    outer loop
        vertex 113.28021 4.1608086 71.375626
        vertex 117.5605 0.8186765 67.881645
        vertex 122.79092 14.798171 78.29175
    endloop
endfacet
facet normal -0.1541234 -0.47952497 0.86388761
    outer loop
        vertex 96.98113 -37.028706 42.54761
        vertex 103.63372 -32.78314 46.0911
        vertex 104.2284 -25.95957 49.984806
    endloop
endfacet
facet normal 0.14158611 -0.8947475 0.42353299
    outer loop
        vertex 61.91308 22.443089 104.3653
        vertex 67.65502 25.650679 109.22208
        vertex 65.680084 25.636248 109.85181
    endloop
endfacet
facet normal -0.1103984 -0.83150733 0.54443347
    outer loop
        vertex 63.05088 3.7085009 71.66944
        vertex 60.005634 5.2398386 73.39073
        vertex 56.0981 -4.5369215 57.666435
    endloop
endfacet
facet normal 0.23154439 -0.73961359 0.63194853
    outer loop
        vertex 98.24672 5.9703913 75.24815
        vertex 109.85772 23.810394 91.873314
        vertex 108.00477 24.007257 92.78263
    endloop
endfacet
facet normal 0.07506027 -0.70554495 0.70467889
    outer loop
        vertex 98.24672 5.9703913 75.24815
        vertex 100.76796 4.2443786 73.251465
        vertex 109.85772 23.810394 91.873314
    endloop
endfacet
facet normal 0.27986887 -0.65805084 0.69902974
    outer loop
        vertex 122.79092 14.798171 78.29175
        vertex 128.00716 21.183655 82.214485
        vertex 126.2233 21.500172 83.22665
    endloop
endfacet
facet normal -0.03095444 -0.44943589 0.89277607
    outer loop
        vertex 112.85419 -27.14854 49.97713
        vertex 112.14316 -33.364487 46.823284
        vertex 117.572815 -23.746674 51.853283
    endloop
endfacet
facet normal 0.07534672 -0.93683863 0.34154984
    outer loop
        vertex 40.90307 15.648273 90.50869
        vertex 47.37233 21.933228 106.32058
        vertex 45.694263 25.082283 115.32832
    endloop
endfacet
facet normal 0.12379761 -0.92930621 0.34794256
    outer loop
        vertex 45.694263 25.082283 115.32832
        vertex 47.37233 21.933228 106.32058
        vertex 47.712196 25.171198 114.847824
    endloop
endfacet
facet normal 0.17507091 -0.84548414 0.50448656
    outer loop
        vertex 77.7247 20.762018 97.6446
        vertex 83.299644 25.49797 103.647064
        vertex 81.359116 25.543129 104.396164
    endloop
endfacet
facet normal -0.04030051 -0.77839327 0.62648207
    outer loop
        vertex 77.25355 0.50053394 69.47044
        vertex 81.26147 11.265759 83.103874
        vertex 75.39265 5.006762 74.949646
    endloop
endfacet
facet normal 0.12596089 -0.79413825 0.5945403
    outer loop
        vertex 86.48116 18.266623 91.85762
        vertex 89.894226 15.305149 87.178825
        vertex 92.932556 25.151419 99.68696
    endloop
endfacet
facet normal 0.03942192 -0.76887232 0.63818598
    outer loop
        vertex 84.25396 8.984226 79.91193
        vertex 87.02409 6.415259 76.645775
        vertex 89.894226 15.305149 87.178825
    endloop
endfacet
facet normal 0.32466814 -0.59358239 0.7363767
    outer loop
        vertex 135.47362 11.786083 71.45048
        vertex 142.02933 18.220757 73.74696
        vertex 140.30074 18.632998 74.8414
    endloop
endfacet
facet normal 0.10567925 -0.48210117 0.86971861
    outer loop
        vertex 130.15848 -8.741465 59.00661
        vertex 123.48799 -14.90787 56.398987
        vertex 120.49027 -25.399902 50.94731
    endloop
endfacet
facet normal 0.04063319 -0.96647024 0.25354326
    outer loop
        vertex 26.312147 21.78925 110.31033
        vertex 29.673895 20.000473 102.95302
        vertex 29.395975 24.10282 118.63511
    endloop
endfacet
facet normal -0.06306372 -0.95713657 0.28268799
    outer loop
        vertex 26.081076 17.225828 92.757
        vertex 27.570148 15.215792 86.28353
        vertex 29.673895 20.000473 102.95302
    endloop
endfacet
facet normal -0.16467464 -0.95042139 0.26378277
    outer loop
        vertex 20.136854 10.973229 67.449814
        vertex 24.54134 13.302195 78.59082
        vertex 23.011583 16.0398 87.49954
    endloop
endfacet
facet normal -0.04488181 -0.9707498 0.23586106
    outer loop
        vertex 23.405424 17.974178 95.04646
        vertex 25.2784 23.78347 119.31258
        vertex 19.945503 14.546625 80.28106
    endloop
endfacet
facet normal 0.11164518 -0.96736026 0.22748496
    outer loop
        vertex 29.395975 24.10282 118.63511
        vertex 27.339338 23.94687 118.98131
        vertex 26.312147 21.78925 110.31033
    endloop
endfacet
facet normal -0.32335517 -0.87569666 0.3586041
    outer loop
        vertex 28.013783 2.8033063 52.198017
        vertex 30.265926 8.536319 68.22857
        vertex 26.877523 5.970889 58.908554
    endloop
endfacet
facet normal 0.09030488 -0.97010195 0.22527161
    outer loop
        vertex 25.2784 23.78347 119.31258
        vertex 23.405424 17.974178 95.04646
        vertex 26.312147 21.78925 110.31033
    endloop
endfacet
facet normal 0.11476432 -0.95710868 0.26603037
    outer loop
        vertex 32.940277 21.915337 109.22608
        vertex 33.49635 24.392378 117.89795
        vertex 31.448313 24.251324 118.27399
    endloop
endfacet
facet normal 0.04268853 -0.94347566 0.32868114
    outer loop
        vertex 36.0404 20.804167 105.00842
        vertex 37.25585 15.246494 88.89732
        vertex 40.837845 21.96933 107.72993
    endloop
endfacet
facet normal 0.1160702 -0.95065165 0.2877309
    outer loop
        vertex 35.540085 24.525984 117.50699
        vertex 36.0404 20.804167 105.00842
        vertex 37.57952 24.65214 117.1011
    endloop
endfacet
facet normal 0.0388608 -0.95886683 0.28118375
    outer loop
        vertex 32.940277 21.915337 109.22608
        vertex 29.911072 16.149958 89.98417
        vertex 36.0404 20.804167 105.00842
    endloop
endfacet
facet normal 0.11498462 -0.95073384 0.2878952
    outer loop
        vertex 37.57952 24.65214 117.1011
        vertex 36.0404 20.804167 105.00842
        vertex 39.61466 24.77085 116.68029
    endloop
endfacet
facet normal 0.11755919 -0.9429692 0.31143048
    outer loop
        vertex 40.837845 21.96933 107.72993
        vertex 43.672028 24.98592 115.7939
        vertex 41.645493 24.882109 116.24455
    endloop
endfacet
facet normal 0.11670423 -0.94297534 0.31173331
    outer loop
        vertex 40.837845 21.96933 107.72993
        vertex 45.694263 25.082283 115.32832
        vertex 43.672028 24.98592 115.7939
    endloop
endfacet
facet normal -0.33934256 -0.81272382 0.47363144
    outer loop
        vertex 41.686596 -0.9762899 55.543438
        vertex 38.39533 -7.9973435 41.137627
        vertex 43.29141 -4.476679 50.686775
    endloop
endfacet
facet normal -0.28346097 -0.77156329 0.56950855
    outer loop
        vertex 56.0981 -4.5369215 57.666435
        vertex 50.279636 -14.663119 41.051567
        vertex 56.393555 -7.9123845 53.240456
    endloop
endfacet
facet normal -0.03326481 -0.92402077 0.38089231
    outer loop
        vertex 40.90307 15.648273 90.50869
        vertex 47.25624 15.89649 91.665695
        vertex 47.37233 21.933228 106.32058
    endloop
endfacet
facet normal 0.06330469 -0.92294729 0.3796851
    outer loop
        vertex 47.37233 21.933228 106.32058
        vertex 47.25624 15.89649 91.665695
        vertex 51.73516 25.326683 113.84206
    endloop
endfacet
facet normal 0.06923832 -0.92104208 0.38325909
    outer loop
        vertex 47.25624 15.89649 91.665695
        vertex 53.89999 22.350986 105.9768
        vertex 53.740196 25.393251 113.31679
    endloop
endfacet
facet normal 0.03907013 -0.9078961 0.41737047
    outer loop
        vertex 50.269615 12.560461 84.75828
        vertex 57.790657 18.615639 97.225914
        vertex 53.489693 18.343107 97.0357
    endloop
endfacet
facet normal 0.13243611 -0.91029263 0.3922089
    outer loop
        vertex 57.737362 25.504044 112.22149
        vertex 53.489693 18.343107 97.0357
        vertex 59.729496 25.548267 111.65145
    endloop
endfacet
facet normal 0.12992963 -0.91493165 0.38212356
    outer loop
        vertex 57.737362 25.504044 112.22149
        vertex 55.74093 25.452372 112.776596
        vertex 53.89999 22.350986 105.9768
    endloop
endfacet
facet normal -0.09105158 -0.86579508 0.49204516
    outer loop
        vertex 52.71845 9.20112 78.64821
        vertex 54.384445 6.351966 73.94317
        vertex 57.96518 12.689484 85.75717
    endloop
endfacet
facet normal -0.25611335 -0.73682761 0.62569255
    outer loop
        vertex 66.23598 -4.0073442 61.935207
        vertex 62.503166 -10.609985 52.631866
        vertex 64.686676 -11.094054 52.95559
    endloop
endfacet
facet normal 0.02903528 -0.88785088 0.45921421
    outer loop
        vertex 61.91308 22.443089 104.3653
        vertex 57.790657 18.615639 97.225914
        vertex 57.96518 12.689484 85.75717
    endloop
endfacet
facet normal 0.15025218 -0.88041323 0.4497743
    outer loop
        vertex 61.584118 12.864741 86.22223
        vertex 69.62565 25.65766 108.57743
        vertex 67.65502 25.650679 109.22208
    endloop
endfacet
facet normal 0.09372883 -0.87827355 0.46888229
    outer loop
        vertex 61.584118 12.864741 86.22223
        vertex 70.11997 21.215237 100.15742
        vertex 69.62565 25.65766 108.57743
    endloop
endfacet
facet normal 0.15679279 -0.86968058 0.46805096
    outer loop
        vertex 69.62565 25.65766 108.57743
        vertex 70.11997 21.215237 100.15742
        vertex 71.59197 25.657192 107.91786
    endloop
endfacet
facet normal -0.01196527 -0.85896367 0.51189673
    outer loop
        vertex 64.06949 10.911498 83.00278
        vertex 61.584118 12.864741 86.22223
        vertex 60.005634 5.2398386 73.39073
    endloop
endfacet
facet normal 0.10078848 -0.84171522 0.53043115
    outer loop
        vertex 77.7247 20.762018 97.6446
        vertex 72.99763 18.941027 95.65316
        vertex 71.19111 9.621498 81.20772
    endloop
endfacet
facet normal -0.05316814 -0.84060532 0.53903234
    outer loop
        vertex 63.05088 3.7085009 71.66944
        vertex 66.814545 6.0561852 75.70182
        vertex 64.06949 10.911498 83.00278
    endloop
endfacet
facet normal -0.25561577 -0.72628748 0.63809645
    outer loop
        vertex 64.686676 -11.094054 52.95559
        vertex 62.503166 -10.609985 52.631866
        vertex 61.817295 -15.2966 47.022762
    endloop
endfacet
facet normal 0.1742124 -0.84541494 0.50489968
    outer loop
        vertex 79.41429 25.58084 105.130356
        vertex 77.7247 20.762018 97.6446
        vertex 81.359116 25.543129 104.396164
    endloop
endfacet
facet normal 0.116214 -0.82773185 0.54895747
    outer loop
        vertex 77.60461 16.811337 91.47996
        vertex 84.01515 20.303242 95.38803
        vertex 85.23587 25.445364 102.883026
    endloop
endfacet
facet normal 0.13982201 -0.81228352 0.56625557
    outer loop
        vertex 86.48116 18.266623 91.85762
        vertex 84.01515 20.303242 95.38803
        vertex 81.26147 11.265759 83.103874
    endloop
endfacet
facet normal 0.1801613 -0.83847535 0.51429677
    outer loop
        vertex 85.23587 25.445364 102.883026
        vertex 83.299644 25.49797 103.647064
        vertex 77.60461 16.811337 91.47996
    endloop
endfacet
facet normal 0.03811284 -0.8057425 0.59103853
    outer loop
        vertex 81.26147 11.265759 83.103874
        vertex 75.95891 10.512607 82.41906
        vertex 75.39265 5.006762 74.949646
    endloop
endfacet
facet normal 0.14076978 -0.81183743 0.56666028
    outer loop
        vertex 89.09543 25.317804 101.3102
        vertex 84.01515 20.303242 95.38803
        vertex 86.48116 18.266623 91.85762
    endloop
endfacet
facet normal 0.19712785 -0.81104648 0.55076694
    outer loop
        vertex 91.01745 25.240595 100.50372
        vertex 86.48116 18.266623 91.85762
        vertex 92.932556 25.151419 99.68696
    endloop
endfacet
facet normal -0.10803349 -0.77918708 0.61741084
    outer loop
        vertex 64.686676 -11.094054 52.95559
        vertex 73.716385 -1.7425953 66.33736
        vertex 71.345535 1.5422857 70.06811
    endloop
endfacet
facet normal -0.25780627 -0.69176745 0.67453223
    outer loop
        vertex 65.903755 -14.156638 50.073086
        vertex 69.94331 -14.654612 51.106308
        vertex 73.896996 -5.5552206 61.9493
    endloop
endfacet
facet normal 0.21024866 -0.78451878 0.5833745
    outer loop
        vertex 96.742065 24.937172 98.02258
        vertex 94.84077 25.050278 98.85992
        vertex 94.38171 19.335026 91.33952
    endloop
endfacet
facet normal 0.15397717 -0.74523544 0.64877969
    outer loop
        vertex 93.96011 4.8037987 74.4325
        vertex 101.72903 18.435959 88.24757
        vertex 96.37521 16.421335 87.20406
    endloop
endfacet
facet normal 0.21648841 -0.77061892 0.59939909
    outer loop
        vertex 96.37521 16.421335 87.20406
        vertex 100.52393 24.675062 96.31707
        vertex 98.63645 24.8121 97.174965
    endloop
endfacet
facet normal 0.13813667 -0.77706248 0.61407828
    outer loop
        vertex 87.02409 6.415259 76.645775
        vertex 96.37521 16.421335 87.20406
        vertex 94.38171 19.335026 91.33952
    endloop
endfacet
facet normal 0.21579604 -0.77058899 0.5996871
    outer loop
        vertex 96.37521 16.421335 87.20406
        vertex 102.4045 24.526058 95.44888
        vertex 100.52393 24.675062 96.31707
    endloop
endfacet
facet normal 0.22391772 -0.75435102 0.61710238
    outer loop
        vertex 106.14493 24.192156 93.68166
        vertex 104.27817 24.36509 94.57042
        vertex 101.72903 18.435959 88.24757
    endloop
endfacet
facet normal -0.11248235 -0.60172343 0.7907443
    outer loop
        vertex 95.68846 -17.109634 54.911663
        vertex 91.16421 -18.688345 53.06676
        vertex 88.179596 -25.80887 47.22378
    endloop
endfacet
facet normal 0.04241674 -0.73975694 0.67153591
    outer loop
        vertex 82.1147 -9.631016 59.27946
        vertex 93.96011 4.8037987 74.4325
        vertex 87.02409 6.415259 76.645775
    endloop
endfacet
facet normal 0.22031534 -0.72423309 0.6534121
    outer loop
        vertex 110.68568 18.506723 85.71563
        vertex 109.85772 23.810394 91.873314
        vertex 100.76796 4.2443786 73.251465
    endloop
endfacet
facet normal -0.00118511 -0.65885556 0.75226843
    outer loop
        vertex 93.72054 -11.7343855 58.93186
        vertex 99.98334 -2.7138832 66.84211
        vertex 95.2526 -5.1730094 64.68089
    endloop
endfacet
facet normal 0.24330479 -0.71850902 0.65157312
    outer loop
        vertex 109.85772 23.810394 91.873314
        vertex 110.68568 18.506723 85.71563
        vertex 111.70374 23.601564 90.953705
    endloop
endfacet
facet normal 0.24764378 -0.71061414 0.65855908
    outer loop
        vertex 117.200386 22.903282 88.133194
        vertex 115.375084 23.148008 89.08365
        vertex 108.87958 12.065674 79.56789
    endloop
endfacet
facet normal 0.16338758 -0.68588948 0.70912635
    outer loop
        vertex 112.03149 10.347991 77.18027
        vertex 117.200386 22.903282 88.133194
        vertex 108.87958 12.065674 79.56789
    endloop
endfacet
facet normal 0.21948637 -0.68728054 0.69243866
    outer loop
        vertex 117.69438 16.859175 81.847946
        vertex 119.01878 22.646591 87.17245
        vertex 112.03149 10.347991 77.18027
    endloop
endfacet
facet normal 0.16820204 -0.66676468 0.72603917
    outer loop
        vertex 109.18124 1.9199896 70.100655
        vertex 117.69438 16.859175 81.847946
        vertex 112.03149 10.347991 77.18027
    endloop
endfacet
facet normal 0.21711907 -0.66488266 0.71469593
    outer loop
        vertex 113.28021 4.1608086 71.375626
        vertex 122.63486 22.097311 85.220116
        vertex 117.69438 16.859175 81.847946
    endloop
endfacet
facet normal -0.03549767 -0.412929 0.91007113
    outer loop
        vertex 114.626724 -36.316395 45.69637
        vertex 112.01519 -41.17772 43.388763
        vertex 118.994835 -31.89491 47.87292
    endloop
endfacet
facet normal 0.27043399 -0.67266673 0.68875599
    outer loop
        vertex 122.63486 22.097311 85.220116
        vertex 113.28021 4.1608086 71.375626
        vertex 124.43253 21.804726 84.22852
    endloop
endfacet
facet normal 0.28033948 -0.65822101 0.69868082
    outer loop
        vertex 129.7841 20.855171 81.19204
        vertex 128.00716 21.183655 82.214485
        vertex 122.79092 14.798171 78.29175
    endloop
endfacet
facet normal 0.23714392 -0.63377988 0.73626471
    outer loop
        vertex 128.59682 13.500113 75.24319
        vertex 129.7841 20.855171 81.19204
        vertex 117.5605 0.8186765 67.881645
    endloop
endfacet
facet normal 0.29800516 -0.62891066 0.71809775
    outer loop
        vertex 128.59682 13.500113 75.24319
        vertex 131.55415 20.514723 80.15932
        vertex 129.7841 20.855171 81.19204
    endloop
endfacet
facet normal 0.25870046 -0.57805562 0.77390289
    outer loop
        vertex 126.0584 -4.0029097 62.80444
        vertex 135.47362 11.786083 71.45048
        vertex 130.53528 9.713362 71.55308
    endloop
endfacet
facet normal 0.15511069 -0.56929302 0.80736983
    outer loop
        vertex 119.44757 -1.8281939 65.545044
        vertex 117.75254 -11.276852 59.20825
        vertex 130.53528 9.713362 71.55308
    endloop
endfacet
facet normal 0.25805911 -0.60327107 0.75463206
    outer loop
        vertex 128.59682 13.500113 75.24319
        vertex 130.53528 9.713362 71.55308
        vertex 135.07352 19.797928 78.062996
    endloop
endfacet
facet normal 0.02980459 -0.43304673 0.90087861
    outer loop
        vertex 118.994835 -31.89491 47.87292
        vertex 128.38777 -15.62586 55.3826
        vertex 121.37924 -25.933651 50.659576
    endloop
endfacet
facet normal 0.33084726 -0.55346626 0.7643398
    outer loop
        vertex 141.12906 10.227427 68.17784
        vertex 134.34453 -2.7432394 61.72236
        vertex 147.17365 16.912241 70.40196
    endloop
endfacet
facet normal 0.22060411 -0.51088542 0.83086097
    outer loop
        vertex 147.17365 16.912241 70.40196
        vertex 134.34453 -2.7432394 61.72236
        vertex 128.38777 -15.62586 55.3826
    endloop
endfacet
facet normal 0.33180082 -0.58356059 0.74119174
    outer loop
        vertex 134.16644 5.7793307 67.471375
        vertex 143.751 17.79655 72.64225
        vertex 142.02933 18.220757 73.74696
    endloop
endfacet
facet normal 0.27675065 -0.55750787 0.78268379
    outer loop
        vertex 134.16644 5.7793307 67.471375
        vertex 141.12906 10.227427 68.17784
        vertex 143.751 17.79655 72.64225
    endloop
endfacet
facet normal 0.32364619 -0.59322655 0.73711294
    outer loop
        vertex 140.30074 18.632998 74.8414
        vertex 138.56523 19.033272 75.92555
        vertex 135.47362 11.786083 71.45048
    endloop
endfacet
facet normal 0.06430819 -0.56377053 0.82342416
    outer loop
        vertex 117.75254 -11.276852 59.20825
        vertex 119.44757 -1.8281939 65.545044
        vertex 115.22168 -9.6642275 60.510014
    endloop
endfacet
facet normal 0.22345261 -0.75425923 0.61738306
    outer loop
        vertex 106.14493 24.192156 93.68166
        vertex 101.72903 18.435959 88.24757
        vertex 108.00477 24.007257 92.78263
    endloop
endfacet
facet normal 0.10765052 -0.85811782 0.50204086
    outer loop
        vertex 75.511734 25.633913 106.55395
        vertex 70.11997 21.215237 100.15742
        vertex 72.99763 18.941027 95.65316
    endloop
endfacet
facet normal -0.0384341 -0.9126879 0.40684581
    outer loop
        vertex 47.25624 15.89649 91.665695
        vertex 40.90307 15.648273 90.50869
        vertex 45.205357 11.367419 81.31177
    endloop
endfacet
facet normal 0.13467316 0.246903 0.95963633
    outer loop
        vertex 26.86304 26.52815 118.38402
        vertex 25.2784 23.78347 119.31258
        vertex 27.339338 23.94687 118.98131
    endloop
endfacet
facet normal 0.15736443 0.25009745 0.95534682
    outer loop
        vertex 27.339338 23.94687 118.98131
        vertex 28.916885 26.679266 118.00615
        vertex 26.86304 26.52815 118.38402
    endloop
endfacet
facet normal 0.16375615 0.26258597 0.95091134
    outer loop
        vertex 29.395975 24.10282 118.63511
        vertex 30.966139 26.822424 117.613716
        vertex 28.916885 26.679266 118.00615
    endloop
endfacet
facet normal 0.14764901 0.27189359 0.95093304
    outer loop
        vertex 29.395975 24.10282 118.63511
        vertex 31.448313 24.251324 118.27399
        vertex 30.966139 26.822424 117.613716
    endloop
endfacet
facet normal 0.15417658 0.28417167 0.94629598
    outer loop
        vertex 31.448313 24.251324 118.27399
        vertex 33.49635 24.392378 117.89795
        vertex 33.010796 26.957623 117.20672
    endloop
endfacet
facet normal 0.1607296 0.29631132 0.94146997
    outer loop
        vertex 33.49635 24.392378 117.89795
        vertex 35.540085 24.525984 117.50699
        vertex 35.050854 27.084862 116.78515
    endloop
endfacet
facet normal 0.16730338 0.30831292 0.93645757
    outer loop
        vertex 35.540085 24.525984 117.50699
        vertex 37.57952 24.65214 117.1011
        vertex 37.08632 27.204142 116.34901
    endloop
endfacet
facet normal 0.17388156 0.32018173 0.93126202
    outer loop
        vertex 37.57952 24.65214 117.1011
        vertex 39.61466 24.77085 116.68029
        vertex 39.11719 27.31546 115.8983
    endloop
endfacet
facet normal 0.18047453 0.33191484 0.92588413
    outer loop
        vertex 39.61466 24.77085 116.68029
        vertex 41.645493 24.882109 116.24455
        vertex 41.143467 27.418821 115.43304
    endloop
endfacet
facet normal 0.18706112 0.34352422 0.92032564
    outer loop
        vertex 41.645493 24.882109 116.24455
        vertex 43.672028 24.98592 115.7939
        vertex 43.165146 27.514225 114.9532
    endloop
endfacet
facet normal 0.19364667 0.35501239 0.91458583
    outer loop
        vertex 43.672028 24.98592 115.7939
        vertex 45.694263 25.082283 115.32832
        vertex 45.18223 27.601667 114.45879
    endloop
endfacet
facet normal 0.21569437 0.3574554 0.90868127
    outer loop
        vertex 45.18223 27.601667 114.45879
        vertex 45.694263 25.082283 115.32832
        vertex 47.194717 27.68115 113.94982
    endloop
endfacet
facet normal 0.22220379 0.36873582 0.90258485
    outer loop
        vertex 47.194717 27.68115 113.94982
        vertex 47.712196 25.171198 114.847824
        vertex 49.202614 27.752676 113.426285
    endloop
endfacet
facet normal 0.22870524 0.37989822 0.89630979
    outer loop
        vertex 49.202614 27.752676 113.426285
        vertex 49.72583 25.252665 114.3524
        vertex 51.20591 27.81624 112.888176
    endloop
endfacet
facet normal 0.23518009 0.3909485 0.88985932
    outer loop
        vertex 51.20591 27.81624 112.888176
        vertex 51.73516 25.326683 113.84206
        vertex 53.204617 27.871845 112.33551
    endloop
endfacet
facet normal 0.24163881 0.40188602 0.88323176
    outer loop
        vertex 53.204617 27.871845 112.33551
        vertex 53.740196 25.393251 113.31679
        vertex 55.198727 27.91949 111.76827
    endloop
endfacet
facet normal 0.24806531 0.41271836 0.87642872
    outer loop
        vertex 55.198727 27.91949 111.76827
        vertex 55.74093 25.452372 112.776596
        vertex 57.188236 27.959179 111.18647
    endloop
endfacet
facet normal 0.25445664 0.42344928 0.86944956
    outer loop
        vertex 57.188236 27.959179 111.18647
        vertex 57.737362 25.504044 112.22149
        vertex 59.173157 27.990906 110.5901
    endloop
endfacet
facet normal 0.26317474 0.41833699 0.86932915
    outer loop
        vertex 59.173157 27.990906 110.5901
        vertex 57.737362 25.504044 112.22149
        vertex 61.153477 28.014675 109.97916
    endloop
endfacet
facet normal 0.2695269 0.4289667 0.86217338
    outer loop
        vertex 61.153477 28.014675 109.97916
        vertex 59.729496 25.548267 111.65145
        vertex 63.1292 28.030485 109.35365
    endloop
endfacet
facet normal 0.27583545 0.43949616 0.8548438
    outer loop
        vertex 63.1292 28.030485 109.35365
        vertex 61.717323 25.585043 111.06649
        vertex 65.100334 28.038334 108.713585
    endloop
endfacet
facet normal 0.25811806 0.46386772 0.8474679
    outer loop
        vertex 65.100334 28.038334 108.713585
        vertex 63.700855 25.61437 110.466606
        vertex 65.680084 25.636248 109.85181
    endloop
endfacet
facet normal 0.26431102 0.47422788 0.83979017
    outer loop
        vertex 67.06687 28.038225 108.058945
        vertex 65.680084 25.636248 109.85181
        vertex 67.65502 25.650679 109.22208
    endloop
endfacet
facet normal 0.27043301 0.4845061 0.83193737
    outer loop
        vertex 69.02881 28.030157 107.38974
        vertex 67.65502 25.650679 109.22208
        vertex 69.62565 25.65766 108.57743
    endloop
endfacet
facet normal 0.29179281 0.48585349 0.82389516
    outer loop
        vertex 70.98616 28.01413 106.70597
        vertex 69.02881 28.030157 107.38974
        vertex 69.62565 25.65766 108.57743
    endloop
endfacet
facet normal 0.29779756 0.49595445 0.81568724
    outer loop
        vertex 72.93891 27.990143 106.00763
        vertex 70.98616 28.01413 106.70597
        vertex 71.59197 25.657192 107.91786
    endloop
endfacet
facet normal 0.30372074 0.50598001 0.80730289
    outer loop
        vertex 74.88707 27.958195 105.29472
        vertex 72.93891 27.990143 106.00763
        vertex 73.554 25.649275 107.24337
    endloop
endfacet
facet normal 0.30956045 0.51592988 0.79874194
    outer loop
        vertex 76.83063 27.918291 104.56725
        vertex 74.88707 27.958195 105.29472
        vertex 75.511734 25.633913 106.55395
    endloop
endfacet
facet normal 0.31531492 0.52580875 0.79000103
    outer loop
        vertex 78.769585 27.870426 103.82521
        vertex 76.83063 27.918291 104.56725
        vertex 77.465164 25.6111 105.84961
    endloop
endfacet
facet normal 0.32096833 0.53562266 0.78108108
    outer loop
        vertex 80.70396 27.814602 103.0686
        vertex 78.769585 27.870426 103.82521
        vertex 79.41429 25.58084 105.130356
    endloop
endfacet
facet normal 0.30543265 0.54460752 0.78109759
    outer loop
        vertex 81.359116 25.543129 104.396164
        vertex 80.70396 27.814602 103.0686
        vertex 79.41429 25.58084 105.130356
    endloop
endfacet
facet normal 0.31091523 0.55438983 0.77199966
    outer loop
        vertex 83.299644 25.49797 103.647064
        vertex 82.633736 27.75082 102.29743
        vertex 81.359116 25.543129 104.396164
    endloop
endfacet
facet normal 0.3162964 0.56410819 0.76271784
    outer loop
        vertex 85.23587 25.445364 102.883026
        vertex 84.558914 27.67908 101.511696
        vertex 83.299644 25.49797 103.647064
    endloop
endfacet
facet normal 0.32154772 0.57377255 0.75325435
    outer loop
        vertex 87.1678 25.38531 102.10407
        vertex 86.47949 27.599375 100.71139
        vertex 85.23587 25.445364 102.883026
    endloop
endfacet
facet normal 0.32667494 0.58337975 0.74360704
    outer loop
        vertex 89.09543 25.317804 101.3102
        vertex 88.395485 27.511715 99.896515
        vertex 87.1678 25.38531 102.10407
    endloop
endfacet
facet normal 0.33171007 0.59291071 0.73377478
    outer loop
        vertex 91.01745 25.240595 100.50372
        vertex 90.30688 27.416096 99.06708
        vertex 89.09543 25.317804 101.3102
    endloop
endfacet
facet normal 0.33672917 0.60228473 0.72378629
    outer loop
        vertex 92.932556 25.151419 99.68696
        vertex 92.21242 27.310339 98.22549
        vertex 91.01745 25.240595 100.50372
    endloop
endfacet
facet normal 0.35749829 0.60237259 0.71368217
    outer loop
        vertex 92.932556 25.151419 99.68696
        vertex 94.11085 27.192272 97.374176
        vertex 92.21242 27.310339 98.22549
    endloop
endfacet
facet normal 0.36727235 0.62027395 0.69308811
    outer loop
        vertex 96.742065 24.937172 98.02258
        vertex 97.88639 26.9192 95.642395
        vertex 96.002174 27.061893 96.51315
    endloop
endfacet
facet normal 0.37212062 0.6289472 0.68260664
    outer loop
        vertex 98.63645 24.8121 97.174965
        vertex 99.7635 26.764196 94.76192
        vertex 97.88639 26.9192 95.642395
    endloop
endfacet
facet normal 0.36144462 0.64636779 0.67198694
    outer loop
        vertex 102.4045 24.526058 95.44888
        vertex 101.6335 26.596882 93.87171
        vertex 100.52393 24.675062 96.31707
    endloop
endfacet
facet normal 0.36627415 0.65465552 0.66126335
    outer loop
        vertex 104.27817 24.36509 94.57042
        vertex 103.49639 26.417255 92.97179
        vertex 102.4045 24.526058 95.44888
    endloop
endfacet
facet normal 0.3710596 0.66277474 0.65041858
    outer loop
        vertex 106.14493 24.192156 93.68166
        vertex 105.35217 26.225315 92.06214
        vertex 104.27817 24.36509 94.57042
    endloop
endfacet
facet normal 0.37578908 0.67073119 0.6394546
    outer loop
        vertex 108.00477 24.007257 92.78263
        vertex 107.20084 26.021065 91.14277
        vertex 106.14493 24.192156 93.68166
    endloop
endfacet
facet normal 0.38045585 0.67853022 0.628371
    outer loop
        vertex 109.85772 23.810394 91.873314
        vertex 109.04241 25.8045 90.21367
        vertex 108.00477 24.007257 92.78263
    endloop
endfacet
facet normal 0.40488043 0.68484426 0.60585487
    outer loop
        vertex 112.70422 25.33444 88.3263
        vertex 110.87688 25.575626 89.27485
        vertex 111.70374 23.601564 90.953705
    endloop
endfacet
facet normal 0.40932649 0.69218808 0.59441364
    outer loop
        vertex 114.52446 25.080942 87.36804
        vertex 112.70422 25.33444 88.3263
        vertex 113.54287 23.38077 90.02382
    endloop
endfacet
facet normal 0.38963377 0.71313852 0.58276832
    outer loop
        vertex 116.3376 24.81513 86.40005
        vertex 113.54287 23.38077 90.02382
        vertex 115.375084 23.148008 89.08365
    endloop
endfacet
facet normal 0.39393413 0.72018439 0.57109588
    outer loop
        vertex 118.14362 24.537008 85.42234
        vertex 115.375084 23.148008 89.08365
        vertex 117.200386 22.903282 88.133194
    endloop
endfacet
facet normal 0.40694481 0.72214222 0.55938053
    outer loop
        vertex 119.942535 24.246574 84.4349
        vertex 119.01878 22.646591 87.17245
        vertex 120.830284 22.377934 86.20142
    endloop
endfacet
facet normal 0.41105694 0.728912 0.5474664
    outer loop
        vertex 121.73435 23.943827 83.437744
        vertex 120.830284 22.377934 86.20142
        vertex 122.63486 22.097311 85.220116
    endloop
endfacet
facet normal 0.41505948 0.73555255 0.5354324
    outer loop
        vertex 123.51905 23.628769 82.430855
        vertex 122.63486 22.097311 85.220116
        vertex 124.43253 21.804726 84.22852
    endloop
endfacet
facet normal 0.41895911 0.74206072 0.52327722
    outer loop
        vertex 125.29664 23.3014 81.414246
        vertex 124.43253 21.804726 84.22852
        vertex 126.2233 21.500172 83.22665
    endloop
endfacet
facet normal 0.44181633 0.74578542 0.49860051
    outer loop
        vertex 127.067116 22.961718 80.38792
        vertex 128.00716 21.183655 82.214485
        vertex 128.83049 22.609722 79.35187
    endloop
endfacet
facet normal 0.44540712 0.75188732 0.48608422
    outer loop
        vertex 128.83049 22.609722 79.35187
        vertex 129.7841 20.855171 81.19204
        vertex 130.58676 22.245417 78.30608
    endloop
endfacet
facet normal 0.44886765 0.75786906 0.47344732
    outer loop
        vertex 130.58676 22.245417 78.30608
        vertex 131.55415 20.514723 80.15932
        vertex 132.33594 21.8688 77.25059
    endloop
endfacet
facet normal 0.45220938 0.76372236 0.46068949
    outer loop
        vertex 132.33594 21.8688 77.25059
        vertex 133.31728 20.162308 79.1163
        vertex 134.07799 21.47987 76.18536
    endloop
endfacet
facet normal 0.45541093 0.76946139 0.44780576
    outer loop
        vertex 134.07799 21.47987 76.18536
        vertex 135.07352 19.797928 78.062996
        vertex 135.81293 21.078627 75.11041
    endloop
endfacet
facet normal 0.44273436 0.7841751 0.43480533
    outer loop
        vertex 136.82281 19.421583 76.99942
        vertex 138.56523 19.033272 75.92555
        vertex 137.54076 20.665073 74.02574
    endloop
endfacet
facet normal 0.44555736 0.78972751 0.42167416
    outer loop
        vertex 138.56523 19.033272 75.92555
        vertex 140.30074 18.632998 74.8414
        vertex 139.26147 20.239208 72.93135
    endloop
endfacet
facet normal 0.44821897 0.79517025 0.40841654
    outer loop
        vertex 140.30074 18.632998 74.8414
        vertex 142.02933 18.220757 73.74696
        vertex 140.97508 19.80103 71.827225
    endloop
endfacet
facet normal 0.45071191 0.80050206 0.39503825
    outer loop
        vertex 142.02933 18.220757 73.74696
        vertex 143.751 17.79655 72.64225
        vertex 142.6816 19.35054 70.71339
    endloop
endfacet
facet normal 0.4734835 0.80646098 0.35416687
    outer loop
        vertex 147.75848 17.9252 67.31352
        vertex 146.0733 18.412626 68.45653
        vertex 147.17365 16.912241 70.40196
    endloop
endfacet
facet normal 0.45303181 0.80572623 0.38153315
    outer loop
        vertex 143.751 17.79655 72.64225
        vertex 145.46577 17.360378 71.52725
        vertex 144.381 18.887737 69.58982
    endloop
endfacet
facet normal 0.45516884 0.81084329 0.3679055
    outer loop
        vertex 145.46577 17.360378 71.52725
        vertex 147.17365 16.912241 70.40196
        vertex 146.0733 18.412626 68.45653
    endloop
endfacet
facet normal 0.47140622 0.80150622 0.36791843
    outer loop
        vertex 144.381 18.887737 69.58982
        vertex 145.46577 17.360378 71.52725
        vertex 146.0733 18.412626 68.45653
    endloop
endfacet
facet normal 0.46915495 0.79644179 0.38154173
    outer loop
        vertex 142.6816 19.35054 70.71339
        vertex 143.751 17.79655 72.64225
        vertex 144.381 18.887737 69.58982
    endloop
endfacet
facet normal 0.46672532 0.79127002 0.3950431
    outer loop
        vertex 140.97508 19.80103 71.827225
        vertex 142.02933 18.220757 73.74696
        vertex 142.6816 19.35054 70.71339
    endloop
endfacet
facet normal 0.46413612 0.78598493 0.40841818
    outer loop
        vertex 139.26147 20.239208 72.93135
        vertex 140.30074 18.632998 74.8414
        vertex 140.97508 19.80103 71.827225
    endloop
endfacet
facet normal 0.46137798 0.78059083 0.42167306
    outer loop
        vertex 137.54076 20.665073 74.02574
        vertex 138.56523 19.033272 75.92555
        vertex 139.26147 20.239208 72.93135
    endloop
endfacet
facet normal 0.45846862 0.77508301 0.43480211
    outer loop
        vertex 135.81293 21.078627 75.11041
        vertex 136.82281 19.421583 76.99942
        vertex 137.54076 20.665073 74.02574
    endloop
endfacet
facet normal 0.4397586 0.77850997 0.44781086
    outer loop
        vertex 135.81293 21.078627 75.11041
        vertex 135.07352 19.797928 78.062996
        vertex 136.82281 19.421583 76.99942
    endloop
endfacet
facet normal 0.43662703 0.77273303 0.46069577
    outer loop
        vertex 134.07799 21.47987 76.18536
        vertex 133.31728 20.162308 79.1163
        vertex 135.07352 19.797928 78.062996
    endloop
endfacet
facet normal 0.43335906 0.76683819 0.47345439
    outer loop
        vertex 132.33594 21.8688 77.25059
        vertex 131.55415 20.514723 80.15932
        vertex 133.31728 20.162308 79.1163
    endloop
endfacet
facet normal 0.42994341 0.76083076 0.48609167
    outer loop
        vertex 130.58676 22.245417 78.30608
        vertex 129.7841 20.855171 81.19204
        vertex 131.55415 20.514723 80.15932
    endloop
endfacet
facet normal 0.42640823 0.75469613 0.49860793
    outer loop
        vertex 128.83049 22.609722 79.35187
        vertex 128.00716 21.183655 82.214485
        vertex 129.7841 20.855171 81.19204
    endloop
endfacet
facet normal 0.42274186 0.74844182 0.51100302
    outer loop
        vertex 127.067116 22.961718 80.38792
        vertex 126.2233 21.500172 83.22665
        vertex 128.00716 21.183655 82.214485
    endloop
endfacet
facet normal 0.43810996 0.73955572 0.5109961
    outer loop
        vertex 127.067116 22.961718 80.38792
        vertex 125.29664 23.3014 81.414246
        vertex 126.2233 21.500172 83.22665
    endloop
endfacet
facet normal 0.43429026 0.73319793 0.52327126
    outer loop
        vertex 125.29664 23.3014 81.414246
        vertex 123.51905 23.628769 82.430855
        vertex 124.43253 21.804726 84.22852
    endloop
endfacet
facet normal 0.43036467 0.7267074 0.53542769
    outer loop
        vertex 123.51905 23.628769 82.430855
        vertex 121.73435 23.943827 83.437744
        vertex 122.63486 22.097311 85.220116
    endloop
endfacet
facet normal 0.4263325 0.72008675 0.54746306
    outer loop
        vertex 121.73435 23.943827 83.437744
        vertex 119.942535 24.246574 84.4349
        vertex 120.830284 22.377934 86.20142
    endloop
endfacet
facet normal 0.42221484 0.71332318 0.55937886
    outer loop
        vertex 119.942535 24.246574 84.4349
        vertex 118.14362 24.537008 85.42234
        vertex 119.01878 22.646591 87.17245
    endloop
endfacet
facet normal 0.40274405 0.71523088 0.57117605
    outer loop
        vertex 119.01878 22.646591 87.17245
        vertex 118.14362 24.537008 85.42234
        vertex 117.200386 22.903282 88.133194
    endloop
endfacet
facet normal 0.42239887 0.69422948 0.58277327
    outer loop
        vertex 118.14362 24.537008 85.42234
        vertex 116.3376 24.81513 86.40005
        vertex 115.375084 23.148008 89.08365
    endloop
endfacet
facet normal 0.41802302 0.68704087 0.59433281
    outer loop
        vertex 116.3376 24.81513 86.40005
        vertex 114.52446 25.080942 87.36804
        vertex 113.54287 23.38077 90.02382
    endloop
endfacet
facet normal 0.3896009 0.69365609 0.60584837
    outer loop
        vertex 113.54287 23.38077 90.02382
        vertex 112.70422 25.33444 88.3263
        vertex 111.70374 23.601564 90.953705
    endloop
endfacet
facet normal 0.3850686 0.6861673 0.61716819
    outer loop
        vertex 111.70374 23.601564 90.953705
        vertex 110.87688 25.575626 89.27485
        vertex 109.85772 23.810394 91.873314
    endloop
endfacet
facet normal 0.40035981 0.67735142 0.61717671
    outer loop
        vertex 109.85772 23.810394 91.873314
        vertex 110.87688 25.575626 89.27485
        vertex 109.04241 25.8045 90.21367
    endloop
endfacet
facet normal 0.39578304 0.66969591 0.62838149
    outer loop
        vertex 108.00477 24.007257 92.78263
        vertex 109.04241 25.8045 90.21367
        vertex 107.20084 26.021065 91.14277
    endloop
endfacet
facet normal 0.39114466 0.66188234 0.63946664
    outer loop
        vertex 106.14493 24.192156 93.68166
        vertex 107.20084 26.021065 91.14277
        vertex 105.35217 26.225315 92.06214
    endloop
endfacet
facet normal 0.38645339 0.65390521 0.65043199
    outer loop
        vertex 104.27817 24.36509 94.57042
        vertex 105.35217 26.225315 92.06214
        vertex 103.49639 26.417255 92.97179
    endloop
endfacet
facet normal 0.38171604 0.64575887 0.66127771
    outer loop
        vertex 102.4045 24.526058 95.44888
        vertex 103.49639 26.417255 92.97179
        vertex 101.6335 26.596882 93.87171
    endloop
endfacet
facet normal 0.37693676 0.63744205 0.67200166
    outer loop
        vertex 100.52393 24.675062 96.31707
        vertex 101.6335 26.596882 93.87171
        vertex 99.7635 26.764196 94.76192
    endloop
endfacet
facet normal 0.35656491 0.63791025 0.68259197
    outer loop
        vertex 98.63645 24.8121 97.174965
        vertex 100.52393 24.675062 96.31707
        vertex 99.7635 26.764196 94.76192
    endloop
endfacet
facet normal 0.35165352 0.62927532 0.69307458
    outer loop
        vertex 96.742065 24.937172 98.02258
        vertex 98.63645 24.8121 97.174965
        vertex 97.88639 26.9192 95.642395
    endloop
endfacet
facet normal 0.36239141 0.61141956 0.70344764
    outer loop
        vertex 94.11085 27.192272 97.374176
        vertex 94.84077 25.050278 98.85992
        vertex 96.002174 27.061893 96.51315
    endloop
endfacet
facet normal 0.34670433 0.62046278 0.70343584
    outer loop
        vertex 96.002174 27.061893 96.51315
        vertex 94.84077 25.050278 98.85992
        vertex 96.742065 24.937172 98.02258
    endloop
endfacet
facet normal 0.34172434 0.61146957 0.71367317
    outer loop
        vertex 94.11085 27.192272 97.374176
        vertex 92.932556 25.151419 99.68696
        vertex 94.84077 25.050278 98.85992
    endloop
endfacet
facet normal 0.3525846 0.59313601 0.72379124
    outer loop
        vertex 90.30688 27.416096 99.06708
        vertex 91.01745 25.240595 100.50372
        vertex 92.21242 27.310339 98.22549
    endloop
endfacet
facet normal 0.34761861 0.58372587 0.73377478
    outer loop
        vertex 88.395485 27.511715 99.896515
        vertex 89.09543 25.317804 101.3102
        vertex 90.30688 27.416096 99.06708
    endloop
endfacet
facet normal 0.34252602 0.57422286 0.74360204
    outer loop
        vertex 86.47949 27.599375 100.71139
        vertex 87.1678 25.38531 102.10407
        vertex 88.395485 27.511715 99.896515
    endloop
endfacet
facet normal 0.33731204 0.56466156 0.75324494
    outer loop
        vertex 84.558914 27.67908 101.511696
        vertex 85.23587 25.445364 102.883026
        vertex 86.47949 27.599375 100.71139
    endloop
endfacet
facet normal 0.33197159 0.5550456 0.76270521
    outer loop
        vertex 82.633736 27.75082 102.29743
        vertex 83.299644 25.49797 103.647064
        vertex 84.558914 27.67908 101.511696
    endloop
endfacet
facet normal 0.32652286 0.5453645 0.77198476
    outer loop
        vertex 80.70396 27.814602 103.0686
        vertex 81.359116 25.543129 104.396164
        vertex 82.633736 27.75082 102.29743
    endloop
endfacet
facet normal 0.2998293 0.53476483 0.79001838
    outer loop
        vertex 77.465164 25.6111 105.84961
        vertex 79.41429 25.58084 105.130356
        vertex 78.769585 27.870426 103.82521
    endloop
endfacet
facet normal 0.29413408 0.52485138 0.79875922
    outer loop
        vertex 75.511734 25.633913 106.55395
        vertex 77.465164 25.6111 105.84961
        vertex 76.83063 27.918291 104.56725
    endloop
endfacet
facet normal 0.28834045 0.51487392 0.8073194
    outer loop
        vertex 73.554 25.649275 107.24337
        vertex 75.511734 25.633913 106.55395
        vertex 74.88707 27.958195 105.29472
    endloop
endfacet
facet normal 0.28245342 0.50482601 0.81570262
    outer loop
        vertex 71.59197 25.657192 107.91786
        vertex 73.554 25.649275 107.24337
        vertex 72.93891 27.990143 106.00763
    endloop
endfacet
facet normal 0.27648327 0.49470326 0.82390869
    outer loop
        vertex 69.62565 25.65766 108.57743
        vertex 71.59197 25.657192 107.91786
        vertex 70.98616 28.01413 106.70597
    endloop
endfacet
facet normal 0.28572094 0.47567084 0.83192599
    outer loop
        vertex 67.65502 25.650679 109.22208
        vertex 69.02881 28.030157 107.38974
        vertex 67.06687 28.038225 108.058945
    endloop
endfacet
facet normal 0.27958035 0.4654054 0.83978128
    outer loop
        vertex 65.680084 25.636248 109.85181
        vertex 67.06687 28.038225 108.058945
        vertex 65.100334 28.038334 108.713585
    endloop
endfacet
facet normal 0.24933459 0.46885565 0.8473528
    outer loop
        vertex 63.700855 25.61437 110.466606
        vertex 65.100334 28.038334 108.713585
        vertex 61.717323 25.585043 111.06649
    endloop
endfacet
facet normal 0.24307743 0.45841405 0.85485089
    outer loop
        vertex 61.717323 25.585043 111.06649
        vertex 63.1292 28.030485 109.35365
        vertex 59.729496 25.548267 111.65145
    endloop
endfacet
facet normal 0.23676352 0.44788304 0.86217386
    outer loop
        vertex 59.729496 25.548267 111.65145
        vertex 61.153477 28.014675 109.97916
        vertex 57.737362 25.504044 112.22149
    endloop
endfacet
facet normal 0.23277861 0.42154068 0.8764233
    outer loop
        vertex 57.737362 25.504044 112.22149
        vertex 57.188236 27.959179 111.18647
        vertex 55.74093 25.452372 112.776596
    endloop
endfacet
facet normal 0.22633128 0.41071901 0.88322371
    outer loop
        vertex 55.74093 25.452372 112.776596
        vertex 55.198727 27.91949 111.76827
        vertex 53.740196 25.393251 113.31679
    endloop
endfacet
facet normal 0.21984446 0.39979643 0.88984907
    outer loop
        vertex 53.740196 25.393251 113.31679
        vertex 53.204617 27.871845 112.33551
        vertex 51.73516 25.326683 113.84206
    endloop
endfacet
facet normal 0.21332739 0.38876969 0.89629775
    outer loop
        vertex 51.73516 25.326683 113.84206
        vertex 51.20591 27.81624 112.888176
        vertex 49.72583 25.252665 114.3524
    endloop
endfacet
facet normal 0.20678528 0.37763032 0.90257138
    outer loop
        vertex 49.72583 25.252665 114.3524
        vertex 49.202614 27.752676 113.426285
        vertex 47.712196 25.171198 114.847824
    endloop
endfacet
facet normal 0.20022336 0.36638018 0.90866715
    outer loop
        vertex 47.712196 25.171198 114.847824
        vertex 47.194717 27.68115 113.94982
        vertex 45.694263 25.082283 115.32832
    endloop
endfacet
facet normal 0.20917563 0.34605378 0.91459954
    outer loop
        vertex 45.18223 27.601667 114.45879
        vertex 43.165146 27.514225 114.9532
        vertex 43.672028 24.98592 115.7939
    endloop
endfacet
facet normal 0.20265117 0.33452946 0.92033827
    outer loop
        vertex 43.165146 27.514225 114.9532
        vertex 41.143467 27.418821 115.43304
        vertex 41.645493 24.882109 116.24455
    endloop
endfacet
facet normal 0.19612904 0.32288161 0.92589468
    outer loop
        vertex 41.143467 27.418821 115.43304
        vertex 39.11719 27.31546 115.8983
        vertex 39.61466 24.77085 116.68029
    endloop
endfacet
facet normal 0.18962201 0.31109717 0.93126905
    outer loop
        vertex 39.11719 27.31546 115.8983
        vertex 37.08632 27.204142 116.34901
        vertex 37.57952 24.65214 117.1011
    endloop
endfacet
facet normal 0.18312436 0.29917958 0.93645978
    outer loop
        vertex 37.08632 27.204142 116.34901
        vertex 35.050854 27.084862 116.78515
        vertex 35.540085 24.525984 117.50699
    endloop
endfacet
facet normal 0.17664222 0.28712255 0.94146597
    outer loop
        vertex 35.050854 27.084862 116.78515
        vertex 33.010796 26.957623 117.20672
        vertex 33.49635 24.392378 117.89795
    endloop
endfacet
facet normal 0.17018303 0.27492568 0.94628412
    outer loop
        vertex 33.010796 26.957623 117.20672
        vertex 30.966139 26.822424 117.613716
        vertex 31.448313 24.251324 118.27399
    endloop
endfacet
facet normal 0.14114663 0.25947273 0.95538026
    outer loop
        vertex 27.339338 23.94687 118.98131
        vertex 29.395975 24.10282 118.63511
        vertex 28.916885 26.679266 118.00615
    endloop
endfacet
facet normal 0.07618053 0.56423122 -0.82209474
    outer loop
        vertex 96.038925 -16.502613 53.87918
        vertex 98.437065 -17.48604 53.42645
        vertex 93.450325 -22.959713 49.20758
    endloop
endfacet
facet normal 0.00847557 0.5964216 -0.80262655
    outer loop
        vertex 96.038925 -16.502613 53.87918
        vertex 97.97594 -9.889819 58.81352
        vertex 102.68904 -7.7616158 60.44473
    endloop
endfacet
facet normal 0.13198644 0.52726454 -0.83938766
    outer loop
        vertex 93.450325 -22.959713 49.20758
        vertex 93.57207 -25.86522 47.40162
        vertex 91.95067 -28.657818 45.392487
    endloop
endfacet
facet normal 0.1314249 0.52728701 -0.83946168
    outer loop
        vertex 93.450325 -22.959713 49.20758
        vertex 98.437065 -17.48604 53.42645
        vertex 93.57207 -25.86522 47.40162
    endloop
endfacet
facet normal 0.23506241 0.83930033 -0.49022514
    outer loop
        vertex 45.146767 3.0433984 62.149387
        vertex 42.69067 3.9264393 62.48352
        vertex 47.004513 9.03846 73.304146
    endloop
endfacet
facet normal 0.23418489 0.83791327 -0.49300995
    outer loop
        vertex 45.146767 3.0433984 62.149387
        vertex 42.09834 -0.26312825 55.081623
        vertex 42.69067 3.9264393 62.48352
    endloop
endfacet
facet normal 0.30022135 0.81962198 -0.48794135
    outer loop
        vertex 42.09834 -0.26312825 55.081623
        vertex 39.89731 -0.9590431 52.558403
        vertex 42.69067 3.9264393 62.48352
    endloop
endfacet
facet normal 0.33042571 0.79723293 -0.50521141
    outer loop
        vertex 42.09834 -0.26312825 55.081623
        vertex 43.613277 -3.9191875 50.303116
        vertex 38.546238 -7.73596 40.96616
    endloop
endfacet
facet normal 0.40550679 0.79495072 -0.45123994
    outer loop
        vertex 33.922115 -3.2322123 44.187103
        vertex 30.027157 -0.9864997 44.643177
        vertex 33.07961 -1.1705079 47.062096
    endloop
endfacet
facet normal 0.43081853 0.77408665 -0.46388069
    outer loop
        vertex 33.922115 -3.2322123 44.187103
        vertex 38.546238 -7.73596 40.96616
        vertex 26.666042 -1.063065 41.06789
    endloop
endfacet
facet normal 0.39049035 0.81354988 -0.43087569
    outer loop
        vertex 30.027157 -0.9864997 44.643177
        vertex 31.55958 0.571566 48.9738
        vertex 33.07961 -1.1705079 47.062096
    endloop
endfacet
facet normal 0.41069293 0.81758094 -0.40359959
    outer loop
        vertex 30.027157 -0.9864997 44.643177
        vertex 26.666042 -1.063065 41.06789
        vertex 28.37316 3.4257631 51.898132
    endloop
endfacet
facet normal 0.18710278 0.40870136 -0.89328372
    outer loop
        vertex 92.983086 -34.961533 42.105534
        vertex 97.09986 -36.82304 42.116123
        vertex 97.833626 -41.297188 40.22277
    endloop
endfacet
facet normal 0.20339021 0.44484133 -0.87220901
    outer loop
        vertex 92.983086 -34.961533 42.105534
        vertex 95.91456 -33.405045 43.58296
        vertex 97.09986 -36.82304 42.116123
    endloop
endfacet
facet normal 0.13151133 0.45571136 -0.88035899
    outer loop
        vertex 97.09986 -36.82304 42.116123
        vertex 98.746506 -32.874805 44.40588
        vertex 104.47772 -25.52774 49.065186
    endloop
endfacet
facet normal 0.17404452 0.43870226 -0.88161713
    outer loop
        vertex 97.09986 -36.82304 42.116123
        vertex 95.91456 -33.405045 43.58296
        vertex 98.746506 -32.874805 44.40588
    endloop
endfacet
facet normal 0.35275334 0.8838436 -0.30722234
    outer loop
        vertex 17.223408 7.0255203 48.620144
        vertex 18.307945 8.565984 54.29715
        vertex 19.478174 8.209101 54.614098
    endloop
endfacet
facet normal 0.40441984 0.86478812 -0.29763395
    outer loop
        vertex 17.223408 7.0255203 48.620144
        vertex 14.77916 5.59825 41.151947
        vertex 17.80013 10.830725 60.45997
    endloop
endfacet
facet normal 0.01876018 0.38393202 -0.92317075
    outer loop
        vertex 112.1311 -40.976933 42.798367
        vertex 114.78313 -36.045483 44.90317
        vertex 119.18714 -31.561817 46.857353
    endloop
endfacet
facet normal 0.0543819 0.36709037 -0.92859417
    outer loop
        vertex 112.1311 -40.976933 42.798367
        vertex 113.90506 -35.182568 45.192875
        vertex 114.78313 -36.045483 44.90317
    endloop
endfacet
facet normal -0.04638964 0.40435946 -0.91342288
    outer loop
        vertex 119.18714 -31.561817 46.857353
        vertex 121.621376 -25.514257 49.410896
        vertex 128.71092 -15.066145 53.676075
    endloop
endfacet
facet normal -0.04764459 0.40505823 -0.91304868
    outer loop
        vertex 121.621376 -25.514257 49.410896
        vertex 120.73885 -24.969337 49.698692
        vertex 128.71092 -15.066145 53.676075
    endloop
endfacet
facet normal -0.04010333 0.41508076 -0.90890032
    outer loop
        vertex 121.621376 -25.514257 49.410896
        vertex 114.78313 -36.045483 44.90317
        vertex 120.73885 -24.969337 49.698692
    endloop
endfacet
facet normal 0.2511377 0.91952151 -0.30234119
    outer loop
        vertex 19.737835 12.355592 67.01035
        vertex 20.778439 12.084484 67.05019
        vertex 18.307945 8.565984 54.29715
    endloop
endfacet
facet normal 0.25167218 0.92342567 -0.28973454
    outer loop
        vertex 19.737835 12.355592 67.01035
        vertex 20.8211 16.0632 79.76799
        vertex 20.778439 12.084484 67.05019
    endloop
endfacet
facet normal 0.41361621 0.85099071 -0.32363012
    outer loop
        vertex 17.223408 7.0255203 48.620144
        vertex 19.478174 8.209101 54.614098
        vertex 20.74534 4.2775044 45.895405
    endloop
endfacet
facet normal 0.35342172 0.88197303 -0.31179604
    outer loop
        vertex 18.307945 8.565984 54.29715
        vertex 20.778439 12.084484 67.05019
        vertex 19.478174 8.209101 54.614098
    endloop
endfacet
facet normal 0.05796252 0.37024093 -0.92712575
    outer loop
        vertex 114.78313 -36.045483 44.90317
        vertex 113.90506 -35.182568 45.192875
        vertex 120.73885 -24.969337 49.698692
    endloop
endfacet
facet normal 0.12422909 0.32245538 -0.93839741
    outer loop
        vertex 112.1311 -40.976933 42.798367
        vertex 109.66336 -48.057487 40.03863
        vertex 106.956085 -41.092148 42.073685
    endloop
endfacet
facet normal -0.14943016 0.88093084 -0.44903407
    outer loop
        vertex 63.20235 24.676176 102.7492
        vertex 65.100334 28.038334 108.713585
        vertex 67.06687 28.038225 108.058945
    endloop
endfacet
facet normal -0.1077148 0.88592738 -0.45114309
    outer loop
        vertex 63.20235 24.676176 102.7492
        vertex 58.952457 20.627937 95.81422
        vertex 63.1292 28.030485 109.35365
    endloop
endfacet
facet normal -0.25516069 0.69760936 -0.66950291
    outer loop
        vertex 111.59054 20.073988 83.269066
        vertex 114.52446 25.080942 87.36804
        vertex 116.3376 24.81513 86.40005
    endloop
endfacet
facet normal -0.25527138 0.69762564 -0.66944367
    outer loop
        vertex 111.59054 20.073988 83.269066
        vertex 112.70422 25.33444 88.3263
        vertex 114.52446 25.080942 87.36804
    endloop
endfacet
facet normal 0.03655454 0.44843486 -0.89306778
    outer loop
        vertex 113.09339 -26.734232 48.929195
        vertex 109.29632 -28.110884 48.08252
        vertex 114.76122 -20.16107 52.298035
    endloop
endfacet
facet normal 0.03371219 0.41886005 -0.90742475
    outer loop
        vertex 113.09339 -26.734232 48.929195
        vertex 112.323875 -33.05148 45.984615
        vertex 106.956085 -41.092148 42.073685
    endloop
endfacet
facet normal -0.01389483 0.48529926 -0.87423778
    outer loop
        vertex 114.76122 -20.16107 52.298035
        vertex 112.36142 -19.498522 52.703964
        vertex 118.15899 -10.572861 57.566555
    endloop
endfacet
facet normal -0.01680061 0.47740102 -0.87852496
    outer loop
        vertex 114.76122 -20.16107 52.298035
        vertex 109.29632 -28.110884 48.08252
        vertex 112.36142 -19.498522 52.703964
    endloop
endfacet
facet normal 0.28968811 0.88320667 -0.36881828
    outer loop
        vertex 25.46982 8.732745 61.658943
        vertex 27.359915 6.806411 58.530537
        vertex 25.40731 4.5966773 51.70523
    endloop
endfacet
facet normal 0.28762147 0.88332832 -0.3701418
    outer loop
        vertex 25.46982 8.732745 61.658943
        vertex 28.615294 10.496481 68.31224
        vertex 27.359915 6.806411 58.530537
    endloop
endfacet
facet normal 0.22778891 0.90102631 -0.36913931
    outer loop
        vertex 28.615294 10.496481 68.31224
        vertex 30.916388 9.662946 67.69764
        vertex 27.359915 6.806411 58.530537
    endloop
endfacet
facet normal 0.14412732 0.92404121 -0.35408363
    outer loop
        vertex 28.615294 10.496481 68.31224
        vertex 29.204718 14.237869 78.31595
        vertex 32.64753 13.777414 78.515686
    endloop
endfacet
facet normal 0.31009224 0.71002489 -0.63222408
    outer loop
        vertex 55.21752 -14.946851 43.119156
        vertex 56.213356 -12.907043 45.898415
        vertex 60.91155 -13.73134 47.277042
    endloop
endfacet
facet normal 0.37385854 0.67873019 -0.6321038
    outer loop
        vertex 55.21752 -14.946851 43.119156
        vertex 50.419746 -14.420435 40.846752
        vertex 56.213356 -12.907043 45.898415
    endloop
endfacet
facet normal 0.3179979 0.58191264 -0.74850178
    outer loop
        vertex 71.418945 -23.712345 42.598675
        vertex 72.89785 -21.465797 44.97353
        vertex 74.14523 -27.826685 40.55829
    endloop
endfacet
facet normal 0.31053716 0.61831605 -0.72197771
    outer loop
        vertex 71.418945 -23.712345 42.598675
        vertex 68.25717 -20.273563 44.183773
        vertex 69.67692 -18.082806 46.670643
    endloop
endfacet
facet normal 0.02368221 0.67743486 -0.73520148
    outer loop
        vertex 90.74039 -2.1400654 65.08056
        vertex 86.92772 -1.9379483 65.14398
        vertex 94.673035 6.0386186 72.7433
    endloop
endfacet
facet normal 0.11796613 0.64057004 -0.75878459
    outer loop
        vertex 90.74039 -2.1400654 65.08056
        vertex 87.692566 -10.487668 57.55963
        vertex 81.99965 -14.270758 53.480865
    endloop
endfacet
facet normal -0.0359227 0.72664338 -0.68607515
    outer loop
        vertex 86.98114 2.325752 69.357635
        vertex 83.66499 -2.7937706 64.109024
        vertex 87.78435 7.732073 75.04158
    endloop
endfacet
facet normal 0.04135694 0.70205647 -0.71091938
    outer loop
        vertex 86.98114 2.325752 69.357635
        vertex 86.92772 -1.9379483 65.14398
        vertex 83.66499 -2.7937706 64.109024
    endloop
endfacet
facet normal -0.06811493 0.727687 -0.68251884
    outer loop
        vertex 97.320984 18.059465 85.10068
        vertex 86.98114 2.325752 69.357635
        vertex 87.78435 7.732073 75.04158
    endloop
endfacet
facet normal 0.04950311 0.68746144 -0.72453171
    outer loop
        vertex 86.92772 -1.9379483 65.14398
        vertex 82.559944 -8.859843 58.277817
        vertex 83.66499 -2.7937706 64.109024
    endloop
endfacet
facet normal 0.0383626 0.70764315 -0.70552778
    outer loop
        vertex 83.66499 -2.7937706 64.109024
        vertex 80.53195 -7.459199 59.25925
        vertex 81.04 0.51483804 67.28482
    endloop
endfacet
facet normal 0.11614253 0.67724532 -0.7265327
    outer loop
        vertex 83.66499 -2.7937706 64.109024
        vertex 82.559944 -8.859843 58.277817
        vertex 80.53195 -7.459199 59.25925
    endloop
endfacet
facet normal 0.11274559 0.67449194 -0.72962254
    outer loop
        vertex 80.53195 -7.459199 59.25925
        vertex 82.559944 -8.859843 58.277817
        vertex 77.84209 -14.299027 52.520588
    endloop
endfacet
facet normal 0.04667342 0.71074969 -0.70189488
    outer loop
        vertex 83.66499 -2.7937706 64.109024
        vertex 81.04 0.51483804 67.28482
        vertex 87.78435 7.732073 75.04158
    endloop
endfacet
facet normal 0.04960655 0.73332161 -0.67806971
    outer loop
        vertex 81.04 0.51483804 67.28482
        vertex 78.88305 0.66125596 67.28537
        vertex 85.076836 10.409485 78.28105
    endloop
endfacet
facet normal 0.04913828 0.72645104 -0.68545932
    outer loop
        vertex 81.04 0.51483804 67.28482
        vertex 76.54096 -6.6957517 59.320503
        vertex 78.88305 0.66125596 67.28537
    endloop
endfacet
facet normal 0.1191214 0.42476526 -0.89743215
    outer loop
        vertex 103.810875 -32.476303 45.39755
        vertex 104.506775 -34.57482 44.496666
        vertex 102.38727 -37.431774 42.863102
    endloop
endfacet
facet normal 0.05530388 0.46192193 -0.88519472
    outer loop
        vertex 103.810875 -32.476303 45.39755
        vertex 104.47772 -25.52774 49.065186
        vertex 112.36142 -19.498522 52.703964
    endloop
endfacet
facet normal 0.11382392 0.42816457 -0.89650393
    outer loop
        vertex 102.38727 -37.431774 42.863102
        vertex 104.506775 -34.57482 44.496666
        vertex 106.45192 -34.209793 44.917965
    endloop
endfacet
facet normal 0.17409435 0.40784451 -0.89630014
    outer loop
        vertex 103.810875 -32.476303 45.39755
        vertex 97.833626 -41.297188 40.22277
        vertex 97.09986 -36.82304 42.116123
    endloop
endfacet
facet normal 0.35489598 0.85376662 -0.38096103
    outer loop
        vertex 28.37316 3.4257631 51.898132
        vertex 26.52302 3.5250733 50.39714
        vertex 27.359915 6.806411 58.530537
    endloop
endfacet
facet normal 0.36241442 0.84615856 -0.39073175
    outer loop
        vertex 28.37316 3.4257631 51.898132
        vertex 26.130785 2.031571 46.79904
        vertex 26.52302 3.5250733 50.39714
    endloop
endfacet
facet normal 0.35044697 0.8349123 -0.42439184
    outer loop
        vertex 31.55958 0.571566 48.9738
        vertex 30.027157 -0.9864997 44.643177
        vertex 32.584137 4.9258327 58.386055
    endloop
endfacet
facet normal 0.35648152 0.84852141 -0.39106575
    outer loop
        vertex 26.130785 2.031571 46.79904
        vertex 25.40731 4.5966773 51.70523
        vertex 26.52302 3.5250733 50.39714
    endloop
endfacet
facet normal 0.0510076 0.9580431 -0.28204936
    outer loop
        vertex 24.017294 17.781738 86.87395
        vertex 24.548536 19.954107 94.34895
        vertex 27.181087 19.131104 92.029526
    endloop
endfacet
facet normal 0.12243163 0.95068061 -0.28498572
    outer loop
        vertex 24.017294 17.781738 86.87395
        vertex 20.8211 16.0632 79.76799
        vertex 24.548536 19.954107 94.34895
    endloop
endfacet
facet normal -0.15955655 0.46227446 -0.87226361
    outer loop
        vertex 130.54773 -8.067257 57.04929
        vertex 134.78021 -1.988622 59.496574
        vertex 128.71092 -15.066145 53.676075
    endloop
endfacet
facet normal -0.21838394 0.49147931 -0.84306383
    outer loop
        vertex 130.54773 -8.067257 57.04929
        vertex 131.28156 -2.6657538 60.008106
        vertex 134.78021 -1.988622 59.496574
    endloop
endfacet
facet normal 0.22508325 0.69395155 -0.6839363
    outer loop
        vertex 70.42372 -12.887877 51.738144
        vertex 66.82642 -13.947956 49.478672
        vertex 73.88651 -0.60168374 65.34386
    endloop
endfacet
facet normal 0.24896531 0.66198409 -0.70696056
    outer loop
        vertex 70.42372 -12.887877 51.738144
        vertex 67.9936 -17.864342 46.22248
        vertex 66.82642 -13.947956 49.478672
    endloop
endfacet
facet normal -0.27537873 0.66345125 -0.69570041
    outer loop
        vertex 118.521034 18.29099 79.31887
        vertex 121.73435 23.943827 83.437744
        vertex 123.51905 23.628769 82.430855
    endloop
endfacet
facet normal -0.23228179 0.66510212 -0.70970726
    outer loop
        vertex 118.521034 18.29099 79.31887
        vertex 112.777435 11.6399975 74.96573
        vertex 119.942535 24.246574 84.4349
    endloop
endfacet
facet normal -0.13713722 0.90242833 -0.40843171
    outer loop
        vertex 55.224377 24.644897 104.52297
        vertex 57.188236 27.959179 111.18647
        vertex 59.173157 27.990906 110.5901
    endloop
endfacet
facet normal -0.13741718 0.90242416 -0.40834704
    outer loop
        vertex 55.224377 24.644897 104.52297
        vertex 55.198727 27.91949 111.76827
        vertex 57.188236 27.959179 111.18647
    endloop
endfacet
facet normal -0.06392311 0.63180965 -0.77248329
    outer loop
        vertex 100.55021 -1.7320217 65.27271
        vertex 106.822624 1.5312821 67.42271
        vertex 97.97594 -9.889819 58.81352
    endloop
endfacet
facet normal -0.10283881 0.65690869 -0.7469238
    outer loop
        vertex 100.55021 -1.7320217 65.27271
        vertex 101.45246 5.4299626 71.44735
        vertex 109.67273 13.439451 77.35979
    endloop
endfacet
facet normal -0.08811234 0.6829285 -0.72515166
    outer loop
        vertex 101.45246 5.4299626 71.44735
        vertex 98.97053 7.224061 73.43856
        vertex 110.87688 25.575626 89.27485
    endloop
endfacet
facet normal -0.09896464 0.67478925 -0.73134494
    outer loop
        vertex 101.45246 5.4299626 71.44735
        vertex 95.78433 -4.252027 63.281082
        vertex 98.97053 7.224061 73.43856
    endloop
endfacet
facet normal 0.04772723 0.8691622 -0.49221861
    outer loop
        vertex 53.54444 10.631777 77.638565
        vertex 51.20899 14.187505 83.690834
        vertex 58.952457 20.627937 95.81422
    endloop
endfacet
facet normal 0.07484215 0.87213713 -0.48350331
    outer loop
        vertex 53.54444 10.631777 77.638565
        vertex 48.886024 6.262193 69.03568
        vertex 51.20899 14.187505 83.690834
    endloop
endfacet
facet normal 0.00980899 0.86314619 -0.50485897
    outer loop
        vertex 58.91723 14.338484 84.53105
        vertex 62.541924 14.523705 84.918144
        vertex 55.123188 7.631509 72.99057
    endloop
endfacet
facet normal -0.03768545 0.87289482 -0.48645073
    outer loop
        vertex 58.91723 14.338484 84.53105
        vertex 58.952457 20.627937 95.81422
        vertex 63.20235 24.676176 102.7492
    endloop
endfacet
facet normal 0.37863398 0.77125174 -0.51167083
    outer loop
        vertex 42.465923 -6.227443 46.140526
        vertex 46.924084 -8.877625 45.44487
        vertex 38.546238 -7.73596 40.96616
    endloop
endfacet
facet normal 0.36716765 0.75884819 -0.53790087
    outer loop
        vertex 42.465923 -6.227443 46.140526
        vertex 45.355015 -3.910976 51.380577
        vertex 46.924084 -8.877625 45.44487
    endloop
endfacet
facet normal 0.25651935 0.61732274 -0.74371392
    outer loop
        vertex 71.418945 -23.712345 42.598675
        vertex 69.67692 -18.082806 46.670643
        vertex 72.89785 -21.465797 44.97353
    endloop
endfacet
facet normal 0.32117355 0.63197392 -0.70530599
    outer loop
        vertex 68.25717 -20.273563 44.183773
        vertex 62.286575 -21.11649 40.70967
        vertex 67.9936 -17.864342 46.22248
    endloop
endfacet
facet normal 0.23251113 0.52566254 -0.81830156
    outer loop
        vertex 86.22929 -28.865925 43.872585
        vertex 81.39697 -26.863783 43.78568
        vertex 87.614876 -23.778414 47.534412
    endloop
endfacet
facet normal 0.22289611 0.50169498 -0.83583456
    outer loop
        vertex 86.22929 -28.865925 43.872585
        vertex 85.99425 -34.553585 40.39599
        vertex 81.39697 -26.863783 43.78568
    endloop
endfacet
facet normal 0.26398566 0.7045362 -0.65874159
    outer loop
        vertex 59.83799 -15.859121 44.57112
        vertex 60.91155 -13.73134 47.277042
        vertex 64.03509 -11.287992 51.141983
    endloop
endfacet
facet normal 0.3398062 0.66908807 -0.66094857
    outer loop
        vertex 59.83799 -15.859121 44.57112
        vertex 55.21752 -14.946851 43.119156
        vertex 60.91155 -13.73134 47.277042
    endloop
endfacet
facet normal 0.08940915 0.9474777 -0.30707011
    outer loop
        vertex 25.38385 14.761462 78.02351
        vertex 27.181087 19.131104 92.029526
        vertex 28.55134 16.915268 85.591446
    endloop
endfacet
facet normal 0.24593803 0.91285068 -0.32591107
    outer loop
        vertex 25.38385 14.761462 78.02351
        vertex 21.884802 11.719201 66.861946
        vertex 20.778439 12.084484 67.05019
    endloop
endfacet
facet normal 0.09742199 0.93681031 -0.33599919
    outer loop
        vertex 28.55134 16.915268 85.591446
        vertex 30.958485 17.964128 89.21375
        vertex 29.204718 14.237869 78.31595
    endloop
endfacet
facet normal 0.05760395 0.94770157 -0.31391639
    outer loop
        vertex 28.55134 16.915268 85.591446
        vertex 27.181087 19.131104 92.029526
        vertex 30.957935 22.224497 102.06142
    endloop
endfacet
facet normal 0.22455251 0.8983292 -0.37759864
    outer loop
        vertex 28.615294 10.496481 68.31224
        vertex 32.64753 13.777414 78.515686
        vertex 30.916388 9.662946 67.69764
    endloop
endfacet
facet normal 0.14402525 0.92902464 -0.34083682
    outer loop
        vertex 29.204718 14.237869 78.31595
        vertex 30.958485 17.964128 89.21375
        vertex 32.64753 13.777414 78.515686
    endloop
endfacet
facet normal -0.16491449 0.49098232 -0.85541773
    outer loop
        vertex 123.83563 -14.305744 54.76261
        vertex 131.28156 -2.6657538 60.008106
        vertex 130.54773 -8.067257 57.04929
    endloop
endfacet
facet normal -0.17230178 0.49421102 -0.85209602
    outer loop
        vertex 123.83563 -14.305744 54.76261
        vertex 126.10556 -7.0416417 58.51675
        vertex 131.28156 -2.6657538 60.008106
    endloop
endfacet
facet normal -0.19113883 0.51260394 -0.83708006
    outer loop
        vertex 126.10556 -7.0416417 58.51675
        vertex 126.52306 -3.1980937 60.775097
        vertex 134.70973 6.720321 64.97951
    endloop
endfacet
facet normal -0.14729886 0.51291215 -0.84570926
    outer loop
        vertex 126.10556 -7.0416417 58.51675
        vertex 120.8639 -12.3114 56.233658
        vertex 126.52306 -3.1980937 60.775097
    endloop
endfacet
facet normal -0.10626706 0.49557135 -0.86204195
    outer loop
        vertex 120.8639 -12.3114 56.233658
        vertex 118.15899 -10.572861 57.566555
        vertex 126.52306 -3.1980937 60.775097
    endloop
endfacet
facet normal 0.01449708 0.42098108 -0.90695357
    outer loop
        vertex 113.09339 -26.734232 48.929195
        vertex 117.841805 -23.280773 50.60809
        vertex 112.323875 -33.05148 45.984615
    endloop
endfacet
facet normal 0.14001289 0.52340573 -0.84050161
    outer loop
        vertex 91.95067 -28.657818 45.392487
        vertex 93.57207 -25.86522 47.40162
        vertex 96.358894 -25.427845 48.13822
    endloop
endfacet
facet normal 0.19951408 0.50836813 -0.83770877
    outer loop
        vertex 91.95067 -28.657818 45.392487
        vertex 85.99425 -34.553585 40.39599
        vertex 93.450325 -22.959713 49.20758
    endloop
endfacet
facet normal 0.30061936 0.81931907 -0.48820513
    outer loop
        vertex 38.96575 -2.588296 49.250526
        vertex 39.89731 -0.9590431 52.558403
        vertex 42.09834 -0.26312825 55.081623
    endloop
endfacet
facet normal 0.30884653 0.81588036 -0.48882824
    outer loop
        vertex 38.96575 -2.588296 49.250526
        vertex 38.329987 0.7158231 54.363594
        vertex 39.89731 -0.9590431 52.558403
    endloop
endfacet
facet normal 0.17769502 0.48050743 -0.85879987
    outer loop
        vertex 92.983086 -34.961533 42.105534
        vertex 96.358894 -25.427845 48.13822
        vertex 95.91456 -33.405045 43.58296
    endloop
endfacet
facet normal 0.14010219 0.52311575 -0.84066719
    outer loop
        vertex 93.57207 -25.86522 47.40162
        vertex 98.437065 -17.48604 53.42645
        vertex 96.358894 -25.427845 48.13822
    endloop
endfacet
facet normal 0.16903442 0.83878088 -0.51756555
    outer loop
        vertex 50.813164 4.074092 66.11898
        vertex 48.886024 6.262193 69.03568
        vertex 53.54444 10.631777 77.638565
    endloop
endfacet
facet normal 0.17592166 0.83972579 -0.51372385
    outer loop
        vertex 50.813164 4.074092 66.11898
        vertex 47.07627 0.12786612 58.38886
        vertex 48.886024 6.262193 69.03568
    endloop
endfacet
facet normal 0.30911782 0.81590497 -0.4886156
    outer loop
        vertex 39.89731 -0.9590431 52.558403
        vertex 38.329987 0.7158231 54.363594
        vertex 42.69067 3.9264393 62.48352
    endloop
endfacet
facet normal 0.40173936 0.76856565 -0.49790806
    outer loop
        vertex 38.96575 -2.588296 49.250526
        vertex 38.546238 -7.73596 40.96616
        vertex 33.922115 -3.2322123 44.187103
    endloop
endfacet
facet normal 0.0414813 0.60687339 -0.79371524
    outer loop
        vertex 94.147545 -10.994782 57.768585
        vertex 97.97594 -9.889819 58.81352
        vertex 91.48532 -18.132153 52.17223
    endloop
endfacet
facet normal -0.01275579 0.63474441 -0.77261686
    outer loop
        vertex 94.147545 -10.994782 57.768585
        vertex 95.78433 -4.252027 63.281082
        vertex 100.55021 -1.7320217 65.27271
    endloop
endfacet
facet normal -0.17300849 0.77136207 -0.61242837
    outer loop
        vertex 90.84549 16.952787 85.237335
        vertex 96.002174 27.061893 96.51315
        vertex 95.40536 21.108036 89.182785
    endloop
endfacet
facet normal -0.14035819 0.77662724 -0.61412519
    outer loop
        vertex 90.84549 16.952787 85.237335
        vertex 85.076836 10.409485 78.28105
        vertex 89.2582 21.81502 91.748924
    endloop
endfacet
facet normal -0.18974084 0.82184345 -0.53718883
    outer loop
        vertex 78.64566 18.614504 89.73245
        vertex 84.558914 27.67908 101.511696
        vertex 86.47949 27.599375 100.71139
    endloop
endfacet
facet normal -0.14604355 0.81809032 -0.5562368
    outer loop
        vertex 78.64566 18.614504 89.73245
        vertex 78.87863 22.760685 95.76932
        vertex 84.558914 27.67908 101.511696
    endloop
endfacet
facet normal 0.09889047 0.7540018 -0.64938593
    outer loop
        vertex 73.62407 2.827158 69.28512
        vertex 73.88651 -0.60168374 65.34386
        vertex 70.03617 -3.145221 61.804214
    endloop
endfacet
facet normal -0.04879819 0.78945935 -0.6118601
    outer loop
        vertex 73.62407 2.827158 69.28512
        vertex 76.83524 12.030459 80.90368
        vertex 81.64034 12.888439 81.62747
    endloop
endfacet
facet normal -0.07114018 0.95476252 -0.28873444
    outer loop
        vertex 30.957935 22.224497 102.06142
        vertex 33.010796 26.957623 117.20672
        vertex 34.336933 24.334423 108.2058
    endloop
endfacet
facet normal -0.03951053 0.95894629 -0.28082171
    outer loop
        vertex 30.957935 22.224497 102.06142
        vertex 27.181087 19.131104 92.029526
        vertex 27.73211 24.2487 109.4275
    endloop
endfacet
facet normal -0.34543166 0.55992204 -0.75310308
    outer loop
        vertex 134.70973 6.720321 64.97951
        vertex 142.6816 19.35054 70.71339
        vertex 144.381 18.887737 69.58982
    endloop
endfacet
facet normal -0.30652362 0.54709011 -0.77893233
    outer loop
        vertex 134.70973 6.720321 64.97951
        vertex 136.0897 12.853184 68.743935
        vertex 142.6816 19.35054 70.71339
    endloop
endfacet
facet normal 0.15293267 0.38699526 -0.90931094
    outer loop
        vertex 102.38727 -37.431774 42.863102
        vertex 106.45192 -34.209793 44.917965
        vertex 106.956085 -41.092148 42.073685
    endloop
endfacet
facet normal 0.11796017 0.41345128 -0.90285295
    outer loop
        vertex 104.506775 -34.57482 44.496666
        vertex 109.29632 -28.110884 48.08252
        vertex 106.45192 -34.209793 44.917965
    endloop
endfacet
facet normal 0.36893904 0.84815961 -0.38014391
    outer loop
        vertex 26.52302 3.5250733 50.39714
        vertex 25.40731 4.5966773 51.70523
        vertex 27.359915 6.806411 58.530537
    endloop
endfacet
facet normal 0.40902758 0.81836975 -0.40369225
    outer loop
        vertex 26.130785 2.031571 46.79904
        vertex 26.666042 -1.063065 41.06789
        vertex 20.74534 4.2775044 45.895405
    endloop
endfacet
facet normal 0.09799127 0.94638193 -0.30782944
    outer loop
        vertex 24.017294 17.781738 86.87395
        vertex 27.181087 19.131104 92.029526
        vertex 25.38385 14.761462 78.02351
    endloop
endfacet
facet normal 0.04981441 0.9577381 -0.28329536
    outer loop
        vertex 24.548536 19.954107 94.34895
        vertex 27.73211 24.2487 109.4275
        vertex 27.181087 19.131104 92.029526
    endloop
endfacet
facet normal -0.21853854 0.49296397 -0.84215647
    outer loop
        vertex 134.78021 -1.988622 59.496574
        vertex 131.28156 -2.6657538 60.008106
        vertex 141.67842 11.178959 65.41426
    endloop
endfacet
facet normal -0.13021044 0.45799601 -0.87936628
    outer loop
        vertex 130.54773 -8.067257 57.04929
        vertex 128.71092 -15.066145 53.676075
        vertex 120.73885 -24.969337 49.698692
    endloop
endfacet
facet normal -0.02947536 0.43575326 -0.8995834
    outer loop
        vertex 120.73885 -24.969337 49.698692
        vertex 119.65339 -24.567863 49.92873
        vertex 123.83563 -14.305744 54.76261
    endloop
endfacet
facet normal -0.03538223 0.42310873 -0.90538776
    outer loop
        vertex 120.73885 -24.969337 49.698692
        vertex 113.90506 -35.182568 45.192875
        vertex 119.65339 -24.567863 49.92873
    endloop
endfacet
facet normal 0.24963549 0.91677147 -0.31178862
    outer loop
        vertex 20.778439 12.084484 67.05019
        vertex 21.884802 11.719201 66.861946
        vertex 19.478174 8.209101 54.614098
    endloop
endfacet
facet normal 0.15004517 0.94343781 -0.29565439
    outer loop
        vertex 20.778439 12.084484 67.05019
        vertex 20.8211 16.0632 79.76799
        vertex 24.017294 17.781738 86.87395
    endloop
endfacet
facet normal 0.13524963 0.91870725 -0.37105855
    outer loop
        vertex 32.64753 13.777414 78.515686
        vertex 35.88787 13.393646 78.746605
        vertex 30.916388 9.662946 67.69764
    endloop
endfacet
facet normal 0.06934325 0.93265307 -0.35404786
    outer loop
        vertex 32.64753 13.777414 78.515686
        vertex 30.958485 17.964128 89.21375
        vertex 37.358387 23.08698 103.962135
    endloop
endfacet
facet normal 0.13402194 0.90039748 -0.41391116
    outer loop
        vertex 35.88787 13.393646 78.746605
        vertex 38.60978 13.744541 80.39126
        vertex 37.985165 9.332743 70.59185
    endloop
endfacet
facet normal 0.11660508 0.91423684 -0.38803887
    outer loop
        vertex 35.88787 13.393646 78.746605
        vertex 38.279236 17.019041 88.0068
        vertex 38.60978 13.744541 80.39126
    endloop
endfacet
facet normal -0.07946172 0.53745782 -0.83953846
    outer loop
        vertex 118.15899 -10.572861 57.566555
        vertex 115.65513 -8.913465 58.86586
        vertex 119.97026 -0.9228677 63.572876
    endloop
endfacet
facet normal -0.09353374 0.52246851 -0.8475129
    outer loop
        vertex 118.15899 -10.572861 57.566555
        vertex 112.36142 -19.498522 52.703964
        vertex 115.65513 -8.913465 58.86586
    endloop
endfacet
facet normal -0.0973662 0.54365379 -0.83364284
    outer loop
        vertex 115.65513 -8.913465 58.86586
        vertex 114.55595 -6.453721 60.598343
        vertex 119.97026 -0.9228677 63.572876
    endloop
endfacet
facet normal 0.01860509 0.49867859 -0.86658728
    outer loop
        vertex 115.65513 -8.913465 58.86586
        vertex 112.36142 -19.498522 52.703964
        vertex 104.47772 -25.52774 49.065186
    endloop
endfacet
facet normal -0.10325346 0.62620944 -0.77278751
    outer loop
        vertex 106.822624 1.5312821 67.42271
        vertex 109.79905 2.9900897 68.20713
        vertex 102.68904 -7.7616158 60.44473
    endloop
endfacet
facet normal -0.10982562 0.6351738 -0.76452118
    outer loop
        vertex 106.822624 1.5312821 67.42271
        vertex 112.777435 11.6399975 74.96573
        vertex 109.79905 2.9900897 68.20713
    endloop
endfacet
facet normal 0.03454833 0.88526559 -0.46380082
    outer loop
        vertex 51.20899 14.187505 83.690834
        vertex 49.945663 15.695867 86.47577
        vertex 54.651073 20.354677 95.718636
    endloop
endfacet
facet normal 0.15696517 0.85808861 -0.48892325
    outer loop
        vertex 51.20899 14.187505 83.690834
        vertex 48.886024 6.262193 69.03568
        vertex 47.004513 9.03846 73.304146
    endloop
endfacet
facet normal -0.04577125 0.75087792 -0.65885317
    outer loop
        vertex 81.04 0.51483804 67.28482
        vertex 85.076836 10.409485 78.28105
        vertex 87.78435 7.732073 75.04158
    endloop
endfacet
facet normal -0.00229941 0.74891812 -0.66265869
    outer loop
        vertex 78.88305 0.66125596 67.28537
        vertex 79.58813 5.42782 72.66996
        vertex 85.076836 10.409485 78.28105
    endloop
endfacet
facet normal 0.37449852 0.67666864 -0.63393247
    outer loop
        vertex 50.419746 -14.420435 40.846752
        vertex 55.21752 -14.946851 43.119156
        vertex 62.286575 -21.11649 40.70967
    endloop
endfacet
facet normal 0.26404878 0.7318992 -0.62817347
    outer loop
        vertex 56.213356 -12.907043 45.898415
        vertex 57.425903 -10.366468 49.368183
        vertex 62.844902 -10.01808 52.05194
    endloop
endfacet
facet normal 0.28312343 0.63162357 -0.7217291
    outer loop
        vertex 72.89785 -21.465797 44.97353
        vertex 69.67692 -18.082806 46.670643
        vertex 72.13545 -14.18909 51.042686
    endloop
endfacet
facet normal 0.32455546 0.62547231 -0.70954067
    outer loop
        vertex 68.25717 -20.273563 44.183773
        vertex 71.418945 -23.712345 42.598675
        vertex 62.286575 -21.11649 40.70967
    endloop
endfacet
facet normal 0.27281505 0.75307703 -0.5987044
    outer loop
        vertex 56.537678 -3.775556 57.024147
        vertex 56.751812 -7.2918677 52.69875
        vertex 50.419746 -14.420435 40.846752
    endloop
endfacet
facet normal 0.2255066 0.7613923 -0.60780627
    outer loop
        vertex 56.537678 -3.775556 57.024147
        vertex 60.75478 -0.9117829 62.17618
        vertex 56.751812 -7.2918677 52.69875
    endloop
endfacet
facet normal 0.15873757 0.64571267 -0.74689859
    outer loop
        vertex 81.99965 -14.270758 53.480865
        vertex 78.21679 -16.93565 50.37303
        vertex 82.559944 -8.859843 58.277817
    endloop
endfacet
facet normal 0.19716118 0.61419237 -0.76413029
    outer loop
        vertex 81.99965 -14.270758 53.480865
        vertex 82.30606 -19.152319 49.636227
        vertex 74.14523 -27.826685 40.55829
    endloop
endfacet
facet normal 0.26647091 0.734492 -0.62411124
    outer loop
        vertex 56.751812 -7.2918677 52.69875
        vertex 59.203754 -6.3306093 54.8769
        vertex 57.425903 -10.366468 49.368183
    endloop
endfacet
facet normal 0.24788563 0.75191665 -0.61087966
    outer loop
        vertex 56.751812 -7.2918677 52.69875
        vertex 60.75478 -0.9117829 62.17618
        vertex 59.203754 -6.3306093 54.8769
    endloop
endfacet
facet normal 0.18119025 0.63642997 -0.74975133
    outer loop
        vertex 78.21679 -16.93565 50.37303
        vertex 77.84209 -14.299027 52.520588
        vertex 82.559944 -8.859843 58.277817
    endloop
endfacet
facet normal 0.27718258 0.58396548 -0.76299018
    outer loop
        vertex 78.21679 -16.93565 50.37303
        vertex 74.14523 -27.826685 40.55829
        vertex 72.89785 -21.465797 44.97353
    endloop
endfacet
facet normal -0.1467932 0.57613283 -0.80406636
    outer loop
        vertex 114.55595 -6.453721 60.598343
        vertex 118.128586 1.8026208 65.86198
        vertex 119.97026 -0.9228677 63.572876
    endloop
endfacet
facet normal -0.07050395 0.55774862 -0.8270101
    outer loop
        vertex 114.55595 -6.453721 60.598343
        vertex 108.30381 -13.952814 56.07384
        vertex 118.128586 1.8026208 65.86198
    endloop
endfacet
facet normal 0.12782614 0.90129393 -0.41391984
    outer loop
        vertex 38.60978 13.744541 80.39126
        vertex 41.953617 17.467873 89.5313
        vertex 37.985165 9.332743 70.59185
    endloop
endfacet
facet normal 0.05073655 0.91829127 -0.39264113
    outer loop
        vertex 38.60978 13.744541 80.39126
        vertex 38.279236 17.019041 88.0068
        vertex 41.953617 17.467873 89.5313
    endloop
endfacet
facet normal 0.13863863 0.72659743 -0.6729306
    outer loop
        vertex 73.88651 -0.60168374 65.34386
        vertex 66.82642 -13.947956 49.478672
        vertex 70.03617 -3.145221 61.804214
    endloop
endfacet
facet normal 0.07132592 0.74220985 -0.66636103
    outer loop
        vertex 73.88651 -0.60168374 65.34386
        vertex 79.58813 5.42782 72.66996
        vertex 78.88305 0.66125596 67.28537
    endloop
endfacet
facet normal 0.03694015 0.89862716 -0.43715531
    outer loop
        vertex 48.32381 17.74557 90.55214
        vertex 49.945663 15.695867 86.47577
        vertex 46.085262 12.891455 80.38474
    endloop
endfacet
facet normal -0.07051302 0.91049784 -0.40745723
    outer loop
        vertex 48.32381 17.74557 90.55214
        vertex 48.707336 24.245523 105.01047
        vertex 53.204617 27.871845 112.33551
    endloop
endfacet
facet normal 0.09645294 0.87948078 -0.46605828
    outer loop
        vertex 49.945663 15.695867 86.47577
        vertex 47.004513 9.03846 73.304146
        vertex 46.085262 12.891455 80.38474
    endloop
endfacet
facet normal -0.04691999 0.89425331 -0.44509479
    outer loop
        vertex 51.20899 14.187505 83.690834
        vertex 54.651073 20.354677 95.718636
        vertex 58.952457 20.627937 95.81422
    endloop
endfacet
facet normal -0.18163475 0.64352393 -0.74356294
    outer loop
        vertex 118.521034 18.29099 79.31887
        vertex 109.79905 2.9900897 68.20713
        vertex 112.777435 11.6399975 74.96573
    endloop
endfacet
facet normal -0.12689731 0.61487806 -0.77834576
    outer loop
        vertex 113.91749 5.264594 69.3325
        vertex 108.52324 -3.1016788 63.602753
        vertex 109.79905 2.9900897 68.20713
    endloop
endfacet
facet normal 0.00705254 0.59843439 -0.80114073
    outer loop
        vertex 106.822624 1.5312821 67.42271
        vertex 102.68904 -7.7616158 60.44473
        vertex 97.97594 -9.889819 58.81352
    endloop
endfacet
facet normal -0.05923657 0.60978252 -0.79035199
    outer loop
        vertex 109.79905 2.9900897 68.20713
        vertex 108.52324 -3.1016788 63.602753
        vertex 102.68904 -7.7616158 60.44473
    endloop
endfacet
facet normal 0.07487187 0.56184632 -0.8238464
    outer loop
        vertex 102.68904 -7.7616158 60.44473
        vertex 98.437065 -17.48604 53.42645
        vertex 96.038925 -16.502613 53.87918
    endloop
endfacet
facet normal -0.02000237 0.57793379 -0.8158384
    outer loop
        vertex 102.68904 -7.7616158 60.44473
        vertex 108.52324 -3.1016788 63.602753
        vertex 100.847466 -17.36371 53.687828
    endloop
endfacet
facet normal 0.32132715 0.78782362 -0.52543592
    outer loop
        vertex 43.613277 -3.9191875 50.303116
        vertex 45.355015 -3.910976 51.380577
        vertex 42.465923 -6.227443 46.140526
    endloop
endfacet
facet normal 0.32470849 0.78278238 -0.53086352
    outer loop
        vertex 43.613277 -3.9191875 50.303116
        vertex 47.07627 0.12786612 58.38886
        vertex 45.355015 -3.910976 51.380577
    endloop
endfacet
facet normal 0.22092481 0.84487152 -0.48722088
    outer loop
        vertex 47.004513 9.03846 73.304146
        vertex 42.69067 3.9264393 62.48352
        vertex 41.04106 5.12185 63.80844
    endloop
endfacet
facet normal 0.15963513 0.85821784 -0.48783043
    outer loop
        vertex 47.004513 9.03846 73.304146
        vertex 48.886024 6.262193 69.03568
        vertex 45.146767 3.0433984 62.149387
    endloop
endfacet
facet normal 0.18680397 0.54391742 -0.81808192
    outer loop
        vertex 88.395615 -25.434698 46.611477
        vertex 87.614876 -23.778414 47.534412
        vertex 91.48532 -18.132153 52.17223
    endloop
endfacet
facet normal 0.26241723 0.49534264 -0.82811403
    outer loop
        vertex 88.395615 -25.434698 46.611477
        vertex 85.99425 -34.553585 40.39599
        vertex 86.22929 -28.865925 43.872585
    endloop
endfacet
facet normal 0.29185525 0.85557199 -0.42757139
    outer loop
        vertex 32.584137 4.9258327 58.386055
        vertex 35.080765 4.2040505 58.645935
        vertex 31.55958 0.571566 48.9738
    endloop
endfacet
facet normal 0.2398636 0.88196093 -0.40572214
    outer loop
        vertex 32.584137 4.9258327 58.386055
        vertex 30.916388 9.662946 67.69764
        vertex 35.88787 13.393646 78.746605
    endloop
endfacet
facet normal 0.36444658 0.80403793 -0.46978906
    outer loop
        vertex 33.922115 -3.2322123 44.187103
        vertex 33.07961 -1.1705079 47.062096
        vertex 38.329987 0.7158231 54.363594
    endloop
endfacet
facet normal 0.37617484 0.81397581 -0.44264641
    outer loop
        vertex 31.55958 0.571566 48.9738
        vertex 35.080765 4.2040505 58.645935
        vertex 33.07961 -1.1705079 47.062096
    endloop
endfacet
facet normal 0.08592591 0.49510092 -0.86457616
    outer loop
        vertex 104.47772 -25.52774 49.065186
        vertex 102.41262 -24.058525 49.701294
        vertex 108.30381 -13.952814 56.07384
    endloop
endfacet
facet normal 0.07998642 0.48859671 -0.86883575
    outer loop
        vertex 104.47772 -25.52774 49.065186
        vertex 98.746506 -32.874805 44.40588
        vertex 102.41262 -24.058525 49.701294
    endloop
endfacet
facet normal 0.16889434 0.45494261 -0.874358
    outer loop
        vertex 98.746506 -32.874805 44.40588
        vertex 95.91456 -33.405045 43.58296
        vertex 102.41262 -24.058525 49.701294
    endloop
endfacet
facet normal 0.23756175 0.43932748 -0.86634624
    outer loop
        vertex 92.983086 -34.961533 42.105534
        vertex 97.833626 -41.297188 40.22277
        vertex 85.99425 -34.553585 40.39599
    endloop
endfacet
facet normal -0.04764122 0.78638518 -0.61589676
    outer loop
        vertex 81.64034 12.888439 81.62747
        vertex 76.83524 12.030459 80.90368
        vertex 84.78726 20.378994 90.94809
    endloop
endfacet
facet normal 0.04198343 0.75516587 -0.65418798
    outer loop
        vertex 73.62407 2.827158 69.28512
        vertex 79.58813 5.42782 72.66996
        vertex 73.88651 -0.60168374 65.34386
    endloop
endfacet
facet normal -0.06115954 0.77097237 -0.63392508
    outer loop
        vertex 81.64034 12.888439 81.62747
        vertex 89.2582 21.81502 91.748924
        vertex 85.076836 10.409485 78.28105
    endloop
endfacet
facet normal -0.20243873 0.80394405 -0.55918926
    outer loop
        vertex 84.78726 20.378994 90.94809
        vertex 88.395485 27.511715 99.896515
        vertex 90.30688 27.416096 99.06708
    endloop
endfacet
facet normal 0.2908496 0.66144603 -0.69130009
    outer loop
        vertex 66.82642 -13.947956 49.478672
        vertex 67.9936 -17.864342 46.22248
        vertex 62.286575 -21.11649 40.70967
    endloop
endfacet
facet normal 0.15119076 0.73588765 -0.66000807
    outer loop
        vertex 73.62407 2.827158 69.28512
        vertex 70.03617 -3.145221 61.804214
        vertex 66.74509 -3.1255314 61.072266
    endloop
endfacet
facet normal 0.27431053 0.63850003 -0.71907669
    outer loop
        vertex 67.9936 -17.864342 46.22248
        vertex 69.67692 -18.082806 46.670643
        vertex 68.25717 -20.273563 44.183773
    endloop
endfacet
facet normal 0.27452853 0.63623261 -0.72100079
    outer loop
        vertex 67.9936 -17.864342 46.22248
        vertex 72.13545 -14.18909 51.042686
        vertex 69.67692 -18.082806 46.670643
    endloop
endfacet
facet normal -0.20892122 0.79063076 -0.57554752
    outer loop
        vertex 89.2582 21.81502 91.748924
        vertex 92.21242 27.310339 98.22549
        vertex 94.11085 27.192272 97.374176
    endloop
endfacet
facet normal -0.21009311 0.79067916 -0.57505423
    outer loop
        vertex 89.2582 21.81502 91.748924
        vertex 90.30688 27.416096 99.06708
        vertex 92.21242 27.310339 98.22549
    endloop
endfacet
facet normal -0.0489854 0.93262339 -0.3575111
    outer loop
        vertex 37.358387 23.08698 103.962135
        vertex 42.202644 24.333231 106.54942
        vertex 38.279236 17.019041 88.0068
    endloop
endfacet
facet normal -0.12049261 0.94118804 -0.31566852
    outer loop
        vertex 37.358387 23.08698 103.962135
        vertex 39.11719 27.31546 115.8983
        vertex 41.143467 27.418821 115.43304
    endloop
endfacet
facet normal -0.27198088 0.57918233 -0.76848823
    outer loop
        vertex 131.15828 10.792434 69.00543
        vertex 129.29033 14.701318 72.61252
        vertex 135.81293 21.078627 75.11041
    endloop
endfacet
facet normal -0.15788837 0.53902739 -0.82735765
    outer loop
        vertex 131.15828 10.792434 69.00543
        vertex 126.52306 -3.1980937 60.775097
        vertex 118.15899 -10.572861 57.566555
    endloop
endfacet
facet normal -0.36038846 0.5391106 -0.76123565
    outer loop
        vertex 141.67842 11.178959 65.41426
        vertex 146.0733 18.412626 68.45653
        vertex 147.75848 17.9252 67.31352
    endloop
endfacet
facet normal -0.28816932 0.52827555 -0.79867607
    outer loop
        vertex 141.67842 11.178959 65.41426
        vertex 131.28156 -2.6657538 60.008106
        vertex 134.70973 6.720321 64.97951
    endloop
endfacet
facet normal -0.11604694 0.95971602 -0.25588688
    outer loop
        vertex 27.73211 24.2487 109.4275
        vertex 28.916885 26.679266 118.00615
        vertex 30.966139 26.822424 117.613716
    endloop
endfacet
facet normal -0.11763515 0.95959073 -0.25563201
    outer loop
        vertex 27.73211 24.2487 109.4275
        vertex 26.86304 26.52815 118.38402
        vertex 28.916885 26.679266 118.00615
    endloop
endfacet
facet normal 0.349722 0.87203866 -0.34240776
    outer loop
        vertex 19.478174 8.209101 54.614098
        vertex 21.960041 7.638038 55.694607
        vertex 20.74534 4.2775044 45.895405
    endloop
endfacet
facet normal 0.34270018 0.88310945 -0.32042807
    outer loop
        vertex 19.478174 8.209101 54.614098
        vertex 21.884802 11.719201 66.861946
        vertex 21.960041 7.638038 55.694607
    endloop
endfacet
facet normal 0.05364109 0.38248956 -0.92240149
    outer loop
        vertex 113.90506 -35.182568 45.192875
        vertex 112.323875 -33.05148 45.984615
        vertex 119.65339 -24.567863 49.92873
    endloop
endfacet
facet normal 0.12249931 0.34678078 -0.92991239
    outer loop
        vertex 113.90506 -35.182568 45.192875
        vertex 112.1311 -40.976933 42.798367
        vertex 106.956085 -41.092148 42.073685
    endloop
endfacet
facet normal 0.18152092 0.5807054 -0.79361928
    outer loop
        vertex 82.30606 -19.152319 49.636227
        vertex 85.20594 -18.925116 50.46575
        vertex 81.39697 -26.863783 43.78568
    endloop
endfacet
facet normal 0.17544188 0.60274816 -0.77840537
    outer loop
        vertex 82.30606 -19.152319 49.636227
        vertex 87.692566 -10.487668 57.55963
        vertex 85.20594 -18.925116 50.46575
    endloop
endfacet
facet normal 0.27179646 0.76966864 -0.5776996
    outer loop
        vertex 52.357777 -5.6030784 52.802715
        vertex 50.664013 -3.7412338 54.486366
        vertex 55.822067 1.0622935 63.312866
    endloop
endfacet
facet normal 0.36527181 0.71993119 -0.59014875
    outer loop
        vertex 52.357777 -5.6030784 52.802715
        vertex 50.419746 -14.420435 40.846752
        vertex 46.924084 -8.877625 45.44487
    endloop
endfacet
facet normal 0.15228628 0.87629384 -0.45707539
    outer loop
        vertex 47.004513 9.03846 73.304146
        vertex 41.04106 5.12185 63.80844
        vertex 46.085262 12.891455 80.38474
    endloop
endfacet
facet normal 0.24199013 0.8508414 -0.46637952
    outer loop
        vertex 42.69067 3.9264393 62.48352
        vertex 38.329987 0.7158231 54.363594
        vertex 41.04106 5.12185 63.80844
    endloop
endfacet
facet normal 0.06341337 0.54157746 -0.83825564
    outer loop
        vertex 98.437065 -17.48604 53.42645
        vertex 100.847466 -17.36371 53.687828
        vertex 96.358894 -25.427845 48.13822
    endloop
endfacet
facet normal 0.03857125 0.61278677 -0.7893064
    outer loop
        vertex 100.55021 -1.7320217 65.27271
        vertex 97.97594 -9.889819 58.81352
        vertex 94.147545 -10.994782 57.768585
    endloop
endfacet
facet normal -0.16603953 0.72439623 -0.66908967
    outer loop
        vertex 97.320984 18.059465 85.10068
        vertex 102.689026 20.098722 85.97638
        vertex 94.673035 6.0386186 72.7433
    endloop
endfacet
facet normal -0.22692899 0.75130266 -0.61971575
    outer loop
        vertex 97.320984 18.059465 85.10068
        vertex 101.6335 26.596882 93.87171
        vertex 103.49639 26.417255 92.97179
    endloop
endfacet
facet normal -0.11705786 0.84184402 -0.52687395
    outer loop
        vertex 74.11897 20.883251 93.92906
        vertex 71.326065 23.30425 98.41787
        vertex 76.83063 27.918291 104.56725
    endloop
endfacet
facet normal 0.00490249 0.82173419 -0.56984979
    outer loop
        vertex 74.11897 20.883251 93.92906
        vertex 72.049324 11.107977 79.815125
        vertex 64.96644 12.465059 81.71113
    endloop
endfacet
facet normal 0.0817816 0.84978104 -0.52075326
    outer loop
        vertex 58.91723 14.338484 84.53105
        vertex 55.123188 7.631509 72.99057
        vertex 53.54444 10.631777 77.638565
    endloop
endfacet
facet normal 0.17429878 0.81631893 -0.55067545
    outer loop
        vertex 50.813164 4.074092 66.11898
        vertex 54.122196 2.4214013 64.71641
        vertex 50.664013 -3.7412338 54.486366
    endloop
endfacet
facet normal 0.09554095 0.59189677 -0.80033129
    outer loop
        vertex 87.614876 -23.778414 47.534412
        vertex 94.147545 -10.994782 57.768585
        vertex 91.48532 -18.132153 52.17223
    endloop
endfacet
facet normal -0.07890896 0.64976996 -0.75602406
    outer loop
        vertex 106.822624 1.5312821 67.42271
        vertex 100.55021 -1.7320217 65.27271
        vertex 109.67273 13.439451 77.35979
    endloop
endfacet
facet normal -0.12925096 0.91793829 -0.37507799
    outer loop
        vertex 48.707336 24.245523 105.01047
        vertex 51.20591 27.81624 112.888176
        vertex 53.204617 27.871845 112.33551
    endloop
endfacet
facet normal -0.0818259 0.92559129 -0.36957458
    outer loop
        vertex 48.707336 24.245523 105.01047
        vertex 41.953617 17.467873 89.5313
        vertex 47.194717 27.68115 113.94982
    endloop
endfacet
facet normal -0.2927655 0.63569552 -0.71426857
    outer loop
        vertex 123.54676 16.107317 75.73046
        vertex 127.067116 22.961718 80.38792
        vertex 128.83049 22.609722 79.35187
    endloop
endfacet
facet normal -0.29226243 0.63562185 -0.71454018
    outer loop
        vertex 123.54676 16.107317 75.73046
        vertex 125.29664 23.3014 81.414246
        vertex 127.067116 22.961718 80.38792
    endloop
endfacet
facet normal 0.20141125 0.6436016 -0.73838365
    outer loop
        vertex 72.89785 -21.465797 44.97353
        vertex 74.764984 -18.672197 47.917835
        vertex 78.21679 -16.93565 50.37303
    endloop
endfacet
facet normal 0.21041365 0.63907826 -0.73980081
    outer loop
        vertex 72.89785 -21.465797 44.97353
        vertex 72.13545 -14.18909 51.042686
        vertex 74.764984 -18.672197 47.917835
    endloop
endfacet
facet normal 0.31331646 0.68399239 -0.658777
    outer loop
        vertex 60.91155 -13.73134 47.277042
        vertex 56.213356 -12.907043 45.898415
        vertex 62.844902 -10.01808 52.05194
    endloop
endfacet
facet normal 0.34124097 0.65448093 -0.67469198
    outer loop
        vertex 55.21752 -14.946851 43.119156
        vertex 59.83799 -15.859121 44.57112
        vertex 62.286575 -21.11649 40.70967
    endloop
endfacet
facet normal 0.17583832 0.89850199 -0.40221262
    outer loop
        vertex 32.584137 4.9258327 58.386055
        vertex 35.88787 13.393646 78.746605
        vertex 37.985165 9.332743 70.59185
    endloop
endfacet
facet normal 0.04215034 0.92634237 -0.37431684
    outer loop
        vertex 38.279236 17.019041 88.0068
        vertex 42.202644 24.333231 106.54942
        vertex 41.953617 17.467873 89.5313
    endloop
endfacet
facet normal -0.16585548 0.56611168 -0.8074711
    outer loop
        vertex 119.97026 -0.9228677 63.572876
        vertex 118.128586 1.8026208 65.86198
        vertex 129.29033 14.701318 72.61252
    endloop
endfacet
facet normal -0.03872569 0.52690005 -0.84904456
    outer loop
        vertex 108.30381 -13.952814 56.07384
        vertex 115.65513 -8.913465 58.86586
        vertex 104.47772 -25.52774 49.065186
    endloop
endfacet
facet normal 0.17264107 0.40875968 -0.89616436
    outer loop
        vertex 106.956085 -41.092148 42.073685
        vertex 97.833626 -41.297188 40.22277
        vertex 102.38727 -37.431774 42.863102
    endloop
endfacet
facet normal 0.17969151 0.33958697 -0.92325056
    outer loop
        vertex 106.956085 -41.092148 42.073685
        vertex 109.66336 -48.057487 40.03863
        vertex 97.833626 -41.297188 40.22277
    endloop
endfacet
facet normal 0.0746069 0.39546183 -0.91544735
    outer loop
        vertex 106.956085 -41.092148 42.073685
        vertex 112.323875 -33.05148 45.984615
        vertex 113.90506 -35.182568 45.192875
    endloop
endfacet
facet normal 0.03750967 0.44640192 -0.89404607
    outer loop
        vertex 106.45192 -34.209793 44.917965
        vertex 109.29632 -28.110884 48.08252
        vertex 113.09339 -26.734232 48.929195
    endloop
endfacet
facet normal 0.25615156 0.71005696 -0.65590054
    outer loop
        vertex 60.91155 -13.73134 47.277042
        vertex 62.844902 -10.01808 52.05194
        vertex 64.03509 -11.287992 51.141983
    endloop
endfacet
facet normal 0.26166198 0.73636883 -0.62393427
    outer loop
        vertex 57.425903 -10.366468 49.368183
        vertex 59.203754 -6.3306093 54.8769
        vertex 62.844902 -10.01808 52.05194
    endloop
endfacet
facet normal 0.45674503 0.81941569 -0.34632626
    outer loop
        vertex 20.74534 4.2775044 45.895405
        vertex 26.666042 -1.063065 41.06789
        vertex 14.77916 5.59825 41.151947
    endloop
endfacet
facet normal 0.40972644 0.83180189 -0.37447271
    outer loop
        vertex 20.74534 4.2775044 45.895405
        vertex 25.40731 4.5966773 51.70523
        vertex 26.130785 2.031571 46.79904
    endloop
endfacet
facet normal 0.38552853 0.85120231 -0.35612136
    outer loop
        vertex 25.40731 4.5966773 51.70523
        vertex 20.74534 4.2775044 45.895405
        vertex 25.46982 8.732745 61.658943
    endloop
endfacet
facet normal 0.42932278 0.8507697 -0.30310526
    outer loop
        vertex 17.223408 7.0255203 48.620144
        vertex 20.74534 4.2775044 45.895405
        vertex 14.77916 5.59825 41.151947
    endloop
endfacet
facet normal 0.21119133 0.63926643 -0.73941636
    outer loop
        vertex 74.764984 -18.672197 47.917835
        vertex 72.13545 -14.18909 51.042686
        vertex 80.53195 -7.459199 59.25925
    endloop
endfacet
facet normal 0.32013008 0.58260649 -0.74705184
    outer loop
        vertex 62.286575 -21.11649 40.70967
        vertex 71.418945 -23.712345 42.598675
        vertex 74.14523 -27.826685 40.55829
    endloop
endfacet
facet normal 0.02207788 0.87322301 -0.48682025
    outer loop
        vertex 53.54444 10.631777 77.638565
        vertex 58.952457 20.627937 95.81422
        vertex 58.91723 14.338484 84.53105
    endloop
endfacet
facet normal -0.13982709 0.89747334 -0.41831803
    outer loop
        vertex 54.651073 20.354677 95.718636
        vertex 59.173157 27.990906 110.5901
        vertex 61.153477 28.014675 109.97916
    endloop
endfacet
facet normal -0.14932904 0.88093138 -0.44906664
    outer loop
        vertex 63.20235 24.676176 102.7492
        vertex 63.1292 28.030485 109.35365
        vertex 65.100334 28.038334 108.713585
    endloop
endfacet
facet normal 0.04741624 0.88717198 -0.45899606
    outer loop
        vertex 49.945663 15.695867 86.47577
        vertex 51.20899 14.187505 83.690834
        vertex 47.004513 9.03846 73.304146
    endloop
endfacet
facet normal -0.17650677 0.66316855 -0.72736025
    outer loop
        vertex 112.777435 11.6399975 74.96573
        vertex 109.67273 13.439451 77.35979
        vertex 118.14362 24.537008 85.42234
    endloop
endfacet
facet normal -0.14191227 0.63335413 -0.76073879
    outer loop
        vertex 109.79905 2.9900897 68.20713
        vertex 118.521034 18.29099 79.31887
        vertex 113.91749 5.264594 69.3325
    endloop
endfacet
facet normal -0.25981897 0.68950325 -0.67607647
    outer loop
        vertex 109.67273 13.439451 77.35979
        vertex 116.3376 24.81513 86.40005
        vertex 118.14362 24.537008 85.42234
    endloop
endfacet
facet normal -0.22458753 0.68352008 -0.6945219
    outer loop
        vertex 109.67273 13.439451 77.35979
        vertex 111.59054 20.073988 83.269066
        vertex 116.3376 24.81513 86.40005
    endloop
endfacet
facet normal 0.40736508 0.746436 -0.52620053
    outer loop
        vertex 42.465923 -6.227443 46.140526
        vertex 38.546238 -7.73596 40.96616
        vertex 43.613277 -3.9191875 50.303116
    endloop
endfacet
facet normal 0.40040508 0.72132719 -0.56512201
    outer loop
        vertex 46.924084 -8.877625 45.44487
        vertex 50.419746 -14.420435 40.846752
        vertex 38.546238 -7.73596 40.96616
    endloop
endfacet
facet normal 0.29322302 0.77410662 -0.56105179
    outer loop
        vertex 46.924084 -8.877625 45.44487
        vertex 50.664013 -3.7412338 54.486366
        vertex 52.357777 -5.6030784 52.802715
    endloop
endfacet
facet normal 0.22653253 0.8187933 -0.52750403
    outer loop
        vertex 45.355015 -3.910976 51.380577
        vertex 47.07627 0.12786612 58.38886
        vertex 50.813164 4.074092 66.11898
    endloop
endfacet
facet normal 0.28697035 0.52481532 -0.80138433
    outer loop
        vertex 81.39697 -26.863783 43.78568
        vertex 85.99425 -34.553585 40.39599
        vertex 74.14523 -27.826685 40.55829
    endloop
endfacet
facet normal 0.17941585 0.54204571 -0.82097292
    outer loop
        vertex 86.22929 -28.865925 43.872585
        vertex 87.614876 -23.778414 47.534412
        vertex 88.395615 -25.434698 46.611477
    endloop
endfacet
facet normal 0.15780032 0.56673735 -0.80864561
    outer loop
        vertex 87.614876 -23.778414 47.534412
        vertex 85.20594 -18.925116 50.46575
        vertex 94.147545 -10.994782 57.768585
    endloop
endfacet
facet normal 0.27338073 0.56073093 -0.78156501
    outer loop
        vertex 82.30606 -19.152319 49.636227
        vertex 81.39697 -26.863783 43.78568
        vertex 74.14523 -27.826685 40.55829
    endloop
endfacet
facet normal -0.00507726 0.83977711 -0.54290748
    outer loop
        vertex 64.96644 12.465059 81.71113
        vertex 62.541924 14.523705 84.918144
        vertex 71.326065 23.30425 98.41787
    endloop
endfacet
facet normal 0.18297456 0.79232997 -0.58200824
    outer loop
        vertex 64.96644 12.465059 81.71113
        vertex 60.75478 -0.9117829 62.17618
        vertex 55.822067 1.0622935 63.312866
    endloop
endfacet
facet normal -0.16661413 0.85449809 -0.49200884
    outer loop
        vertex 71.326065 23.30425 98.41787
        vertex 74.88707 27.958195 105.29472
        vertex 76.83063 27.918291 104.56725
    endloop
endfacet
facet normal -0.10250324 0.86303258 -0.49463925
    outer loop
        vertex 71.326065 23.30425 98.41787
        vertex 62.541924 14.523705 84.918144
        vertex 70.98616 28.01413 106.70597
    endloop
endfacet
facet normal 0.02242213 0.65468258 -0.75557137
    outer loop
        vertex 90.74039 -2.1400654 65.08056
        vertex 98.97053 7.224061 73.43856
        vertex 90.2485 -10.364036 57.94011
    endloop
endfacet
facet normal -0.08151748 0.70733529 -0.70216203
    outer loop
        vertex 94.673035 6.0386186 72.7433
        vertex 102.689026 20.098722 85.97638
        vertex 98.97053 7.224061 73.43856
    endloop
endfacet
facet normal -0.23536557 0.73452473 -0.63645625
    outer loop
        vertex 102.689026 20.098722 85.97638
        vertex 105.35217 26.225315 92.06214
        vertex 107.20084 26.021065 91.14277
    endloop
endfacet
facet normal -0.2358932 0.73454112 -0.63624185
    outer loop
        vertex 102.689026 20.098722 85.97638
        vertex 103.49639 26.417255 92.97179
        vertex 105.35217 26.225315 92.06214
    endloop
endfacet
facet normal -0.31279013 0.60629374 -0.73114318
    outer loop
        vertex 129.29033 14.701318 72.61252
        vertex 134.07799 21.47987 76.18536
        vertex 135.81293 21.078627 75.11041
    endloop
endfacet
facet normal -0.25070551 0.61024272 -0.75149894
    outer loop
        vertex 129.29033 14.701318 72.61252
        vertex 118.128586 1.8026208 65.86198
        vertex 130.58676 22.245417 78.30608
    endloop
endfacet
facet normal -0.12349897 0.93268353 -0.33889434
    outer loop
        vertex 42.202644 24.333231 106.54942
        vertex 43.165146 27.514225 114.9532
        vertex 45.18223 27.601667 114.45879
    endloop
endfacet
facet normal -0.12441365 0.93261009 -0.33876178
    outer loop
        vertex 42.202644 24.333231 106.54942
        vertex 41.143467 27.418821 115.43304
        vertex 43.165146 27.514225 114.9532
    endloop
endfacet
facet normal 0.09212375 0.76798975 -0.633802
    outer loop
        vertex 73.62407 2.827158 69.28512
        vertex 66.74509 -3.1255314 61.072266
        vertex 76.83524 12.030459 80.90368
    endloop
endfacet
facet normal 0.14942843 0.74345326 -0.65188062
    outer loop
        vertex 70.03617 -3.145221 61.804214
        vertex 64.03509 -11.287992 51.141983
        vertex 66.74509 -3.1255314 61.072266
    endloop
endfacet
facet normal 0.25786504 0.71068978 -0.65454239
    outer loop
        vertex 64.03509 -11.287992 51.141983
        vertex 62.844902 -10.01808 52.05194
        vertex 66.74509 -3.1255314 61.072266
    endloop
endfacet
facet normal 0.34239405 0.65454382 -0.6740464
    outer loop
        vertex 64.03509 -11.287992 51.141983
        vertex 62.286575 -21.11649 40.70967
        vertex 59.83799 -15.859121 44.57112
    endloop
endfacet
facet normal 0.4187561 0.80976063 -0.41101229
    outer loop
        vertex 30.027157 -0.9864997 44.643177
        vertex 33.922115 -3.2322123 44.187103
        vertex 26.666042 -1.063065 41.06789
    endloop
endfacet
facet normal 0.37077051 0.80036843 -0.47110459
    outer loop
        vertex 33.922115 -3.2322123 44.187103
        vertex 38.329987 0.7158231 54.363594
        vertex 38.96575 -2.588296 49.250526
    endloop
endfacet
facet normal 0.18463123 0.47800803 -0.85873145
    outer loop
        vertex 96.358894 -25.427845 48.13822
        vertex 92.983086 -34.961533 42.105534
        vertex 91.95067 -28.657818 45.392487
    endloop
endfacet
facet normal 0.2348263 0.4793843 -0.84560478
    outer loop
        vertex 91.95067 -28.657818 45.392487
        vertex 92.983086 -34.961533 42.105534
        vertex 85.99425 -34.553585 40.39599
    endloop
endfacet
facet normal -0.05129515 0.74831784 -0.66135401
    outer loop
        vertex 87.78435 7.732073 75.04158
        vertex 85.076836 10.409485 78.28105
        vertex 90.84549 16.952787 85.237335
    endloop
endfacet
facet normal 0.15910032 0.66042274 -0.73384529
    outer loop
        vertex 74.764984 -18.672197 47.917835
        vertex 80.53195 -7.459199 59.25925
        vertex 77.84209 -14.299027 52.520588
    endloop
endfacet
facet normal -0.22764005 0.75134325 -0.61940569
    outer loop
        vertex 97.320984 18.059465 85.10068
        vertex 99.7635 26.764196 94.76192
        vertex 101.6335 26.596882 93.87171
    endloop
endfacet
facet normal -0.13124871 0.75454932 -0.64298463
    outer loop
        vertex 95.40536 21.108036 89.182785
        vertex 87.78435 7.732073 75.04158
        vertex 90.84549 16.952787 85.237335
    endloop
endfacet
facet normal -0.01708952 0.79859579 -0.60162503
    outer loop
        vertex 72.049324 11.107977 79.815125
        vertex 76.83524 12.030459 80.90368
        vertex 66.74509 -3.1255314 61.072266
    endloop
endfacet
facet normal -0.09202054 0.82246351 -0.56132513
    outer loop
        vertex 72.049324 11.107977 79.815125
        vertex 78.87863 22.760685 95.76932
        vertex 78.64566 18.614504 89.73245
    endloop
endfacet
facet normal -0.18364228 0.82907653 -0.528117
    outer loop
        vertex 78.87863 22.760685 95.76932
        vertex 80.70396 27.814602 103.0686
        vertex 82.633736 27.75082 102.29743
    endloop
endfacet
facet normal -0.11645365 0.82996064 -0.54553086
    outer loop
        vertex 78.87863 22.760685 95.76932
        vertex 74.11897 20.883251 93.92906
        vertex 80.70396 27.814602 103.0686
    endloop
endfacet
facet normal 0.0599502 0.94746739 -0.31418374
    outer loop
        vertex 30.958485 17.964128 89.21375
        vertex 28.55134 16.915268 85.591446
        vertex 30.957935 22.224497 102.06142
    endloop
endfacet
facet normal 0.24727003 0.91238678 -0.32620224
    outer loop
        vertex 21.884802 11.719201 66.861946
        vertex 25.38385 14.761462 78.02351
        vertex 24.135084 11.191948 67.092995
    endloop
endfacet
facet normal -0.12159844 0.94110978 -0.31547782
    outer loop
        vertex 37.358387 23.08698 103.962135
        vertex 37.08632 27.204142 116.34901
        vertex 39.11719 27.31546 115.8983
    endloop
endfacet
facet normal -0.02033385 0.94897741 -0.31468791
    outer loop
        vertex 34.336933 24.334423 108.2058
        vertex 30.958485 17.964128 89.21375
        vertex 30.957935 22.224497 102.06142
    endloop
endfacet
facet normal -0.10649081 0.48256838 -0.86936039
    outer loop
        vertex 120.8639 -12.3114 56.233658
        vertex 126.10556 -7.0416417 58.51675
        vertex 123.83563 -14.305744 54.76261
    endloop
endfacet
facet normal -0.25250772 0.546808 -0.79827368
    outer loop
        vertex 126.52306 -3.1980937 60.775097
        vertex 136.0897 12.853184 68.743935
        vertex 134.70973 6.720321 64.97951
    endloop
endfacet
facet normal -0.33722439 0.56971586 -0.74946886
    outer loop
        vertex 136.0897 12.853184 68.743935
        vertex 139.26147 20.239208 72.93135
        vertex 140.97508 19.80103 71.827225
    endloop
endfacet
facet normal -0.27580467 0.56096041 -0.78054798
    outer loop
        vertex 136.0897 12.853184 68.743935
        vertex 131.15828 10.792434 69.00543
        vertex 139.26147 20.239208 72.93135
    endloop
endfacet
facet normal 0.14710118 0.70465577 -0.6941337
    outer loop
        vertex 70.42372 -12.887877 51.738144
        vertex 78.88305 0.66125596 67.28537
        vertex 76.54096 -6.6957517 59.320503
    endloop
endfacet
facet normal -0.11756962 0.80747616 -0.57806545
    outer loop
        vertex 84.78726 20.378994 90.94809
        vertex 76.83524 12.030459 80.90368
        vertex 78.64566 18.614504 89.73245
    endloop
endfacet
facet normal 0.10534366 0.42157874 -0.90065205
    outer loop
        vertex 109.29632 -28.110884 48.08252
        vertex 104.506775 -34.57482 44.496666
        vertex 103.810875 -32.476303 45.39755
    endloop
endfacet
facet normal 0.09907933 0.52610916 -0.84462559
    outer loop
        vertex 96.358894 -25.427845 48.13822
        vertex 100.847466 -17.36371 53.687828
        vertex 102.41262 -24.058525 49.701294
    endloop
endfacet
facet normal 0.27864441 0.83722287 -0.47054783
    outer loop
        vertex 38.329987 0.7158231 54.363594
        vertex 35.080765 4.2040505 58.645935
        vertex 41.04106 5.12185 63.80844
    endloop
endfacet
facet normal 0.40912291 0.81833553 -0.40366489
    outer loop
        vertex 26.130785 2.031571 46.79904
        vertex 28.37316 3.4257631 51.898132
        vertex 26.666042 -1.063065 41.06789
    endloop
endfacet
facet normal -0.01888484 0.45981023 -0.88781637
    outer loop
        vertex 120.8639 -12.3114 56.233658
        vertex 113.09339 -26.734232 48.929195
        vertex 114.76122 -20.16107 52.298035
    endloop
endfacet
facet normal 0.11728993 0.38663039 -0.91474593
    outer loop
        vertex 106.45192 -34.209793 44.917965
        vertex 113.09339 -26.734232 48.929195
        vertex 106.956085 -41.092148 42.073685
    endloop
endfacet
facet normal -0.02487666 0.43903878 -0.89812368
    outer loop
        vertex 112.323875 -33.05148 45.984615
        vertex 117.841805 -23.280773 50.60809
        vertex 119.65339 -24.567863 49.92873
    endloop
endfacet
facet normal -0.09747202 0.50558406 -0.85725373
    outer loop
        vertex 120.8639 -12.3114 56.233658
        vertex 114.76122 -20.16107 52.298035
        vertex 118.15899 -10.572861 57.566555
    endloop
endfacet
facet normal 0.31648451 0.86383176 -0.39195961
    outer loop
        vertex 28.37316 3.4257631 51.898132
        vertex 27.359915 6.806411 58.530537
        vertex 30.916388 9.662946 67.69764
    endloop
endfacet
facet normal 0.23532413 0.90587461 -0.35215595
    outer loop
        vertex 25.46982 8.732745 61.658943
        vertex 24.135084 11.191948 67.092995
        vertex 29.204718 14.237869 78.31595
    endloop
endfacet
facet normal 0.23815896 0.90499866 -0.35250211
    outer loop
        vertex 28.615294 10.496481 68.31224
        vertex 25.46982 8.732745 61.658943
        vertex 29.204718 14.237869 78.31595
    endloop
endfacet
facet normal 0.30494186 0.88863444 -0.34254822
    outer loop
        vertex 21.960041 7.638038 55.694607
        vertex 25.46982 8.732745 61.658943
        vertex 20.74534 4.2775044 45.895405
    endloop
endfacet
facet normal 0.2885029 0.7930494 -0.53650618
    outer loop
        vertex 50.664013 -3.7412338 54.486366
        vertex 45.355015 -3.910976 51.380577
        vertex 50.813164 4.074092 66.11898
    endloop
endfacet
facet normal 0.30455142 0.76858765 -0.56260246
    outer loop
        vertex 45.355015 -3.910976 51.380577
        vertex 50.664013 -3.7412338 54.486366
        vertex 46.924084 -8.877625 45.44487
    endloop
endfacet
facet normal 0.19151473 0.81076849 -0.55315149
    outer loop
        vertex 50.664013 -3.7412338 54.486366
        vertex 54.122196 2.4214013 64.71641
        vertex 55.822067 1.0622935 63.312866
    endloop
endfacet
facet normal 0.18183951 0.82203591 -0.53962147
    outer loop
        vertex 54.122196 2.4214013 64.71641
        vertex 50.813164 4.074092 66.11898
        vertex 55.123188 7.631509 72.99057
    endloop
endfacet
facet normal 0.09770807 0.576635 -0.81113827
    outer loop
        vertex 96.038925 -16.502613 53.87918
        vertex 91.48532 -18.132153 52.17223
        vertex 97.97594 -9.889819 58.81352
    endloop
endfacet
facet normal 0.06846681 0.63294566 -0.77116275
    outer loop
        vertex 85.20594 -18.925116 50.46575
        vertex 90.2485 -10.364036 57.94011
        vertex 94.147545 -10.994782 57.768585
    endloop
endfacet
facet normal 0.0662705 0.62185895 -0.78032029
    outer loop
        vertex 94.147545 -10.994782 57.768585
        vertex 90.2485 -10.364036 57.94011
        vertex 95.78433 -4.252027 63.281082
    endloop
endfacet
facet normal 0.19326723 0.57576448 -0.7944451
    outer loop
        vertex 85.20594 -18.925116 50.46575
        vertex 87.614876 -23.778414 47.534412
        vertex 81.39697 -26.863783 43.78568
    endloop
endfacet
facet normal 0.20919555 0.63525867 -0.74342686
    outer loop
        vertex 74.764984 -18.672197 47.917835
        vertex 77.84209 -14.299027 52.520588
        vertex 78.21679 -16.93565 50.37303
    endloop
endfacet
facet normal 0.12354014 0.70208329 -0.70129663
    outer loop
        vertex 72.13545 -14.18909 51.042686
        vertex 76.54096 -6.6957517 59.320503
        vertex 80.53195 -7.459199 59.25925
    endloop
endfacet
facet normal 0.22756568 0.72377056 -0.65143687
    outer loop
        vertex 62.844902 -10.01808 52.05194
        vertex 59.203754 -6.3306093 54.8769
        vertex 66.74509 -3.1255314 61.072266
    endloop
endfacet
facet normal 0.34926975 0.7087732 -0.61290401
    outer loop
        vertex 56.751812 -7.2918677 52.69875
        vertex 56.213356 -12.907043 45.898415
        vertex 50.419746 -14.420435 40.846752
    endloop
endfacet
facet normal 0.17309959 0.77284759 -0.61052704
    outer loop
        vertex 59.203754 -6.3306093 54.8769
        vertex 60.75478 -0.9117829 62.17618
        vertex 66.74509 -3.1255314 61.072266
    endloop
endfacet
facet normal 0.27641135 0.75150502 -0.59903002
    outer loop
        vertex 56.537678 -3.775556 57.024147
        vertex 50.419746 -14.420435 40.846752
        vertex 52.357777 -5.6030784 52.802715
    endloop
endfacet
facet normal 0.14939585 0.64722657 -0.74751508
    outer loop
        vertex 81.99965 -14.270758 53.480865
        vertex 82.559944 -8.859843 58.277817
        vertex 86.92772 -1.9379483 65.14398
    endloop
endfacet
facet normal 0.12312409 0.70007515 -0.70337415
    outer loop
        vertex 80.53195 -7.459199 59.25925
        vertex 76.54096 -6.6957517 59.320503
        vertex 81.04 0.51483804 67.28482
    endloop
endfacet
facet normal 0.24390167 0.68513983 -0.68636376
    outer loop
        vertex 62.286575 -21.11649 40.70967
        vertex 64.03509 -11.287992 51.141983
        vertex 66.82642 -13.947956 49.478672
    endloop
endfacet
facet normal -0.043392 0.72075593 -0.6918295
    outer loop
        vertex 97.320984 18.059465 85.10068
        vertex 94.673035 6.0386186 72.7433
        vertex 86.98114 2.325752 69.357635
    endloop
endfacet
facet normal 0.16630287 0.76206315 -0.62578195
    outer loop
        vertex 66.74509 -3.1255314 61.072266
        vertex 60.75478 -0.9117829 62.17618
        vertex 72.049324 11.107977 79.815125
    endloop
endfacet
facet normal 0.25455615 0.73570657 -0.627644
    outer loop
        vertex 56.751812 -7.2918677 52.69875
        vertex 57.425903 -10.366468 49.368183
        vertex 56.213356 -12.907043 45.898415
    endloop
endfacet
facet normal 0.31966469 0.89760399 -0.30351537
    outer loop
        vertex 18.307945 8.565984 54.29715
        vertex 17.80013 10.830725 60.45997
        vertex 19.737835 12.355592 67.01035
    endloop
endfacet
facet normal 0.24735405 0.91059273 -0.33111438
    outer loop
        vertex 21.884802 11.719201 66.861946
        vertex 24.135084 11.191948 67.092995
        vertex 21.960041 7.638038 55.694607
    endloop
endfacet
facet normal 0.15288457 0.93180913 -0.32917792
    outer loop
        vertex 29.204718 14.237869 78.31595
        vertex 25.38385 14.761462 78.02351
        vertex 28.55134 16.915268 85.591446
    endloop
endfacet
facet normal 0.09677949 0.33198667 -0.93830621
    outer loop
        vertex 112.1311 -40.976933 42.798367
        vertex 119.18714 -31.561817 46.857353
        vertex 109.66336 -48.057487 40.03863
    endloop
endfacet
facet normal -0.11095463 0.47754794 -0.87157166
    outer loop
        vertex 123.83563 -14.305744 54.76261
        vertex 117.841805 -23.280773 50.60809
        vertex 120.8639 -12.3114 56.233658
    endloop
endfacet
facet normal 0.02168133 0.3814781 -0.92412353
    outer loop
        vertex 114.78313 -36.045483 44.90317
        vertex 121.621376 -25.514257 49.410896
        vertex 119.18714 -31.561817 46.857353
    endloop
endfacet
facet normal 0.1433039 0.61787909 -0.77310377
    outer loop
        vertex 81.99965 -14.270758 53.480865
        vertex 87.692566 -10.487668 57.55963
        vertex 82.30606 -19.152319 49.636227
    endloop
endfacet
facet normal -0.16081053 0.75313169 -0.63791263
    outer loop
        vertex 99.7635 26.764196 94.76192
        vertex 97.320984 18.059465 85.10068
        vertex 95.40536 21.108036 89.182785
    endloop
endfacet
facet normal 0.08504521 0.62639934 -0.77484918
    outer loop
        vertex 87.692566 -10.487668 57.55963
        vertex 90.2485 -10.364036 57.94011
        vertex 85.20594 -18.925116 50.46575
    endloop
endfacet
facet normal 0.08091694 0.65069866 -0.75501245
    outer loop
        vertex 87.692566 -10.487668 57.55963
        vertex 90.74039 -2.1400654 65.08056
        vertex 90.2485 -10.364036 57.94011
    endloop
endfacet
facet normal 0.01496133 0.84654683 -0.53210396
    outer loop
        vertex 64.96644 12.465059 81.71113
        vertex 55.822067 1.0622935 63.312866
        vertex 62.541924 14.523705 84.918144
    endloop
endfacet
facet normal 0.23847622 0.78265929 -0.57495522
    outer loop
        vertex 55.822067 1.0622935 63.312866
        vertex 56.537678 -3.775556 57.024147
        vertex 52.357777 -5.6030784 52.802715
    endloop
endfacet
facet normal 0.1832332 0.80777806 -0.56028587
    outer loop
        vertex 55.822067 1.0622935 63.312866
        vertex 54.122196 2.4214013 64.71641
        vertex 62.541924 14.523705 84.918144
    endloop
endfacet
facet normal 0.18071367 0.78938276 -0.58670044
    outer loop
        vertex 55.822067 1.0622935 63.312866
        vertex 60.75478 -0.9117829 62.17618
        vertex 56.537678 -3.775556 57.024147
    endloop
endfacet
facet normal 0.31740263 0.79902023 -0.51070762
    outer loop
        vertex 45.146767 3.0433984 62.149387
        vertex 43.613277 -3.9191875 50.303116
        vertex 42.09834 -0.26312825 55.081623
    endloop
endfacet
facet normal 0.23998582 0.86952746 -0.4316583
    outer loop
        vertex 35.080765 4.2040505 58.645935
        vertex 37.985165 9.332743 70.59185
        vertex 41.04106 5.12185 63.80844
    endloop
endfacet
facet normal 0.0367604 0.51761305 -0.85482478
    outer loop
        vertex 102.41262 -24.058525 49.701294
        vertex 100.847466 -17.36371 53.687828
        vertex 108.30381 -13.952814 56.07384
    endloop
endfacet
facet normal 0.11310701 0.48794094 -0.86551738
    outer loop
        vertex 96.358894 -25.427845 48.13822
        vertex 102.41262 -24.058525 49.701294
        vertex 95.91456 -33.405045 43.58296
    endloop
endfacet
facet normal 0.29238194 0.8724916 -0.39149848
    outer loop
        vertex 28.37316 3.4257631 51.898132
        vertex 30.916388 9.662946 67.69764
        vertex 32.584137 4.9258327 58.386055
    endloop
endfacet
facet normal 0.15269758 0.93416822 -0.32251078
    outer loop
        vertex 29.204718 14.237869 78.31595
        vertex 24.135084 11.191948 67.092995
        vertex 25.38385 14.761462 78.02351
    endloop
endfacet
facet normal -0.02154034 0.46091902 -0.88718063
    outer loop
        vertex 120.8639 -12.3114 56.233658
        vertex 117.841805 -23.280773 50.60809
        vertex 113.09339 -26.734232 48.929195
    endloop
endfacet
facet normal 0.1726623 0.40873846 -0.8961699
    outer loop
        vertex 97.833626 -41.297188 40.22277
        vertex 103.810875 -32.476303 45.39755
        vertex 102.38727 -37.431774 42.863102
    endloop
endfacet
facet normal -0.06540672 0.55490416 -0.82933915
    outer loop
        vertex 115.65513 -8.913465 58.86586
        vertex 108.30381 -13.952814 56.07384
        vertex 114.55595 -6.453721 60.598343
    endloop
endfacet
facet normal 0.0021587 0.57002783 -0.82162249
    outer loop
        vertex 100.847466 -17.36371 53.687828
        vertex 108.52324 -3.1016788 63.602753
        vertex 108.30381 -13.952814 56.07384
    endloop
endfacet
facet normal 0.17523114 0.86989588 -0.46105871
    outer loop
        vertex 41.04106 5.12185 63.80844
        vertex 37.985165 9.332743 70.59185
        vertex 46.085262 12.891455 80.38474
    endloop
endfacet
facet normal 0.31567827 0.83874279 -0.44368654
    outer loop
        vertex 35.080765 4.2040505 58.645935
        vertex 38.329987 0.7158231 54.363594
        vertex 33.07961 -1.1705079 47.062096
    endloop
endfacet
facet normal 0.16442944 0.53406519 -0.82929927
    outer loop
        vertex 93.450325 -22.959713 49.20758
        vertex 88.395615 -25.434698 46.611477
        vertex 96.038925 -16.502613 53.87918
    endloop
endfacet
facet normal -0.0133785 0.66479802 -0.7469033
    outer loop
        vertex 90.2485 -10.364036 57.94011
        vertex 98.97053 7.224061 73.43856
        vertex 95.78433 -4.252027 63.281082
    endloop
endfacet
facet normal 0.06034804 0.56667042 -0.82173157
    outer loop
        vertex 98.437065 -17.48604 53.42645
        vertex 102.68904 -7.7616158 60.44473
        vertex 100.847466 -17.36371 53.687828
    endloop
endfacet
facet normal -0.23241664 0.70327276 -0.67185563
    outer loop
        vertex 111.59054 20.073988 83.269066
        vertex 101.45246 5.4299626 71.44735
        vertex 110.87688 25.575626 89.27485
    endloop
endfacet
facet normal -0.17001528 0.54353201 -0.82199013
    outer loop
        vertex 119.97026 -0.9228677 63.572876
        vertex 131.15828 10.792434 69.00543
        vertex 118.15899 -10.572861 57.566555
    endloop
endfacet
facet normal 0.13821818 0.45190531 -0.88129306
    outer loop
        vertex 104.47772 -25.52774 49.065186
        vertex 103.810875 -32.476303 45.39755
        vertex 97.09986 -36.82304 42.116123
    endloop
endfacet
facet normal -0.09824571 0.56864113 -0.81669766
    outer loop
        vertex 108.30381 -13.952814 56.07384
        vertex 108.52324 -3.1016788 63.602753
        vertex 118.128586 1.8026208 65.86198
    endloop
endfacet
facet normal 0.09785744 0.57638478 -0.81129795
    outer loop
        vertex 88.395615 -25.434698 46.611477
        vertex 91.48532 -18.132153 52.17223
        vertex 96.038925 -16.502613 53.87918
    endloop
endfacet
facet normal -0.02815161 0.43533024 -0.89983058
    outer loop
        vertex 117.841805 -23.280773 50.60809
        vertex 123.83563 -14.305744 54.76261
        vertex 119.65339 -24.567863 49.92873
    endloop
endfacet
facet normal -0.28315771 0.65062869 -0.70463049
    outer loop
        vertex 125.29664 23.3014 81.414246
        vertex 113.91749 5.264594 69.3325
        vertex 123.51905 23.628769 82.430855
    endloop
endfacet
facet normal 0.08674784 0.8382566 -0.53833133
    outer loop
        vertex 54.122196 2.4214013 64.71641
        vertex 55.123188 7.631509 72.99057
        vertex 62.541924 14.523705 84.918144
    endloop
endfacet
facet normal 0.35893098 0.7845251 -0.50565702
    outer loop
        vertex 38.96575 -2.588296 49.250526
        vertex 42.09834 -0.26312825 55.081623
        vertex 38.546238 -7.73596 40.96616
    endloop
endfacet
facet normal 0.00901781 0.89481431 -0.44634745
    outer loop
        vertex 55.224377 24.644897 104.52297
        vertex 49.945663 15.695867 86.47577
        vertex 48.32381 17.74557 90.55214
    endloop
endfacet
facet normal 0.23991537 0.82296562 -0.51494491
    outer loop
        vertex 45.146767 3.0433984 62.149387
        vertex 48.886024 6.262193 69.03568
        vertex 47.07627 0.12786612 58.38886
    endloop
endfacet
facet normal 0.29151821 0.85124898 -0.43633988
    outer loop
        vertex 32.584137 4.9258327 58.386055
        vertex 37.985165 9.332743 70.59185
        vertex 35.080765 4.2040505 58.645935
    endloop
endfacet
facet normal -0.05275376 0.94728529 -0.31601837
    outer loop
        vertex 37.08632 27.204142 116.34901
        vertex 37.358387 23.08698 103.962135
        vertex 34.336933 24.334423 108.2058
    endloop
endfacet
facet normal 0.03068447 0.89936107 -0.43612841
    outer loop
        vertex 48.32381 17.74557 90.55214
        vertex 46.085262 12.891455 80.38474
        vertex 41.953617 17.467873 89.5313
    endloop
endfacet
facet normal 0.09711916 0.90694046 -0.40991104
    outer loop
        vertex 37.985165 9.332743 70.59185
        vertex 41.953617 17.467873 89.5313
        vertex 46.085262 12.891455 80.38474
    endloop
endfacet
facet normal 0.02604339 0.91150206 -0.41047004
    outer loop
        vertex 48.32381 17.74557 90.55214
        vertex 41.953617 17.467873 89.5313
        vertex 48.707336 24.245523 105.01047
    endloop
endfacet
facet normal 0.3575573 0.83188218 -0.42441112
    outer loop
        vertex 30.027157 -0.9864997 44.643177
        vertex 28.37316 3.4257631 51.898132
        vertex 32.584137 4.9258327 58.386055
    endloop
endfacet
facet normal -0.25540137 0.69761562 -0.66940463
    outer loop
        vertex 111.59054 20.073988 83.269066
        vertex 110.87688 25.575626 89.27485
        vertex 112.70422 25.33444 88.3263
    endloop
endfacet
facet normal 0.02398324 0.68183154 -0.73111588
    outer loop
        vertex 86.92772 -1.9379483 65.14398
        vertex 90.74039 -2.1400654 65.08056
        vertex 81.99965 -14.270758 53.480865
    endloop
endfacet
facet normal -0.15869409 0.86579353 -0.47457102
    outer loop
        vertex 62.541924 14.523705 84.918144
        vertex 69.02881 28.030157 107.38974
        vertex 70.98616 28.01413 106.70597
    endloop
endfacet
facet normal 0.01155369 0.855564 -0.51756817
    outer loop
        vertex 62.541924 14.523705 84.918144
        vertex 58.91723 14.338484 84.53105
        vertex 69.02881 28.030157 107.38974
    endloop
endfacet
facet normal -0.12982656 0.91793269 -0.37489283
    outer loop
        vertex 48.707336 24.245523 105.01047
        vertex 49.202614 27.752676 113.426285
        vertex 51.20591 27.81624 112.888176
    endloop
endfacet
facet normal 0.28923833 0.89679784 -0.33480564
    outer loop
        vertex 25.46982 8.732745 61.658943
        vertex 21.960041 7.638038 55.694607
        vertex 24.135084 11.191948 67.092995
    endloop
endfacet
facet normal -0.26214182 0.6133033 -0.74507767
    outer loop
        vertex 118.128586 1.8026208 65.86198
        vertex 123.54676 16.107317 75.73046
        vertex 130.58676 22.245417 78.30608
    endloop
endfacet
facet normal -0.2932142 0.63587081 -0.7139284
    outer loop
        vertex 130.58676 22.245417 78.30608
        vertex 123.54676 16.107317 75.73046
        vertex 128.83049 22.609722 79.35187
    endloop
endfacet
facet normal -0.22111315 0.76574039 -0.60394579
    outer loop
        vertex 95.40536 21.108036 89.182785
        vertex 96.002174 27.061893 96.51315
        vertex 97.88639 26.9192 95.642395
    endloop
endfacet
facet normal 0.03219374 0.76435119 -0.643996
    outer loop
        vertex 73.62407 2.827158 69.28512
        vertex 81.64034 12.888439 81.62747
        vertex 79.58813 5.42782 72.66996
    endloop
endfacet
facet normal -0.11791856 0.80806971 -0.57716417
    outer loop
        vertex 84.78726 20.378994 90.94809
        vertex 78.64566 18.614504 89.73245
        vertex 86.47949 27.599375 100.71139
    endloop
endfacet
facet normal -0.01949092 0.80339193 -0.59513152
    outer loop
        vertex 76.83524 12.030459 80.90368
        vertex 72.049324 11.107977 79.815125
        vertex 78.64566 18.614504 89.73245
    endloop
endfacet
facet normal -0.11990074 0.94824892 -0.29402018
    outer loop
        vertex 34.336933 24.334423 108.2058
        vertex 33.010796 26.957623 117.20672
        vertex 35.050854 27.084862 116.78515
    endloop
endfacet
facet normal 0.15958411 0.94155157 -0.29667079
    outer loop
        vertex 24.017294 17.781738 86.87395
        vertex 25.38385 14.761462 78.02351
        vertex 20.778439 12.084484 67.05019
    endloop
endfacet
facet normal -0.29115334 0.53255588 -0.79474157
    outer loop
        vertex 141.67842 11.178959 65.41426
        vertex 134.70973 6.720321 64.97951
        vertex 144.381 18.887737 69.58982
    endloop
endfacet
facet normal -0.19312507 0.51340187 -0.83613473
    outer loop
        vertex 131.28156 -2.6657538 60.008106
        vertex 126.10556 -7.0416417 58.51675
        vertex 134.70973 6.720321 64.97951
    endloop
endfacet
facet normal -0.1189824 0.95217347 -0.28144056
    outer loop
        vertex 33.010796 26.957623 117.20672
        vertex 30.957935 22.224497 102.06142
        vertex 30.966139 26.822424 117.613716
    endloop
endfacet
facet normal 0.0556271 0.93430322 -0.35211238
    outer loop
        vertex 32.64753 13.777414 78.515686
        vertex 37.358387 23.08698 103.962135
        vertex 38.279236 17.019041 88.0068
    endloop
endfacet
facet normal -0.13042986 0.91787201 -0.37483206
    outer loop
        vertex 49.202614 27.752676 113.426285
        vertex 48.707336 24.245523 105.01047
        vertex 47.194717 27.68115 113.94982
    endloop
endfacet
facet normal -0.09834754 0.89710134 -0.43073991
    outer loop
        vertex 55.224377 24.644897 104.52297
        vertex 59.173157 27.990906 110.5901
        vertex 54.651073 20.354677 95.718636
    endloop
endfacet
facet normal -0.13320887 0.87510562 -0.46523699
    outer loop
        vertex 58.91723 14.338484 84.53105
        vertex 63.20235 24.676176 102.7492
        vertex 69.02881 28.030157 107.38974
    endloop
endfacet
facet normal -0.17504433 0.84117389 -0.51165009
    outer loop
        vertex 78.769585 27.870426 103.82521
        vertex 74.11897 20.883251 93.92906
        vertex 76.83063 27.918291 104.56725
    endloop
endfacet
facet normal 0.25808454 0.69224912 -0.67393142
    outer loop
        vertex 64.03509 -11.287992 51.141983
        vertex 70.03617 -3.145221 61.804214
        vertex 66.82642 -13.947956 49.478672
    endloop
endfacet
facet normal -0.14993282 0.79477036 -0.58809876
    outer loop
        vertex 84.78726 20.378994 90.94809
        vertex 89.2582 21.81502 91.748924
        vertex 81.64034 12.888439 81.62747
    endloop
endfacet
facet normal -0.12170446 0.45439881 -0.88244528
    outer loop
        vertex 120.73885 -24.969337 49.698692
        vertex 123.83563 -14.305744 54.76261
        vertex 130.54773 -8.067257 57.04929
    endloop
endfacet
facet normal -0.23589739 0.4844251 -0.84242785
    outer loop
        vertex 128.71092 -15.066145 53.676075
        vertex 134.78021 -1.988622 59.496574
        vertex 147.75848 17.9252 67.31352
    endloop
endfacet
facet normal -0.35912538 0.53871262 -0.76211393
    outer loop
        vertex 141.67842 11.178959 65.41426
        vertex 144.381 18.887737 69.58982
        vertex 146.0733 18.412626 68.45653
    endloop
endfacet
facet normal 0.07749581 0.44985557 -0.88973284
    outer loop
        vertex 109.29632 -28.110884 48.08252
        vertex 103.810875 -32.476303 45.39755
        vertex 112.36142 -19.498522 52.703964
    endloop
endfacet
facet normal -0.344908 0.52911562 -0.77529037
    outer loop
        vertex 141.67842 11.178959 65.41426
        vertex 147.75848 17.9252 67.31352
        vertex 134.78021 -1.988622 59.496574
    endloop
endfacet
facet normal -0.33821023 0.57008666 -0.74874234
    outer loop
        vertex 142.6816 19.35054 70.71339
        vertex 136.0897 12.853184 68.743935
        vertex 140.97508 19.80103 71.827225
    endloop
endfacet
facet normal -0.24608614 0.59118038 -0.76808041
    outer loop
        vertex 129.29033 14.701318 72.61252
        vertex 131.15828 10.792434 69.00543
        vertex 119.97026 -0.9228677 63.572876
    endloop
endfacet
facet normal -0.32581654 0.58735967 -0.74084556
    outer loop
        vertex 137.54076 20.665073 74.02574
        vertex 139.26147 20.239208 72.93135
        vertex 131.15828 10.792434 69.00543
    endloop
endfacet
facet normal -0.27297327 0.55337471 -0.78693205
    outer loop
        vertex 131.15828 10.792434 69.00543
        vertex 136.0897 12.853184 68.743935
        vertex 126.52306 -3.1980937 60.775097
    endloop
endfacet
facet normal -0.32493323 0.58709323 -0.74144441
    outer loop
        vertex 135.81293 21.078627 75.11041
        vertex 137.54076 20.665073 74.02574
        vertex 131.15828 10.792434 69.00543
    endloop
endfacet
facet normal -0.31207696 0.6060549 -0.7316457
    outer loop
        vertex 134.07799 21.47987 76.18536
        vertex 129.29033 14.701318 72.61252
        vertex 132.33594 21.8688 77.25059
    endloop
endfacet
facet normal -0.31126711 0.60597622 -0.73205578
    outer loop
        vertex 132.33594 21.8688 77.25059
        vertex 129.29033 14.701318 72.61252
        vertex 130.58676 22.245417 78.30608
    endloop
endfacet
facet normal 0.17230636 0.52340978 -0.83447754
    outer loop
        vertex 88.395615 -25.434698 46.611477
        vertex 93.450325 -22.959713 49.20758
        vertex 85.99425 -34.553585 40.39599
    endloop
endfacet
facet normal 0.19356884 0.61586541 -0.76370203
    outer loop
        vertex 78.21679 -16.93565 50.37303
        vertex 81.99965 -14.270758 53.480865
        vertex 74.14523 -27.826685 40.55829
    endloop
endfacet
facet normal -0.13241197 0.61677432 -0.77592289
    outer loop
        vertex 113.91749 5.264594 69.3325
        vertex 118.128586 1.8026208 65.86198
        vertex 108.52324 -3.1016788 63.602753
    endloop
endfacet
facet normal -0.15385613 0.59991813 -0.78512836
    outer loop
        vertex 113.91749 5.264594 69.3325
        vertex 123.54676 16.107317 75.73046
        vertex 118.128586 1.8026208 65.86198
    endloop
endfacet
facet normal -0.22831187 0.63714296 -0.7361539
    outer loop
        vertex 113.91749 5.264594 69.3325
        vertex 125.29664 23.3014 81.414246
        vertex 123.54676 16.107317 75.73046
    endloop
endfacet
facet normal -0.23033482 0.6420148 -0.73127478
    outer loop
        vertex 118.521034 18.29099 79.31887
        vertex 123.51905 23.628769 82.430855
        vertex 113.91749 5.264594 69.3325
    endloop
endfacet
facet normal -0.18486828 0.65536547 -0.73233861
    outer loop
        vertex 109.67273 13.439451 77.35979
        vertex 112.777435 11.6399975 74.96573
        vertex 106.822624 1.5312821 67.42271
    endloop
endfacet
facet normal -0.27019271 0.67169505 -0.68979824
    outer loop
        vertex 112.777435 11.6399975 74.96573
        vertex 118.14362 24.537008 85.42234
        vertex 119.942535 24.246574 84.4349
    endloop
endfacet
facet normal -0.27514225 0.66341221 -0.69583124
    outer loop
        vertex 121.73435 23.943827 83.437744
        vertex 118.521034 18.29099 79.31887
        vertex 119.942535 24.246574 84.4349
    endloop
endfacet
facet normal -0.03071897 0.65487963 -0.75510859
    outer loop
        vertex 95.78433 -4.252027 63.281082
        vertex 101.45246 5.4299626 71.44735
        vertex 100.55021 -1.7320217 65.27271
    endloop
endfacet
facet normal 0.2144241 0.66462028 -0.71575296
    outer loop
        vertex 72.13545 -14.18909 51.042686
        vertex 70.42372 -12.887877 51.738144
        vertex 76.54096 -6.6957517 59.320503
    endloop
endfacet
facet normal -0.14827757 0.68131655 -0.7168135
    outer loop
        vertex 109.67273 13.439451 77.35979
        vertex 101.45246 5.4299626 71.44735
        vertex 111.59054 20.073988 83.269066
    endloop
endfacet
facet normal -0.24325562 0.71932697 -0.65068847
    outer loop
        vertex 109.04241 25.8045 90.21367
        vertex 110.87688 25.575626 89.27485
        vertex 98.97053 7.224061 73.43856
    endloop
endfacet
facet normal -0.18939582 0.7125755 -0.6755482
    outer loop
        vertex 102.689026 20.098722 85.97638
        vertex 109.04241 25.8045 90.21367
        vertex 98.97053 7.224061 73.43856
    endloop
endfacet
facet normal -0.23488641 0.73441982 -0.63675421
    outer loop
        vertex 102.689026 20.098722 85.97638
        vertex 107.20084 26.021065 91.14277
        vertex 109.04241 25.8045 90.21367
    endloop
endfacet
facet normal -0.07893007 0.70152938 -0.70825595
    outer loop
        vertex 98.97053 7.224061 73.43856
        vertex 90.74039 -2.1400654 65.08056
        vertex 94.673035 6.0386186 72.7433
    endloop
endfacet
facet normal -0.14953075 0.75729251 -0.63572669
    outer loop
        vertex 97.320984 18.059465 85.10068
        vertex 87.78435 7.732073 75.04158
        vertex 95.40536 21.108036 89.182785
    endloop
endfacet
facet normal -0.02637055 0.70284283 -0.71085632
    outer loop
        vertex 86.98114 2.325752 69.357635
        vertex 94.673035 6.0386186 72.7433
        vertex 86.92772 -1.9379483 65.14398
    endloop
endfacet
facet normal -0.17551687 0.7405684 -0.6486541
    outer loop
        vertex 103.49639 26.417255 92.97179
        vertex 102.689026 20.098722 85.97638
        vertex 97.320984 18.059465 85.10068
    endloop
endfacet
facet normal 0.22443791 0.67228639 -0.70544928
    outer loop
        vertex 70.42372 -12.887877 51.738144
        vertex 72.13545 -14.18909 51.042686
        vertex 67.9936 -17.864342 46.22248
    endloop
endfacet
facet normal -0.22021486 0.76573259 -0.60428387
    outer loop
        vertex 99.7635 26.764196 94.76192
        vertex 95.40536 21.108036 89.182785
        vertex 97.88639 26.9192 95.642395
    endloop
endfacet
facet normal -0.14657088 0.77515179 -0.61453784
    outer loop
        vertex 90.84549 16.952787 85.237335
        vertex 89.2582 21.81502 91.748924
        vertex 94.11085 27.192272 97.374176
    endloop
endfacet
facet normal -0.21733035 0.77408898 -0.59460378
    outer loop
        vertex 96.002174 27.061893 96.51315
        vertex 90.84549 16.952787 85.237335
        vertex 94.11085 27.192272 97.374176
    endloop
endfacet
facet normal -0.05672579 0.77350426 -0.63124752
    outer loop
        vertex 85.076836 10.409485 78.28105
        vertex 79.58813 5.42782 72.66996
        vertex 81.64034 12.888439 81.62747
    endloop
endfacet
facet normal -0.15028225 0.795362 -0.58720911
    outer loop
        vertex 89.2582 21.81502 91.748924
        vertex 84.78726 20.378994 90.94809
        vertex 90.30688 27.416096 99.06708
    endloop
endfacet
facet normal -0.20124044 0.80392122 -0.5596543
    outer loop
        vertex 84.78726 20.378994 90.94809
        vertex 86.47949 27.599375 100.71139
        vertex 88.395485 27.511715 99.896515
    endloop
endfacet
facet normal 0.07945815 0.72969007 -0.67914563
    outer loop
        vertex 73.88651 -0.60168374 65.34386
        vertex 78.88305 0.66125596 67.28537
        vertex 70.42372 -12.887877 51.738144
    endloop
endfacet
facet normal -0.1844753 0.82915741 -0.52769965
    outer loop
        vertex 78.87863 22.760685 95.76932
        vertex 82.633736 27.75082 102.29743
        vertex 84.558914 27.67908 101.511696
    endloop
endfacet
facet normal -0.09288262 0.85105318 -0.51679915
    outer loop
        vertex 74.11897 20.883251 93.92906
        vertex 64.96644 12.465059 81.71113
        vertex 71.326065 23.30425 98.41787
    endloop
endfacet
facet normal -0.1757331 0.84121126 -0.51135284
    outer loop
        vertex 80.70396 27.814602 103.0686
        vertex 74.11897 20.883251 93.92906
        vertex 78.769585 27.870426 103.82521
    endloop
endfacet
facet normal -0.11071841 0.82455212 -0.55484694
    outer loop
        vertex 78.87863 22.760685 95.76932
        vertex 72.049324 11.107977 79.815125
        vertex 74.11897 20.883251 93.92906
    endloop
endfacet
facet normal -0.16611744 0.85446119 -0.49224097
    outer loop
        vertex 72.93891 27.990143 106.00763
        vertex 74.88707 27.958195 105.29472
        vertex 71.326065 23.30425 98.41787
    endloop
endfacet
facet normal -0.16558528 0.85448921 -0.49237144
    outer loop
        vertex 70.98616 28.01413 106.70597
        vertex 72.93891 27.990143 106.00763
        vertex 71.326065 23.30425 98.41787
    endloop
endfacet
facet normal 0.24021935 0.82297164 -0.51479352
    outer loop
        vertex 43.613277 -3.9191875 50.303116
        vertex 45.146767 3.0433984 62.149387
        vertex 47.07627 0.12786612 58.38886
    endloop
endfacet
facet normal 0.00646694 0.82442635 -0.56593233
    outer loop
        vertex 72.049324 11.107977 79.815125
        vertex 60.75478 -0.9117829 62.17618
        vertex 64.96644 12.465059 81.71113
    endloop
endfacet
facet normal 0.1125884 0.85181433 -0.51160181
    outer loop
        vertex 50.813164 4.074092 66.11898
        vertex 53.54444 10.631777 77.638565
        vertex 55.123188 7.631509 72.99057
    endloop
endfacet
facet normal -0.14952058 0.88094455 -0.44897693
    outer loop
        vertex 69.02881 28.030157 107.38974
        vertex 63.20235 24.676176 102.7492
        vertex 67.06687 28.038225 108.058945
    endloop
endfacet
facet normal -0.1462222 0.88628203 -0.43945792
    outer loop
        vertex 61.153477 28.014675 109.97916
        vertex 63.1292 28.030485 109.35365
        vertex 58.952457 20.627937 95.81422
    endloop
endfacet
facet normal -0.04631745 0.88865989 -0.45622164
    outer loop
        vertex 54.651073 20.354677 95.718636
        vertex 61.153477 28.014675 109.97916
        vertex 58.952457 20.627937 95.81422
    endloop
endfacet
facet normal -0.0339471 0.89930308 -0.43600634
    outer loop
        vertex 55.224377 24.644897 104.52297
        vertex 54.651073 20.354677 95.718636
        vertex 49.945663 15.695867 86.47577
    endloop
endfacet
facet normal -0.07647645 0.90848118 -0.41086882
    outer loop
        vertex 55.198727 27.91949 111.76827
        vertex 55.224377 24.644897 104.52297
        vertex 48.32381 17.74557 90.55214
    endloop
endfacet
facet normal 0.31594887 0.89868128 -0.30421743
    outer loop
        vertex 17.223408 7.0255203 48.620144
        vertex 17.80013 10.830725 60.45997
        vertex 18.307945 8.565984 54.29715
    endloop
endfacet
facet normal -0.13353132 0.90978819 -0.39300731
    outer loop
        vertex 48.32381 17.74557 90.55214
        vertex 53.204617 27.871845 112.33551
        vertex 55.198727 27.91949 111.76827
    endloop
endfacet
facet normal -0.0686966 0.92553824 -0.37237045
    outer loop
        vertex 41.953617 17.467873 89.5313
        vertex 42.202644 24.333231 106.54942
        vertex 47.194717 27.68115 113.94982
    endloop
endfacet
facet normal -0.1226276 0.93267971 -0.339221
    outer loop
        vertex 47.194717 27.68115 113.94982
        vertex 42.202644 24.333231 106.54942
        vertex 45.18223 27.601667 114.45879
    endloop
endfacet
facet normal 0.1356867 0.91017276 -0.39137542
    outer loop
        vertex 38.279236 17.019041 88.0068
        vertex 35.88787 13.393646 78.746605
        vertex 32.64753 13.777414 78.515686
    endloop
endfacet
facet normal -0.04424364 0.94950658 -0.31061217
    outer loop
        vertex 34.336933 24.334423 108.2058
        vertex 37.358387 23.08698 103.962135
        vertex 30.958485 17.964128 89.21375
    endloop
endfacet
facet normal -0.06343568 0.94036967 -0.33418664
    outer loop
        vertex 41.143467 27.418821 115.43304
        vertex 42.202644 24.333231 106.54942
        vertex 37.358387 23.08698 103.962135
    endloop
endfacet
facet normal 0.25308913 0.92303616 -0.28974167
    outer loop
        vertex 19.737835 12.355592 67.01035
        vertex 17.80013 10.830725 60.45997
        vertex 20.8211 16.0632 79.76799
    endloop
endfacet
facet normal -0.1186063 0.94836658 -0.29416561
    outer loop
        vertex 37.08632 27.204142 116.34901
        vertex 34.336933 24.334423 108.2058
        vertex 35.050854 27.084862 116.78515
    endloop
endfacet
facet normal -0.04553851 0.95798028 -0.28319606
    outer loop
        vertex 30.957935 22.224497 102.06142
        vertex 27.73211 24.2487 109.4275
        vertex 30.966139 26.822424 117.613716
    endloop
endfacet
facet normal 0.0403051 0.9627915 -0.26722288
    outer loop
        vertex 26.86304 26.52815 118.38402
        vertex 24.548536 19.954107 94.34895
        vertex 20.8211 16.0632 79.76799
    endloop
endfacet
facet normal -0.09467895 0.96251941 -0.25414988
    outer loop
        vertex 24.548536 19.954107 94.34895
        vertex 26.86304 26.52815 118.38402
        vertex 27.73211 24.2487 109.4275
    endloop
endfacet
facet normal -0.86602414 0.50000215 0.00000307
    outer loop
        vertex 14.46374 5.0519404 39.6161
        vertex 14.612611 5.30978 41.24954
        vertex 14.77916 5.59825 41.151947
    endloop
endfacet
facet normal -0.86602432 0.50000191 -0.00000067
    outer loop
        vertex 17.279057 9.928203 60.7653
        vertex 17.80013 10.830725 60.45997
        vertex 14.77916 5.59825 41.151947
    endloop
endfacet
facet normal -0.86602491 0.50000083 -0.00000037
    outer loop
        vertex 19.945503 14.546625 80.28106
        vertex 20.8211 16.0632 79.76799
        vertex 17.80013 10.830725 60.45997
    endloop
endfacet
facet normal -0.86602557 0.49999964 0.00000015
    outer loop
        vertex 25.2784 23.78347 119.31258
        vertex 26.86304 26.52815 118.38402
        vertex 19.945503 14.546625 80.28106
    endloop
endfacet
facet normal -0.86602491 0.50000083 -0.00000041
    outer loop
        vertex 26.86304 26.52815 118.38402
        vertex 20.8211 16.0632 79.76799
        vertex 19.945503 14.546625 80.28106
    endloop
endfacet
facet normal -0.86602432 0.50000197 -0.00000065
    outer loop
        vertex 17.80013 10.830725 60.45997
        vertex 17.279057 9.928203 60.7653
        vertex 19.945503 14.546625 80.28106
    endloop
endfacet
facet normal -0.86602461 0.50000125 -0.00000048
    outer loop
        vertex 14.612611 5.30978 41.24954
        vertex 17.279057 9.928203 60.7653
        vertex 14.77916 5.59825 41.151947
    endloop
endfacet
facet normal 0.86602479 -0.50000101 -0.00001082
    outer loop
        vertex 108.860504 -49.448063 39.6161
        vertex 109.66336 -48.057487 40.03863
        vertex 109.60189 -48.163963 40.36324
    endloop
endfacet
facet normal 0.86602622 -0.49999851 -0.00000378
    outer loop
        vertex 118.994835 -31.89491 47.87292
        vertex 119.18714 -31.561817 46.857353
        vertex 128.38777 -15.62586 55.3826
    endloop
endfacet
facet normal 0.86602557 -0.49999964 -0.00000043
    outer loop
        vertex 128.38777 -15.62586 55.3826
        vertex 128.71092 -15.066145 53.676075
        vertex 147.17365 16.912241 70.40196
    endloop
endfacet
facet normal 0.86602509 -0.5000006 0.00000173
    outer loop
        vertex 147.17365 16.912241 70.40196
        vertex 128.71092 -15.066145 53.676075
        vertex 147.75848 17.9252 67.31352
    endloop
endfacet
facet normal 0.86602712 -0.49999702 -0.00000888
    outer loop
        vertex 109.66336 -48.057487 40.03863
        vertex 118.994835 -31.89491 47.87292
        vertex 109.60189 -48.163963 40.36324
    endloop
endfacet
facet normal 0.86602545 -0.49999985 -0.0000005
    outer loop
        vertex 128.38777 -15.62586 55.3826
        vertex 119.18714 -31.561817 46.857353
        vertex 128.71092 -15.066145 53.676075
    endloop
endfacet
facet normal 0.86602604 -0.49999881 -0.00000391
    outer loop
        vertex 119.18714 -31.561817 46.857353
        vertex 118.994835 -31.89491 47.87292
        vertex 109.66336 -48.057487 40.03863
    endloop
endfacet
facet normal 0.99518472 -0.09801708 0
    outer loop
        vertex -11.7694235 2.341084 -35
        vertex -11.7694235 2.341084 35
        vertex -12 -0 -35
    endloop
endfacet
facet normal 0.95694041 -0.29028472 0
    outer loop
        vertex -11.086555 4.592201 -35
        vertex -11.7694235 2.341084 35
        vertex -11.7694235 2.341084 -35
    endloop
endfacet
facet normal 0.88192123 -0.47139677 0
    outer loop
        vertex -9.977635 6.666843 -35
        vertex -11.086555 4.592201 35
        vertex -11.086555 4.592201 -35
    endloop
endfacet
facet normal 0.88192123 -0.47139677 0
    outer loop
        vertex -9.977635 6.666843 35
        vertex -11.086555 4.592201 35
        vertex -9.977635 6.666843 -35
    endloop
endfacet
facet normal 0.77301037 -0.63439357 0
    outer loop
        vertex -8.485281 8.485281 35
        vertex -9.977635 6.666843 35
        vertex -8.485281 8.485281 -35
    endloop
endfacet
facet normal 0.63439357 -0.77301037 0
    outer loop
        vertex -8.485281 8.485281 35
        vertex -8.485281 8.485281 -35
        vertex -6.666843 9.977635 -35
    endloop
endfacet
facet normal 0.47139677 -0.88192123 0
    outer loop
        vertex -6.666843 9.977635 35
        vertex -6.666843 9.977635 -35
        vertex -4.592201 11.086555 -35
    endloop
endfacet
facet normal 0.47139677 -0.88192123 0
    outer loop
        vertex -6.666843 9.977635 35
        vertex -4.592201 11.086555 -35
        vertex -4.592201 11.086555 35
    endloop
endfacet
facet normal 0.29028472 -0.95694041 0
    outer loop
        vertex -4.592201 11.086555 35
        vertex -2.341084 11.7694235 -35
        vertex -2.341084 11.7694235 35
    endloop
endfacet
facet normal 0.09801708 -0.99518472 0
    outer loop
        vertex -2.341084 11.7694235 -35
        vertex 0 12 -35
        vertex -2.341084 11.7694235 35
    endloop
endfacet
facet normal -0.09801708 -0.99518472 0
    outer loop
        vertex 0 12 -35
        vertex 2.341084 11.7694235 -35
        vertex 0 12 35
    endloop
endfacet
facet normal -0.09801708 -0.99518472 0
    outer loop
        vertex 2.341084 11.7694235 -35
        vertex 2.341084 11.7694235 35
        vertex 0 12 35
    endloop
endfacet
facet normal -0.29028472 -0.95694041 0
    outer loop
        vertex 4.592201 11.086555 -35
        vertex 4.592201 11.086555 35
        vertex 2.341084 11.7694235 35
    endloop
endfacet
facet normal -0.47139677 -0.88192123 0
    outer loop
        vertex 6.666843 9.977635 -35
        vertex 4.592201 11.086555 35
        vertex 4.592201 11.086555 -35
    endloop
endfacet
facet normal -0.63439357 -0.77301037 0
    outer loop
        vertex 8.485281 8.485281 -35
        vertex 6.666843 9.977635 35
        vertex 6.666843 9.977635 -35
    endloop
endfacet
facet normal -0.99518472 -0.09801708 -0
    outer loop
        vertex 12 -0 35
        vertex 11.7694235 2.341084 35
        vertex 12 -0 -35
    endloop
endfacet
facet normal -0.99518472 -0.09801708 -0
    outer loop
        vertex 11.7694235 2.341084 35
        vertex 11.7694235 2.341084 -35
        vertex 12 -0 -35
    endloop
endfacet
facet normal -0.95694041 -0.29028472 0
    outer loop
        vertex 11.086555 4.592201 35
        vertex 11.7694235 2.341084 -35
        vertex 11.7694235 2.341084 35
    endloop
endfacet
facet normal -0.95694041 -0.29028472 0
    outer loop
        vertex 11.086555 4.592201 -35
        vertex 11.7694235 2.341084 -35
        vertex 11.086555 4.592201 35
    endloop
endfacet
facet normal -0.88192123 -0.47139677 0
    outer loop
        vertex 11.086555 4.592201 -35
        vertex 11.086555 4.592201 35
        vertex 9.977635 6.666843 35
    endloop
endfacet
facet normal -0.88192123 -0.47139677 0
    outer loop
        vertex 11.086555 4.592201 -35
        vertex 9.977635 6.666843 35
        vertex 9.977635 6.666843 -35
    endloop
endfacet
facet normal -0.77301037 -0.63439357 -0
    outer loop
        vertex 9.977635 6.666843 35
        vertex 8.485281 8.485281 35
        vertex 9.977635 6.666843 -35
    endloop
endfacet
facet normal -0.77301037 -0.63439357 -0
    outer loop
        vertex 8.485281 8.485281 35
        vertex 8.485281 8.485281 -35
        vertex 9.977635 6.666843 -35
    endloop
endfacet
facet normal -0.63439357 -0.77301037 0
    outer loop
        vertex 6.666843 9.977635 35
        vertex 8.485281 8.485281 -35
        vertex 8.485281 8.485281 35
    endloop
endfacet
facet normal -0.47139677 -0.88192123 0
    outer loop
        vertex 4.592201 11.086555 35
        vertex 6.666843 9.977635 -35
        vertex 6.666843 9.977635 35
    endloop
endfacet
facet normal -0.29028472 -0.95694041 -0
    outer loop
        vertex 2.341084 11.7694235 35
        vertex 2.341084 11.7694235 -35
        vertex 4.592201 11.086555 -35
    endloop
endfacet
facet normal 0.09801708 -0.99518472 0
    outer loop
        vertex 0 12 35
        vertex -2.341084 11.7694235 35
        vertex 0 12 -35
    endloop
endfacet
facet normal 0.29028472 -0.95694041 0
    outer loop
        vertex -2.341084 11.7694235 -35
        vertex -4.592201 11.086555 35
        vertex -4.592201 11.086555 -35
    endloop
endfacet
facet normal 0.63439357 -0.77301037 0
    outer loop
        vertex -6.666843 9.977635 -35
        vertex -6.666843 9.977635 35
        vertex -8.485281 8.485281 35
    endloop
endfacet
facet normal 0.77301037 -0.63439357 0
    outer loop
        vertex -9.977635 6.666843 -35
        vertex -8.485281 8.485281 -35
        vertex -9.977635 6.666843 35
    endloop
endfacet
facet normal 0.99518472 -0.09801708 0
    outer loop
        vertex -11.7694235 2.341084 35
        vertex -12 -0 35
        vertex -12 -0 -35
    endloop
endfacet
facet normal 0.95694041 -0.29028472 0
    outer loop
        vertex -11.086555 4.592201 -35
        vertex -11.086555 4.592201 35
        vertex -11.7694235 2.341084 35
    endloop
endfacet
facet normal 0.99518472 0.09801708 0
    outer loop
        vertex -11.7694235 -2.341084 35
        vertex -11.7694235 -2.341084 -35
        vertex -12 -0 35
    endloop
endfacet
facet normal 0.95694041 0.29028472 0
    outer loop
        vertex -11.086555 -4.592201 35
        vertex -11.7694235 -2.341084 -35
        vertex -11.7694235 -2.341084 35
    endloop
endfacet
facet normal 0.88192123 0.47139677 0
    outer loop
        vertex -9.977635 -6.666843 35
        vertex -11.086555 -4.592201 -35
        vertex -11.086555 -4.592201 35
    endloop
endfacet
facet normal 0.88192123 0.47139677 -0
    outer loop
        vertex -9.977635 -6.666843 -35
        vertex -11.086555 -4.592201 -35
        vertex -9.977635 -6.666843 35
    endloop
endfacet
facet normal 0.77301037 0.63439357 -0
    outer loop
        vertex -8.485281 -8.485281 -35
        vertex -9.977635 -6.666843 -35
        vertex -8.485281 -8.485281 35
    endloop
endfacet
facet normal 0.63439357 0.77301037 -0
    outer loop
        vertex -8.485281 -8.485281 -35
        vertex -8.485281 -8.485281 35
        vertex -6.666843 -9.977635 35
    endloop
endfacet
facet normal 0.47139677 0.88192123 -0
    outer loop
        vertex -6.666843 -9.977635 -35
        vertex -6.666843 -9.977635 35
        vertex -4.592201 -11.086555 35
    endloop
endfacet
facet normal 0.47139677 0.88192123 0
    outer loop
        vertex -6.666843 -9.977635 -35
        vertex -4.592201 -11.086555 35
        vertex -4.592201 -11.086555 -35
    endloop
endfacet
facet normal 0.29028472 0.95694041 0
    outer loop
        vertex -4.592201 -11.086555 -35
        vertex -2.341084 -11.7694235 35
        vertex -2.341084 -11.7694235 -35
    endloop
endfacet
facet normal 0.09801708 0.99518472 0
    outer loop
        vertex -2.341084 -11.7694235 35
        vertex 0 -12 35
        vertex -2.341084 -11.7694235 -35
    endloop
endfacet
facet normal -0.09801708 0.99518472 0
    outer loop
        vertex 0 -12 35
        vertex 2.341084 -11.7694235 35
        vertex 0 -12 -35
    endloop
endfacet
facet normal -0.09801708 0.99518472 0
    outer loop
        vertex 2.341084 -11.7694235 35
        vertex 2.341084 -11.7694235 -35
        vertex 0 -12 -35
    endloop
endfacet
facet normal -0.29028472 0.95694041 0
    outer loop
        vertex 4.592201 -11.086555 35
        vertex 4.592201 -11.086555 -35
        vertex 2.341084 -11.7694235 -35
    endloop
endfacet
facet normal -0.47139677 0.88192123 0
    outer loop
        vertex 6.666843 -9.977635 35
        vertex 4.592201 -11.086555 -35
        vertex 4.592201 -11.086555 35
    endloop
endfacet
facet normal -0.63439357 0.77301037 0
    outer loop
        vertex 8.485281 -8.485281 35
        vertex 6.666843 -9.977635 -35
        vertex 6.666843 -9.977635 35
    endloop
endfacet
facet normal -0.99518472 0.09801708 0
    outer loop
        vertex 12 -0 -35
        vertex 11.7694235 -2.341084 -35
        vertex 12 -0 35
    endloop
endfacet
facet normal -0.99518472 0.09801708 0
    outer loop
        vertex 11.7694235 -2.341084 -35
        vertex 11.7694235 -2.341084 35
        vertex 12 -0 35
    endloop
endfacet
facet normal -0.95694041 0.29028472 0
    outer loop
        vertex 11.086555 -4.592201 -35
        vertex 11.7694235 -2.341084 35
        vertex 11.7694235 -2.341084 -35
    endloop
endfacet
facet normal -0.95694041 0.29028472 0
    outer loop
        vertex 11.086555 -4.592201 35
        vertex 11.7694235 -2.341084 35
        vertex 11.086555 -4.592201 -35
    endloop
endfacet
facet normal -0.88192123 0.47139677 0
    outer loop
        vertex 11.086555 -4.592201 35
        vertex 11.086555 -4.592201 -35
        vertex 9.977635 -6.666843 -35
    endloop
endfacet
facet normal -0.88192123 0.47139677 0
    outer loop
        vertex 11.086555 -4.592201 35
        vertex 9.977635 -6.666843 -35
        vertex 9.977635 -6.666843 35
    endloop
endfacet
facet normal -0.77301037 0.63439357 0
    outer loop
        vertex 9.977635 -6.666843 -35
        vertex 8.485281 -8.485281 -35
        vertex 9.977635 -6.666843 35
    endloop
endfacet
facet normal -0.77301037 0.63439357 0
    outer loop
        vertex 8.485281 -8.485281 -35
        vertex 8.485281 -8.485281 35
        vertex 9.977635 -6.666843 35
    endloop
endfacet
facet normal -0.63439357 0.77301037 0
    outer loop
        vertex 6.666843 -9.977635 -35
        vertex 8.485281 -8.485281 35
        vertex 8.485281 -8.485281 -35
    endloop
endfacet
facet normal -0.47139677 0.88192123 0
    outer loop
        vertex 4.592201 -11.086555 -35
        vertex 6.666843 -9.977635 35
        vertex 6.666843 -9.977635 -35
    endloop
endfacet
facet normal -0.29028472 0.95694041 0
    outer loop
        vertex 2.341084 -11.7694235 -35
        vertex 2.341084 -11.7694235 35
        vertex 4.592201 -11.086555 35
    endloop
endfacet
facet normal 0.09801708 0.99518472 -0
    outer loop
        vertex 0 -12 -35
        vertex -2.341084 -11.7694235 -35
        vertex 0 -12 35
    endloop
endfacet
facet normal 0.29028472 0.95694041 0
    outer loop
        vertex -2.341084 -11.7694235 35
        vertex -4.592201 -11.086555 -35
        vertex -4.592201 -11.086555 35
    endloop
endfacet
facet normal 0.63439357 0.77301037 0
    outer loop
        vertex -6.666843 -9.977635 35
        vertex -6.666843 -9.977635 -35
        vertex -8.485281 -8.485281 -35
    endloop
endfacet
facet normal 0.77301037 0.63439357 0
    outer loop
        vertex -9.977635 -6.666843 35
        vertex -8.485281 -8.485281 35
        vertex -9.977635 -6.666843 -35
    endloop
endfacet
facet normal 0.99518472 0.09801708 0
    outer loop
        vertex -11.7694235 -2.341084 -35
        vertex -12 -0 -35
        vertex -12 -0 35
    endloop
endfacet
facet normal 0.95694041 0.29028472 0
    outer loop
        vertex -11.086555 -4.592201 35
        vertex -11.086555 -4.592201 -35
        vertex -11.7694235 -2.341084 -35
    endloop
endfacet
endsolid unnamed
